text,label,prediction,response_time,vram_usage,ram_usage,total_time
@user Can U Help?||More conservatives needed on #TSU + get paid 4 posting stuff like this!||YOU $ can go to,no irony,irony,2.312530517578125,4262,69.89453125,0.2673498
"Just walked in to #Starbucks and asked for a ""tall blonde"" Hahahaha #irony",irony,irony,2.1729798316955566,4242,70.23046875,0.138429
#NOT GONNA WIN,no irony,irony,2.2399344444274902,4230,70.8515625,0.2042436
@user He is exactly that sort of person. Weirdo!,no irony,irony,2.1756317615509033,4238,70.9296875,0.1359973
So much #sarcasm at work mate 10/10 #boring 100% #dead mate full on #shit absolutely #sleeping mate can't handle the #sarcasm,irony,irony,2.239238977432251,4242,70.9453125,0.194002
Corny jokes are my absolute favorite,no irony,no irony,2.2407567501068115,4242,71.02734375,0.1900388
"People complain about my backround pic and all I feel is like ""hey don't blame me, Albert E might have spoken those words"" #sarcasm #life",irony,irony,2.171562433242798,4240,71.14453125,0.1301641
"@user @user Darn, my sock joke needs fixing?",no irony,irony,2.267399311065674,4260,71.34765625,0.2224885
"if Christian expects Fifa to sleep in my bed with me tonight, he's wrong 👿",no irony,irony,2.3160922527313232,4260,71.42578125,0.2706033
"People who tell people with anxiety to ""just stop worrying about it"" are my favorite kind of people #not #educateyourself",irony,irony,2.3335816860198975,4256,71.45703125,0.2986242
Most important thing I've learned in school,no irony,no irony,2.26312518119812,4254,71.84765625,0.224902
#OrionLaunch underway - yeah! #Orion,no irony,irony,2.1750075817108154,4254,71.35546875,0.1379843
I love context and large ensemble Fridays!!!!! Der my most favourite #Sarcasm #GetTheFuckOut,irony,irony,2.265641689300537,4253,71.50390625,0.226674
Oh boy... @user in the house. Warm up the DJ booth @user,no irony,irony,2.2506070137023926,4253,71.55859375,0.2100544
"LIAR, i've never denied the 532 murders in Chicago in 2012 @user @user @user @user @user",no irony,irony,2.2047879695892334,4253,72.11328125,0.1493252
"Always classy, never trashy and just a little sassy.",no irony,irony,2.2835781574249268,4256,72.12109375,0.2370693
"you believe you can say something, provide no proof and its a fact, WRONG @user @user",no irony,irony,2.3642146587371826,4263,72.125,0.3191908
@user #Not #Long To Go #Before #MainStream #Media #Pitch. #Surgery #follows #with #me #using #Prototype #demonstrating #real #situation.Phil,no irony,irony,2.1973750591278076,4263,72.16015625,0.1546686
@user Re: Jamie Grace has Tourette's? Thanks for sharing. I'm about to research her & post my tribute to this Young lady Gospel singer,no irony,no irony,2.251966953277588,4259,72.60546875,0.2039222
@user Guess they didn't get the memo reg non-nuclear Baltic sea #sarcasm,irony,irony,2.1116037368774414,4233,72.9453125,0.0670788
Exam na jud. Merry christmas. ||#Sarcasm|#KillUsSlowly,irony,irony,2.3273508548736572,4232,72.48828125,0.2778123
The definition of #IRONY would be if a 77-year-old rapper went #viral and took #BITCOIN mainstream. Maybe only way #babyboomers will buy in.,irony,irony,2.3757057189941406,4232,72.51953125,0.3387727
Pretty excited about how you gave up on me. File Under: #sarcasm,irony,irony,2.191976308822632,4232,72.55859375,0.1342982
Who told the #hipsters that #irony was a thing of the Clinton years? Do they not carry history books in used bookstores in #brooklyn ?,irony,irony,2.3008980751037598,4232,72.57421875,0.246918
@user u know that. How u doing??,no irony,irony,2.1873650550842285,4232,72.5859375,0.1351633
@user hmm... let me think about that #sarcasm,irony,irony,2.3635799884796143,4249,71.27734375,0.3184169
"If you wanna look like a badass, have drama on social media #not",irony,irony,2.1500203609466553,4312,71.8203125,0.0973291
How dare Charles Barkley have an intelligent conversation about race. #sarcasm #CharlesBarkley,irony,irony,2.271413564682007,4286,71.8359375,0.2315937
"@user I think the general rule is, if it's open all night, pull an all-nighter.",no irony,irony,2.3672659397125244,4296,72.33203125,0.3200283
Natalie Prass - Bird of Prey: via @user,no irony,no irony,2.1899020671844482,4253,71.59765625,0.1378753
Nooooooooooo again it's on!!! #PickANewSong #CantStandIt,no irony,irony,2.358954906463623,4243,71.67578125,0.3123209
"Being a hipster now is so mainstream. Oh, the irony. #hipster #irony",irony,irony,2.278886556625366,4241,72.28515625,0.2328679
@user exactly and we are fighting like animals,no irony,irony,2.2305209636688232,4237,71.37109375,0.1900274
#TeenAnalCasting #Top Top 50 Christian Songs For 2012,no irony,no irony,2.1583659648895264,4236,71.87109375,0.1278964
The girls on #SororitySisters thought they'd get rich and famous but instead they be like...,no irony,irony,2.306169033050537,4236,71.88671875,0.262931
"Speaking of #country #music albums, anyone else think #SundownHeavenTown feels more like a #TimMcGraw album than, say, his previous three?",no irony,irony,2.36184024810791,4237,72.546875,0.3079862
#TeenAnalCasting #Sex Sex and the City 2 Movie Casting Auditions NYC Summer 2009,no irony,irony,2.1669294834136963,4237,72.5625,0.1212563
"season 6 episode 3 carries outfit, simple & chic 👌",no irony,no irony,2.2931461334228516,4239,72.35546875,0.2478673
Well got the truck buried today perfect way to start a rainy Wednesday work day off #not #annoyed #pissed,irony,irony,2.1965491771698,4239,72.36328125,0.1457563
"On the train and surrounded by posh people, I'm so at home! #not #stickoutlikeasorethumb",irony,irony,2.3009707927703857,4226,72.57421875,0.2748101
Stupid #doctors visits is gonna bury me!! Now that's #irony,irony,irony,2.167269229888916,4277,72.59375,0.1160226
"Love the way @user says fault from last night will be fixed by 4pm, only to see a man in a van pull up at 4pm to fix the fault #irony",irony,irony,2.384474039077759,4263,72.61328125,0.3453623
Planning a vacation instead of studying.... My priorities are in line. #NOT,irony,irony,2.192598819732666,4255,72.61328125,0.1383726
Dan said he's going to have a sign for me at the airport when I fly in lol #SoCute #3MoreWeeks,no irony,irony,2.302424430847168,4255,72.62109375,0.2510909
You decide to go on vacation without me sleep? Reaaaal nice. #considerate #not 😒💤,irony,irony,2.2652053833007812,4255,71.51953125,0.2061962
@user No sugar during christmas time? :(,no irony,irony,2.161144733428955,4255,71.97265625,0.1297633
Can't wait to have an afternoon schedule because of you. It's gonna be so much fun #not,irony,irony,2.345905303955078,4255,71.9765625,0.3010823
@user 180 dead on 26/11 n more than 10k our ppl killed in terror attacks till date but not 1 paki show sympathy 2 them #irony,irony,irony,2.23026442527771,4255,72.50390625,0.1929005
the ONLY time a crime becomes a federal crime @user @user @user @user @user @user,no irony,irony,2.1917150020599365,4255,72.52734375,0.1393555
this music is for the people and not for the money. peace and love. #KINGLIFE,no irony,irony,2.265979528427124,4255,72.53515625,0.2076771
Rangers league game with Alloa moved because of the Petrofac Cup final in April... #irony,irony,irony,2.352198362350464,4249,71.6015625,0.3027372
How to Find a Life Coach (& the questions you need to ask before hiring one) via> @user,no irony,no irony,2.3086771965026855,4249,71.93359375,0.269021
I wonder what was the holiday rituals for true Africans,no irony,irony,2.350567579269409,4249,71.9375,0.2963351
Been at the ER now since 10... #yay #not,irony,irony,2.3212850093841553,4249,72.49609375,0.2810862
@user Suhs been clean for 2 years and has only been in the league for five don't act like he was dirty for 10 years#not biased my ass,no irony,irony,2.27132248878479,4249,72.5546875,0.2236242
"@user @user thank you studs for perfecting and teaching my bench, respectively. Props on form from lifters in AL. #DYEL",no irony,irony,2.1858327388763428,4249,72.640625,0.1419219
Haley approves of her new hammock 🐭 #ratsofinstagram,no irony,irony,2.335009813308716,4249,71.6328125,0.2846435
"30 years on, people still haven't got justice they deserve. #BhopalGasTragedy Yet another brilliant job done by the Americans #sarcasm",irony,irony,2.2733569145202637,4249,71.8515625,0.2252357
"Pips who drop out of school n have Kirya as 'eir role model tht ey wana sing too..guy spix Portuguese,French,english...#Not a school dropout",no irony,irony,2.177380323410034,4249,71.875,0.1540505
Free Pets and Animals Books #freebiebookdownload #Pets,no irony,no irony,2.3014891147613525,4249,72.4375,0.2497279
@user There will be no next employer in NFL for Trestman. He was a disgraceful hire and never stood a chance.,no irony,irony,2.2733635902404785,4249,72.48046875,0.2331298
Loooovvveeeeeee when my phone gets wiped -.- #not,irony,irony,2.1964848041534424,4249,72.5,0.1380791
Painting all cops with a broad brush because of the actions of a few is the same logic racists use. #Irony,irony,irony,2.3398802280426025,4249,71.7109375,0.3022894
Don't know if I can handle this crazy 11-2 shift. It's so long I might pass out on the job! #sarcasm,irony,irony,2.275996685028076,4249,71.71875,0.2341817
I just love being ignored😊|#not😒,irony,irony,2.1755001544952393,4249,71.76171875,0.1327194
"#Irony RT @user If you're going to give someone a scathing, 1-Star review for poor grammar, FFS use proper grammar.",irony,irony,2.3493409156799316,4249,71.77734375,0.3035691
Produce Mobile Apps #not,irony,irony,2.2689592838287354,4249,71.78125,0.2243012
Decide that you want it more than you are afraid of it. -Bill Cosby|#irony,irony,irony,2.175232172012329,4249,71.5390625,0.1388189
"Finally finished the first season of #VeronicaMars. Move over, #CliffHuxtable. Keith Mars is the new sheriff--er, ultimate #TV dad--in town.",no irony,irony,2.3581905364990234,4249,71.56640625,0.2988585
Merry Christmas to all those soldiers out there that couldn't make it home! I love you all ❤,no irony,irony,2.2733561992645264,4249,71.81640625,0.230663
About as relevant as Michael Sam and Jason Collins. RT @user Major League Baseball umpire Dale Scott comes out as gay.,no irony,irony,2.1813366413116455,4249,71.8203125,0.1445604
Getting Final Jeopardy correct on Kids Jeopardy boosts my self-esteem,no irony,irony,2.353935480117798,4249,71.82421875,0.3137872
itsfunny bc people think im quiet|but im just listening toeveryones convos|and figuring out ur weaknesses|todestroy u later in life #sarcasm,irony,irony,2.3003463745117188,4249,71.83984375,0.2534698
"Woke Up , showered , made a lunch and got ready for work only to realize that I have the whole weekend off. 😅",no irony,irony,2.1887013912200928,4249,71.86328125,0.1417584
@user @user @user @user @user How many of those jobs earn #middleclass wages? #Economics #Math #Z,no irony,irony,2.3299484252929688,4249,71.90234375,0.2792436
I reckon straight women fancy victoria secret models more than straight men do #victoriasecret #irony,irony,irony,2.258200168609619,4249,72.0078125,0.2055178
Incredible insight on the @user #bornrisky campaign: #amputee #movement #equality #art #prosthetics,no irony,irony,2.195472002029419,4249,72.0390625,0.1424617
Love #hiphop mix tapes or have a mixtape to promote check out follow them on twitter #undergroundhiphop,no irony,irony,2.348907470703125,4249,72.5390625,0.2996067
"Extended cut ""NICHA"" #trailer #spoof #film #dramatic #action #film2014 #youtube #fightscenes",no irony,irony,2.27231502532959,4249,72.59375,0.2193574
@user Stunning work. #british #textiles #footwear #madeinbritain #not-a-nike-clone,no irony,irony,2.1838297843933105,4249,72.69921875,0.1466384
@user @user Sent it but too slow. I had already posted.,no irony,irony,2.3502285480499268,4249,72.69921875,0.3075488
#FEMALECONDOM #anally #vaginally #prevent STD's/HIV/pregnancy #latex #free #NOT #Restrictive/tight #women/gay men,no irony,error,2.421818733215332,4249,72.7734375,0.369256
Little cutie #Chico #Dog #Doggy #Puppy #Sweet #Cute #UK #Black #Biscuit #Not #Mine #Mini #Miss #My,no irony,irony,2.1930747032165527,4249,72.78515625,0.140944
@user Niagra Falls tho... Really? #irony #LOL,irony,irony,2.3454277515411377,4249,72.8203125,0.3146829
"If we win against Poland and Scotland, does that put us 65th in the world rankings. @user @user #Sarcasm",irony,irony,2.171309471130371,4249,72.8203125,0.1466791
#Myanmar #men #plead #not #guilty to #murder of #British #tourists. via @user,no irony,irony,2.233016014099121,4249,72.8359375,0.2150016
"Since the tribunal was established 14 years ago, no complaint against the intelligence services has ever been upheld. #trustthesystem #not",irony,irony,2.263593912124634,4249,73.12890625,0.2095861
@user Garner protesters chant 'F*ck Fox News' despite Fox agreeing with them #EricGarner #Irony,irony,irony,2.2535932064056396,4249,71.828125,0.2030328
"@user After 1989, why did NATO need to expand?",no irony,irony,2.159318208694458,4249,72.3359375,0.1309413
The #Irony of playing this song on my way to #work |#NoMoney #PartTimeCooks blackmossptc thanks for...,irony,irony,2.3587679862976074,4249,71.9609375,0.3145754
You are taking your responsibilities so seriously today that i... More for Leo,no irony,irony,2.2771451473236084,4249,72.09765625,0.2284807
@user @user @user @user @user we get it right for business the trickle down fairy will do the rest #NOT,irony,irony,2.1962456703186035,4249,72.46484375,0.146848
can you not understand that not EVERYTHING is about the President? @user @user @user @user,no irony,irony,2.3348984718322754,4249,71.77734375,0.2952962
When you're in the doctors waiting room and hear a baby in the back screaming her lungs out is always a reassuring feeling #not,irony,irony,2.270250082015991,4249,72.046875,0.2395168
"Well now the festive season has begun, let's take a moment to reflect on how much more royalties Slade and Wizard will get #sarcasm",irony,irony,2.193525791168213,4249,72.109375,0.1555088
"The last day of the year and I will be tweeting on my major highpoints of the year ...good, bad and ugly",no irony,irony,2.3281919956207275,4249,72.76171875,0.2944691
MB forgot to move the elf on shelf and now 10 is asking me if Christmas is real. 😥@NannyProbss,no irony,irony,2.279966115951538,4249,72.83203125,0.2378406
"@user happy new year, da! Thanks sobra for this year 👍👍",no irony,irony,2.181083917617798,4249,72.83984375,0.137246
WATCH: #Megatron from #Transformers Rant About Social Media #Irony,no irony,irony,2.351341962814331,4249,71.8984375,0.3244476
@user @user #not #working when are we able to download games we paid in good faith? #psn start working again?,no irony,irony,2.273120164871216,4249,72.3984375,0.2265159
I just wrote a 13 page paper... I was awfully tired when I was writing it and now I can't sleep. #irony,irony,irony,2.219146728515625,4249,72.453125,0.1541515
@user happy birthday Skip! We will always love you! #Phillies #legend,no irony,irony,2.312539577484131,4249,71.73828125,0.2767028
"or a trout, or northern pike|@brownbearmike1 @user @user @user @user",no irony,irony,2.269869327545166,4249,72.19921875,0.2349943
One of my favorite things to do is to make people wonder...it was completely unintentional but buying Bogs mud boots in a dress will do it,no irony,irony,2.20530366897583,4249,72.04296875,0.1560358
"Watching Sanjay, @user ... Getting the start vs. Butler and liking what I see! #Minny",no irony,irony,2.3396260738372803,4249,72.125,0.2941532
There's no better way to start the week than to get your wisdom teeth taken out at 8 am!!! #not ☺😊😳,irony,irony,2.2773704528808594,4249,72.14453125,0.2264698
The most exciting way to start a Friday: a presentation on structurally deficient bridges. #sarcasm #lobbyinglife,irony,irony,2.189263105392456,4249,72.75,0.147962
New shirt #new #shirt #im #sorry #its #just #i #literally #do #not #care #at #all,no irony,irony,2.334465980529785,4249,72.76953125,0.284715
@user @user @user It wasn't for one person. It was a business expense.,no irony,irony,2.2713451385498047,4249,72.83984375,0.2519583
HAHAHAHA!! Oops.......I'm addicted to @user Tweets sooo FUNNY! You Got to follow him for #HILARIOUS #SARCASM #tweets #RT.,no irony,irony,2.1961190700531006,4249,72.90625,0.1564902
@user @user @user absolutely loved it! Well done all involved!,no irony,no irony,2.305722951889038,4249,73.1171875,0.25498
"@user That was the case, not the recording.So comparing the two is apple & oranges.",no irony,irony,2.2680654525756836,4249,73.12109375,0.2235277
Wow...lol||Need cash in your hands today? Go to #not #wun #not #mca...,no irony,irony,2.1915829181671143,4249,73.12109375,0.1449558
At least I don't have to clean the floor,no irony,irony,2.3406503200531006,4249,71.78515625,0.3028325
Incidentally the foreword for movie #BhopalAPrayerForRain is by Subroto Roy Sahara - saying - justice delayed is justice denied. #Irony,irony,irony,2.266993761062622,4249,72.34375,0.2340479
@user Our 3 losses followed bye weeks & an FCS team. Do we get rid of those next year? #sarcasm,irony,irony,2.195967197418213,4249,72.35546875,0.148585
#AskSuperwomanLIVE if you could swim in any liquid besides water what would you swim in?@IISuperwomanII |4,no irony,irony,2.3230745792388916,4249,73.046875,0.2853117
One of the most embarrassing losses @user Ever. #WTF,no irony,irony,2.248615026473999,4249,73.06640625,0.215886
@user untrue - its Cutler's fault,no irony,irony,2.1804616451263428,4249,73.06640625,0.1337877
#Malala Yousufzai receives #NobelPeacePrize and #Pakistan ranks in top 10 dangerous countries !!! #irony,irony,irony,2.3367202281951904,4249,72.48828125,0.2775918
#Not so Ugly Christmas Sweater red with red snowflakes & sequins cardigan 1X XL,no irony,irony,2.27022647857666,4249,72.7578125,0.2281632
Testing water temperatures #excitingtimes #Not,irony,irony,2.186825752258301,4249,72.7890625,0.1332936
Waking up with your cat attacking your hand is always delightful..... #not,irony,irony,2.299957036972046,4249,73.3125,0.2649556
"May not have hung out with you as much as some people, but every time we did it was a blast! You...",no irony,irony,2.28153133392334,4249,72.2578125,0.2333152
@user the #USA is #NOT a #Democracy. The #USA is a #Republic from of #Goverment! Do you #Know #what the #Pledge of #Allegiance say's?,no irony,irony,2.2140321731567383,4249,72.5546875,0.1647978
I blame my mom. Mother of the Year #sarcasm,irony,irony,2.310314416885376,4249,72.5625,0.2779622
Pulling my books out to prepare to organize my new bookshelves caused me to forget to bring my book today. #irony,irony,irony,2.2665326595306396,4249,73.046875,0.2347075
"@user @user To be fair, you didn't use the mandatory #sarcasm hashtag :P",no irony,irony,2.193021535873413,4249,72.85546875,0.1446076
"'I like the hope Jan Ellis writes with, the precision of the prose, and also the #humour and #irony she brings.'",no irony,irony,2.359823703765869,4249,72.859375,0.3141602
Girls just wanna have fun#work#not#friends#only#dance#drinks#antennagrouprocks by mariag...,no irony,irony,2.2689666748046875,4249,72.8828125,0.2264954
"The Bay Area storm is so big that tons of people's work was canceled today, causing me to be early to mine. #irony #stormageddon",irony,irony,2.201023578643799,4249,73.46875,0.1543291
@user I'm from the UK and I honestly think your a goddess! I love how you speak your mind but have a gentle side. #love #PattiKnows,no irony,irony,2.341729164123535,4249,73.4765625,0.2997245
Leaving whilst its dark is fun. #not,irony,irony,2.2571592330932617,4249,73.4765625,0.224923
@user please note #sarcasm in last tweet before you kill yourself ;) many good pros including @user can show you best usage,no irony,error,2.3837320804595947,4249,73.4765625,0.3329593
@user my mum to be back with us for Xmas 🎄,no irony,irony,2.162318468093872,4249,73.48046875,0.1195807
"@user Even though @user got more ex-wives than @user majors, I'm happy for that washed-up mess... #Not!! #Blocked",irony,irony,2.2539656162261963,4249,72.140625,0.207027
@user Ucan MAKE MONEY #TWEETING this info w/ new app||http://t.co/Q2WB7riAvK <-News ||https://t.co/cpJZkEgNe7,no irony,irony,2.194890022277832,4249,72.4453125,0.1542959
Take me tooooo church #not,no irony,irony,2.337095022201538,4249,72.44921875,0.2905553
"A 'republican move' which will 'effectively rob the royals'. Kate's spending 32k on1meal, who is being robbed? #irony",irony,irony,2.268232822418213,4249,72.953125,0.218904
#obama @user announce special urgent package for #Pakistan .. supported by @user to enhance their fight against obscurantists. #NOT,irony,irony,2.186485767364502,4249,72.5390625,0.1475289
@user Shirota Yu and... Inoue Yoshio? He was in Mozart! apparently.,no irony,irony,2.348595142364502,4249,72.66796875,0.3164343
"Looking for quality music check> @user hot record ""What About""",no irony,irony,2.297752857208252,4249,72.66796875,0.260334
"how is it possible that somebody so interesting is also so, so, so boring? #irony #what",irony,irony,2.1776814460754395,4263,73.22265625,0.1395273
"@user Not going this time, we might have a chance! Fool me once, shame on you, fool me twice..... #fuckthat",no irony,irony,2.3280622959136963,4349,73.53125,0.3057649
@user Minky Wale tail fritter for price of a bijoux flat in Port Talbot.,no irony,irony,2.22778058052063,4290,73.55859375,0.1890982
".@ibnlive is the first to cut to ads during primetime to proudly announce that they're ""putting journalism first"". #Irony #NLprimetime",irony,irony,2.228203535079956,4292,73.5859375,0.1751768
".@ChrisBrett2 @user @user @user I think it's your white skin. Or ""racist DNA"". He's a geneticist too, did ya know? #not",irony,error,2.533129930496216,4266,73.60546875,0.4910319
#hi #good #morning #instadaily #snapchat #selfie #comment # #sleep #do #not #wake #up @ Happy,no irony,irony,2.1468803882598877,4263,73.640625,0.1135948
I JUST WANT TO BE DONE WITH FINALS #4hoursleft,no irony,irony,2.269134521484375,4263,73.7421875,0.2215627
"1 bed flat #ToLet £550 pcm (£127 pw)|Humphrey Middlemore Drive, Harborne, #Birmingham B17|http://t.co/QHYcB5zKEv",no irony,no irony,2.166393756866455,4278,72.609375,0.1258672
So there used to be a crossfit place here.... #irony #pizzawins,irony,irony,2.3185086250305176,4294,73.10546875,0.2670092
When I start singing songs from Once More With Feeling to myself while at work... #Buffymusical #stuckinmyhead,no irony,irony,2.1282734870910645,4284,73.12890625,0.0959103
"I'm heading off, but need to say this! ""Just because I am concerned for my country, and it's people-Does #NOT make me a racist! #Terrorists",no irony,error,2.49861216545105,4290,73.60546875,0.4445841
Work hard in silence; let success make the noise.,no irony,irony,2.135978937149048,4291,73.89453125,0.1098915
@user @user now what has he said/done??,no irony,irony,2.3485636711120605,4292,73.921875,0.299163
Watching Alison Jackson's portfolio of work #eurobest2014 seems she's cracked it. Celebrity + stunt = #viral #sarcasm,irony,irony,2.20080828666687,4341,73.94140625,0.1585609
Spending the majority of my day in and out of the doctor has been awesome. #sarcasm,irony,irony,2.3571698665618896,4283,73.9453125,0.315541
@user - p.s. strong tweet. particularly Horatio's involvement in the matters #bloodlinecontinues xxx,no irony,irony,2.3211312294006348,4273,73.95703125,0.2949392
@user #spnews #yxe I hope you weren't driving when you took that picture. #irony,irony,irony,2.1793782711029053,4289,73.56640625,0.1307799
My beautiful Belles #3daughters#lucky #me #havefun @ Wicklow 🌁,no irony,irony,2.3495798110961914,4288,73.5859375,0.3055787
"@user Yeah thanks for messing me about and then not delivering on the product, i feel really great about how this went down!! #Not #Thanks",irony,irony,2.167515754699707,4279,73.83984375,0.1223659
"@user aha, but white girl drinks make me 'so so cray tipsy'",no irony,irony,2.2381396293640137,4280,73.86328125,0.1849398
This is definitely me! 😁|#me #sarcastic #sarcasm #ecards #ecard #somecard #tease #funny #lol...,no irony,irony,2.1960110664367676,4277,73.8828125,0.1536165
Christmas alone😊 how nice #not,irony,irony,2.2804806232452393,4276,73.8828125,0.2277329
work Wednesday-Sunday .. #yay #not #moneytho 😩😭💰😒,irony,irony,2.1526241302490234,4276,73.8984375,0.1104799
@user Gavy is one rude motherfucker. *Subtweets me* *Calls me a motherfucker* #Irony,irony,irony,2.354459285736084,4276,72.82421875,0.3173411
"Access to housing is not a fundamental human right, according to Ontario courts: #onpoli #TOpoli #cdnpoli",no irony,irony,2.1801681518554688,4275,73.33203125,0.1493703
"@user Been friendzoned too many times in my life, the perks of being the good guy #Sarcasm #Lifeall my life this has happened",irony,irony,2.23616623878479,4270,73.34765625,0.2080116
@user You want to see something Irish!!Of all the reasons to be closed 😂😂😂 #irony,irony,irony,2.340129852294922,4270,73.96484375,0.2847199
And then my sister should be home from college by time I get home from babysitting. And it's payday. THIS IS A GOOD FRIDAY,no irony,irony,2.2825815677642822,4270,73.9765625,0.2368559
"Oh dear, some people don't get #irony 😳",no irony,irony,2.329350233078003,4270,73.98046875,0.2829156
Yay for Fire Alarms at 3AM #not,irony,irony,2.3216092586517334,4280,73.99609375,0.2698358
"I just drank a healthy, homemade, all fruit smoothie...in a @user beer glass. #irony",irony,irony,2.334596633911133,4283,74.0,0.3052078
Should I buy these? And become a full time hipster? Lol! #NOT.....,irony,irony,2.148481845855713,4282,73.125,0.1014016
Just paid $2.59 for gas! #ThanksObama #sarcasm,irony,irony,2.338655948638916,4317,72.77734375,0.2870831
You are most welcome! Loved the post :D @user,no irony,irony,2.143205404281616,4291,73.26953125,0.099126
Can't take my eyes off you|http://t.co/cKYk9vXewc via @user,no irony,irony,2.261784791946411,4282,72.94921875,0.2104044
I am so ready for Monday. 🙆 #sarcasm,irony,irony,2.401949882507324,4288,73.03515625,0.3573779
@user rollins was so pissed off haha,no irony,irony,2.1502368450164795,4287,73.04296875,0.1202013
@user I do love a chilled night in. Saves having a hangover to😂 thank you hun X,no irony,irony,2.352490186691284,4285,73.3046875,0.3082294
@user if it got the attention of the smartass to comment that.. Didnt it work anyway?? #irony,irony,irony,2.167623281478882,4282,73.51171875,0.1178552
When you're sick and you feel bad for your cells cause they're fighting hard for you. #blessed #appreciative #sarcasm #kinda,irony,irony,2.2323098182678223,4289,73.5546875,0.1906675
Does this look properly #shaded?? I think #not :-(|#shading #techniques #cube #3d #view #learning #damn I #suck #Sob!,no irony,irony,2.4058432579040527,4278,73.5703125,0.3570791
Company profile FORGET ME NOT PET CEMETERY - #FORGET #ME #NOT #PET #CEMETERY,no irony,irony,2.3820505142211914,4268,73.59765625,0.3454289
@user guys!!! you've just smashed it!! #WhereDoBrokenHeartsGo #XFactorFinal,no irony,irony,2.157848358154297,4269,72.5390625,0.1219615
i wanna be at home already,no irony,irony,2.3500561714172363,4268,72.9921875,0.3015813
Just realized my last final is tomorrow. FAAAAA-,no irony,irony,2.171724796295166,4268,73.07421875,0.1244676
@user @user @user @user @user Christian Europe translated Islamic manuscripts #Irony,irony,irony,2.3810055255889893,4268,73.65234375,0.3403418
Aaaaaand now I've found out that Chrome slows down downloads when the screen saver activates. Just makes me love it more #sarcasm,irony,irony,2.1802287101745605,4268,73.640625,0.135272
The fact that this time next week I'll be getting my wisdom teeth out 😖🙊 #chipmunk,no irony,irony,2.3762285709381104,4268,73.640625,0.3370989
@user Way to lay out yesterday and put it all on the line #GoodLeader #Sarcasm,irony,irony,2.1727182865142822,4266,72.83203125,0.1345219
Two years later & gingerbread house making still makes me cry.,no irony,irony,2.374873161315918,4266,73.26953125,0.3352366
Amar Singh gives A+ rating to the Modi govt but Arun #Shourie says more is said than done in present govt #Irony #Politics,irony,irony,2.1867613792419434,4266,73.28125,0.1432215
@user @user @user |Thats a twist|Algorithms to cause more congestion & increase pollution|Too bizarre to be true #not,irony,irony,2.3756606578826904,4266,73.89453125,0.3283466
@user #sarcasm is a service I offer.,no irony,irony,2.1805145740509033,4266,73.91015625,0.127081
#PhatSexyAss #Picnic Picnic Porked Tiffany,no irony,error,2.557638645172119,4266,73.92578125,0.5067443
I'm absolutely positive that Coaches love it when parents tell them how to coach and run their program. #sarcasm #NOT #sticktoparenting,irony,irony,2.1787917613983154,4266,72.8984375,0.1302623
Nice touch. All the bar staff in the ground wearing #saintsfc t shirts,no irony,irony,2.390547752380371,4266,73.0546875,0.3478132
@user trust me it will be out of form Scandinavian reef again to. @user do love @user I see😒🙈 #irony #FCBarcelona #mcfc,irony,irony,2.398709535598755,4266,73.203125,0.3550853
i literally love when someone throw me in at the deep end #irony #tough #life,irony,irony,2.167780876159668,4266,73.7109375,0.13525
"Agree with that... #we #are #not #mind #readers #haha||#Repost 9gag ⁰You may think we are, but we are...",no irony,irony,2.2449967861175537,4266,73.72265625,0.2079229
Day ninth December to have a pint at the boars head|#not really still in bed 😊,no irony,irony,2.1845619678497314,4266,73.72265625,0.1323802
Speed cameras in Whipton by village shops. & yes it Takes 5 police officers!! 🚔 #waste #of #money #does #not #take #five #individuals 😂🚨🚓,no irony,irony,2.371894121170044,4281,72.82421875,0.3212328
Picked an excellent day to get my hair done 😒 #sarcasm,irony,irony,2.1589579582214355,4291,73.33203125,0.1106837
@user his daughter is painting his toes! That is a parenting WIN in my book.,no irony,irony,2.3584487438201904,4314,73.33984375,0.3070603
Can't say no to that @user try now. Lets go @user we can do this #COYQ,no irony,irony,2.097187042236328,4318,73.83984375,0.0561629
"ABC Takes A Look At ""The Turkey Song"" by @user - Make It A Classic #Thanksgiving -",no irony,no irony,2.3421130180358887,4305,73.84765625,0.2910284
Waking up with a pounding headache is just what I need for this final #sarcasm,irony,irony,2.196953535079956,4298,73.8515625,0.1494272
Can always count on you to speak to me on here then delete the messages so It looks like I'm talking to myself. 😒 @user,no irony,irony,2.3336901664733887,4341,73.8515625,0.2963038
Stop by and pick up Alexandra's book with a coupon!,no irony,irony,2.153244972229004,4331,73.8515625,0.1163133
@user I swear we must be twins,no irony,irony,2.398387908935547,4317,72.75390625,0.3492849
Some days are just better than others..,no irony,irony,2.3061442375183105,4325,73.1484375,0.263832
"After getting a total of 4 hours of sleep in 2 days, I FINALLY got good sleep last night😁",no irony,irony,2.2756500244140625,4325,73.15234375,0.2342513
"Her name is not Superwoman, Wonder Woman, nor Dorothy from the Wizard of Oz. Women of Excellence",no irony,irony,2.160529613494873,4321,73.7890625,0.1345518
I didn't realize Boston Coach also operated in Chicago #irony #brands,irony,irony,2.3362061977386475,4335,73.7890625,0.2948851
"@user and that ""somebody"" thought you were Padoin sister LoL !!! #SarcasmFail",no irony,irony,2.289088487625122,4335,73.80078125,0.2466373
Once again @user is re writing history re: #CubaEmbargo ! *primal scream* #tcot,no irony,irony,2.353167772293091,4319,74.015625,0.2970702
"Wow: Look what the NFL Rams player who did ""Hands Up, Don't Shoot"" pose has been arrested for | via @user #ferguson",no irony,irony,2.1773295402526855,4330,74.015625,0.122383
Someone needs to stop me before I kill someone 😡 love waking up in the worst fcking mood #Not,irony,irony,2.337191104888916,4329,74.02734375,0.2924127
What to do with that old #motherboard you have laying around. #NOT #guitarpicks,irony,irony,2.1567702293395996,4330,74.046875,0.1189166
Joe Cole just casually walking past...,no irony,irony,2.2487993240356445,4330,74.046875,0.2066139
Am I the only one who finds it very stressful when the #OrionLaunch feed keeps buffering...?!,no irony,irony,2.1388320922851562,4328,74.109375,0.1039709
@user No ... now someone will start a rumor of $ABBV pricing their HCV drug same or higher than $GILD #sarcasm,irony,irony,2.249662399291992,4328,72.83203125,0.2008921
Never seen the gym so packed,no irony,irony,2.1647939682006836,4303,73.078125,0.1216931
❓❓GOT MENTIONS ❓❓||#MGWV #AutoFollow #RETWEET #RTMUZZA #TEAMFOLLOWBACK #TFBJP #500aday #RT2GAIN ||⏩ @user ⏪| |WHOS WANTS TO BE NEXT?,no irony,irony,2.2475550174713135,4309,73.16796875,0.2007993
Remember to raise a glass of merry to those who are at work keeping the world safe on Christmas 🌎🎄🌏🎅🌍❄|🚑🚒🚓🚁🚢 #essentialservice,no irony,irony,2.1831843852996826,4299,73.72265625,0.1474053
"Wishing everyone a Happy, Healthy, and Prosperous New Year!!!",no irony,no irony,2.363741636276245,4288,73.7421875,0.3098196
"@user @user @user Yes, and conventional taxis drive verrrry safely. #pfft #sarcasm",irony,irony,2.163511037826538,4288,73.74609375,0.1189169
"Just ranted on and the moment I'm about to hit send, my ipod just died. #greatmorning #NOT",irony,irony,2.347158670425415,4282,73.0,0.3049666
30 week scan #not #long #now #exciting #memory #all #good #happy #clear #baby #boy @ Portlaoise...,no irony,irony,2.173440456390381,4282,73.08984375,0.1396249
@user Obama and Hillary convinced Ukraine that they would protect them if they essentially disarm. Need to keep at least one promise.,no irony,irony,2.310645580291748,4272,73.33203125,0.2719969
i just enjoy throwing up #not #hatethis #sick #wanna #go #to #school #for #once #take #me #away,irony,irony,2.3282511234283447,4272,73.37890625,0.2769985
@user I actually think he needs to use the youngsters in this reincarnation #irony,irony,irony,2.1698410511016846,4272,73.37890625,0.1300646
What a golden morning. 😒 #not,irony,irony,2.376068115234375,4272,73.25390625,0.3279019
Sleep. SLEEP YOU STUPID IDIOT I WANNA LEAVE MY ROOM,no irony,irony,2.1841578483581543,4262,72.9140625,0.1289302
LIBERAL/#LEFTISTS USE #RACIST/SEXIST #LABEL FOR |#DISLIKES|MSNBC host Ed Schultz said RACIST #NOT to SUPPORT demand for #MINIMUM WAGE|#SAD,no irony,error,2.5178606510162354,4261,73.40234375,0.4791105
Read at the news '#Obama: #The #American #way #of #life #is #not #a #gift',no irony,irony,2.1727654933929443,4262,73.30078125,0.1220921
Really missing my momma today.. More than usual. I don't think today will be a good day,no irony,irony,2.3310916423797607,4262,73.30078125,0.287105
"@user Nevermind that, but do pray tell,would Scherzy still play Grizabella?",no irony,irony,2.1748592853546143,4262,73.33203125,0.1290118
Everyone wants the truth but nobody wants to be honest... #irony,irony,irony,2.236508369445801,4261,73.82421875,0.1961655
I won't be surprised if shelling across pak border intensifies during Delhi Elections to change issues of election's.,no irony,irony,2.1698505878448486,4262,74.0703125,0.126112
Every inch of you is perfect from the bottom to the top UNLESS YOU'RE SKINNY #Shade #Sarcasm #TheMoreYouKnow,no irony,irony,2.3596906661987305,4261,74.17578125,0.3129398
Take a look at those calves!!! 😎😎😂😂 ladies love the calves! #not #about #the #arms #its #about...,no irony,irony,2.176825761795044,4261,74.26953125,0.1380367
@user your tongue in cheek @user weigh in does nothing but instigate breed specific hate. Stick to reporting on tuques. #yyj,no irony,irony,2.354391098022461,4268,74.46484375,0.3004499
"@user You think my mom and I would get along better, she's a middle child too. #irony #middlechildsyndrome",irony,irony,2.197962999343872,4268,74.46875,0.1447824
"Isn't this blaming the victim? #sarcasm RT @user Every year, 600K college students are injured while drunk.",irony,irony,2.3199563026428223,4266,74.47265625,0.2804441
that time when ward was mad because skye hide a secret from him #irony #skyeward #AgentsofSHIELD,irony,irony,2.2540040016174316,4266,73.31640625,0.2289653
"While we applauded ourselves on getting to the Moon, Carl Sagan spoke a truth we all denied.|#irony",irony,irony,2.1910462379455566,4266,73.6953125,0.1461343
Can holidays last forever?? #happytimes #sundayout #mewearing #wyoustores #elenawearswyou #chanelboybag #chanel...,no irony,irony,2.326353073120117,4266,73.73046875,0.3073332
Watching @user trich vlogs helps me alot with my trich condition !! ☺️💕,no irony,irony,2.268676996231079,4266,74.3671875,0.2199192
Photo: Orchid Tassel Chain Mermaid Dress $39.99 Onesize Leave email for invoice,no irony,no irony,2.1857800483703613,4266,74.3828125,0.1446478
@user this game is pathetic. How are they losing this game?,no irony,irony,2.338789463043213,4266,74.3828125,0.3009658
bromanceshmomance: #I just checked and he has zero#ZERO#mentions asking if Louis was there#NONE#NADA#not...,no irony,irony,2.2879955768585205,4268,73.12109375,0.2444062
Being a light sleeper is the best. #not,irony,irony,2.142037868499756,4271,73.265625,0.1030641
schools in India praying for # #peshawarattack victims #PrayForPakistan ...,no irony,irony,2.288775682449341,4271,73.78515625,0.2403059
The only company I thought would be best for the thesis is unfortunately taken already... a year ago..,no irony,irony,2.179335355758667,4262,73.1953125,0.1278296
@user not worried about it. Whenevs 😉,no irony,irony,2.3884472846984863,4262,73.203125,0.3388001
@user @user #not enough; unfortunately.,no irony,irony,2.1570513248443604,4257,73.70703125,0.1277449
@user . #please email me captainpc@me.com or contact through DM myself or @user . #I #have #DM #Address #details #but #not#had#reply,no irony,irony,2.254302501678467,4257,73.875,0.2013192
@user hahaha yeah I think so too cause you know how she loves her with all her heart 😂😂😂.... #NOT 🔫.,irony,irony,2.378868341445923,4257,74.39453125,0.3372553
"It's really #NOT #GOOD, too have the #REPUTATION for STEALING FROM GIRLS. @user & Mr. MASON,..expect a call,..(;",no irony,irony,2.207362413406372,4257,74.4140625,0.150892
"we need to stop using the words ""racist"" & ""racism"" @user @user @user @user @user @user",no irony,irony,2.2318875789642334,4257,72.921875,0.1905638
@user @user Probably my favourite book. Couldn't put it down. 5Stars!,no irony,irony,2.164100170135498,4257,73.4140625,0.1238732
From what I can tell...most strippers belong right where they are #nocollegeneeded #adamsmith #specialization #strippers,no irony,irony,2.396029233932495,4257,73.4140625,0.3472361
"@user dualistic, as in good and evil? Right, because that doesn't apply to the real world.... #sarcasm #OrcsLive",irony,irony,2.199118137359619,4257,73.55078125,0.1432
#Consensus of Absolute Hilarious #Irony – #MichaelMann to lecture on #Professional #Ethics for #Climate #Scientists?,irony,irony,2.2588863372802734,4257,73.56640625,0.2082452
5 dollar OBX 1 dollar Gboro gone #lockitin #lottoclub #bankopen #doumenturdeposit#not criminal,no irony,irony,2.3896636962890625,4257,74.30859375,0.3451912
I may or may not have put @user at the top of @user tree soon as he likes Christmas time... #Sarcasm,irony,irony,2.182990312576294,4257,74.30859375,0.1364919
"Regarding my #ATT case; I've contacted the BBB, FCC, and my States Attorney General. next... #WFAA #not #stopping",no irony,irony,2.2419064044952393,4257,74.3203125,0.1963193
Acronyms because we're cool as fuck. Judge me.,no irony,irony,2.1632609367370605,4257,74.32421875,0.1247611
Only a true nightshift person would understand this #nightshift #hardcore #teamwork #not #always...,no irony,irony,2.2342612743377686,4257,74.59375,0.1959029
"actually, it wasnt, it was purely economics @user @user @user @user @user @user @user",no irony,irony,2.3699395656585693,4257,74.6640625,0.3261195
Sunday is such a fun day to study #not #ew #saywhat,irony,irony,2.16538667678833,4257,74.67578125,0.124293
Reunited with my pump this morning. #yay #not 😣,irony,irony,2.2581677436828613,4257,73.4140625,0.2116527
"My dad's still gonna get me santa's gifts since it's my last year before 18, but I really don't know what to ask for... #irony",irony,irony,2.1897618770599365,4257,73.55859375,0.1404258
Remember that one time I worked both jobs while sick and it didnt suck at all... #sarcasm #notworthit,irony,irony,2.2521183490753174,4257,73.55859375,0.1982627
I'm really excited for next semester,no irony,no irony,2.3706393241882324,4257,74.0546875,0.3247411
"@user @user Actually, even delivery won't save some. O voted to let born alive die. Also, look up ""4th trimester abortions"".",no irony,error,2.4651875495910645,4257,73.62109375,0.4240195
good luck finding someone to take the other side of that bet LOL @user,no irony,irony,2.1550450325012207,4257,73.76171875,0.1128085
It is good that very few businesses/govts in EM economies have borrowed much via dollar-denominated loans from international banks. #Sarcasm,irony,irony,2.3848681449890137,4257,73.80859375,0.3544167
@user 🙌🙌 #fitfam #fitness #health,no irony,no irony,2.160851240158081,4257,74.3359375,0.1283464
GTA #San #Andreas #2 #is #not #coming #in #2015: One media has released that GTA San Andreas 2 is coming in 2015...,no irony,irony,2.2528645992279053,4257,74.34765625,0.2024042
What a great way to start the day!! #Not 😠,irony,irony,2.385131597518921,4257,74.34765625,0.3395256
@user I wonder what % of that 43% agree on what a private cloud is,no irony,irony,2.1768858432769775,4257,73.4765625,0.1301792
If i were to ask. I want to stay here for as long as possible..|#thinking,no irony,irony,2.2506752014160156,4257,73.78125,0.2123456
@user @user @user Just wait till Cleveland comes again! #sarcasm,irony,irony,2.1691534519195557,4257,73.6875,0.1243213
"'Liberated' Iraq -- 2014 One of Bloodiest Years with More than 36,000 Victims: Thank you, Western liberators #sarcasm",irony,irony,2.398850917816162,4257,73.9765625,0.3523413
@user one hope this gets a RT! #recycling #roses #holly #wreath #MerryChristmas,no irony,no irony,2.18449068069458,4257,74.0,0.1372432
"@user Tag a teammate who is so bad, he runs the line every week. I'm sorry to say it's @user",no irony,irony,2.3917396068573,4257,74.4765625,0.3381062
@user easiest CL group with two rubbish teams but we won only 1 CL game - even that lucky last minute pen#not good enough#gutted,no irony,irony,2.195359706878662,4257,74.484375,0.1387092
No one up? Okay cool #not,irony,irony,2.396207332611084,4257,74.296875,0.3465885
#np #NowPlaying #NowListening #Music #Don't Let Her Pull You Down by #New Found Glory from the #album: #Not With...,no irony,irony,2.185342788696289,4257,74.3125,0.1444889
"Here we go again, thanks to all that claim to cover WVHS hoop #NOT|Highlanders beat Parkersburg 76-75 on last second shot by @user",irony,irony,2.243990898132324,4257,74.32421875,0.1893795
Long day and its not going to be possible without my good friend #coffee,no irony,irony,2.3822879791259766,4257,73.2734375,0.3336756
Just loveeee driving upstate in the snow #not,irony,irony,2.158930540084839,4257,73.57421875,0.1280109
"If you know people who could talk power-dressing and social media marketing, please let me know. Thanks",no irony,no irony,2.2430174350738525,4257,73.5859375,0.2038421
I love getting up at 4 30 so I can wait on other ppl! #sarcasm,irony,irony,2.18005108833313,4257,74.07421875,0.1281541
"Faux Leather Size Zipper Sleeveless Scoop Back Midi Dress|Size:s, m, l|Price:$39.99|Leave email for...",no irony,no irony,2.3917362689971924,4257,74.11328125,0.3445471
and as much as I want to connect .. I like only the people who dont want to .. #Irony #Why oh why?,irony,irony,2.1728827953338623,4257,74.11328125,0.1331389
@user I saw a leaf blowing in the breeze. You could yell at that if you wanted to?,no irony,irony,2.259537935256958,4257,73.17578125,0.2216635
@user hold on a minute. Are you saying All blonde white women look the same?? #sarcasm,irony,irony,2.4052367210388184,4257,73.62890625,0.3549314
@user Gotta love those racially based awards! #not,irony,irony,2.1743757724761963,4257,73.640625,0.1252318
"The best love is the kind that awakens the soul, and makes us reach for more...💖",no irony,no irony,2.3827919960021973,4257,74.13671875,0.3343688
clashupdate #not,irony,irony,2.181255578994751,4257,73.328125,0.1337667
@user Super Junior's Henry asks sasaeng fans to let him sleep|http://t.co/BhrEKEtMka Henry oppa >^<,no irony,irony,2.2526330947875977,4257,73.70703125,0.2206807
I have officially surrounded myself with the most amazing people 😊,no irony,no irony,2.1376147270202637,4264,73.95703125,0.0927567
@user @user republicans suck more at identifying #irony than alanis morissette.,no irony,irony,2.3267226219177246,4264,74.43359375,0.2717191
That's always the solution..... #not. Doesn't fix anything!,irony,irony,2.26716685295105,4261,74.44140625,0.2186893
Name an #excuse that people use #NOT to #workout ...,no irony,irony,2.188387155532837,4261,74.4453125,0.1321999
"@user @user @user @user @user @user ""left regressives"" is that not a label #irony",irony,irony,2.3413946628570557,4261,73.51953125,0.288193
@user but you can't expect us to hire one in only 3 weeks. Who moves that quickly on a coaching search? #sarcasm,no irony,irony,2.268951416015625,4261,73.9765625,0.2289552
A #celebrity is a person who is known for his well-knownness. #fact #TeamFollowBack #irony,irony,irony,2.1830620765686035,4261,74.03125,0.1435671
Is there a basketball game on today? I'm not really sure. #ESPN seems to not be promoting anything about it. #sarcasm,irony,irony,2.33475923538208,4261,74.4921875,0.2808631
@user @user @user We Agree #NHSENGLAND needs to #Publish #AandE figures over #HolidayPeriod #Sarcasm from #JeremyHunt,no irony,irony,2.282532215118408,4261,73.59375,0.2242839
"If you've got the world on a string, you should give me some of that string, think of all the cool applications. #whatamidoing",no irony,irony,2.1773598194122314,4261,73.0234375,0.1501777
Christmas this Christmas that FOH its just a day people !! get a grip and sit down nd chow some Mopani worms,no irony,irony,2.3374667167663574,4261,72.69921875,0.2964246
#Warn them that your degree of #sarcasm depends on them in this #funny tank top! Order now at,no irony,irony,2.269719362258911,4266,73.3671875,0.2274134
The #Gophers aren't nervous. #SammyCommentary #Gophers,no irony,irony,2.164353132247925,4263,73.390625,0.116302
Bitches be like ..... #more #appointments #please #not#crazy#enough .... YET @ orthodontist,no irony,irony,2.3159193992614746,4267,72.75390625,0.2729295
I am so glad that I woke up early for this office visit to have to the mother not show up! #not,irony,irony,2.174449920654297,4266,72.92578125,0.1244788
#Science of the #GardenOfEden - #Eden #KentHovind #Christian #Jesus #Christ #c...,no irony,irony,2.2445168495178223,4265,73.4453125,0.1979932
Sickens me that killing innocent black men & children has become such a lucrative career in America. #MikeBrown #TrayvonMartin #EricGarner,no irony,error,2.4724693298339844,4262,73.45703125,0.4214759
50km into the #Rapha #festive500 and we stop off for a Coffee#1... Toes are coming back to life @user,no irony,irony,2.1767311096191406,4253,73.49609375,0.1384795
@user u do really need to get a wee bit more lol,no irony,irony,2.2468039989471436,4253,73.50390625,0.1961357
"@user so if they undo the affordable care act, and I should expect my insurance to decline 33%? #Not #Gonna #Happen",no irony,irony,2.1689326763153076,4253,74.2578125,0.1377918
@user @user #not sure who will take it home?,no irony,irony,2.4155030250549316,4253,74.26171875,0.3690348
"I actually just started crying while brushing my teeth due to lack of sleep, stress and test anxiety. Today's gonna be a good one... #not",irony,irony,2.1903157234191895,4253,74.29296875,0.1425887
Don't you just love those people who won't shut up in class then hold everyone back by asking the teacher to repeat answers? #sarcasm,irony,irony,2.249575138092041,4253,74.30078125,0.2079875
"@user Oh, BELIEVE me. I agree totally. My tweet was pure #sarcasm. We need MORE #guns, not less. Santa is bringing me one. #2A",irony,irony,2.4082865715026855,4254,74.33984375,0.3601857
The #Congressional #report on #torture #confirms that #AlQaeda was #not #involved in the #attacks of #September 11|http://t.co/GNBabcXR25,no irony,irony,2.204813241958618,4253,74.359375,0.1480332
#Sarcasm makes you mentally stronger. Which is very effective when dealing with emotional #stress and #fustration.|#funfact #WhatIfISay,no irony,irony,2.3801469802856445,4253,74.41015625,0.3513056
Also it is funny how things at work get done when I'm on my off week #sarcasm,irony,irony,2.188833236694336,4253,74.4140625,0.1373682
@user is this a new/recent release?,no irony,no irony,2.343644380569458,4253,74.41796875,0.3083058
When I'm lacking inspiration I resort to scribbling angry/pretty things. Great start to the week! #sarcasm,irony,irony,2.177509069442749,4253,73.49609375,0.1359591
Also it's amazing how a shower and Taco Bell can make you feel like a new person. @user,no irony,irony,2.399630546569824,4253,73.8671875,0.3445251
Visit #Tripplebeam #Music #Promotions @ #Michigan,no irony,irony,2.187954902648926,4253,74.44140625,0.138236
'nuff #Bob #Couldn039t #Not #Repin #Ross #tattoo|Please RT:,no irony,irony,2.391883611679077,4253,74.94921875,0.3477629
HAPPY BIRTHDAY BECCA. I just looked through ALL of my pictures which you know is a ton and found my...,no irony,no irony,2.186410903930664,4253,74.96484375,0.1335395
Have you lost your zing? Working too hard? Check out my latest quickie: #habitually #internetmarketnewbie,no irony,irony,2.4042110443115234,4253,74.98828125,0.3636317
"Heartless Sanghi #Sarcasm""@Retributions: #IndiawithPakistan because a dumb nation deserves to be taken for a ride again and again. #Lakhvi""",no irony,irony,2.193927764892578,4253,75.20703125,0.1499099
I guess waking up every couple hours is cool |#not,irony,irony,2.3817710876464844,4253,75.03125,0.3431032
#Is #There #Too #Much to #Do or #Are #You #Not #Delegating #Enough ?,no irony,irony,2.1844699382781982,4253,75.0546875,0.1376433
@user @user told to stop work under crew contracts #irony,irony,irony,2.2358150482177734,4253,74.69140625,0.1934416
I need to get out of this car before I kill my dad.,no irony,error,2.4693591594696045,4253,74.6953125,0.4303129
Everytime I try to like Chris Brown he does something to royally eff that up. Dude is a chronic loose cannon #chrisbrown #Karrueche,no irony,irony,2.1758604049682617,4253,74.71875,0.1339953
#bedroom #decoration done lol #upstairs just needs a hoover... #Christmas 🎅 #decorations #downstairs #now xxx,no irony,irony,2.3281216621398926,4253,74.7265625,0.2835517
Look good feel good! #not #TeamNoSleep #cantopeneyes,irony,irony,2.361445188522339,4233,75.171875,0.3110822
How much did it cost to build #mygov #medicare? I see this way too often...,no irony,irony,2.1712839603424072,4233,73.89453125,0.1319311
That sad moment you realize you're past the point of having all those presents under the tree. I wanna move back in.,no irony,irony,2.247202157974243,4233,73.03515625,0.1966273
"So I may have had a ""few"" empties to recycle... ♻♻ |I ❤ #craftbeer",no irony,irony,2.1736276149749756,4233,73.140625,0.131353
"@user @user @user @user @user @user yet in Ferguson, MO the mayor and Gov are Dems. #irony",irony,irony,2.409885883331299,4233,73.63671875,0.3624251
Abnormal professor walks in with the finals in a Zoloft bag #irony #psychhumor,irony,irony,2.1722028255462646,4233,73.65234375,0.1332966
@user in hereford but can't leave bambino alone!,no irony,irony,2.2459728717803955,4245,72.98828125,0.2256608
@user skiing in Regents Park much #not,irony,irony,2.2397966384887695,4245,72.98828125,0.1996308
Rejoice in knowing he is now in his new place...#not easy,no irony,irony,2.163334608078003,4242,73.4921875,0.1271694
"When ""make dua for me bro"" turns into an hour long conversation",no irony,irony,2.2960422039031982,4233,73.54296875,0.2570023
"@user @user A thief, a liar, a vote rigger, mocks those who use food banks and an online bully #irony",no irony,irony,2.1765542030334473,4233,73.5546875,0.1294185
"What the hell has happened to Shahid Afridi in last couple of days? Left alone more bouncers than played, got a review right. #pakvnz",no irony,irony,2.3801991939544678,4233,73.74609375,0.3346213
Sub is making class go by so slow that I feel like I am losing brain cells. #irony #substitute #MoveitAlong,irony,irony,2.1913113594055176,4231,73.796875,0.1433355
#Photography #Photoshop #Photos #Art #EyeCandy #Bible on #TSU 💁🎄🎅 ||#FOLLOW,no irony,irony,2.4133894443511963,4231,73.8203125,0.3616385
@user Yeah someone with Hayek and hockey in their name calling someone racist #irony @user,irony,irony,2.1877379417419434,4231,74.4921875,0.1306748
"The Rondo, Ellis, Parsons, Dirk, Chandler starting line up would be one of my favorites in league. Mavs should go all out for Rondo.",no irony,no irony,2.2356536388397217,4231,74.75,0.1924683
@user @user @user but of course it was. Cops could shoot a black man in front of a hospital & I bet you he'd still get no aid.,no irony,error,2.5553901195526123,4231,74.8359375,0.5137261
I love it when people ignore me. #sarcasm,irony,irony,2.148129463195801,4231,73.53125,0.1211547
"Every you're a fucking cunt, lying cunt did I say cunt song is about you now. How cute is that #defo #not #pissed #off #nope",no irony,error,2.5146965980529785,4231,73.99609375,0.4672317
"@user not you, you're on pain medications 😂",no irony,irony,2.15636944770813,4231,74.0,0.117884
What a great Christmas. 😅 #not,irony,irony,2.2409799098968506,4231,74.4921875,0.1917522
i hate waking up in the mornings 😒#basicbrianna #not #an #early #bird,no irony,irony,2.398731231689453,4231,73.83984375,0.3498212
"@user yeah amazing night, I think he out till the death! I'll let u know xx",no irony,irony,2.163398027420044,4231,73.640625,0.1353571
I wish I did better in high school,no irony,irony,2.2707767486572266,4231,74.1484375,0.2329681
At the Toys for Lil Troops event for @user donating toys to children of deployed and low income troops.,no irony,no irony,2.3854312896728516,4232,73.57421875,0.3443877
The song was 'don't cry for me Argentina' #irony,irony,irony,2.1763134002685547,4231,73.69921875,0.130118
I liked a @user video The Ubisoft Graduate Program - Gameplay Programming,no irony,no irony,2.2791073322296143,4231,73.72265625,0.2374355
I wonder how many people who visit food banks have huge TVs or are drunks? #freedomofspeech #foodbanks,no irony,irony,2.1766397953033447,4231,74.42578125,0.1315203
"#Alien dit : What is #Religion, it is a culture that has been invented by a #Fool who wanted to do everything that is #Not legal #Legally..",no irony,irony,2.4083492755889893,4231,74.44140625,0.3573532
Lazying about in a hoody #WinterTimes,no irony,irony,2.174746036529541,4231,74.52734375,0.1300197
Forgot to enter #sarcasm,no irony,irony,2.2372217178344727,4231,74.52734375,0.195983
"#A #tax #per mile? #Americans #should #not #allow #GPS #tracking #of #cars, #trucks: Watch out – as the new year...",no irony,irony,2.3940634727478027,4231,74.94921875,0.3412701
Long distance relationships are serious SH*t #not ayoba...,no irony,irony,2.1689395904541016,4231,73.875,0.126432
Happy Birthday to me! #imgettinold #not #ionlygetbetter ROLL TIDE!,irony,irony,2.2682182788848877,4231,74.1015625,0.2246459
We are MAD Gamers: | Follow @user #Wellington #NewZealand,no irony,irony,2.1640310287475586,4231,74.109375,0.1234457
So not okay with DB's racist jokes.,no irony,irony,2.2451000213623047,4231,74.62109375,0.194282
"#notcies #eu European Council: Press conference by Donald TUSK, Jean-Claude JUNCKER,, and Matteo RENZI,",no irony,no irony,2.3497061729431152,4231,73.7109375,0.3102279
@user u bragged all yr about having Peyton in 2 leagues only to get beat in the 1st round in both #irony 😂😂😂😂,irony,irony,2.16715407371521,4231,73.78515625,0.1489781
"The feeling you get, when you just wanna flip the table and screw the finals.",no irony,irony,2.2690412998199463,4231,74.2890625,0.2174014
They working me so hard tonite,no irony,irony,2.1627793312072754,4231,74.140625,0.1211589
@user @user this vine won't come up 😫😫😫,no irony,irony,2.2668511867523193,4231,74.14453125,0.2250099
#Lance #Stephenson #not #traveling #with #team #on two-game #road #trip: Stephenson is still unable to run fully...,no irony,irony,2.390559196472168,4231,74.0078125,0.3324268
Jeez I wish the government paid for my food. #not #EBTbitches,irony,irony,2.1684465408325195,4231,74.0078125,0.1296538
"Hey @user some of your geeky/nerdy followers need #sarcasm marker on posts like that. Otherwise, they'll start doing exactly the same :)",no irony,irony,2.273282289505005,4231,74.18359375,0.2187616
Pretty Shitty day I'm gonna be soaked and full of mud and clay #iliketogetdirty #notreally #sarcasm,irony,irony,2.1736814975738525,4231,73.61328125,0.1296465
"when you refer to yourself in the plural, you'll get that @user @user @user @user @user @user",no irony,irony,2.2516496181488037,4231,74.2109375,0.2131144
That moment when the ad plays flawlessly but the video keeps buffering #irony #YouTube @user,irony,irony,2.403414726257324,4231,73.63671875,0.3515798
Gotta love a Romanian playing an improvised version of jingle bells in a minor key. Really sets the festive mood. #not,irony,irony,2.1615521907806396,4232,73.63671875,0.1366738
Perfect time to get sick 😢 #not,irony,irony,2.272460699081421,4231,74.12109375,0.2287947
I'm giving up a lot of stuff to make sure others are happy . I wonder if anyone ever look past my appearance and see what I'm feeling 😩,no irony,irony,2.184640407562256,4231,73.80859375,0.1375583
Merry Christmas to all my friends and family... Santa just finished at my house!!,no irony,irony,2.4004931449890137,4231,74.37890625,0.3657705
<-Video $ #SmartPhone can pay you to post!||#iphone #samsung #S4 #S3 #ipad #tablet #mlm|Start@,no irony,irony,2.1928274631500244,4231,74.3984375,0.1458638
I see the #irony of MY LAST 3 TWEETS COMBINED was lost entirely on a certain someone... Faith in humanity: -3% :(,no irony,irony,2.245889902114868,4231,74.53515625,0.2002104
Lol hilarious pic RT @user What a game! @user win!,no irony,irony,2.391663074493408,4231,74.54296875,0.3499313
You've set yourself some target to achieve there like love #hot or #not,no irony,irony,2.186527729034424,4231,74.54296875,0.130133
"Change is a Process, ||#Not an Event dafuq you thinking",no irony,irony,2.262169599533081,4231,74.54296875,0.2253817
My son gave me a cold......again!!! Yay! #sarcasm #NotExcitedAboutThisShitAtAll,irony,irony,2.1813504695892334,4231,74.625,0.1320736
"A #sale is #not #something you #pursue, it's #what #happens to you #while you are #immersed in #serving your...",no irony,irony,2.2413995265960693,4231,73.27734375,0.1957683
"@user ""Malala is fake and planted by the US coz Pakistan is perfectly safe for kids going to school"" #PeshawarAttack #Sarcasm",irony,irony,2.330599308013916,4231,73.4140625,0.2907898
Seriously has the #BBL04 got the tallest on ground interviewers of all time #talltowers #sevenfoot,no irony,irony,2.172621726989746,4231,73.41796875,0.136721
#Funny #18+ Turn On aquabreeze:||disgustinghotels:||#not all men,no irony,irony,2.268289089202881,4231,73.43359375,0.2173328
Yay jury duty 😒 #sarcasm,irony,irony,2.15275239944458,4231,72.4765625,0.1210427
"i may have played a part, but i wont take sole credit ;) @user @user",no irony,irony,2.2861881256103516,4231,72.8046875,0.2382832
"@user @user I thought it was, what I call, the wet look lol",no irony,irony,2.3945915699005127,4231,72.8125,0.3463984
A burned tongue is a lovely way to start the day #sarcasm #ouch,irony,irony,2.139801502227783,4243,73.328125,0.108236
Literally functioning on 4 hours of sleep and I feel great 😄 !! #Not #CollegeisKillingMe #OneMoreWeek,irony,irony,2.323909044265747,4243,73.39453125,0.2845508
When ya mates dad starts poking you on Facebook #Cringe 😲😬,no irony,irony,2.1615195274353027,4240,73.41796875,0.1301081
The #irony is anti state ppl will claim the little man (hacker) won when in reality the state won #sony,irony,irony,2.262991189956665,4231,72.7265625,0.2087217
#HowToGetUnfollowed Post pictures or videos of you smoking. Especially blowing smoke at the camera. #SoCool #Not #GTFO,irony,irony,2.176145076751709,4231,72.18359375,0.1348946
These refs are pissing me off. They seriously have no idea of what's going on.,no irony,irony,2.259418487548828,4231,72.71875,0.2075619
has anyone visualised the different colours and flavours of twitter streams? kinda lipmus test.,no irony,irony,2.3863346576690674,4231,72.73046875,0.3385612
Psychic Advice weekdays at 9am (PDT) on Psychic View Radio..call in 347-850-1494 to ask YOUR question #BlogTalkRadio,no irony,no irony,2.211674928665161,4231,72.359375,0.1509912
So ill. It actually hurts to breathe. Still that nice long walk to the station did me the world of good #not,irony,irony,2.2512075901031494,4231,72.6953125,0.2180691
@user then later he snuggles up to The Royals with giddy glee #Irony,irony,irony,2.182297468185425,4231,72.69140625,0.129436
"Blue skies, warm air, and the royal accommodation! #WhatMoreDoesOneNeed #Education? #Not...",irony,irony,2.2522284984588623,4231,72.48046875,0.2226083
it's International Human Rights Day #irony,irony,irony,2.4007749557495117,4231,72.71484375,0.3401383
So Jeremy Irons and Alan Rickman are BOTH in Marrakech just one week before I'm going there #everythingisfine #not #sonot,irony,irony,2.2066376209259033,4231,72.87890625,0.1501741
@user I take it you're not in England then ; ),no irony,irony,2.248042583465576,4231,72.87890625,0.2103938
#smile for the #photo #ok they said #boys #trouble #funny #football #kids #adorable #friends,no irony,irony,2.193382978439331,4232,72.90625,0.1401235
When hailey I play trivia crack she wants the sports & entertainment while I aim for the science and history hahahah,no irony,irony,2.4262752532958984,4231,73.1796875,0.3696753
@user Thanks for pirating my music! :D #not,irony,irony,2.176966667175293,4231,73.1875,0.1250203
Welcome to the surrealist estate agency!!,no irony,irony,2.396909475326538,4231,73.6640625,0.3468475
#Average #Ball #Not #Party #Ping #Pong #homedecor Please RT:,no irony,irony,2.1783440113067627,4231,72.671875,0.1364696
The fucking car just gave up..! #car #died #not-happy,no irony,irony,2.2651944160461426,4231,73.1015625,0.2102491
I like the feeling when people thinks they're 2 steps ahead of me... But the truth is they're miles and miles behind me AHAHAHAHA |#sarcasm,irony,irony,2.391127109527588,4231,73.16015625,0.3472316
"BM ""gives me"" from 3 pm to 8 pm with my son today, that's fair huh? #NOT!",irony,irony,2.1774837970733643,4231,73.65625,0.1359919
@user and if Marathi man speak hindi to Chu*** samajhte hai #irony,irony,irony,2.2611937522888184,4231,73.67578125,0.2060905
Lesson learnt? Herd of sheep who fought over TVs on #BlackFriday struggling to sell them #irony #capitalism,irony,irony,2.18385648727417,4231,73.6875,0.1332643
Tomorrow three test signature.|Thank you. |#school #sarcasm,irony,irony,2.2409615516662598,4231,72.71875,0.2153414
"So #GuardiansOfPeace win by threatening to destroy the #peace!!!, what a #irony",irony,irony,2.3943769931793213,4232,73.12890625,0.344646
My babygirl has an imaginary friend it's so cute to watch her talk to it.,no irony,irony,2.1717565059661865,4231,73.14453125,0.1298318
#UKArtistOnly @user @user @user present. #UKUntoldStory #MIXTape #GetOn #DUCMG,no irony,no irony,2.2409603595733643,4231,73.70703125,0.192624
@user They say #not #responsible and your #NotWorthIt to offer even $10 #discounts for the worst #customerservice I have ever had!,no irony,irony,2.181675672531128,4231,73.75,0.1338109
Thanks GORI-san|#djgori #not for sale,no irony,irony,2.4017333984375,4231,73.78515625,0.3567473
We may be some time. #Hibernot #Not,no irony,irony,2.1704320907592773,4231,72.95703125,0.1310425
@user @user @user @user @user @user I'm still going to Exeter whether they care or not,no irony,irony,2.397228240966797,4231,73.28515625,0.3530473
@user NDP to introduce bill to make OHIP public #not appropriate # confidentiality,no irony,irony,2.173753261566162,4231,73.29296875,0.123249
Oregon marching band playing @user music. #awesome #OregonDucks #OregonvsFloridaState #RoseBowl2015,no irony,no irony,2.2480416297912598,4231,73.875,0.2225387
@user we don't have a good enough singles depth atm to even account for doubles the problem has never been doubles always singles,no irony,irony,2.3754467964172363,4231,73.875,0.3453259
Yay yet another week with a child home from school ill! Just a hint of #Sarcasm to brighten my day.,irony,irony,2.1903202533721924,4231,73.8828125,0.1423576
"#SMILES when there is #MONEY|#SCOWLS when there is #NOT|#RECOGNITION when there is #MONEY|#IGNORANCE when there is #NOT|⛪🏦💵 🏥💰🚓👊💥|""'💔#GOD$💔""",no irony,irony,2.275312662124634,4231,72.98046875,0.2258427
@user hey I seen u have followed me and I was going to ask to check out my channel and help me with a shoutout for subscribers ??,no irony,irony,2.1764626502990723,4231,73.46484375,0.1277943
Urban Glam High Heel Earrings $7|Leave email for invoice,no irony,no irony,2.3894505500793457,4238,73.47265625,0.3561483
Gotta love being lied to.... #not,irony,irony,2.1598620414733887,4239,73.96484375,0.1204968
@user @user Ladies wouldn't use that language.But I guess you are not one.,no irony,irony,2.3360350131988525,4239,73.08203125,0.298225
@user I hate you lol,no irony,irony,2.276496648788452,4239,72.921875,0.2381071
I didn't know it's your territory I really. .. WHAT ARE YOU DOIN- no. . Please don't shoot at me I. .,no irony,irony,2.1976065635681152,4234,73.4140625,0.1546797
"Shopping day with Ms 15 today. Her haul included new Docs, eyeliner, bras, new issue Frankie mag, and half of Kikki K. Tired and broke now.",no irony,irony,2.3469297885894775,4234,72.8046875,0.303555
Sweet jeebus! MT @user CryoSat & Jason-2 confirm very high to phenomenal seas generated by North Atlantic low,no irony,irony,2.265425205230713,4234,72.81640625,0.2165395
Hyper at 1AM when I really should be getting rest #ohwhale 🐋🐳,no irony,irony,2.186321973800659,4234,73.2265625,0.1454999
"We were miles apart,but you found me, now we are close enough, still apart #irony",irony,irony,2.353057861328125,4234,73.234375,0.2978257
Drinking a Southern Triangle IPA by @user at @user --,no irony,no irony,2.2723982334136963,4234,73.78125,0.2382466
"American Red Cross van ""together we can save lives..."" And the driver is smoking. #irony",irony,irony,2.196721315383911,4234,73.79296875,0.1456815
@user @user It also makes me want to post this...,no irony,irony,2.3336353302001953,4234,73.79296875,0.3022065
#birthcontrol #lol #wtf #whatisbirthcontrol @user great commercial #sarcasm,irony,irony,2.3073229789733887,4229,72.6875,0.2644159
Oh how I love working in Baltimore #not,irony,irony,2.1609976291656494,4229,73.04296875,0.1315097
Fans watch #tylerfarr in concert at @user #countrymusic #throwdown1035 #tampa,no irony,no irony,2.3398773670196533,4229,73.08203125,0.3106917
So I'm the school nurse today. And I have a fever. #irony,irony,irony,2.2977921962738037,4229,73.58984375,0.2682315
#BBC #News -- #USA -- #Jeb #Bush to #explore #White #House #bid.,no irony,irony,2.185628652572632,4229,73.04296875,0.1357094
"Thanks for the dick pic, really, thanks. #Sarcasm",irony,irony,2.3401265144348145,4229,73.2734375,0.2915929
@user @user spawn of Larry Ellison aka World's Worst Human,no irony,irony,2.2837116718292236,4229,73.7890625,0.2432195
Really loves dentist appointments. #sarcasm,irony,irony,2.1687793731689453,4229,72.94140625,0.1317666
Now to write a JavaScript RegExp that allows . and ' in e-mail addresses...,no irony,no irony,2.3271541595458984,4229,72.94921875,0.3016458
@user @user 3 more nights 3 more nights 😬😬😬 #londoncalling,no irony,irony,2.308371067047119,4229,73.41796875,0.2637494
"@user @user A lot of factors at play but I think you do retain him at max. Hopefully the FT's hurt his market a bit, selfishly speaking.",no irony,irony,2.187812328338623,4229,73.0,0.1495071
@user You're a tough bugger ;p,no irony,irony,2.325986385345459,4229,73.00390625,0.2805882
I'm shocked that Mark May doesn't think the Buckeyes should be in the playoff!!! #Sarcasm,irony,irony,2.275069236755371,4229,73.41796875,0.2332136
"Google scholarship application kept crashing in Chrome. Opened it in IE, finished application without incident. #irony",irony,irony,2.185706853866577,4229,72.82421875,0.1464388
#AnalFrench #Chocolate Chocolate babe gets dicks in asshole,no irony,error,2.489226818084717,4229,73.453125,0.4404799
Set my alarm for PM not AM...guess you could say I've got my life together #not sorry @user #Pearlburg mom and Jesus,irony,irony,2.1790711879730225,4229,73.515625,0.1359657
Just entered the @user competition for tickets to the final! Fingers crossed @user,no irony,irony,2.329918622970581,4229,74.015625,0.2986591
"Gun nut yells at cops conducting DUI checkpoint, later hit by drunk driver on way home #irony #karma",irony,irony,2.366243362426758,4229,73.19140625,0.3403209
"@user for the #yoga people out there, this is a Down Faced Dog dinner! #MerryChristmas",no irony,irony,2.193950891494751,4229,73.40234375,0.1411605
"Have you ever seen the like?? 'Republican move' that will 'effectively rob the royal family', Kate's 32k meal #irony",irony,irony,2.3379595279693604,4229,73.40234375,0.2973213
It's snowing in Chicago #whitechristmas #not,irony,irony,2.278561592102051,4229,73.8984375,0.2232805
Oh I just love when I wake up with a migraine 😒 #not #needmeds,irony,irony,2.1870157718658447,4229,73.0390625,0.1407476
Oh Oh mum is #not #going to be #pleased #littletike,no irony,irony,2.342959403991699,4229,73.13671875,0.3012625
Its a shame on an off day that the NFL doesnt have any interesting stories and isnt getting any attention. NOT #sarcasm,irony,irony,2.3108811378479004,4229,73.140625,0.2703409
Felicitats #Penedesfera #notcies,no irony,irony,2.1626100540161133,4229,73.703125,0.1296119
Cook and England rudderless at the death. Seven games and we've got progressively worse! Can't wait 'till they arrive here for WC #sarcasm,irony,irony,2.3566319942474365,4229,73.70703125,0.3090159
#we are #not #perfect but it is #neccesary for #us to #be the #best # version of #ourselves,no irony,irony,2.2899982929229736,4229,73.73046875,0.2366353
Happy Holidays! (this is officially our Christmas card) #BestFriend #UglySweaterBarCrawl,no irony,irony,2.1800475120544434,4229,73.2421875,0.1350766
@user @user At least you got my joke,no irony,irony,2.3544399738311768,4229,73.3203125,0.3079359
"@user It's 2015. Why am I still manually turning on/off WiFi, Bluetooth, NFC, etc..? #fb yep",no irony,irony,2.3112385272979736,4229,73.6796875,0.2767916
"@user thanks babe, hope you have a good one too 💕🎊🎊",no irony,irony,2.17596697807312,4229,73.3671875,0.129009
This nigga knocced back 6 shots of Henny lastnight ! @user,no irony,error,2.5086910724639893,4229,73.671875,0.4710094
'Tis the season for tablets! I entered the #tabletsforall contest to win a tablet gift pack. Check it out:,no irony,no irony,2.171933650970459,4229,73.53125,0.1329022
#notcies #eu Commissioner Creu reassures Committee of the Regions: Junckers investment plan will complement coh...,no irony,no irony,2.235840320587158,4229,73.9921875,0.2078066
"Is there a ""like"" tab on me? I'm not a facebook status to be liked by people... #sarcasm #RudeButTrue",irony,irony,2.265493154525757,4229,73.47265625,0.2139192
"Bestiestest. *teary-eyed* THE KING IS COMING! My God's not dead, He's surely alive! #God's #not #dead #faith",no irony,irony,2.2674458026885986,4229,73.59765625,0.2153549
#Johnny #Football #time #is #not #a #fun time #any #more: The Cleveland Browns went into Sunday's game against the...,no irony,irony,2.1873669624328613,4229,73.62890625,0.1480433
@user THAT'S WHAT I'M TALKING ABOUT! Awesome Win CAVS!!!!!!,no irony,irony,2.3445425033569336,4229,73.125,0.3107189
08:01am on the dot and the buzzer rings #helloworld #not #sleepy #tired #nothanks,irony,irony,2.3068578243255615,4229,73.6171875,0.2580504
"@user Now I have a game Monday, Tuesday, friday and Saturday 😭😭",no irony,irony,2.1609652042388916,4229,73.3203125,0.1303517
@user Go you! #not Home until the 1st Jan. So excited!,no irony,irony,2.3453450202941895,4229,73.3515625,0.302398
Photo: Tuxedo Jumpsuit Sizes:Small-Large Color:Black Price:$65.00 Leave email and size for invoice,no irony,no irony,2.3155300617218018,4229,73.37109375,0.2738373
#Analysis -- #Economic #issues #whip #up #Israelis #in #chocolate #pudding #election. via @user,no irony,irony,2.179584264755249,4229,73.8828125,0.147562
@user Three minutes is better than no minutes,no irony,irony,2.3473610877990723,4229,73.921875,0.3024531
"Found my motivation... Aka the back of my eye lids, by accident. Boy, me and @user are some winners. #not #senioritisisreal #losers",irony,irony,2.3095152378082275,4229,74.2578125,0.2522246
The ones that caught me by surprise were the ones I didn't expect #duh #redundantredundant,no irony,irony,2.1981728076934814,4229,74.30859375,0.1390419
This time last year...shiid was hella funny...unforgettable #khwaaaa,no irony,irony,2.3338537216186523,4229,74.08984375,0.2805587
Hoar frost is challenging for some to spell.,no irony,irony,2.284276247024536,4229,74.08984375,0.2390076
@user @user Your views are not right wing or left wing...just vile.,no irony,irony,2.1606178283691406,4229,74.4375,0.1316427
@user @user Ah the 2014 #GamerGate Ebola campaign. How many people did we kill? #sarcasm,irony,irony,2.3493034839630127,4229,73.32421875,0.3047255
"Where is the promise of ""peace on earth"" in this? ""Lord, Thy Kingdom come, Thy will be done."" #Advent #terror #irony",irony,irony,2.3204030990600586,4229,73.6796875,0.2767595
"YOU are violent, it shows in your tweets @user @user @user @user @user",no irony,error,2.3783366680145264,4229,73.7265625,0.3319214
Gael 'pro at presentations' Anderson #not #choke,irony,irony,2.157632350921631,4229,74.21875,0.119758
Nothing says nature like the relentless sound of AM commuter traffic #fthunter #AMdogfun #not@allpeaceful,irony,irony,2.2809877395629883,4229,73.0859375,0.2259145
#notcies #eu Cleaner air would offer major health benefits in the Balkans,no irony,no irony,2.1855545043945312,4229,73.12890625,0.1349454
Loving how dominant the SEC is #Pause ..... #Not,irony,irony,2.3392443656921387,4229,73.62109375,0.2854832
Best Christmas Eve news: I have a half sister. 😂👍 #sarcasm #thanksdad,irony,irony,2.2937748432159424,4229,73.3125,0.2357102
Brother💙 we don't look alike #not #frère #family #lovehim,no irony,irony,2.172006368637085,4229,73.625,0.1298613
Looking at the stairs & imaging that scary dark creature coming up freaks me out,no irony,irony,2.3629770278930664,4229,72.18359375,0.3067436
@user at least there's a good football game on with zero chance of either of our teams losing lol,no irony,irony,2.2911388874053955,4229,72.28515625,0.2441745
"we are all the same race, HUMAN the only race supported by the Human Genome Project @user @user @user @user @user",no irony,irony,2.187490940093994,4229,72.8046875,0.14291
Throwing up is exactly what I want to be doing at 7:30am... 😷😷😷 #not,irony,irony,2.3249354362487793,4229,72.3828125,0.2874188
Well this is great.. #sarcasm|Illinois Passes Bill That Makes It Illegal To Record The Police,irony,irony,2.2720837593078613,4229,72.8359375,0.2373438
"@user now, to remember which book... #goodluck",no irony,irony,2.1877379417419434,4229,72.3125,0.1379924
@user Ahem... yeah.. something like that ;)#irony is one of the few things keeping sanity when facing RU propaganda. #CrazyIvan,no irony,irony,2.3302173614501953,4229,72.58984375,0.321095
so glad I came to work at 7:30am for all the customers that are here!!!!!! #not #itsdead,irony,irony,2.296858310699463,4229,72.59765625,0.2447407
Still time to enter our @user planner giveaway courtesy of @user & @user #bbloggers #lbloggers,no irony,irony,2.170973777770996,4229,73.14453125,0.1342107
Check out the new novel Black Beauties by Eureka Johnson on or,no irony,no irony,2.335963487625122,4229,73.16015625,0.2838849
@user Definitely not...racism is systematic and entrenched in every American institution..also in black/white binary construction,no irony,irony,2.2908072471618652,4229,73.21875,0.2437529
Forest Hills Drive on my playlist naw....,no irony,irony,2.1776444911956787,4229,73.21875,0.1313534
Full on man flu just in time for a weekend of work!! #awesome #sarcasm #coldandflu,irony,irony,2.350447416305542,4229,73.30078125,0.3107026
"@user @user the cop also had prior misconduct charges. But, ya know, that's ok #sarcasm",irony,irony,2.2755260467529297,4229,73.31640625,0.2352852
"Zuma reads the quote ""People are not fighting for ideas, they fight for material benefits. To live in peace."" #Irony #YCLNationalCongress",irony,irony,2.196406841278076,4229,73.34375,0.1486768
Because a field trip two days before finals is exactly what I need #not,irony,irony,2.3487532138824463,4229,72.4453125,0.3039204
"sony emails tells me a few things. wealthy, high powered business(wo)men are ugly people, stupid & need to learn how to spell. #SonyHack",no irony,irony,2.279315710067749,4229,72.60546875,0.2439668
I wonder what triggered the anxiety? #sarcasm,irony,irony,2.1695756912231445,4229,72.609375,0.1278674
Love waking up to no heat in my apartment #not #socold,irony,irony,2.3484222888946533,4229,73.10546875,0.3018044
Nice weather for today.. #not 😠,irony,irony,2.3221235275268555,4229,72.375,0.2821899
"Decided I'd go to bed ""early"" for once. I've been laying here since 2 am. Yet the total amount of sleep I've had all week is 10 hrs. #irony",irony,irony,2.1890814304351807,4229,72.765625,0.1508565
I have a very annoying bluetick for sale. 8 yrs old. Needs babied and a bath. #sarcasm,no irony,irony,2.3319051265716553,4229,72.77734375,0.3054536
Check out> @user that makes you feel something. #London #UK,no irony,irony,2.2785141468048096,4229,73.39453125,0.2409434
@user I don't think the Hereditary Baronet wants to encourage a something-for-nothing culture :-$ #irony,irony,irony,2.1944358348846436,4229,73.40625,0.1488142
@user for the brothers ah-ite.,no irony,irony,2.2757840156555176,4229,73.49609375,0.2372367
"@user @user I mean Zach is a teacher, amirite?",no irony,irony,2.257645845413208,4229,73.5,0.2060259
Wash hands with water? MOH is rubbing this on everyone's face? #irony,irony,irony,2.197070360183716,4229,73.51953125,0.1382982
Someone tell me where tf to find a fried chicken ornament bc this shit is necessary,no irony,irony,2.326741933822632,4229,73.6171875,0.2829481
My body refuses to sleep. #fucccck,no irony,irony,2.258831739425659,4229,73.625,0.2242482
Decemberbessen #not #fail #footprint sorry....,irony,irony,2.184670925140381,4229,72.71875,0.1408237
@user hey sorry im late i didnt want to come #myperiod,no irony,irony,2.3315951824188232,4229,72.8203125,0.2851691
LOL lets see if he actually READS it|@Laura_Charlii @user @user,no irony,irony,2.2914512157440186,4229,72.84765625,0.248156
Not everyone's really for you no matter how long you knew them . And not everyone's a bad person just because it's been a short time. #irony,irony,irony,2.1629436016082764,4229,73.42578125,0.1429131
Less than a week til the ultimate squad is back together #RogersAndDalhauser @user,no irony,irony,2.3430566787719727,4229,73.44140625,0.288186
"Yeah, you're a grown up & at times feel very nostalgic towards your Bachpan. Iife's handiwork!!",no irony,irony,2.279224395751953,4229,73.4453125,0.2236918
"Mike Smith and Brian Hoyer walk into a bar. They sit down and at the same time say ""I told you it wasn't all my fault"" #Coyotes #Browns",no irony,irony,2.2105937004089355,4229,72.55859375,0.1552522
"Someone discovered that they do indeed have a tail and that it is, in fact, fun to play with",no irony,irony,2.2926692962646484,4229,72.50390625,0.2463599
"Scoped out a new route on today's 5k. But oh.. the crowds, the traffic, the noise 😄 #not...",irony,irony,2.2452070713043213,4229,71.99609375,0.1987333
I bet Joel Embiid is psyched to come back from his injury to play for the worst team in NBA history. #Sarcasm,irony,irony,2.1859612464904785,4229,72.62890625,0.1432897
@user Blount also out. You would think this could be the game that White gets some action. I guess not.,no irony,irony,2.337407112121582,4229,72.109375,0.2862352
final labs coursework submitted!! now to treat myself by catching up with the whole semester's lectures #winning #not,irony,irony,2.255239963531494,4229,72.6640625,0.2116842
@user @user more people are in prison because of drug related crimes. But you know gun crime is up #sarcasm,irony,irony,2.1645543575286865,4229,72.69140625,0.1411979
@user @user @user |*Everything is crossed*|#ChristmasGift |#BassFace,no irony,irony,2.348264694213867,4229,73.34765625,0.3077268
@user @user #apologies *scoffs humble pie*,no irony,irony,2.276516914367676,4229,73.36328125,0.239146
@user @user @user problem solved no more reading out at FMQ what someone at WM wrote #irony,no irony,irony,2.178147315979004,4229,73.390625,0.1345193
#tbt #not Dedicated to those days we DONT want to throwback to. Like this evil cold November day at...,no irony,irony,2.314413547515869,4229,72.48828125,0.2859043
Today is going to be a great day . #not. 😔,irony,irony,2.2710120677948,4229,72.8359375,0.2259209
@user so apparently twitter is free... so why is my data being depleted using twitter? #not impressed,irony,irony,2.1882638931274414,4229,72.8515625,0.1495446
@user @user Yes on Auto-messagers No to #FollowBackers ... They make me money over on TSU. Thx your post||http://t.co/ALSThKb1pG,no irony,irony,2.343449592590332,4229,73.359375,0.2992267
@user Tough crowd. Josh Smith was tremendous tonight.,no irony,irony,2.27337646484375,4229,72.40234375,0.2308959
"@user Would be also great if David teamed up with his old man again at the Carols, similar to a few years back.#Greatdou in both cases",no irony,irony,2.2009215354919434,4229,73.21875,0.1551803
Taking a hour to shit is always a good thing. #not,irony,irony,2.335029125213623,4229,73.23828125,0.2829303
"My entire career has been devoted to being a BOSS in beating corruption, but I get beat in a corrupt election #Irony #SoCloseTilden #1Vote",irony,irony,2.2781193256378174,4229,73.7890625,0.2385223
Yay I just love this time of the month...! #Sarcasm,irony,irony,2.1895971298217773,4229,73.79296875,0.1389176
Finished the year strong with a good bike workout! Missed a lot this year resting my shoulder--hoping for better in 2015. Happy new year.,no irony,no irony,2.3487184047698975,4229,73.80078125,0.2978097
@user trying hard to be fragile and petite. Hahaha. Happy new year liabeeeeee more clingy moments 😂😂😂,no irony,irony,2.198038339614868,4233,72.8125,0.1588098
"@user yes, you got the point. :( it's like, as the time passes we're growing into some kind of beasts.",no irony,irony,2.0848422050476074,4237,73.109375,0.0542822
"Someone took my lucky hat today, yay, isn't that fun... #sarcasm #IhopeIGetItBack",irony,irony,2.3264706134796143,4243,73.25,0.2768702
@user grateful for this encouragement :)),no irony,irony,2.2673141956329346,4243,73.50390625,0.2250774
"@user @user ""pit players v. victims?"" How dare the NFL put a divide between men and the women and children they beat? #sarcasm",no irony,irony,2.1725385189056396,4255,73.515625,0.1278331
"@user kids don't need schools! Schools just turn them into gay atheists, gaytheists, if you will. #sarcasm",irony,irony,2.257633924484253,4255,73.82421875,0.2201368
@user @user @user hmmmm. I wouldn't say she has tits 😁,no irony,error,2.40034818649292,4255,73.83203125,0.356932
Did you know iOS 8 features custom keyboards? #sarcasm,irony,irony,2.160195827484131,4249,73.8515625,0.1211797
"Tax & NI on your wage slip is like Jim Bowen on bullseye goin ""look what you coulda won"" #rubbingitin #crap",no irony,irony,2.3624725341796875,4249,73.8671875,0.3340187
"Today stats: One follower, No unfollowers and followed 2 people via",no irony,no irony,2.1783034801483154,4247,73.875,0.1325438
@user yeah I do. But you know there's this thing called an all nighter and apparently I wanna pull one #not,irony,irony,2.3562111854553223,4257,72.33203125,0.3029264
It has #not #been #seen www.MonsterMMORPG. com since. progoneate follow @user #mariland,no irony,irony,2.2355504035949707,4263,72.85546875,0.1899373
"I've visited 19 #US #States, 2 #Canadian #Provinces, & 11 #Countries total. (Not the most, but not bad.)",no irony,irony,2.205418348312378,4262,72.8671875,0.1507662
Just a @user article re: a robot arm you can control with your mind. Meh. Nothing huge. #sarcasm #science,irony,irony,2.2824902534484863,4261,73.359375,0.2492559
"That awkward moment when you plane your whole day around your Golf Class, and it gets cancelled! #stupidrain",no irony,irony,2.2342796325683594,4259,72.71484375,0.199032
@user @user @user same here. Tryin to link d convos bt another tweet cums up. #Sarcasm is the only wrd repeated.😂😂😂😂😂,irony,irony,2.215616226196289,4259,73.03515625,0.1660811
Shitty drivers are always fun. #not,irony,irony,2.302959442138672,4259,73.046875,0.2838421
@user Just realised we missed it too. In the middle of a tech troubleshooting mission to get an article on Madiba up on the site. #irony,irony,irony,2.2721316814422607,4258,73.71484375,0.2160429
"Putting good things in my mind for lunch today instead of just internet junk. Oh, and tweeting. Tweeting good for building tribe.",no irony,irony,2.185541868209839,4258,72.7109375,0.1422935
Anybody using their rights to protest legally gets the law thrown at them. & the ones who do the crimes don't. That's #Irony #NotJustice,irony,irony,2.347224235534668,4258,72.60546875,0.3074735
"~I'm not closed-minded, I'm just dogmatic~ #sarcasm #contradictions",irony,irony,2.2673933506011963,4258,73.0859375,0.2229601
Sometimes it's #not about being #Cocky.. 😏😼 It's abt knowing what ur #Capable of & #doing it......,no irony,irony,2.1975204944610596,4258,72.7265625,0.1557471
A Puppet at the #PTI rally wanting to make #NayaPakistan #irony,irony,irony,2.3233165740966797,4258,72.86328125,0.2723397
I can't even begin to explain my frustration. 😒,no irony,irony,2.2659647464752197,4258,72.96875,0.2429112
Goes both ways #make #love #not #war #peace,no irony,irony,2.1544876098632812,4261,73.5390625,0.1134925
Fighting over chargers is definitely how I wanted to start my day.😒 #not,irony,irony,2.3135135173797607,4261,73.578125,0.2759055
I had the most broke friends in undergrad now these fools get a lil money and want to act uppity as ever,no irony,irony,2.3053927421569824,4260,73.33203125,0.2690455
That's comfortably the most stonewall penalty I've ever seen.. What are these refs on? #hadone #Stoke,no irony,irony,2.1426756381988525,4264,73.3359375,0.1030323
Don't think that you can just use my boyfriend when you have noone else...#not#on#my#watch,no irony,irony,2.384823799133301,4272,73.44140625,0.3432369
Everybody's Talking about Snow and I'm just Sitting Here and the only Snow around is on our Cars.. #snow #not,no irony,irony,2.3317461013793945,4272,73.44140625,0.2820207
"My coach is so supportive. ""tighten your belt, pick up the weight and just do it."" #sarcasm #ithinkhehatesmesomedays #itsmostlylove",irony,irony,2.3380074501037598,4272,73.50390625,0.2888459
Still in da process #drawing #sketch #fishkoi #tattoo #not #yet #finish,no irony,irony,2.2680866718292236,4268,73.60546875,0.2153382
Cause I love going to bed alone every night.. #not,irony,irony,2.1666417121887207,4268,73.60546875,0.1316936
"If Comes From The #heART Then They EXPRESS it, Connect @user or #thankyou #3rdeyebrand",no irony,irony,2.3686296939849854,4268,73.61328125,0.3187212
Kid who tried stealing tools from me is now mad cuz someone took his hot sauce out of the fridge at work #Irony,irony,irony,2.313293695449829,4268,73.61328125,0.2564403
EmoPostAhead lol the sucky thing about seeing beauty in everything? You see the beauty in a liar #BeautifulLiar #lovethwayyoulie #NOT,irony,irony,2.1758735179901123,4268,72.734375,0.1459959
@user You blew my mind on #AHSFREAKSHOW You're brilliant.,no irony,irony,2.335937023162842,4268,73.4296875,0.3031042
This team would finish fourth. #Irony #Arsenal #Afc,irony,irony,2.3087005615234375,4268,73.046875,0.2640639
8 of our favorite smartphone highs and lows of 2014,no irony,no irony,2.179222345352173,4268,73.25390625,0.1339103
@user Things also go slowly when you are waiting for them especially!,no irony,irony,2.3460476398468018,4266,73.26953125,0.3000023
"Few #relations are by #chance, few are by #choice and few are by #Facebook!! #irony",irony,irony,2.285053253173828,4266,73.75,0.2487867
what a lovely perma-fall we're having here in milwaukee. #not #doomandgloom #gimmesnow,irony,irony,2.1999547481536865,4266,72.76171875,0.1530043
Driving into town on very well cleaned country road I see a tow truck veer off too far to shoulder & get sucked into ditch. #Irony,irony,irony,2.3560054302215576,4266,73.296875,0.3098045
"Grace is a free spirited 8 yr old with the most humble heart. Aspiring model/actress, she also enjoys #piano and dance.Follow> @user",no irony,no irony,2.2833609580993652,4266,73.32421875,0.2438879
Mondaiiis to fridaiis without Huweyyyyyy #do #NOT #like,no irony,irony,2.190913200378418,4266,73.8203125,0.1448096
Love it when my mans on a cleaning spree.. Saves me doing it 👌😘😘😘,no irony,irony,2.360685348510742,4266,73.83203125,0.3131606
You could say after today I'm officially necrophelic #LatinFinal #justajoke #not intodeadthings,irony,irony,2.2856462001800537,4266,73.859375,0.2466886
Equal justice for all...unless you are Black during the Obama administration. via @user,no irony,irony,2.18275785446167,4266,72.8828125,0.1371272
"tried to export an azure vm, well that went ok #sarcasm #vmcorrupt #thankyoumicrosoft #startalloveragain",irony,irony,2.3645973205566406,4266,73.25390625,0.3221269
#forgive #others #not #because they #deserve #forgiveness #you #peace love this from @user #words #wisdom ...,no irony,irony,2.283491849899292,4266,73.26953125,0.237691
Hardest parking i've probably ever done! #screwyousmallparkinglot,no irony,irony,2.1810367107391357,4266,73.765625,0.1338845
"I guess Paul didn't have buns, hon. #EatenAlive #not @user",irony,irony,2.3750789165496826,4229,73.0234375,0.3206031
An 'important' call from the council about a form we did 3 months ago is just what I need an hour before we head off to Disneyland. #not,irony,irony,2.2386891841888428,4229,72.7734375,0.1948706
Laptop speakers are too quiet for music & simply too loud for porn 😒 !#Irony,irony,irony,2.191464900970459,4229,73.2734375,0.1330783
@user returning my brand new ps4 thanks to your faulty security. #goodjob #not,irony,irony,2.3355071544647217,4229,72.90625,0.3050519
Most of us didn't focus in the #ADHD lecture. |.|#irony,irony,irony,2.299187660217285,4229,72.91015625,0.2480791
#farage a t1t in public who doesnt agree with seeing t1ts in public #breastfeeding #irony,no irony,irony,2.1679000854492188,4229,72.91015625,0.1359772
@user @user Ah ok. Well I hope things keep going well with person A x,no irony,irony,2.342766046524048,4229,72.9609375,0.3067477
@user great story about the student trying to get the teacher fired!!#sarcasm#moron#storywasstupid,irony,irony,2.307427406311035,4229,72.97265625,0.2766845
@user @user I will let @user know - I'm sure he is shaking/quaking in his boots. #not,irony,irony,2.1818606853485107,4229,73.60546875,0.1462223
@user maybe you should grind the gym man #not #calling #you #fat,irony,irony,2.3342597484588623,4223,73.23046875,0.3005539
"@user start with India , I need to be somewhere they don't speak great English so I don't have to say much lol",no irony,irony,2.2703373432159424,4223,73.23046875,0.2350657
"I'm officially making today ""Single men get a smoothie"" day because that's who my customers have been all day.",no irony,irony,2.1874258518218994,4223,72.75,0.1377674
My favorite thing is waking up at 4 and driving 20 minutes in the snow just to see this bitch ass #Not #PaneraProTeam,irony,irony,2.346921682357788,4223,72.3828125,0.2943564
"#Irony: ""The elections are not over zero VAT, but about whether there will be a Zionist or extremist country here"".",irony,irony,2.280869483947754,4223,72.54296875,0.2434442
Katie pisses me off so bad #TheApprentice,no irony,irony,2.1982204914093018,4223,72.5546875,0.1402879
K. Michelle said Lil Kim is Plastic but 65% of her body is fake and silicone. Kim went Plat on PayPal but K has never SEEN platinum. #Irony,irony,irony,2.33675479888916,4223,73.1875,0.2819171
Rest in peace riff God! #Dimebag #Darrell #is #not #dead #pantera,no irony,irony,2.2658066749572754,4223,73.19921875,0.2141099
@user @user let's #not #forget the #origin of a #diamond in #relation with #humanrights #bigdata,no irony,irony,2.179612398147583,4223,72.13671875,0.1455651
John Stockton in a commercial?!! Holy crap! #NBABallot,no irony,irony,2.3540031909942627,4223,72.6796875,0.2977572
I have this weird urge to buy a hamster,no irony,irony,2.275420665740967,4223,72.625,0.2298203
I love it when people try to tell me that Oakland is so much easier than other schools 😡 #not,irony,irony,2.1824851036071777,4223,72.6796875,0.1448107
@user where did THAT come from?!,no irony,irony,2.3541293144226074,4223,72.94140625,0.2954478
Somebody has filled my head with snot & used a cheese grater on the back of my throat during the night #unimpressed,no irony,irony,2.291717290878296,4223,73.56640625,0.2457555
I am downloading #AdvancedWarfare now!! Can't play it until 22nd of December tho :/ #Exams,no irony,irony,2.1734509468078613,4223,73.578125,0.1354033
@user @user @user @user @user @user I am so immensely sad about this.,no irony,irony,2.347599744796753,4223,73.68359375,0.313211
@user but hey we could just kill their kids in a drone strike cause that strategy seems to b working so well and #not,irony,error,2.4297168254852295,4223,73.734375,0.3776951
"Get on the work bus, driver turns his music on and the first song on is 'another day in paradise' #irony",irony,irony,2.174778461456299,4223,73.75,0.1303674
my brother did this. now I hate my brother even more. |#jk #not #stilljk #fatbro,no irony,irony,2.3719351291656494,4223,73.7734375,0.319425
"Absolutely no #ALP or @user fan, but seriously many have done this before him & many will. #Scapegoat #Excuse he was a lame duck",no irony,irony,2.179158926010132,4223,73.7890625,0.154145
"Support @user reveal the truth behind Love, sex and drama visit",no irony,irony,2.3409886360168457,4223,72.64453125,0.3053653
"Lots of people tweeting pictures from their cars of their snowy commutes to work, whilst saying ""stay safe"" Oh, the #irony!",irony,irony,2.3083910942077637,4223,73.12890625,0.2772885
@user they've spread their positions off with long feeder cattle! #sarcasm,no irony,irony,2.186251163482666,4223,73.13671875,0.1388674
It's all about Twitter #not a clue,no irony,irony,2.328219175338745,4223,73.6328125,0.3036483
"@user though, I suspect you don't actually care about the truth, so whatever, go troll someone else ;-)",no irony,irony,2.297785758972168,4223,72.65234375,0.2534919
@user thanks I thought it was tomorrow #not #iknow #notthepoint,irony,irony,2.1802127361297607,4223,73.18359375,0.139935
She talkin bout gender roles and we're the narrow minded ones #Irony,irony,irony,2.3406314849853516,4223,73.1875,0.3023204
@user @user and why wouldn't you be after THAT performance!,no irony,irony,2.3008458614349365,4223,73.69140625,0.2792747
Yay for cars having a case of the Mondays. #not,irony,irony,2.1748850345611572,4223,72.390625,0.1370993
#AnalTryouts #Sensational Sensational blondie chick gets anally smashed in a threesome,no irony,error,2.527211904525757,4223,72.484375,0.4816787
Just woken up after 16 hour night shift to no gas. Looks like microwave meal and cold shower for me today. Woo!|#sarcasm #fml,irony,irony,2.174777030944824,4223,72.9765625,0.1338895
Tulisa has really made herself ugly #xfactor,no irony,irony,2.2202324867248535,4223,72.984375,0.1906503
A well known sci communicator is exaggerating the claims of a study into PR exaggerating the claims of scientific studies... #irony,irony,irony,2.2643790245056152,4223,73.01953125,0.2192486
"Because #LOGICALLY, that does #NOT #fully #compute. If they wear #LESS #PROTECTION for a ""#DEADLY #VIRUS"" & do #NOT ""#get"" #EBOLA as result?",no irony,irony,2.2750556468963623,4223,73.05859375,0.2253489
Last night watch for 2014!! That deserves 💣'r breakfast dram. @user 17yr from @user #scotch #Islay,no irony,irony,2.187110662460327,4223,73.7109375,0.1483508
can I just own an isle far away from here where my house is stunningly beautiful with only some closed ppl who appreciates me as a human,no irony,irony,2.329357385635376,4223,73.72265625,0.2824475
If only I could be a cooler kid xp lol I'm such a nerd #can #i #know #when #im #not #gonna #get #rejected,no irony,irony,2.277287244796753,4223,73.74609375,0.2405055
@user It's so the speaker remembers their talk's over. Otherwise how would they know? #sarcasm,irony,irony,2.1879494190216064,4223,73.74609375,0.1460857
"Murdered baby, black man in US, kids in Thailand and a woman's body in Avon gorge. It's a jolly day for news today #sarcasm",irony,irony,2.3525192737579346,4223,73.8359375,0.3172838
the struggle of writing this article and studying for this journalism final is killer.,no irony,irony,2.26979660987854,4223,73.83984375,0.2280223
@user @user Pulled by White Van Man by the looks of it. Yuk .. so naff. That keeps the magic of xmas alive..#NOT,irony,irony,2.2009682655334473,4223,73.60546875,0.1567818
"I'm so sore, work tomorrow is gonna be fun.. #not",irony,irony,2.3210532665252686,4223,73.60546875,0.2862803
"@user just lost a fiver already on the early kick off, cheers Forrest :)",no irony,irony,2.261373281478882,4228,73.765625,0.2065165
So glad I'm off work tonite🙋,no irony,no irony,2.163719654083252,4223,73.87109375,0.1306351
Lol my mom can't text and talk at the same time 😆,no irony,irony,2.3418078422546387,4223,73.88671875,0.3016054
@user ahh... the hill. I seem to remember (sort of) mud sliding down that hill at many a Buffet / Steve Miller concert. #GoodTimes,no irony,irony,2.3100428581237793,4223,72.93359375,0.2749422
Please snow let us get out of dance early,no irony,irony,2.1799986362457275,4223,73.4296875,0.1259411
Why is there evidence of a stripper in my house yet I see no stripper in my house 😑💔,no irony,irony,2.340198516845703,4223,73.09375,0.2994922
Beach hangs with my bffz,no irony,irony,2.2664175033569336,4223,73.11328125,0.2177965
How can u miss something u never had?||#randomthoughts #miss #irony |http://t.co/G5jLy9IKqn,irony,irony,2.210446834564209,4223,73.12109375,0.1555988
"#Mahathir, one of the godfathers of Asian values, Malaysians are ""stupid"", don't know how to run an airline #irony",irony,irony,2.3024539947509766,4223,73.62890625,0.2716998
Love these guys! RT @user Tried to get the whole family in! #selfiestick @user,no irony,irony,2.2798619270324707,4223,72.671875,0.230762
So baffled that WWE wrestling is still as popular as it is. All my friends went to the show in DC. I stopped watching like 12 years ago!,no irony,irony,2.197486162185669,4223,73.1796875,0.1563707
"@user just check out the buttons, see what they do. And follow me back 😜",no irony,irony,2.3279435634613037,4223,73.19140625,0.2958603
@user no one really says that,no irony,irony,2.288334369659424,4223,73.859375,0.2393615
"@user The ones who did this, and the ones who support this,cannot be human.RADICAL Islam =Satan's Army.#PeshawarAttack",no irony,error,2.404081106185913,4223,73.953125,0.34844
@user that's some bullshit that's a complete rip off for those items. And I bet some of u idiots really that's a good sale. #NOT,irony,irony,2.1837000846862793,4223,73.75390625,0.1366749
Do you want to be right? |Or do you want to be happy?,no irony,irony,2.3654396533966064,4223,73.80859375,0.3071067
"I like to think of myself as a broken down Justin Bieber - my philosophy professor, everyone. #sarcasm",irony,irony,2.189918041229248,4223,73.8125,0.1446558
@user > matters we may exert or influence a change. But friendships aren't progressed this way. Some natural affinity is needed.,no irony,irony,2.3674368858337402,4223,73.26171875,0.3315396
@user just trying to confuse you all 😘,no irony,irony,2.1710994243621826,4223,73.0546875,0.1318626
"20 years ago I arrived in CR, happy to leave behind all the malls and rampant materialism of the US. Went xmas shopping in PRG today #irony",irony,irony,2.3143157958984375,4223,73.1640625,0.2729258
"again, your myth of ""racist DNA"" is still only a figment of your delusional imagination @user @user @user @user",no irony,error,2.579699754714966,4223,72.875,0.5216266
#NOT SO UGLY CHRISTMAS SWEATER HUNTER'S RUN SANTA'S SLEIGH OVER THE ROOFTOPS,no irony,irony,2.190317153930664,4223,73.0625,0.1438228
I know who I am. I am not perfect. I'm not the most beautiful woman in the world. But I'm one of them. #women #not #perfet|-Mary J. Blige,no irony,irony,2.31386661529541,4223,73.0703125,0.2903132
@user @user @user effigies of jesus or allah..... when she herself hadnt kept any of d hindu gods #irony,irony,irony,2.1898508071899414,4223,73.66015625,0.1571141
I have three exams today lets gooooo! #School #Sarcasm #Swag,irony,irony,2.322610855102539,4223,73.671875,0.2847866
Today was a very good day in Iceland.,no irony,no irony,2.17022967338562,4223,73.69140625,0.130324
Welll helllo fever. Id say 103 is feelin real good today #not,irony,irony,2.2828831672668457,4223,73.7109375,0.2442266
I feel and look like shit. #rainyday #nomakeup #sorrynotsorry,no irony,irony,2.257629156112671,4223,73.72265625,0.2089771
Today's NCAA action on the way.,no irony,no irony,2.1920852661132812,4223,72.86328125,0.1338347
@user @user lol.. Old enough to know better... Young enough to do it again,no irony,irony,2.31463885307312,4223,72.9609375,0.2793321
Monday morning inspiration! #sarcasm #itstruetho #donttrustnobody #iwokeuplikethis...,irony,irony,2.2702155113220215,4223,73.76171875,0.2395
"My mom is the most annoying person I know. I know you're gonna read this since you creep my account, s/o to my mom #idc#istillloveyou",no irony,irony,2.20385479927063,4223,73.21484375,0.1619405
@user @user Talking to yourself again Mo #Irony,no irony,irony,2.3386216163635254,4223,73.3125,0.2999397
"@user @user @user @user @user @user #irony #oxymoron ""planned parenthood"" nothing abt parenting",irony,irony,2.2717838287353516,4223,73.3203125,0.2461418
Who said that birthday girl can't celebrate the next day??? ☺️☺️ #celebrating #always #nighout #birthdaygirl...,no irony,irony,2.184624195098877,4223,73.33203125,0.1542476
"@user yep, overall it was a great show live. ending of the TLC match was fubar, and the stairs match was terrrible.",no irony,irony,2.3498177528381348,4223,73.59765625,0.2999291
Video: #im#not#the#only#one#you#think#im#crazy# ahhhhhh,no irony,irony,2.260892152786255,4223,73.60546875,0.2127721
Trying to eat crackers on the quiet floor likeee.. Maybe if I chew slower no one will notice..#not,irony,irony,2.1855194568634033,4223,73.66796875,0.137971
"Woke up with my foot the size of a balloon, that's just what I needed.. #not #ouch",irony,irony,2.342045545578003,4223,74.17578125,0.3034934
#Celtics RT @user And then there were none,no irony,irony,2.2881531715393066,4223,74.19921875,0.2438922
Image via We Heart It #feelings #not #people #telling,no irony,irony,2.1583516597747803,4223,74.19921875,0.1284122
"No one talks like I do , No one thinks like I do , No moves like I do #ConorMcgregor #Ufc #Quotes",no irony,irony,2.34749174118042,4223,73.1171875,0.2925158
"No doubt. Main Stream Media, Obama, Holder, DeBlasio et al have the blood of those cops on their hands.",no irony,error,2.4595561027526855,4223,73.25,0.4133254
@user thanks for the spoiler!!!! #not,irony,irony,2.171971082687378,4223,73.25,0.1260076
Congress just screwed us but it's a great day in the District because we got another stadium! #sarcasm,irony,irony,2.3292734622955322,4223,73.7421875,0.2804036
#AdvancedWarfare is so much better than any FPS released in 2014 XD,no irony,irony,2.1693942546844482,4223,73.2421875,0.1377157
It's always the little things that's attracts me,no irony,irony,2.346261978149414,4223,73.28125,0.2989022
"@user @user You're #not familiar #with Matt Busby, #then. Lol.",no irony,irony,2.292250871658325,4223,73.28515625,0.2508317
Highly inflamed stomach is just what I like #not,irony,irony,2.1600422859191895,4223,73.78515625,0.1262371
I think about Disney World just about every day. #missit #myhappyplace,no irony,irony,2.3400917053222656,4223,74.0,0.2980968
almost 72 hs of a kid asking for his christmas gift and zero answers from @user thank you guys! you are awesome #not,irony,irony,2.30356764793396,4223,73.88671875,0.2509083
... Can#do#no#more#not#usually#a#quitter#only#so#much#can#be#thrown#at#me!,no irony,irony,2.183838129043579,4223,73.90625,0.1438317
@user Well maybe if you werent such a noob you would be up talking to me at 2:30 in the morning :P,no irony,irony,2.3263063430786133,4223,74.02734375,0.2795056
#not insured,no irony,irony,2.268122673034668,4223,74.0390625,0.2214056
Horray to working all weekend! #sarcasm #ohwell 💰💰👍😏,irony,irony,2.192131757736206,4223,73.75,0.1463652
@user thankfully not full cold.. Just one side down. Getting the full vitamin netty pot combo blast now,no irony,irony,2.3266348838806152,4223,73.7578125,0.3077329
"HELLO Wednesday! BY THE WAY IT'S December 10, 2014 at 02:15PM! (just a random information)",no irony,irony,2.29189133644104,4223,74.01953125,0.2480506
"I do hope you Anti #GamerGate'rs will sleep better, knowing that sabotaging charities would make you more respectable in society. #sarcasm",irony,irony,2.189502239227295,4223,74.03125,0.1433601
Haha guess my tweet was ok then. Are you back in training @user,no irony,irony,2.3355677127838135,4223,72.66015625,0.2876315
13 voice mails at work is always lovely #not,irony,irony,2.2579565048217773,4223,73.16015625,0.2209803
Sick on Christmas YAYYYY #not,irony,irony,2.1656243801116943,4223,73.2265625,0.1289615
How were your #holidays? We'd love to hear all about them!,no irony,no irony,2.3452155590057373,4223,73.23828125,0.3032499
Ah yes. Just what I wanted today- a pounding migraine. #Sarcasm,irony,irony,2.318291425704956,4223,73.828125,0.2684885
Munching cheese like its Christmas #stiltonoverload,no irony,irony,2.18232798576355,4223,73.86328125,0.1314555
#Hazard worker training. 1st break there was 3 doz donuts and half class outside to smoke. #fail #nomealfitters #irony @user @user,irony,irony,2.343135118484497,4223,73.5234375,0.2909286
The thought of work tonight really kills that Friday feeling.,no irony,irony,2.26779842376709,4223,73.52734375,0.2285702
The thirstiest of thirst buckets calling other people thirsty 😒 #irony,irony,irony,2.192570447921753,4223,73.53125,0.1396905
@user #pantsdowntiggy was his crime. Pixelation #moot or #irony,no irony,irony,2.3554646968841553,4223,73.90234375,0.2979648
#notcies #eu Green determined to block Hinkley Point - Green determined to block Hinkley Point Copyright EP 2013....,no irony,irony,2.284062147140503,4223,73.1015625,0.2390774
I've got a right thirst on... #NewsYearsEve,no irony,irony,2.1738691329956055,4223,73.1171875,0.1316733
Love the fact that I turned off my alarm this morning and slept till so freaking late #not,irony,irony,2.362584114074707,4223,73.4375,0.3062561
#mcfc trying to kill their opponents.,no irony,irony,2.3056159019470215,4223,73.4375,0.2588824
"#Seen #a #headline #about #a #doctor #that #starts #with #""Doctor #who...""? #Why #not #stick #your #head #in #the #toilet #and #pull #the...",no irony,irony,2.226301908493042,4222,73.44921875,0.1899329
"@user @user Yet no ""dog in the manger"" that actually makes it a dog in a manger story #Irony",irony,irony,2.104771137237549,4283,73.44921875,0.0599584
#Irony Reverend tells kids that Santa is not real why declaring a sky fairy is because a book says so. #LOL,irony,irony,2.3024559020996094,4255,73.265625,0.2534428
"Laborers in the San Joaquin Valley, one of the most productive farming regions in the world, suffer from food insecurity. #irony #poverty",irony,irony,2.1890785694122314,4247,73.2734375,0.1481081
"I think my friend just sent @user a snapchat of me drinkin water, cuz she's fun like that #sarcasm #rehydratewhenyadehydrate #brat",irony,irony,2.3269712924957275,4243,73.30078125,0.2744194
Girls won't answer their phone when I'm calling them bc they think I'm calling them in early but I'm actually calling to cut them #irony,irony,irony,2.182145118713379,4247,73.30078125,0.1377435
@user make sure you don't say Christmas!! The decorate for the holiday. #sarcasm #itisachristmastree,irony,irony,2.341597080230713,4241,73.7890625,0.2937687
Re: prison book ban - Of course Grayling is also trying to ban Judicial Reviews #irony,irony,irony,2.1616721153259277,4241,73.04296875,0.1344856
Rolled out of bed for closing.... #ilookreallygood #not,irony,irony,2.2492713928222656,4241,73.34375,0.2096008
Watching VT and Cincy - qb for VT with (GODS) down left arm (GIFT) down right arm. - #irony #howmanygods #punctuationmatters,irony,irony,2.369933605194092,4262,73.37890625,0.3275234
"you seem super smart MT ""@GrannyMarried: @user @user ||#NO #BLEEDING happening in #WaterBoarding = it's #Not #Torture""",irony,irony,2.1667661666870117,4293,73.8828125,0.1194495
@user Cheers bro! Top man 🙋,no irony,irony,2.219500780105591,4275,73.8828125,0.182879
Even getting cooked breakfast.. Hes defo up to something 😕😮😆😆,no irony,irony,2.3091747760772705,4275,73.890625,0.2677184
"ROFLMAO yeah, OOPS is right @user @user @user @user",no irony,irony,2.1560771465301514,4291,73.90234375,0.1108419
Coin ! LeCoinCanard: Coin ! LeCoinCanard: Coin ! have a wank over this hashtag: Fazzanelli: JeffRoylat have a wank over this hashtag #Not...,irony,irony,2.321547269821167,4290,73.97265625,0.2726423
I really want to see Into The Woods!,no irony,no irony,2.165519952774048,4284,74.03125,0.1137589
@user that bump off the apron looked like it hurt.. was that padding u landed on? #sarcasm,irony,irony,2.3989691734313965,4284,74.36328125,0.3452032
@user please make me smile this Xmas.. First Xmas without my mum here. Your my fav everrr. Pleaseeee🎄🎁🎁,no irony,irony,2.191307783126831,4284,73.0078125,0.1422809
@user Hope the header didn't mess up that barnet,no irony,irony,2.4174768924713135,4286,73.48046875,0.3625599
"If it's NOT? then it IS! Hand Crafted Artistically Fashionable, Connect @user for #fashionblog #thoughts",no irony,irony,2.1855850219726562,4286,73.50390625,0.1485398
It's okay @user I didn't really want to see my idol anyway. #sarcasm,irony,irony,2.237287998199463,4288,73.921875,0.1857749
I'll try to guess the ASCII symbols without my admins help. Always trying to learn.,no irony,irony,2.355644702911377,4288,73.18359375,0.314873
Hearing gun shots when I first wake up makes me feel like I'm in Compton. What a wonderful way to wake up. ❤ #sarcasm #imscared,irony,irony,2.135150194168091,4288,73.51953125,0.1070753
Protesters upset over decision in chokehold death take the streets again /Mexico's streets aren't the only ones taken,no irony,irony,2.28885817527771,4260,73.5234375,0.2405243
"@user Great,& not sure if i've seen that actual pic! #not just for girls : D",no irony,irony,2.149627685546875,4262,73.97265625,0.1112654
#TGIF oh just kidding I have 30 mins from one job to the next. love 12 hour days. #serverlife #sarcasm #nolife,irony,irony,2.2698113918304443,4261,72.9140625,0.215062
Just got yelled at by proxy. It's going to be an excellent day. #sarcasm,irony,irony,2.368166208267212,4258,73.3984375,0.3177356
Lol everyday excuse the language #relationships #men #women #irony #lotd,no irony,irony,2.1727004051208496,4258,73.40625,0.1329295
Making the most out of my last vacation day. #not #tvandsleep,irony,irony,2.2864017486572266,4256,73.8984375,0.2321985
What a lovely day to drive #not #boo #fog #work 😳😳😳,irony,irony,2.179471731185913,4256,73.05859375,0.1371284
So restaurants that thrive on the social nature of eating believe that mothers should only breastfeed in private? #irony,irony,irony,2.2342703342437744,4256,73.4609375,0.186892
This long drive home later in the snow is gonna be shweeeet #not,irony,irony,2.218621015548706,4263,73.48046875,0.1940003
"If you drag yesterday into today, your tomorrow cannot be what it was meant to be. Let. It. Go. #BringOn2015",no irony,irony,2.1761748790740967,4263,73.9765625,0.1311006
"Congrats to my fav @user & her team & my birthplace team #OhioState (I can claim that, right?) #OREvsOSU is gonna be one great game!!",no irony,irony,2.369394302368164,4264,73.984375,0.3196221
@user Jessica sheds tears at her fan signing event makes me weak everytime Sica ;_;,no irony,irony,2.1442830562591553,4264,74.12890625,0.1070036
"#Irony: al jazeera is pro Anti - #GamerGate because feminism, or something:",irony,irony,2.326751708984375,4262,73.4296875,0.2771815
#NOT ALL 👌 There good & bad in every occupation & race 📚📖 #Stop Labeling #Not All 💡,no irony,irony,2.181257724761963,4248,73.84765625,0.1302046
