seed,vectorizer,model,params,accuracy,training_time,prediction_time,peak_memory_train,peak_memory_prediction,precision_class_0,recall_class_0,f1_class_0,precision_class_1,recall_class_1,f1_class_1
2,TfidfVectorizer,RandomForest,"{'n_estimators': 50, 'criterion': 'gini'}",0.6366492146596858,1.4229368000014802,1.5393062000002828,375.06640625,374.1640625,0.6258278145695364,0.7575150300601202,0.6854034451495921,0.6552706552706553,0.5043859649122807,0.5700123915737298
2,TfidfVectorizer,RandomForest,"{'n_estimators': 50, 'criterion': 'entropy'}",0.6261780104712041,1.341890499999863,1.033367799995176,374.66015625,373.9453125,0.6203389830508474,0.7334669338677354,0.6721763085399449,0.6356164383561644,0.5087719298245614,0.5651644336175395
2,TfidfVectorizer,RandomForest,"{'n_estimators': 50, 'criterion': 'log_loss'}",0.6261780104712041,1.3755227999936324,1.1089317000005394,375.4140625,373.95703125,0.6203389830508474,0.7334669338677354,0.6721763085399449,0.6356164383561644,0.5087719298245614,0.5651644336175395
2,TfidfVectorizer,RandomForest,"{'n_estimators': 100, 'criterion': 'gini'}",0.6282722513089005,2.277243600001384,1.049833099998068,383.33984375,382.67578125,0.6168831168831169,0.7615230460921844,0.6816143497757847,0.6489675516224189,0.4824561403508772,0.5534591194968553
2,TfidfVectorizer,RandomForest,"{'n_estimators': 100, 'criterion': 'entropy'}",0.6272251308900524,2.2697283000015887,1.1356059999961872,382.9375,381.84375,0.6201680672268908,0.7394789579158316,0.6745886654478976,0.6388888888888888,0.5043859649122807,0.5637254901960784
2,TfidfVectorizer,RandomForest,"{'n_estimators': 100, 'criterion': 'log_loss'}",0.6272251308900524,2.25501219999569,1.1624003999968409,382.31640625,381.84375,0.6201680672268908,0.7394789579158316,0.6745886654478976,0.6388888888888888,0.5043859649122807,0.5637254901960784
2,TfidfVectorizer,RandomForest,"{'n_estimators': 150, 'criterion': 'gini'}",0.6272251308900524,3.1634032000001753,1.2033138999977382,391.64453125,391.6953125,0.6170212765957447,0.7555110220440882,0.6792792792792792,0.6453488372093024,0.4868421052631579,0.555
2,TfidfVectorizer,RandomForest,"{'n_estimators': 150, 'criterion': 'entropy'}",0.6282722513089005,3.1564206999973976,1.2251431999975466,390.98046875,390.6171875,0.6216216216216216,0.7374749498997996,0.6746104491292392,0.6391184573002755,0.5087719298245614,0.5665445665445665
2,TfidfVectorizer,RandomForest,"{'n_estimators': 150, 'criterion': 'log_loss'}",0.6282722513089005,3.0687099999995553,1.0943072000009124,391.0,390.21875,0.6216216216216216,0.7374749498997996,0.6746104491292392,0.6391184573002755,0.5087719298245614,0.5665445665445665
2,TfidfVectorizer,SVC,"{'C': 0.1, 'kernel': 'linear'}",0.5570680628272251,0.874266799997713,1.1435943000033149,417.15234375,397.4921875,0.6596638655462185,0.31462925851703405,0.4260515603799186,0.5230125523012552,0.8223684210526315,0.639386189258312
2,TfidfVectorizer,SVC,"{'C': 0.1, 'kernel': 'rbf'}",0.4942408376963351,0.9130130000048666,1.224537900001451,418.4921875,391.76171875,0.6818181818181818,0.06012024048096192,0.11049723756906077,0.48518111964873767,0.9692982456140351,0.6466715435259692
2,TfidfVectorizer,SVC,"{'C': 0.1, 'kernel': 'sigmoid'}",0.5581151832460733,0.899098400004732,1.1537119000058738,417.5,397.73828125,0.6624472573839663,0.31462925851703405,0.4266304347826087,0.5236768802228412,0.8245614035087719,0.6405451448040886
2,TfidfVectorizer,SVC,"{'C': 1, 'kernel': 'linear'}",0.6094240837696335,0.9598475000020699,1.1616414000018267,420.5703125,391.90234375,0.6216216216216216,0.6452905811623246,0.6332350049164208,0.5949656750572082,0.5701754385964912,0.5823068309070548
2,TfidfVectorizer,SVC,"{'C': 1, 'kernel': 'rbf'}",0.6209424083769634,0.927903800002241,1.2345126000000164,424.4375,391.37890625,0.6266173752310537,0.6793587174348698,0.6519230769230769,0.6135265700483091,0.5570175438596491,0.5839080459770115
2,TfidfVectorizer,SVC,"{'C': 1, 'kernel': 'sigmoid'}",0.6167539267015707,0.9143777999997837,1.1348456000050646,425.0859375,391.484375,0.6261859582542695,0.6613226452905812,0.6432748538011696,0.6051401869158879,0.5679824561403509,0.5859728506787331
2,TfidfVectorizer,SVC,"{'C': 10, 'kernel': 'linear'}",0.5916230366492147,1.007412500002829,1.1890419999981532,421.0859375,397.90625,0.6074950690335306,0.6172344689378757,0.6123260437375746,0.5736607142857143,0.5635964912280702,0.5685840707964602
2,TfidfVectorizer,SVC,"{'C': 10, 'kernel': 'rbf'}",0.612565445026178,0.9538264000002528,1.2207473000016762,424.78125,391.9765625,0.6287425149700598,0.6312625250501002,0.63,0.5947136563876652,0.5921052631578947,0.5934065934065934
2,TfidfVectorizer,SVC,"{'C': 10, 'kernel': 'sigmoid'}",0.5654450261780105,1.8669222999960766,1.1448511999988114,418.14453125,399.91015625,0.5909090909090909,0.5470941883767535,0.5681581685744017,0.5415821501014199,0.5855263157894737,0.5626975763962065
2,TfidfVectorizer,MultinomialNB,{'alpha': 0.01},0.5958115183246073,2.129743600002257,1.999465799999598,393.91015625,392.6875,0.621505376344086,0.5791583166332666,0.5995850622406639,0.5714285714285714,0.6140350877192983,0.5919661733615222
2,TfidfVectorizer,MultinomialNB,{'alpha': 0.1},0.5968586387434555,1.934528699996008,1.9616048999960185,393.4375,392.4453125,0.6261061946902655,0.5671342685370742,0.5951629863301787,0.5705765407554672,0.6293859649122807,0.5985401459854015
2,TfidfVectorizer,MultinomialNB,{'alpha': 1.0},0.6104712041884817,1.08310789999814,2.089631000002555,393.421875,392.45703125,0.6487119437939111,0.5551102204408818,0.5982721382289417,0.5795454545454546,0.6710526315789473,0.6219512195121951
2,TfidfVectorizer,LogisticRegression,"{'C': 0.1, 'penalty': 'l2'}",0.5821989528795811,1.118427100002009,1.9604793000034988,394.60546875,392.16796875,0.6269035532994924,0.49498997995991983,0.5531914893617021,0.5508021390374331,0.6776315789473685,0.6076696165191741
2,TfidfVectorizer,LogisticRegression,"{'C': 1, 'penalty': 'l2'}",0.6073298429319371,1.6066688999999315,1.9217762999978731,394.5625,392.1484375,0.6225296442687747,0.6312625250501002,0.6268656716417911,0.5902004454342984,0.581140350877193,0.585635359116022
2,TfidfVectorizer,LogisticRegression,"{'C': 10, 'penalty': 'l2'}",0.6,1.0610836999985622,2.0888861999992514,394.5546875,392.1484375,0.6153846153846154,0.625250501002004,0.6202783300198808,0.5825892857142857,0.5723684210526315,0.577433628318584
2,TfidfVectorizer,KNeighbors,"{'n_neighbors': 3, 'algorithm': 'ball_tree'}",0.587434554973822,1.6355862000054913,1.0784155000001192,393.08984375,430.13671875,0.6060606060606061,0.6012024048096193,0.6036217303822937,0.5673913043478261,0.5723684210526315,0.5698689956331878
2,TfidfVectorizer,KNeighbors,"{'n_neighbors': 3, 'algorithm': 'kd_tree'}",0.587434554973822,1.5106105000013486,1.1633771999986493,393.19140625,438.2109375,0.6060606060606061,0.6012024048096193,0.6036217303822937,0.5673913043478261,0.5723684210526315,0.5698689956331878
2,TfidfVectorizer,KNeighbors,"{'n_neighbors': 3, 'algorithm': 'brute'}",0.587434554973822,1.609476799996628,1.1584978999962914,393.17578125,432.66796875,0.6060606060606061,0.6012024048096193,0.6036217303822937,0.5673913043478261,0.5723684210526315,0.5698689956331878
2,TfidfVectorizer,KNeighbors,"{'n_neighbors': 5, 'algorithm': 'ball_tree'}",0.5979057591623037,1.5939644000027329,1.1182257999971625,393.1796875,421.54296875,0.6116504854368932,0.6312625250501002,0.621301775147929,0.5818181818181818,0.5614035087719298,0.5714285714285714
2,TfidfVectorizer,KNeighbors,"{'n_neighbors': 5, 'algorithm': 'kd_tree'}",0.5979057591623037,2.038892800002941,1.1277584999988903,393.1796875,434.28125,0.6116504854368932,0.6312625250501002,0.621301775147929,0.5818181818181818,0.5614035087719298,0.5714285714285714
2,TfidfVectorizer,KNeighbors,"{'n_neighbors': 5, 'algorithm': 'brute'}",0.5979057591623037,1.557158800002071,1.1018573000037577,393.1484375,419.33203125,0.6116504854368932,0.6312625250501002,0.621301775147929,0.5818181818181818,0.5614035087719298,0.5714285714285714
2,TfidfVectorizer,KNeighbors,"{'n_neighbors': 7, 'algorithm': 'ball_tree'}",0.5863874345549738,2.031690999996499,1.0441868999987491,393.15625,434.42578125,0.6023622047244095,0.6132264529058116,0.6077457795431976,0.5682326621923938,0.5570175438596491,0.5625692137320044
2,TfidfVectorizer,KNeighbors,"{'n_neighbors': 7, 'algorithm': 'kd_tree'}",0.5863874345549738,1.4666675999978906,1.049167999997735,393.32421875,420.953125,0.6023622047244095,0.6132264529058116,0.6077457795431976,0.5682326621923938,0.5570175438596491,0.5625692137320044
2,TfidfVectorizer,KNeighbors,"{'n_neighbors': 7, 'algorithm': 'brute'}",0.5863874345549738,1.4786863999979687,1.040611500000523,393.28515625,419.46484375,0.6023622047244095,0.6132264529058116,0.6077457795431976,0.5682326621923938,0.5570175438596491,0.5625692137320044
2,TfidfVectorizer,DecisionTree,"{'criterion': 'gini', 'max_features': 'sqrt'}",0.5790575916230366,1.0479116999995313,1.9350000000049477,399.5703125,392.8828125,0.5806988352745425,0.6993987975951904,0.6345454545454545,0.576271186440678,0.4473684210526316,0.5037037037037037
2,TfidfVectorizer,DecisionTree,"{'criterion': 'gini', 'max_features': 'log2'}",0.5486910994764398,1.056521700003941,1.8816999999980908,393.83984375,393.07421875,0.5607142857142857,0.6292585170340681,0.5930122757318225,0.5316455696202531,0.4605263157894737,0.4935370152761457
2,TfidfVectorizer,DecisionTree,"{'criterion': 'gini', 'max_features': None}",0.6157068062827226,0.8848741999972844,1.8736475000041537,393.80859375,392.82421875,0.6195652173913043,0.685370741482966,0.6508087535680305,0.6104218362282878,0.5394736842105263,0.5727590221187427
2,TfidfVectorizer,DecisionTree,"{'criterion': 'entropy', 'max_features': 'sqrt'}",0.5926701570680628,1.0591011000069557,1.8794043000016245,393.83984375,392.76953125,0.6022304832713755,0.6492985971943888,0.6248794599807136,0.580335731414868,0.5307017543859649,0.5544100801832761
2,TfidfVectorizer,DecisionTree,"{'criterion': 'entropy', 'max_features': 'log2'}",0.5769633507853403,1.0445478999972693,1.8917025999980979,393.91796875,392.9453125,0.5785123966942148,0.7014028056112225,0.6340579710144928,0.5742857142857143,0.4407894736842105,0.4987593052109181
2,TfidfVectorizer,DecisionTree,"{'criterion': 'entropy', 'max_features': None}",0.5937172774869109,0.9204714999941643,1.867345300001034,393.80078125,392.828125,0.6065259117082533,0.6332665330661322,0.6196078431372549,0.5783410138248848,0.5504385964912281,0.5640449438202247
2,TfidfVectorizer,DecisionTree,"{'criterion': 'log_loss', 'max_features': 'sqrt'}",0.5926701570680628,1.0958591000016895,1.8631074000004446,393.83203125,392.7578125,0.6022304832713755,0.6492985971943888,0.6248794599807136,0.580335731414868,0.5307017543859649,0.5544100801832761
2,TfidfVectorizer,DecisionTree,"{'criterion': 'log_loss', 'max_features': 'log2'}",0.5769633507853403,1.0486572000008891,1.8685803999978816,393.83203125,393.03515625,0.5785123966942148,0.7014028056112225,0.6340579710144928,0.5742857142857143,0.4407894736842105,0.4987593052109181
2,TfidfVectorizer,DecisionTree,"{'criterion': 'log_loss', 'max_features': None}",0.5937172774869109,0.9280236999984481,1.8816268000009586,393.76953125,392.796875,0.6065259117082533,0.6332665330661322,0.6196078431372549,0.5783410138248848,0.5504385964912281,0.5640449438202247
2,TfidfVectorizer,GradientBoosting,"{'n_estimators': 100, 'criterion': 'friedman_mse'}",0.6209424083769634,1.4173809999992955,1.8821998999992502,394.1796875,393.7421875,0.6045801526717557,0.7935871743486974,0.6863084922010398,0.6566666666666666,0.43201754385964913,0.5211640211640212
2,TfidfVectorizer,GradientBoosting,"{'n_estimators': 100, 'criterion': 'squared_error'}",0.6209424083769634,1.407581699997536,1.877057400000922,394.296875,393.98828125,0.6045801526717557,0.7935871743486974,0.6863084922010398,0.6566666666666666,0.43201754385964913,0.5211640211640212
2,TfidfVectorizer,GradientBoosting,"{'n_estimators': 150, 'criterion': 'friedman_mse'}",0.6356020942408377,1.8505979000037769,1.903159900000901,394.30078125,394.11328125,0.6223662884927067,0.7695390781563126,0.6881720430107527,0.6597633136094675,0.48903508771929827,0.5617128463476071
2,TfidfVectorizer,GradientBoosting,"{'n_estimators': 150, 'criterion': 'squared_error'}",0.6356020942408377,1.8518483000007109,1.9031681999986176,394.296875,393.99609375,0.6223662884927067,0.7695390781563126,0.6881720430107527,0.6597633136094675,0.48903508771929827,0.5617128463476071
2,TfidfVectorizer,GradientBoosting,"{'n_estimators': 200, 'criterion': 'friedman_mse'}",0.6324607329842932,2.342718400002923,1.8841408000007505,394.390625,394.1015625,0.6213114754098361,0.7595190380761523,0.6834986474301172,0.6521739130434783,0.4934210526315789,0.5617977528089888
2,TfidfVectorizer,GradientBoosting,"{'n_estimators': 200, 'criterion': 'squared_error'}",0.6324607329842932,2.3381234999978915,2.0490606000021216,394.4140625,393.9296875,0.6213114754098361,0.7595190380761523,0.6834986474301172,0.6521739130434783,0.4934210526315789,0.5617977528089888
2,TfidfVectorizer,AdaBoost,"{'n_estimators': 50, 'learning_rate': 0.01}",0.5455497382198953,0.7724463999984437,1.9385966999980155,394.4765625,393.609375,0.590027700831025,0.42685370741482964,0.49534883720930234,0.5185185185185185,0.6754385964912281,0.5866666666666667
2,TfidfVectorizer,AdaBoost,"{'n_estimators': 50, 'learning_rate': 0.1}",0.5528795811518324,0.7294547999990755,1.952985699994315,394.34375,393.38671875,0.6016949152542372,0.42685370741482964,0.49941383352872215,0.5241264559068219,0.6907894736842105,0.5960264900662252
2,TfidfVectorizer,AdaBoost,"{'n_estimators': 50, 'learning_rate': 1.0}",0.5863874345549738,0.8195483000017703,2.1540451000037137,394.14453125,393.38671875,0.6444444444444445,0.4649298597194389,0.540162980209546,0.5512605042016807,0.7192982456140351,0.6241674595623216
2,TfidfVectorizer,AdaBoost,"{'n_estimators': 100, 'learning_rate': 0.01}",0.5455497382198953,1.0226470999987214,1.6148281999994651,394.12890625,393.37109375,0.590027700831025,0.42685370741482964,0.49534883720930234,0.5185185185185185,0.6754385964912281,0.5866666666666667
2,TfidfVectorizer,AdaBoost,"{'n_estimators': 100, 'learning_rate': 0.1}",0.5968586387434555,1.010736000003817,1.6550648999982513,394.1484375,393.390625,0.576,0.8657314629258517,0.6917534027221778,0.6731707317073171,0.3026315789473684,0.4175491679273828
2,TfidfVectorizer,AdaBoost,"{'n_estimators': 100, 'learning_rate': 1.0}",0.6272251308900524,0.9855298999973456,2.0541952999992645,394.140625,393.3984375,0.6101694915254238,0.7935871743486974,0.6898954703832753,0.6633986928104575,0.4451754385964912,0.5328083989501312
2,TfidfVectorizer,AdaBoost,"{'n_estimators': 150, 'learning_rate': 0.01}",0.5465968586387434,1.1918581999998423,1.0205844000010984,394.140625,393.40625,0.5916666666666667,0.42685370741482964,0.4959254947613504,0.519327731092437,0.6776315789473685,0.588011417697431
2,TfidfVectorizer,AdaBoost,"{'n_estimators': 150, 'learning_rate': 0.1}",0.606282722513089,1.1570904000036535,1.4887384999965434,394.15625,393.40625,0.5862552594670407,0.8376753507014028,0.6897689768976898,0.6652892561983471,0.3530701754385965,0.46131805157593125
2,TfidfVectorizer,AdaBoost,"{'n_estimators': 150, 'learning_rate': 1.0}",0.5853403141361256,1.1790123999962816,1.0106910000031348,394.1484375,393.4140625,0.6303797468354431,0.49899799599198397,0.5570469798657718,0.5535714285714286,0.6798245614035088,0.610236220472441
2,TfidfVectorizer,SGD,"{'alpha': 0.0001, 'penalty': 'l2'}",0.5968586387434555,1.4907330999994883,1.8722357999940868,394.2890625,393.5546875,0.6168032786885246,0.6032064128256514,0.6099290780141844,0.576017130620985,0.5899122807017544,0.5828819068255688
2,TfidfVectorizer,SGD,"{'alpha': 0.0001, 'penalty': 'l1'}",0.6104712041884817,1.0499105999988387,1.8692269000021042,394.3203125,393.5546875,0.621414913957935,0.6513026052104208,0.6360078277886497,0.5972222222222222,0.5657894736842105,0.581081081081081
2,TfidfVectorizer,SGD,"{'alpha': 0.0001, 'penalty': 'elasticnet'}",0.5979057591623037,1.016141799998877,1.8676942000020063,394.328125,393.5625,0.6129666011787819,0.625250501002004,0.6190476190476191,0.5807174887892377,0.5679824561403509,0.5742793791574279
2,TfidfVectorizer,SGD,"{'alpha': 0.001, 'penalty': 'l2'}",0.6303664921465969,1.4913324000008288,1.864867399999639,394.328125,393.5390625,0.6332116788321168,0.6953907815631263,0.6628462273161414,0.6265356265356266,0.5592105263157895,0.5909617612977984
2,TfidfVectorizer,SGD,"{'alpha': 0.001, 'penalty': 'l1'}",0.6094240837696335,1.4749986000024364,1.896801000002597,394.3046875,393.5390625,0.5897435897435898,0.8296593186372746,0.6894254787676936,0.6640316205533597,0.3684210526315789,0.47390691114245415
2,TfidfVectorizer,SGD,"{'alpha': 0.001, 'penalty': 'elasticnet'}",0.6293193717277487,1.48364930000389,1.865352199994959,394.31640625,393.55078125,0.6247848537005164,0.7274549098196392,0.6722222222222223,0.6363636363636364,0.5219298245614035,0.5734939759036145
2,TfidfVectorizer,SGD,"{'alpha': 0.01, 'penalty': 'l2'}",0.6052356020942409,1.9517622999992454,1.859426099996199,394.28515625,393.55078125,0.5828804347826086,0.8597194388777555,0.6947368421052632,0.680365296803653,0.3267543859649123,0.4414814814814815
2,TfidfVectorizer,SGD,"{'alpha': 0.01, 'penalty': 'l1'}",0.5225130890052356,1.9356369999950402,1.8681785000007949,394.28515625,393.55078125,0.5225130890052356,1.0,0.686382393397524,0.0,0.0,0.0
2,TfidfVectorizer,SGD,"{'alpha': 0.01, 'penalty': 'elasticnet'}",0.5696335078534032,1.9979961999997613,1.8839557000028435,394.28515625,393.55078125,0.5528846153846154,0.9218436873747495,0.6912096168294516,0.6829268292682927,0.18421052631578946,0.29015544041450775
2,CountVectorizer,RandomForest,"{'n_estimators': 50, 'criterion': 'gini'}",0.6335078534031413,1.425717000005534,1.505619099996693,393.55078125,379.40234375,0.6215334420880914,0.7635270541082164,0.685251798561151,0.6549707602339181,0.49122807017543857,0.5614035087719298
2,CountVectorizer,RandomForest,"{'n_estimators': 50, 'criterion': 'entropy'}",0.6219895287958115,1.3677831000022707,1.0146087999964948,382.12890625,379.05859375,0.612012987012987,0.7555110220440882,0.6762331838565022,0.640117994100295,0.4758771929824561,0.5459119496855346
2,CountVectorizer,RandomForest,"{'n_estimators': 50, 'criterion': 'log_loss'}",0.6219895287958115,1.36341619999439,1.0145926000041072,381.7734375,379.1875,0.612012987012987,0.7555110220440882,0.6762331838565022,0.640117994100295,0.4758771929824561,0.5459119496855346
2,CountVectorizer,RandomForest,"{'n_estimators': 100, 'criterion': 'gini'}",0.6366492146596858,2.3249072000035085,1.051803700000164,389.9609375,389.12890625,0.625,0.7615230460921844,0.6865401987353207,0.6570605187319885,0.5,0.5678704856787049
2,CountVectorizer,RandomForest,"{'n_estimators': 100, 'criterion': 'entropy'}",0.6219895287958115,2.256752499997674,1.109303400000499,389.640625,388.45703125,0.6116504854368932,0.7575150300601202,0.6768128916741272,0.6409495548961425,0.47368421052631576,0.544766708701135
2,CountVectorizer,RandomForest,"{'n_estimators': 100, 'criterion': 'log_loss'}",0.6219895287958115,2.238535700002103,1.0641474000003655,389.67578125,388.4609375,0.6116504854368932,0.7575150300601202,0.6768128916741272,0.6409495548961425,0.47368421052631576,0.544766708701135
2,CountVectorizer,RandomForest,"{'n_estimators': 150, 'criterion': 'gini'}",0.6418848167539267,3.2292949999973644,1.1068868000002112,399.54296875,398.83203125,0.6272285251215559,0.7755511022044088,0.6935483870967742,0.6686390532544378,0.4956140350877193,0.5692695214105793
2,CountVectorizer,RandomForest,"{'n_estimators': 150, 'criterion': 'entropy'}",0.6219895287958115,3.0970547999968403,1.1178291999967769,398.859375,398.1640625,0.6134868421052632,0.7474949899799599,0.6738934056007226,0.6368876080691642,0.48464912280701755,0.5504358655043586
2,CountVectorizer,RandomForest,"{'n_estimators': 150, 'criterion': 'log_loss'}",0.6219895287958115,3.0999460000020918,1.113275199997588,398.640625,398.765625,0.6134868421052632,0.7474949899799599,0.6738934056007226,0.6368876080691642,0.48464912280701755,0.5504358655043586
2,CountVectorizer,SVC,"{'C': 0.1, 'kernel': 'linear'}",0.631413612565445,0.8693901000006008,1.1173495999973966,425.29296875,405.140625,0.6363636363636364,0.687374749498998,0.6608863198458574,0.625,0.5701754385964912,0.5963302752293578
2,CountVectorizer,SVC,"{'C': 0.1, 'kernel': 'rbf'}",0.5602094240837696,0.9023935000004712,1.2423191999987466,425.83203125,399.12109375,0.6270096463022508,0.3907815631262525,0.48148148148148145,0.5279503105590062,0.7456140350877193,0.6181818181818182
2,CountVectorizer,SVC,"{'C': 0.1, 'kernel': 'sigmoid'}",0.5382198952879581,0.8750553000063519,1.1434957000019494,424.9609375,398.9375,0.676829268292683,0.22244488977955912,0.334841628959276,0.5094816687737042,0.8837719298245614,0.6463512429831596
2,CountVectorizer,SVC,"{'C': 1, 'kernel': 'linear'}",0.6198952879581152,1.1044127000059234,1.1560796999983722,430.08203125,405.1015625,0.6370967741935484,0.6332665330661322,0.6351758793969849,0.6013071895424836,0.6052631578947368,0.6032786885245902
2,CountVectorizer,SVC,"{'C': 1, 'kernel': 'rbf'}",0.6303664921465969,0.948022900003707,1.2191711999985273,425.22265625,399.16015625,0.6258620689655172,0.7274549098196392,0.6728452270620945,0.6373333333333333,0.5241228070175439,0.5752105896510229
2,CountVectorizer,SVC,"{'C': 1, 'kernel': 'sigmoid'}",0.6041884816753926,0.8566408999977284,1.2114442000020063,424.29296875,399.1640625,0.6198019801980198,0.627254509018036,0.6235059760956175,0.5866666666666667,0.5789473684210527,0.5827814569536424
2,CountVectorizer,SVC,"{'C': 10, 'kernel': 'linear'}",0.5842931937172775,1.0851936000035494,1.1418591999972705,429.0859375,405.3984375,0.6049382716049383,0.5891783567134269,0.5969543147208122,0.5628997867803838,0.5789473684210527,0.5708108108108109
2,CountVectorizer,SVC,"{'C': 10, 'kernel': 'rbf'}",0.6157068062827226,1.012716699995508,1.208712599996943,431.390625,399.6953125,0.6259541984732825,0.657314629258517,0.6412512218963832,0.6032482598607889,0.5701754385964912,0.5862457722660653
2,CountVectorizer,SVC,"{'C': 10, 'kernel': 'sigmoid'}",0.5905759162303665,0.8302669999975478,1.0553058000004967,421.375,405.50390625,0.6093117408906883,0.6032064128256514,0.6062437059415912,0.5704989154013015,0.5767543859649122,0.5736095965103599
2,CountVectorizer,MultinomialNB,{'alpha': 0.01},0.6,1.927458199999819,1.851515999995172,399.98046875,399.0,0.6263498920086393,0.5811623246492986,0.6029106029106029,0.5752032520325203,0.6206140350877193,0.5970464135021097
2,CountVectorizer,MultinomialNB,{'alpha': 0.1},0.6041884816753926,1.8937939000024926,1.8957837999987532,400.1953125,398.8046875,0.6335540838852097,0.5751503006012024,0.6029411764705882,0.5776892430278885,0.6359649122807017,0.605427974947808
2,CountVectorizer,MultinomialNB,{'alpha': 1.0},0.6010471204188481,1.4762840000039432,1.8183664000025601,399.96875,398.76171875,0.6322869955156951,0.5651302605210421,0.5968253968253968,0.5736738703339882,0.6403508771929824,0.6051813471502591
2,CountVectorizer,LogisticRegression,"{'C': 0.1, 'penalty': 'l2'}",0.6115183246073298,1.007771299999149,1.85083460000169,401.421875,398.89453125,0.6306122448979592,0.6192384769539078,0.6248736097067745,0.5913978494623656,0.6030701754385965,0.5971769815418024
2,CountVectorizer,LogisticRegression,"{'C': 1, 'penalty': 'l2'}",0.6146596858638743,1.024325400001544,1.8419531999970786,401.30078125,398.88671875,0.6271844660194175,0.6472945891783567,0.6370808678500987,0.6,0.5789473684210527,0.5892857142857143
2,CountVectorizer,LogisticRegression,"{'C': 10, 'penalty': 'l2'}",0.6136125654450262,1.0250319999977364,1.8429393999977037,401.3359375,398.88671875,0.626953125,0.6432865731462926,0.6350148367952523,0.5981941309255079,0.581140350877193,0.5895439377085651
2,CountVectorizer,KNeighbors,"{'n_neighbors': 3, 'algorithm': 'ball_tree'}",0.556020942408377,1.442339000001084,1.0604585999972187,399.89453125,433.6953125,0.5609756097560976,0.6913827655310621,0.6193895870736086,0.5470588235294118,0.40789473684210525,0.46733668341708545
2,CountVectorizer,KNeighbors,"{'n_neighbors': 3, 'algorithm': 'kd_tree'}",0.556020942408377,1.4357133000012254,1.059497399997781,399.68359375,435.46484375,0.5609756097560976,0.6913827655310621,0.6193895870736086,0.5470588235294118,0.40789473684210525,0.46733668341708545
2,CountVectorizer,KNeighbors,"{'n_neighbors': 3, 'algorithm': 'brute'}",0.556020942408377,1.436118700003135,1.0530166999960784,399.68359375,446.5546875,0.5609756097560976,0.6913827655310621,0.6193895870736086,0.5470588235294118,0.40789473684210525,0.46733668341708545
2,CountVectorizer,KNeighbors,"{'n_neighbors': 5, 'algorithm': 'ball_tree'}",0.5664921465968586,1.4407683000026736,1.0571563000048627,399.625,425.86328125,0.571912013536379,0.6773547094188377,0.6201834862385321,0.5576923076923077,0.4451754385964912,0.4951219512195122
2,CountVectorizer,KNeighbors,"{'n_neighbors': 5, 'algorithm': 'kd_tree'}",0.5664921465968586,1.4416579000026104,1.0570970999979181,399.625,443.515625,0.571912013536379,0.6773547094188377,0.6201834862385321,0.5576923076923077,0.4451754385964912,0.4951219512195122
2,CountVectorizer,KNeighbors,"{'n_neighbors': 5, 'algorithm': 'brute'}",0.5664921465968586,1.8892030999995768,1.0580885000017588,399.609375,443.2421875,0.571912013536379,0.6773547094188377,0.6201834862385321,0.5576923076923077,0.4451754385964912,0.4951219512195122
2,CountVectorizer,KNeighbors,"{'n_neighbors': 7, 'algorithm': 'ball_tree'}",0.5654450261780105,1.4310691999999108,1.0656023999981699,399.609375,436.703125,0.5721649484536082,0.6673346693386774,0.6160962072155411,0.5549597855227882,0.45394736842105265,0.49939686369119424
2,CountVectorizer,KNeighbors,"{'n_neighbors': 7, 'algorithm': 'kd_tree'}",0.5654450261780105,1.9431687999967835,1.056511100003263,399.609375,445.34375,0.5721649484536082,0.6673346693386774,0.6160962072155411,0.5549597855227882,0.45394736842105265,0.49939686369119424
2,CountVectorizer,KNeighbors,"{'n_neighbors': 7, 'algorithm': 'brute'}",0.5654450261780105,1.9027451999936602,1.0881832000013674,399.609375,432.05078125,0.5721649484536082,0.6673346693386774,0.6160962072155411,0.5549597855227882,0.45394736842105265,0.49939686369119424
2,CountVectorizer,DecisionTree,"{'criterion': 'gini', 'max_features': 'sqrt'}",0.6041884816753926,1.1017921000020579,2.048857699999644,399.98828125,398.98046875,0.6020236087689713,0.7154308617234469,0.6538461538461539,0.6077348066298343,0.4824561403508772,0.5378973105134475
2,CountVectorizer,DecisionTree,"{'criterion': 'gini', 'max_features': 'log2'}",0.5884816753926702,1.0673729000045569,1.8768065999975079,400.4375,399.08203125,0.5920138888888888,0.6833667334669339,0.6344186046511628,0.58311345646438,0.48464912280701755,0.5293413173652695
2,CountVectorizer,DecisionTree,"{'criterion': 'gini', 'max_features': None}",0.6083769633507854,0.8350968000013381,1.8957415000040783,399.95703125,398.76953125,0.6090750436300174,0.6993987975951904,0.6511194029850746,0.6073298429319371,0.5087719298245614,0.5536992840095465
2,CountVectorizer,DecisionTree,"{'criterion': 'entropy', 'max_features': 'sqrt'}",0.6041884816753926,1.0380223000029218,1.8416003000020282,399.90625,398.9765625,0.6118299445471349,0.6633266533066132,0.6365384615384615,0.5942028985507246,0.5394736842105263,0.5655172413793104
2,CountVectorizer,DecisionTree,"{'criterion': 'entropy', 'max_features': 'log2'}",0.5801047120418849,1.0404387000016868,1.851396099998965,400.4765625,399.08203125,0.5887681159420289,0.6513026052104208,0.6184586108468125,0.5682382133995038,0.5021929824561403,0.5331781140861467
2,CountVectorizer,DecisionTree,"{'criterion': 'entropy', 'max_features': None}",0.6303664921465969,0.8742896000039764,1.843070599999919,399.95703125,398.76953125,0.6289752650176679,0.7134268537074149,0.6685446009389672,0.6323907455012854,0.5394736842105263,0.5822485207100592
2,CountVectorizer,DecisionTree,"{'criterion': 'log_loss', 'max_features': 'sqrt'}",0.6041884816753926,1.0452673000036157,1.8385928999996395,399.95703125,398.98828125,0.6118299445471349,0.6633266533066132,0.6365384615384615,0.5942028985507246,0.5394736842105263,0.5655172413793104
2,CountVectorizer,DecisionTree,"{'criterion': 'log_loss', 'max_features': 'log2'}",0.5801047120418849,1.1137421999956132,1.887093500001356,400.4375,399.09375,0.5887681159420289,0.6513026052104208,0.6184586108468125,0.5682382133995038,0.5021929824561403,0.5331781140861467
2,CountVectorizer,DecisionTree,"{'criterion': 'log_loss', 'max_features': None}",0.6303664921465969,0.9302814999973634,1.894738100003451,399.96875,398.7578125,0.6289752650176679,0.7134268537074149,0.6685446009389672,0.6323907455012854,0.5394736842105263,0.5822485207100592
2,CountVectorizer,GradientBoosting,"{'n_estimators': 100, 'criterion': 'friedman_mse'}",0.6083769633507854,1.239997399999993,1.9218935999961104,399.80859375,399.0703125,0.5912408759124088,0.811623246492986,0.6841216216216216,0.6518518518518519,0.38596491228070173,0.48484848484848486
2,CountVectorizer,GradientBoosting,"{'n_estimators': 100, 'criterion': 'squared_error'}",0.6083769633507854,1.2437196000028052,1.9007042000012007,399.78515625,399.08203125,0.5912408759124088,0.811623246492986,0.6841216216216216,0.6518518518518519,0.38596491228070173,0.48484848484848486
2,CountVectorizer,GradientBoosting,"{'n_estimators': 150, 'criterion': 'friedman_mse'}",0.6136125654450262,1.610171200001787,1.9040926000016043,399.796875,399.29296875,0.6003086419753086,0.779559118236473,0.6782911944202267,0.6416938110749185,0.43201754385964913,0.5163826998689384
2,CountVectorizer,GradientBoosting,"{'n_estimators': 150, 'criterion': 'squared_error'}",0.6136125654450262,1.607027999998536,1.8826993000038783,399.81640625,399.30859375,0.6003086419753086,0.779559118236473,0.6782911944202267,0.6416938110749185,0.43201754385964913,0.5163826998689384
2,CountVectorizer,GradientBoosting,"{'n_estimators': 200, 'criterion': 'friedman_mse'}",0.6198952879581152,1.9643308999948204,1.8849799999952666,399.8203125,399.31640625,0.6096774193548387,0.7575150300601202,0.675603217158177,0.6388059701492538,0.4692982456140351,0.5410872313527181
2,CountVectorizer,GradientBoosting,"{'n_estimators': 200, 'criterion': 'squared_error'}",0.6198952879581152,1.9844500000035623,1.9006163000012748,399.88671875,399.4375,0.6096774193548387,0.7575150300601202,0.675603217158177,0.6388059701492538,0.4692982456140351,0.5410872313527181
2,CountVectorizer,AdaBoost,"{'n_estimators': 50, 'learning_rate': 0.01}",0.5445026178010471,1.3753037999995286,1.8428951999958372,400.0078125,399.3046875,0.5888888888888889,0.4248496993987976,0.4935972060535506,0.5176470588235295,0.6754385964912281,0.5861084681255947
2,CountVectorizer,AdaBoost,"{'n_estimators': 50, 'learning_rate': 0.1}",0.5507853403141362,1.3353290999948513,1.8404416999983368,400.13671875,399.24609375,0.6,0.42084168336673344,0.49469964664310956,0.5223140495867769,0.6929824561403509,0.5956644674835061
2,CountVectorizer,AdaBoost,"{'n_estimators': 50, 'learning_rate': 1.0}",0.5989528795811518,1.3125989999971353,1.8498542000015732,400.12109375,399.24609375,0.5814606741573034,0.8296593186372746,0.6837324525185797,0.6502057613168725,0.34649122807017546,0.4520743919885551
2,CountVectorizer,AdaBoost,"{'n_estimators': 100, 'learning_rate': 0.01}",0.5445026178010471,0.8354067999971448,1.8548597999979393,399.9609375,398.91796875,0.5888888888888889,0.4248496993987976,0.4935972060535506,0.5176470588235295,0.6754385964912281,0.5861084681255947
2,CountVectorizer,AdaBoost,"{'n_estimators': 100, 'learning_rate': 0.1}",0.562303664921466,0.8354916000025696,1.4002911999996286,399.79296875,398.91796875,0.6128133704735376,0.4408817635270541,0.5128205128205128,0.5318791946308725,0.6951754385964912,0.6026615969581749
2,CountVectorizer,AdaBoost,"{'n_estimators': 100, 'learning_rate': 1.0}",0.5717277486910994,0.8401889999950072,1.849269300000742,399.70703125,399.0390625,0.6216216216216216,0.46092184368737477,0.5293440736478712,0.5401709401709401,0.6929824561403509,0.6071085494716618
2,CountVectorizer,AdaBoost,"{'n_estimators': 150, 'learning_rate': 0.01}",0.5445026178010471,1.0122097999992548,1.4225685000055819,399.78125,399.046875,0.5888888888888889,0.4248496993987976,0.4935972060535506,0.5176470588235295,0.6754385964912281,0.5861084681255947
2,CountVectorizer,AdaBoost,"{'n_estimators': 150, 'learning_rate': 0.1}",0.5937172774869109,1.0284018999955151,0.9700484999993932,399.796875,399.046875,0.5748987854251012,0.8537074148296593,0.6870967741935484,0.6588785046728972,0.3092105263157895,0.4208955223880597
2,CountVectorizer,AdaBoost,"{'n_estimators': 150, 'learning_rate': 1.0}",0.612565445026178,1.0083408999998937,1.8896103000006406,399.7890625,399.0546875,0.5961251862891207,0.8016032064128257,0.6837606837606838,0.6514084507042254,0.4057017543859649,0.5
2,CountVectorizer,SGD,"{'alpha': 0.0001, 'penalty': 'l2'}",0.5968586387434555,0.9709520000033081,1.7932952000046498,399.95703125,399.22265625,0.6149193548387096,0.6112224448897795,0.6130653266331658,0.5773420479302832,0.581140350877193,0.5792349726775956
2,CountVectorizer,SGD,"{'alpha': 0.0001, 'penalty': 'l1'}",0.5979057591623037,1.4425651999990805,1.8000503000002936,400.00390625,399.2265625,0.6120857699805068,0.6292585170340681,0.6205533596837944,0.581447963800905,0.5635964912280702,0.5723830734966593
2,CountVectorizer,SGD,"{'alpha': 0.0001, 'penalty': 'elasticnet'}",0.6020942408376964,1.4381129999965196,1.8056381000060355,400.0390625,399.1328125,0.6168958742632613,0.6292585170340681,0.623015873015873,0.5852017937219731,0.5723684210526315,0.5787139689578714
2,CountVectorizer,SGD,"{'alpha': 0.001, 'penalty': 'l2'}",0.606282722513089,0.9721478999999817,1.3844787999987602,400.0078125,399.1328125,0.6175908221797323,0.6472945891783567,0.6320939334637965,0.5925925925925926,0.5614035087719298,0.5765765765765766
2,CountVectorizer,SGD,"{'alpha': 0.001, 'penalty': 'l1'}",0.6157068062827226,0.9706338000032702,1.7937802000014926,400.0078125,399.046875,0.6085526315789473,0.7414829659318637,0.6684733514001807,0.6282420749279539,0.4780701754385965,0.5429638854296388
2,CountVectorizer,SGD,"{'alpha': 0.001, 'penalty': 'elasticnet'}",0.618848167539267,0.9887467999942601,1.7966584999958286,399.94921875,399.07421875,0.6261682242990654,0.6713426853707415,0.6479690522243714,0.6095238095238096,0.5614035087719298,0.5844748858447488
2,CountVectorizer,SGD,"{'alpha': 0.01, 'penalty': 'l2'}",0.6115183246073298,1.4107538999960525,1.7935623999946984,400.0078125,399.01953125,0.6285140562248996,0.627254509018036,0.6278836509528586,0.5929978118161926,0.5942982456140351,0.5936473165388828
2,CountVectorizer,SGD,"{'alpha': 0.01, 'penalty': 'l1'}",0.5486910994764398,1.4048436000011861,1.783381900000677,399.8671875,399.11328125,0.5939226519337016,0.4308617234468938,0.4994192799070848,0.521079258010118,0.6776315789473685,0.5891325071496664
2,CountVectorizer,SGD,"{'alpha': 0.01, 'penalty': 'elasticnet'}",0.5790575916230366,1.413218700006837,1.7958339999968302,399.85546875,399.12109375,0.6191646191646192,0.5050100200400801,0.5562913907284768,0.5492700729927007,0.6600877192982456,0.599601593625498
3,TfidfVectorizer,RandomForest,"{'n_estimators': 50, 'criterion': 'gini'}",0.6303664921465969,1.354401800002961,0.9631436000054237,399.12109375,378.7265625,0.6216666666666667,0.7474949899799599,0.6787989080982711,0.6450704225352113,0.5021929824561403,0.5647348951911221
3,TfidfVectorizer,RandomForest,"{'n_estimators': 50, 'criterion': 'entropy'}",0.6272251308900524,1.3224570000020321,1.4121030000023893,380.98828125,378.5546875,0.6185737976782753,0.7474949899799599,0.676950998185118,0.6420454545454546,0.4956140350877193,0.5594059405940595
3,TfidfVectorizer,RandomForest,"{'n_estimators': 50, 'criterion': 'log_loss'}",0.6272251308900524,1.3285748999987845,1.402016599997296,381.30859375,378.43359375,0.6185737976782753,0.7474949899799599,0.676950998185118,0.6420454545454546,0.4956140350877193,0.5594059405940595
3,TfidfVectorizer,RandomForest,"{'n_estimators': 100, 'criterion': 'gini'}",0.6376963350785341,2.220003499998711,1.0082569000005606,388.59765625,387.171875,0.6277128547579299,0.7535070140280561,0.6848816029143898,0.6544943820224719,0.5109649122807017,0.5738916256157636
3,TfidfVectorizer,RandomForest,"{'n_estimators': 100, 'criterion': 'entropy'}",0.6293193717277487,2.157467799996084,1.011906200001249,387.171875,386.75,0.6202321724709784,0.749498997995992,0.6787658802177858,0.6448863636363636,0.49780701754385964,0.5618811881188119
3,TfidfVectorizer,RandomForest,"{'n_estimators': 100, 'criterion': 'log_loss'}",0.6293193717277487,2.1751566999955685,1.0053021000057925,386.94140625,387.02734375,0.6202321724709784,0.749498997995992,0.6787658802177858,0.6448863636363636,0.49780701754385964,0.5618811881188119
3,TfidfVectorizer,RandomForest,"{'n_estimators': 150, 'criterion': 'gini'}",0.6387434554973822,3.0988960999966366,1.0459931000004872,396.20703125,396.234375,0.6291946308724832,0.751503006012024,0.684931506849315,0.6545961002785515,0.5153508771929824,0.5766871165644172
3,TfidfVectorizer,RandomForest,"{'n_estimators': 150, 'criterion': 'entropy'}",0.6303664921465969,3.141407999995863,1.054949299999862,396.88671875,394.77734375,0.62248322147651,0.7434869739478958,0.6776255707762557,0.6434540389972145,0.506578947368421,0.5668711656441717
3,TfidfVectorizer,RandomForest,"{'n_estimators': 150, 'criterion': 'log_loss'}",0.6303664921465969,3.0177693000005092,1.0529160000005504,395.04296875,395.109375,0.62248322147651,0.7434869739478958,0.6776255707762557,0.6434540389972145,0.506578947368421,0.5668711656441717
3,TfidfVectorizer,SVC,"{'C': 0.1, 'kernel': 'linear'}",0.5570680628272251,0.8580437999989954,1.0991265999982716,421.1484375,401.02734375,0.6596638655462185,0.31462925851703405,0.4260515603799186,0.5230125523012552,0.8223684210526315,0.639386189258312
3,TfidfVectorizer,SVC,"{'C': 0.1, 'kernel': 'rbf'}",0.4942408376963351,0.8655731000035303,1.1520885999998427,421.328125,395.125,0.6818181818181818,0.06012024048096192,0.11049723756906077,0.48518111964873767,0.9692982456140351,0.6466715435259692
3,TfidfVectorizer,SVC,"{'C': 0.1, 'kernel': 'sigmoid'}",0.5581151832460733,0.8841188000005786,1.1058271000001696,420.875,395.3203125,0.6624472573839663,0.31462925851703405,0.4266304347826087,0.5236768802228412,0.8245614035087719,0.6405451448040886
3,TfidfVectorizer,SVC,"{'C': 1, 'kernel': 'linear'}",0.6094240837696335,0.8502957000018796,1.0798690999945393,421.65625,395.37890625,0.6216216216216216,0.6452905811623246,0.6332350049164208,0.5949656750572082,0.5701754385964912,0.5823068309070548
3,TfidfVectorizer,SVC,"{'C': 1, 'kernel': 'rbf'}",0.6209424083769634,0.8805405000020983,1.1518971000041347,422.2109375,394.84765625,0.6266173752310537,0.6793587174348698,0.6519230769230769,0.6135265700483091,0.5570175438596491,0.5839080459770115
3,TfidfVectorizer,SVC,"{'C': 1, 'kernel': 'sigmoid'}",0.6167539267015707,0.866440199999488,1.0896808999968925,421.234375,395.03515625,0.6261859582542695,0.6613226452905812,0.6432748538011696,0.6051401869158879,0.5679824561403509,0.5859728506787331
3,TfidfVectorizer,SVC,"{'C': 10, 'kernel': 'linear'}",0.5916230366492147,0.9468135999995866,1.0736424999995506,425.22265625,395.0390625,0.6074950690335306,0.6172344689378757,0.6123260437375746,0.5736607142857143,0.5635964912280702,0.5685840707964602
3,TfidfVectorizer,SVC,"{'C': 10, 'kernel': 'rbf'}",0.612565445026178,0.8969091000035405,1.1520221999962814,429.06640625,395.328125,0.6287425149700598,0.6312625250501002,0.63,0.5947136563876652,0.5921052631578947,0.5934065934065934
3,TfidfVectorizer,SVC,"{'C': 10, 'kernel': 'sigmoid'}",0.5654450261780105,1.7824026999951457,1.0478402000007918,421.79296875,402.84375,0.5909090909090909,0.5470941883767535,0.5681581685744017,0.5415821501014199,0.5855263157894737,0.5626975763962065
3,TfidfVectorizer,MultinomialNB,{'alpha': 0.01},0.5958115183246073,1.8599121000006562,1.7842476000005263,397.47265625,395.33203125,0.621505376344086,0.5791583166332666,0.5995850622406639,0.5714285714285714,0.6140350877192983,0.5919661733615222
3,TfidfVectorizer,MultinomialNB,{'alpha': 0.1},0.5968586387434555,1.3984047999983886,1.8018162000007578,396.42578125,395.390625,0.6261061946902655,0.5671342685370742,0.5951629863301787,0.5705765407554672,0.6293859649122807,0.5985401459854015
3,TfidfVectorizer,MultinomialNB,{'alpha': 1.0},0.6104712041884817,1.8548345000017434,1.7747457000004943,396.4296875,395.10546875,0.6487119437939111,0.5551102204408818,0.5982721382289417,0.5795454545454546,0.6710526315789473,0.6219512195121951
3,TfidfVectorizer,LogisticRegression,"{'C': 0.1, 'penalty': 'l2'}",0.5821989528795811,0.967808999994304,1.7906947000010405,397.78125,394.93359375,0.6269035532994924,0.49498997995991983,0.5531914893617021,0.5508021390374331,0.6776315789473685,0.6076696165191741
3,TfidfVectorizer,LogisticRegression,"{'C': 1, 'penalty': 'l2'}",0.6073298429319371,0.9798163000014029,1.7875236999971094,397.75390625,394.9140625,0.6225296442687747,0.6312625250501002,0.6268656716417911,0.5902004454342984,0.581140350877193,0.585635359116022
3,TfidfVectorizer,LogisticRegression,"{'C': 10, 'penalty': 'l2'}",0.6,1.006640100000368,1.7894987000036053,397.73046875,394.86328125,0.6153846153846154,0.625250501002004,0.6202783300198808,0.5825892857142857,0.5723684210526315,0.577433628318584
3,TfidfVectorizer,KNeighbors,"{'n_neighbors': 3, 'algorithm': 'ball_tree'}",0.587434554973822,1.8621084000042174,0.9995937000057893,396.07421875,422.4453125,0.6060606060606061,0.6012024048096193,0.6036217303822937,0.5673913043478261,0.5723684210526315,0.5698689956331878
3,TfidfVectorizer,KNeighbors,"{'n_neighbors': 3, 'algorithm': 'kd_tree'}",0.587434554973822,1.4223264000029303,1.000293299999612,395.71875,442.55078125,0.6060606060606061,0.6012024048096193,0.6036217303822937,0.5673913043478261,0.5723684210526315,0.5698689956331878
3,TfidfVectorizer,KNeighbors,"{'n_neighbors': 3, 'algorithm': 'brute'}",0.587434554973822,1.4074156999995466,0.9951719999953639,395.83984375,436.05859375,0.6060606060606061,0.6012024048096193,0.6036217303822937,0.5673913043478261,0.5723684210526315,0.5698689956331878
3,TfidfVectorizer,KNeighbors,"{'n_neighbors': 5, 'algorithm': 'ball_tree'}",0.5979057591623037,1.3974019999950542,1.001023400000122,401.51171875,425.515625,0.6116504854368932,0.6312625250501002,0.621301775147929,0.5818181818181818,0.5614035087719298,0.5714285714285714
3,TfidfVectorizer,KNeighbors,"{'n_neighbors': 5, 'algorithm': 'kd_tree'}",0.5979057591623037,1.8715481000035652,0.9969750000018394,395.90234375,434.98046875,0.6116504854368932,0.6312625250501002,0.621301775147929,0.5818181818181818,0.5614035087719298,0.5714285714285714
3,TfidfVectorizer,KNeighbors,"{'n_neighbors': 5, 'algorithm': 'brute'}",0.5979057591623037,1.9017129999992903,0.9970929000046453,395.88671875,422.63671875,0.6116504854368932,0.6312625250501002,0.621301775147929,0.5818181818181818,0.5614035087719298,0.5714285714285714
3,TfidfVectorizer,KNeighbors,"{'n_neighbors': 7, 'algorithm': 'ball_tree'}",0.5863874345549738,1.8690141000042786,0.9957560999973794,395.7734375,430.23828125,0.6023622047244095,0.6132264529058116,0.6077457795431976,0.5682326621923938,0.5570175438596491,0.5625692137320044
3,TfidfVectorizer,KNeighbors,"{'n_neighbors': 7, 'algorithm': 'kd_tree'}",0.5863874345549738,1.8556689999968512,0.9975261999934446,395.76171875,432.21484375,0.6023622047244095,0.6132264529058116,0.6077457795431976,0.5682326621923938,0.5570175438596491,0.5625692137320044
3,TfidfVectorizer,KNeighbors,"{'n_neighbors': 7, 'algorithm': 'brute'}",0.5863874345549738,1.4037504000007175,1.0052327000012156,395.8125,438.6171875,0.6023622047244095,0.6132264529058116,0.6077457795431976,0.5682326621923938,0.5570175438596491,0.5625692137320044
3,TfidfVectorizer,DecisionTree,"{'criterion': 'gini', 'max_features': 'sqrt'}",0.5926701570680628,1.0047486000039498,1.8040907999966294,396.109375,395.0390625,0.6007326007326007,0.657314629258517,0.6277511961722488,0.5819070904645477,0.5219298245614035,0.5502890173410404
3,TfidfVectorizer,DecisionTree,"{'criterion': 'gini', 'max_features': 'log2'}",0.5769633507853403,1.0053893999938737,1.8087931999980356,396.12890625,395.0625,0.5878003696857671,0.6372745490981964,0.6115384615384616,0.5628019323671497,0.5109649122807017,0.535632183908046
3,TfidfVectorizer,DecisionTree,"{'criterion': 'gini', 'max_features': None}",0.6115183246073298,0.8436132999995607,1.7953789999955916,396.09375,394.8359375,0.6194029850746269,0.6653306613226453,0.6415458937198067,0.6014319809069213,0.5526315789473685,0.576
3,TfidfVectorizer,DecisionTree,"{'criterion': 'entropy', 'max_features': 'sqrt'}",0.5905759162303665,1.0031671000033384,1.792855799998506,396.1171875,395.01953125,0.5909090909090909,0.7034068136272545,0.6422689844464776,0.590027700831025,0.46710526315789475,0.5214198286413708
3,TfidfVectorizer,DecisionTree,"{'criterion': 'entropy', 'max_features': 'log2'}",0.5685863874345549,0.9898138999997173,1.7991646000009496,396.1171875,395.0546875,0.5813084112149532,0.6232464929859719,0.6015473887814313,0.5523809523809524,0.5087719298245614,0.5296803652968036
3,TfidfVectorizer,DecisionTree,"{'criterion': 'entropy', 'max_features': None}",0.6,0.9381476999988081,1.8093052000040188,396.0859375,394.8359375,0.6069469835466179,0.6653306613226453,0.6347992351816444,0.5906862745098039,0.5285087719298246,0.5578703703703703
3,TfidfVectorizer,DecisionTree,"{'criterion': 'log_loss', 'max_features': 'sqrt'}",0.5905759162303665,1.0227003000036348,1.783585499993933,396.1171875,395.01953125,0.5909090909090909,0.7034068136272545,0.6422689844464776,0.590027700831025,0.46710526315789475,0.5214198286413708
3,TfidfVectorizer,DecisionTree,"{'criterion': 'log_loss', 'max_features': 'log2'}",0.5685863874345549,1.0023909000010462,1.8073252000031061,396.1171875,395.01953125,0.5813084112149532,0.6232464929859719,0.6015473887814313,0.5523809523809524,0.5087719298245614,0.5296803652968036
3,TfidfVectorizer,DecisionTree,"{'criterion': 'log_loss', 'max_features': None}",0.6,0.9120631000041612,1.79298540000309,396.05078125,394.828125,0.6069469835466179,0.6653306613226453,0.6347992351816444,0.5906862745098039,0.5285087719298246,0.5578703703703703
3,TfidfVectorizer,GradientBoosting,"{'n_estimators': 100, 'criterion': 'friedman_mse'}",0.618848167539267,1.3866128000008757,1.7942441999985022,396.265625,395.1328125,0.6036866359447005,0.7875751503006012,0.6834782608695652,0.6513157894736842,0.4342105263157895,0.5210526315789473
3,TfidfVectorizer,GradientBoosting,"{'n_estimators': 100, 'criterion': 'squared_error'}",0.618848167539267,1.3831548999951337,1.80137900000409,396.06640625,395.17578125,0.6036866359447005,0.7875751503006012,0.6834782608695652,0.6513157894736842,0.4342105263157895,0.5210526315789473
3,TfidfVectorizer,GradientBoosting,"{'n_estimators': 150, 'criterion': 'friedman_mse'}",0.625130890052356,1.8351130000010016,1.7914108999975724,396.12109375,395.44921875,0.6117274167987322,0.7735470941883767,0.6831858407079646,0.6512345679012346,0.46271929824561403,0.541025641025641
3,TfidfVectorizer,GradientBoosting,"{'n_estimators': 150, 'criterion': 'squared_error'}",0.625130890052356,1.836112899996806,1.7765263999972376,396.09375,395.41015625,0.6117274167987322,0.7735470941883767,0.6831858407079646,0.6512345679012346,0.46271929824561403,0.541025641025641
3,TfidfVectorizer,GradientBoosting,"{'n_estimators': 200, 'criterion': 'friedman_mse'}",0.6178010471204188,2.304734699995606,1.7955913999976474,396.2109375,395.41796875,0.6105610561056105,0.7414829659318637,0.669683257918552,0.6303724928366762,0.4824561403508772,0.546583850931677
3,TfidfVectorizer,GradientBoosting,"{'n_estimators': 200, 'criterion': 'squared_error'}",0.6178010471204188,2.3054697000043234,1.7932169000050635,396.125,395.55078125,0.6105610561056105,0.7414829659318637,0.669683257918552,0.6303724928366762,0.4824561403508772,0.546583850931677
3,TfidfVectorizer,AdaBoost,"{'n_estimators': 50, 'learning_rate': 0.01}",0.5455497382198953,0.7091497000001254,1.8202163000023575,396.0625,395.01171875,0.590027700831025,0.42685370741482964,0.49534883720930234,0.5185185185185185,0.6754385964912281,0.5866666666666667
3,TfidfVectorizer,AdaBoost,"{'n_estimators': 50, 'learning_rate': 0.1}",0.5528795811518324,0.7088956000006874,1.8219293000001926,395.890625,394.90234375,0.6016949152542372,0.42685370741482964,0.49941383352872215,0.5241264559068219,0.6907894736842105,0.5960264900662252
3,TfidfVectorizer,AdaBoost,"{'n_estimators': 50, 'learning_rate': 1.0}",0.5863874345549738,0.7073837999996613,1.841728699997475,395.77734375,394.90234375,0.6444444444444445,0.4649298597194389,0.540162980209546,0.5512605042016807,0.7192982456140351,0.6241674595623216
3,TfidfVectorizer,AdaBoost,"{'n_estimators': 100, 'learning_rate': 0.01}",0.5455497382198953,0.9247156999990693,1.8623800999994273,395.83203125,394.84765625,0.590027700831025,0.42685370741482964,0.49534883720930234,0.5185185185185185,0.6754385964912281,0.5866666666666667
3,TfidfVectorizer,AdaBoost,"{'n_estimators': 100, 'learning_rate': 0.1}",0.5968586387434555,0.9173104999936186,1.399251999995613,395.72265625,394.84765625,0.576,0.8657314629258517,0.6917534027221778,0.6731707317073171,0.3026315789473684,0.4175491679273828
3,TfidfVectorizer,AdaBoost,"{'n_estimators': 100, 'learning_rate': 1.0}",0.6272251308900524,0.9258943000022555,2.0666923999961,395.73828125,394.86328125,0.6101694915254238,0.7935871743486974,0.6898954703832753,0.6633986928104575,0.4451754385964912,0.5328083989501312
3,TfidfVectorizer,AdaBoost,"{'n_estimators': 150, 'learning_rate': 0.01}",0.5465968586387434,1.1938107000023592,1.584563700002036,395.76953125,394.87109375,0.5916666666666667,0.42685370741482964,0.4959254947613504,0.519327731092437,0.6776315789473685,0.588011417697431
3,TfidfVectorizer,AdaBoost,"{'n_estimators': 150, 'learning_rate': 0.1}",0.606282722513089,1.2836469000030775,1.5635919999986072,395.8046875,394.8984375,0.5862552594670407,0.8376753507014028,0.6897689768976898,0.6652892561983471,0.3530701754385965,0.46131805157593125
3,TfidfVectorizer,AdaBoost,"{'n_estimators': 150, 'learning_rate': 1.0}",0.5853403141361256,1.2444562000018777,1.6560214000055566,395.8046875,394.9140625,0.6303797468354431,0.49899799599198397,0.5570469798657718,0.5535714285714286,0.6798245614035088,0.610236220472441
3,TfidfVectorizer,SGD,"{'alpha': 0.0001, 'penalty': 'l2'}",0.5947643979057592,1.1307178999995813,2.1710055000003194,395.79296875,394.89453125,0.6138211382113821,0.6052104208416834,0.6094853683148335,0.5745140388768899,0.5833333333333334,0.5788900979325353
3,TfidfVectorizer,SGD,"{'alpha': 0.0001, 'penalty': 'l1'}",0.6136125654450262,1.0982135999947786,2.1224030000012135,395.76953125,394.89453125,0.6226415094339622,0.6613226452905812,0.641399416909621,0.6023529411764705,0.5614035087719298,0.5811577752553916
3,TfidfVectorizer,SGD,"{'alpha': 0.0001, 'penalty': 'elasticnet'}",0.5968586387434555,1.0576909000010346,1.9722560000009253,395.76953125,394.89453125,0.6135458167330677,0.6172344689378757,0.6153846153846154,0.5783664459161147,0.5745614035087719,0.5764576457645765
3,TfidfVectorizer,SGD,"{'alpha': 0.001, 'penalty': 'l2'}",0.6324607329842932,1.037851299995964,1.9685058000031859,395.76953125,394.89453125,0.6345454545454545,0.6993987975951904,0.665395614871306,0.6296296296296297,0.5592105263157895,0.5923344947735192
3,TfidfVectorizer,SGD,"{'alpha': 0.001, 'penalty': 'l1'}",0.6178010471204188,1.2264128999959212,2.0857097999978578,395.77734375,394.90625,0.5951704545454546,0.8396793587174348,0.6965918536990856,0.6812749003984063,0.375,0.4837340876944837
3,TfidfVectorizer,SGD,"{'alpha': 0.001, 'penalty': 'elasticnet'}",0.6282722513089005,1.6094229999944218,2.043478999999934,395.79296875,394.91796875,0.6237113402061856,0.7274549098196392,0.6716003700277521,0.6353887399463807,0.5197368421052632,0.571773220747889
3,TfidfVectorizer,SGD,"{'alpha': 0.01, 'penalty': 'l2'}",0.6010471204188481,1.6273127000022214,1.9652550000027986,395.79296875,394.91796875,0.616600790513834,0.625250501002004,0.6208955223880597,0.5835189309576837,0.5745614035087719,0.5790055248618785
3,TfidfVectorizer,SGD,"{'alpha': 0.01, 'penalty': 'l1'}",0.5486910994764398,1.529190400004154,1.943104800004221,395.79296875,394.91796875,0.5909090909090909,0.44288577154308617,0.5063001145475372,0.5215146299483648,0.6644736842105263,0.5843780135004821
3,TfidfVectorizer,SGD,"{'alpha': 0.01, 'penalty': 'elasticnet'}",0.5497382198952879,1.5462002999993274,1.9707011000064085,395.79296875,394.85546875,0.5950413223140496,0.43286573146292584,0.5011600928074246,0.5219594594594594,0.6776315789473685,0.5896946564885496
3,CountVectorizer,RandomForest,"{'n_estimators': 50, 'criterion': 'gini'}",0.6115183246073298,1.4934955999997328,1.5721368999948027,394.85546875,380.26171875,0.6022364217252396,0.7555110220440882,0.6702222222222223,0.6291793313069909,0.45394736842105265,0.5273885350318471
3,CountVectorizer,RandomForest,"{'n_estimators': 50, 'criterion': 'entropy'}",0.6261780104712041,1.4299463999996078,1.0635294000021531,381.0546875,380.75390625,0.6088957055214724,0.7955911823647295,0.6898349261511729,0.6633663366336634,0.4407894736842105,0.5296442687747036
3,CountVectorizer,RandomForest,"{'n_estimators': 50, 'criterion': 'log_loss'}",0.6261780104712041,1.4230091999997967,1.0522789000024204,382.57421875,379.88671875,0.6088957055214724,0.7955911823647295,0.6898349261511729,0.6633663366336634,0.4407894736842105,0.5296442687747036
3,CountVectorizer,RandomForest,"{'n_estimators': 100, 'criterion': 'gini'}",0.6282722513089005,2.4556291999979294,1.1046075999984168,390.68359375,389.93359375,0.6150159744408946,0.7715430861723447,0.6844444444444444,0.6534954407294833,0.47149122807017546,0.5477707006369427
3,CountVectorizer,RandomForest,"{'n_estimators': 100, 'criterion': 'entropy'}",0.6240837696335079,2.392782900002203,1.1097953999997117,390.4921875,389.39453125,0.6114649681528662,0.7695390781563126,0.6814551907719609,0.6483180428134556,0.4649122807017544,0.541507024265645
3,CountVectorizer,RandomForest,"{'n_estimators': 100, 'criterion': 'log_loss'}",0.6240837696335079,2.402435300005891,1.1133235000015702,390.578125,389.46484375,0.6114649681528662,0.7695390781563126,0.6814551907719609,0.6483180428134556,0.4649122807017544,0.541507024265645
3,CountVectorizer,RandomForest,"{'n_estimators': 150, 'criterion': 'gini'}",0.6198952879581152,3.4549520000000484,1.1581453000035253,400.16796875,400.17578125,0.610032362459547,0.7555110220440882,0.675022381378693,0.6379821958456974,0.47149122807017546,0.5422446406052963
3,CountVectorizer,RandomForest,"{'n_estimators': 150, 'criterion': 'entropy'}",0.6272251308900524,3.2853424999993877,1.151317600000766,400.17578125,398.98828125,0.6129541864139021,0.7775551102204409,0.6855123674911661,0.65527950310559,0.46271929824561403,0.5424164524421594
3,CountVectorizer,RandomForest,"{'n_estimators': 150, 'criterion': 'log_loss'}",0.6272251308900524,3.2842347000041627,1.1635706000015489,399.484375,399.51953125,0.6129541864139021,0.7775551102204409,0.6855123674911661,0.65527950310559,0.46271929824561403,0.5424164524421594
3,CountVectorizer,SVC,"{'C': 0.1, 'kernel': 'linear'}",0.631413612565445,0.9054908999969484,1.1642558000021381,425.796875,399.37109375,0.6363636363636364,0.687374749498998,0.6608863198458574,0.625,0.5701754385964912,0.5963302752293578
3,CountVectorizer,SVC,"{'C': 0.1, 'kernel': 'rbf'}",0.5602094240837696,0.9217509999944014,1.23464669999521,426.51953125,399.69921875,0.6270096463022508,0.3907815631262525,0.48148148148148145,0.5279503105590062,0.7456140350877193,0.6181818181818182
3,CountVectorizer,SVC,"{'C': 0.1, 'kernel': 'sigmoid'}",0.5382198952879581,0.9065511000007973,1.1863148999982513,425.3828125,399.34765625,0.676829268292683,0.22244488977955912,0.334841628959276,0.5094816687737042,0.8837719298245614,0.6463512429831596
3,CountVectorizer,SVC,"{'C': 1, 'kernel': 'linear'}",0.6198952879581152,1.068996000001789,1.1726405000008526,428.453125,406.3125,0.6370967741935484,0.6332665330661322,0.6351758793969849,0.6013071895424836,0.6052631578947368,0.6032786885245902
3,CountVectorizer,SVC,"{'C': 1, 'kernel': 'rbf'}",0.6303664921465969,0.9281667999966885,1.238074399996549,425.55078125,399.6015625,0.6258620689655172,0.7274549098196392,0.6728452270620945,0.6373333333333333,0.5241228070175439,0.5752105896510229
3,CountVectorizer,SVC,"{'C': 1, 'kernel': 'sigmoid'}",0.6041884816753926,0.8673979000013787,1.1672633999987738,424.09375,399.6796875,0.6198019801980198,0.627254509018036,0.6235059760956175,0.5866666666666667,0.5789473684210527,0.5827814569536424
3,CountVectorizer,SVC,"{'C': 10, 'kernel': 'linear'}",0.5842931937172775,1.063132900002529,1.0969109999932698,429.5546875,406.36328125,0.6049382716049383,0.5891783567134269,0.5969543147208122,0.5628997867803838,0.5789473684210527,0.5708108108108109
3,CountVectorizer,SVC,"{'C': 10, 'kernel': 'rbf'}",0.6157068062827226,0.9158711000054609,1.1545321000012336,432.27734375,400.20703125,0.6259541984732825,0.657314629258517,0.6412512218963832,0.6032482598607889,0.5701754385964912,0.5862457722660653
3,CountVectorizer,SVC,"{'C': 10, 'kernel': 'sigmoid'}",0.5905759162303665,0.799035099997127,1.0356160000010277,422.16015625,406.265625,0.6093117408906883,0.6032064128256514,0.6062437059415912,0.5704989154013015,0.5767543859649122,0.5736095965103599
3,CountVectorizer,MultinomialNB,{'alpha': 0.01},0.6,1.41008320000401,1.8071802000049502,401.20703125,399.76953125,0.6263498920086393,0.5811623246492986,0.6029106029106029,0.5752032520325203,0.6206140350877193,0.5970464135021097
3,CountVectorizer,MultinomialNB,{'alpha': 0.1},0.6041884816753926,2.154472499998519,2.0476415999946767,400.6015625,399.6015625,0.6335540838852097,0.5751503006012024,0.6029411764705882,0.5776892430278885,0.6359649122807017,0.605427974947808
3,CountVectorizer,MultinomialNB,{'alpha': 1.0},0.6010471204188481,2.0142820999972173,2.249169199996686,400.69140625,399.5546875,0.6322869955156951,0.5651302605210421,0.5968253968253968,0.5736738703339882,0.6403508771929824,0.6051813471502591
3,CountVectorizer,LogisticRegression,"{'C': 0.1, 'penalty': 'l2'}",0.6115183246073298,1.3566391999993357,2.5944133999946644,401.953125,399.46875,0.6306122448979592,0.6192384769539078,0.6248736097067745,0.5913978494623656,0.6030701754385965,0.5971769815418024
3,CountVectorizer,LogisticRegression,"{'C': 1, 'penalty': 'l2'}",0.6146596858638743,1.3084687999944435,2.4484134000013,401.78125,399.46484375,0.6271844660194175,0.6472945891783567,0.6370808678500987,0.6,0.5789473684210527,0.5892857142857143
3,CountVectorizer,LogisticRegression,"{'C': 10, 'penalty': 'l2'}",0.6136125654450262,1.3501881000047433,2.509114000000409,401.78125,399.3828125,0.626953125,0.6432865731462926,0.6350148367952523,0.5981941309255079,0.581140350877193,0.5895439377085651
3,CountVectorizer,KNeighbors,"{'n_neighbors': 3, 'algorithm': 'ball_tree'}",0.556020942408377,2.4307526999982656,1.2580691999974078,399.96484375,445.4375,0.5609756097560976,0.6913827655310621,0.6193895870736086,0.5470588235294118,0.40789473684210525,0.46733668341708545
3,CountVectorizer,KNeighbors,"{'n_neighbors': 3, 'algorithm': 'kd_tree'}",0.556020942408377,2.144568999996409,1.1299476999993203,400.046875,443.25,0.5609756097560976,0.6913827655310621,0.6193895870736086,0.5470588235294118,0.40789473684210525,0.46733668341708545
3,CountVectorizer,KNeighbors,"{'n_neighbors': 3, 'algorithm': 'brute'}",0.556020942408377,2.0211615999942296,1.1455639000050724,400.046875,446.140625,0.5609756097560976,0.6913827655310621,0.6193895870736086,0.5470588235294118,0.40789473684210525,0.46733668341708545
3,CountVectorizer,KNeighbors,"{'n_neighbors': 5, 'algorithm': 'ball_tree'}",0.5664921465968586,1.538319200000842,1.1284530999982962,400.0,443.203125,0.571912013536379,0.6773547094188377,0.6201834862385321,0.5576923076923077,0.4451754385964912,0.4951219512195122
3,CountVectorizer,KNeighbors,"{'n_neighbors': 5, 'algorithm': 'kd_tree'}",0.5664921465968586,2.0560065999961807,1.1437584000013885,400.08984375,445.23828125,0.571912013536379,0.6773547094188377,0.6201834862385321,0.5576923076923077,0.4451754385964912,0.4951219512195122
3,CountVectorizer,KNeighbors,"{'n_neighbors': 5, 'algorithm': 'brute'}",0.5664921465968586,1.5677142000058666,1.1330073999997694,400.02734375,433.2109375,0.571912013536379,0.6773547094188377,0.6201834862385321,0.5576923076923077,0.4451754385964912,0.4951219512195122
3,CountVectorizer,KNeighbors,"{'n_neighbors': 7, 'algorithm': 'ball_tree'}",0.5654450261780105,1.5338139000014053,1.1431523999999627,400.07421875,427.00390625,0.5721649484536082,0.6673346693386774,0.6160962072155411,0.5549597855227882,0.45394736842105265,0.49939686369119424
3,CountVectorizer,KNeighbors,"{'n_neighbors': 7, 'algorithm': 'kd_tree'}",0.5654450261780105,1.551200299996708,1.1424371999964933,400.04296875,446.61328125,0.5721649484536082,0.6673346693386774,0.6160962072155411,0.5549597855227882,0.45394736842105265,0.49939686369119424
3,CountVectorizer,KNeighbors,"{'n_neighbors': 7, 'algorithm': 'brute'}",0.5654450261780105,2.03060849999747,1.1292428000015207,400.02734375,442.1953125,0.5721649484536082,0.6673346693386774,0.6160962072155411,0.5549597855227882,0.45394736842105265,0.49939686369119424
3,CountVectorizer,DecisionTree,"{'criterion': 'gini', 'max_features': 'sqrt'}",0.6167539267015707,1.1008602000001702,1.9714913999996497,406.15625,399.50390625,0.6172839506172839,0.7014028056112225,0.6566604127579737,0.615979381443299,0.5241228070175439,0.566350710900474
3,CountVectorizer,DecisionTree,"{'criterion': 'gini', 'max_features': 'log2'}",0.5916230366492147,1.1045369999992545,1.9661463000011281,400.8515625,399.578125,0.6074950690335306,0.6172344689378757,0.6123260437375746,0.5736607142857143,0.5635964912280702,0.5685840707964602
3,CountVectorizer,DecisionTree,"{'criterion': 'gini', 'max_features': None}",0.6272251308900524,0.8616750000001048,1.9624554000038188,400.3125,399.265625,0.6234887737478411,0.7234468937875751,0.6697588126159555,0.6329787234042553,0.5219298245614035,0.5721153846153846
3,CountVectorizer,DecisionTree,"{'criterion': 'entropy', 'max_features': 'sqrt'}",0.6303664921465969,1.116603499998746,1.9594929000013508,400.3046875,399.44921875,0.6327272727272727,0.6973947895791583,0.663489037178265,0.6271604938271605,0.5570175438596491,0.5900116144018583
3,CountVectorizer,DecisionTree,"{'criterion': 'entropy', 'max_features': 'log2'}",0.5926701570680628,1.0994821000058437,1.9844683999981498,400.83203125,399.71484375,0.6108870967741935,0.6072144288577155,0.6090452261306533,0.5729847494553377,0.5767543859649122,0.5748633879781421
3,CountVectorizer,DecisionTree,"{'criterion': 'entropy', 'max_features': None}",0.6240837696335079,0.9438613000020268,1.9629768000013428,400.44921875,399.40234375,0.624113475177305,0.7054108216432866,0.6622765757290687,0.6240409207161125,0.5350877192982456,0.5761511216056671
3,CountVectorizer,DecisionTree,"{'criterion': 'log_loss', 'max_features': 'sqrt'}",0.6303664921465969,1.1062429000012344,1.941737600005581,400.38671875,399.58203125,0.6327272727272727,0.6973947895791583,0.663489037178265,0.6271604938271605,0.5570175438596491,0.5900116144018583
3,CountVectorizer,DecisionTree,"{'criterion': 'log_loss', 'max_features': 'log2'}",0.5926701570680628,1.0917214999935823,1.9901198000006843,400.96484375,399.72265625,0.6108870967741935,0.6072144288577155,0.6090452261306533,0.5729847494553377,0.5767543859649122,0.5748633879781421
3,CountVectorizer,DecisionTree,"{'criterion': 'log_loss', 'max_features': None}",0.6240837696335079,0.9333793999976479,1.9397094000014476,400.45703125,399.3203125,0.624113475177305,0.7054108216432866,0.6622765757290687,0.6240409207161125,0.5350877192982456,0.5761511216056671
3,CountVectorizer,GradientBoosting,"{'n_estimators': 100, 'criterion': 'friedman_mse'}",0.6157068062827226,1.2697200999973575,1.9572736999980407,400.44921875,399.57421875,0.5967741935483871,0.8156312625250501,0.6892464013547841,0.663003663003663,0.3969298245614035,0.49657064471879286
3,CountVectorizer,GradientBoosting,"{'n_estimators': 100, 'criterion': 'squared_error'}",0.6157068062827226,1.2596216000019922,1.9287803999977768,400.36328125,399.671875,0.5967741935483871,0.8156312625250501,0.6892464013547841,0.663003663003663,0.3969298245614035,0.49657064471879286
3,CountVectorizer,GradientBoosting,"{'n_estimators': 150, 'criterion': 'friedman_mse'}",0.6219895287958115,1.624130199998035,1.9552949999997509,400.34765625,399.83203125,0.6061538461538462,0.7895791583166333,0.6858137510879025,0.6557377049180327,0.43859649122807015,0.5256241787122208
3,CountVectorizer,GradientBoosting,"{'n_estimators': 150, 'criterion': 'squared_error'}",0.6219895287958115,1.6713650000019697,2.1429117000006954,400.38671875,399.70703125,0.6061538461538462,0.7895791583166333,0.6858137510879025,0.6557377049180327,0.43859649122807015,0.5256241787122208
3,CountVectorizer,GradientBoosting,"{'n_estimators': 200, 'criterion': 'friedman_mse'}",0.618848167539267,2.1612191000021994,2.332696900004521,400.390625,399.87109375,0.6073131955484896,0.7655310621242485,0.6773049645390071,0.6411042944785276,0.4583333333333333,0.5345268542199488
3,CountVectorizer,GradientBoosting,"{'n_estimators': 200, 'criterion': 'squared_error'}",0.618848167539267,2.349670600000536,2.0292737999989185,400.43359375,399.75390625,0.6073131955484896,0.7655310621242485,0.6773049645390071,0.6411042944785276,0.4583333333333333,0.5345268542199488
3,CountVectorizer,AdaBoost,"{'n_estimators': 50, 'learning_rate': 0.01}",0.5445026178010471,1.4196420000007492,2.0007184999994934,400.52734375,399.640625,0.5888888888888889,0.4248496993987976,0.4935972060535506,0.5176470588235295,0.6754385964912281,0.5861084681255947
3,CountVectorizer,AdaBoost,"{'n_estimators': 50, 'learning_rate': 0.1}",0.5507853403141362,0.7775062999935471,2.184184199999436,400.37890625,399.7890625,0.6,0.42084168336673344,0.49469964664310956,0.5223140495867769,0.6929824561403509,0.5956644674835061
3,CountVectorizer,AdaBoost,"{'n_estimators': 50, 'learning_rate': 1.0}",0.5989528795811518,1.5109921999974176,2.0498033999974723,400.44921875,399.62109375,0.5814606741573034,0.8296593186372746,0.6837324525185797,0.6502057613168725,0.34649122807017546,0.4520743919885551
3,CountVectorizer,AdaBoost,"{'n_estimators': 100, 'learning_rate': 0.01}",0.5445026178010471,0.9058846999978414,1.526917199997115,399.87890625,399.87890625,0.5888888888888889,0.4248496993987976,0.4935972060535506,0.5176470588235295,0.6754385964912281,0.5861084681255947
3,CountVectorizer,AdaBoost,"{'n_estimators': 100, 'learning_rate': 0.1}",0.562303664921466,0.8930106000043452,1.5529026000003796,400.27734375,399.375,0.6128133704735376,0.4408817635270541,0.5128205128205128,0.5318791946308725,0.6951754385964912,0.6026615969581749
3,CountVectorizer,AdaBoost,"{'n_estimators': 100, 'learning_rate': 1.0}",0.5717277486910994,0.9009786999959033,2.0828996999989613,400.1328125,399.578125,0.6216216216216216,0.46092184368737477,0.5293440736478712,0.5401709401709401,0.6929824561403509,0.6071085494716618
3,CountVectorizer,AdaBoost,"{'n_estimators': 150, 'learning_rate': 0.01}",0.5445026178010471,1.0703271000020322,1.0540315000034752,400.34375,399.609375,0.5888888888888889,0.4248496993987976,0.4935972060535506,0.5176470588235295,0.6754385964912281,0.5861084681255947
3,CountVectorizer,AdaBoost,"{'n_estimators': 150, 'learning_rate': 0.1}",0.5937172774869109,1.0642695000060485,1.5592327999984263,400.3984375,399.6484375,0.5748987854251012,0.8537074148296593,0.6870967741935484,0.6588785046728972,0.3092105263157895,0.4208955223880597
3,CountVectorizer,AdaBoost,"{'n_estimators': 150, 'learning_rate': 1.0}",0.6115183246073298,1.086812399997143,1.5557664000007208,400.40234375,399.66796875,0.5955223880597015,0.7995991983967936,0.6826347305389222,0.6491228070175439,0.4057017543859649,0.4993252361673414
3,CountVectorizer,SGD,"{'alpha': 0.0001, 'penalty': 'l2'}",0.5926701570680628,1.8894798000037554,2.083039099998132,400.40234375,399.66796875,0.607421875,0.6232464929859719,0.6152324431256182,0.5756207674943566,0.5592105263157895,0.5672969966629589
3,CountVectorizer,SGD,"{'alpha': 0.0001, 'penalty': 'l1'}",0.5821989528795811,1.0937463000009302,1.9526463000001968,400.375,399.640625,0.5957854406130269,0.6232464929859719,0.6092066601371204,0.5658198614318707,0.5372807017543859,0.5511811023622047
3,CountVectorizer,SGD,"{'alpha': 0.0001, 'penalty': 'elasticnet'}",0.6083769633507854,1.57961890000297,1.9839719000010518,400.4375,399.578125,0.6204238921001927,0.6452905811623246,0.6326129666011788,0.5940366972477065,0.5679824561403509,0.5807174887892377
3,CountVectorizer,SGD,"{'alpha': 0.001, 'penalty': 'l2'}",0.6031413612565445,1.0549533000012161,1.9528170999983558,400.4453125,399.69140625,0.6136363636363636,0.6492985971943888,0.6309639727361246,0.5901639344262295,0.5526315789473685,0.5707814269535674
3,CountVectorizer,SGD,"{'alpha': 0.001, 'penalty': 'l1'}",0.6157068062827226,1.064600400000927,1.9593917000020156,400.328125,399.54296875,0.6071428571428571,0.749498997995992,0.6708520179372197,0.6312684365781711,0.4692982456140351,0.5383647798742138
3,CountVectorizer,SGD,"{'alpha': 0.001, 'penalty': 'elasticnet'}",0.6157068062827226,1.096202100001392,2.1563669000024674,400.2890625,399.5234375,0.62890625,0.6452905811623246,0.6369930761622157,0.600451467268623,0.5833333333333334,0.5917686318131257
3,CountVectorizer,SGD,"{'alpha': 0.01, 'penalty': 'l2'}",0.6115183246073298,1.1176555999991251,1.9476309000019683,400.29296875,399.55859375,0.6441441441441441,0.5731462925851704,0.6065747613997879,0.5831702544031311,0.6535087719298246,0.6163391933815926
3,CountVectorizer,SGD,"{'alpha': 0.01, 'penalty': 'l1'}",0.5497382198952879,1.577037000002747,1.9384499000007054,400.45703125,399.640625,0.5950413223140496,0.43286573146292584,0.5011600928074246,0.5219594594594594,0.6776315789473685,0.5896946564885496
3,CountVectorizer,SGD,"{'alpha': 0.01, 'penalty': 'elasticnet'}",0.574869109947644,1.5435206000038306,1.9225666999991518,400.37890625,399.64453125,0.6226912928759895,0.4729458917835671,0.5375854214123007,0.5434027777777778,0.6864035087719298,0.6065891472868217
5,TfidfVectorizer,RandomForest,"{'n_estimators': 50, 'criterion': 'gini'}",0.6356020942408377,1.4043277000018861,1.5264093000005232,399.64453125,378.61328125,0.6252072968490879,0.7555110220440882,0.6842105263157895,0.6534090909090909,0.5043859649122807,0.5693069306930693
5,TfidfVectorizer,RandomForest,"{'n_estimators': 50, 'criterion': 'entropy'}",0.631413612565445,1.389899100002367,1.0515814000027603,380.78515625,378.67578125,0.6218905472636815,0.751503006012024,0.6805807622504537,0.6477272727272727,0.5,0.5643564356435643
5,TfidfVectorizer,RandomForest,"{'n_estimators': 50, 'criterion': 'log_loss'}",0.631413612565445,1.3901020999983302,1.5379804999975022,379.48828125,378.45703125,0.6218905472636815,0.751503006012024,0.6805807622504537,0.6477272727272727,0.5,0.5643564356435643
5,TfidfVectorizer,RandomForest,"{'n_estimators': 100, 'criterion': 'gini'}",0.625130890052356,2.278405400000338,1.0919778999959817,388.2734375,388.2734375,0.6176961602671118,0.7414829659318637,0.6739526411657559,0.6376404494382022,0.49780701754385964,0.5591133004926109
5,TfidfVectorizer,RandomForest,"{'n_estimators': 100, 'criterion': 'entropy'}",0.6282722513089005,2.2165817999994033,1.0966574999984005,387.51171875,387.1796875,0.6192052980132451,0.749498997995992,0.6781504986400725,0.6438746438746439,0.4956140350877193,0.5600991325898389
5,TfidfVectorizer,RandomForest,"{'n_estimators': 100, 'criterion': 'log_loss'}",0.6282722513089005,2.1974340999950073,1.1014265999983763,387.7421875,387.01953125,0.6192052980132451,0.749498997995992,0.6781504986400725,0.6438746438746439,0.4956140350877193,0.5600991325898389
5,TfidfVectorizer,RandomForest,"{'n_estimators': 150, 'criterion': 'gini'}",0.6282722513089005,3.209087499999441,1.139576000001398,396.83984375,396.875,0.6208053691275168,0.7414829659318637,0.6757990867579908,0.6406685236768802,0.5043859649122807,0.5644171779141104
5,TfidfVectorizer,RandomForest,"{'n_estimators': 150, 'criterion': 'entropy'}",0.6356020942408377,3.0883447999949567,1.137117300000682,396.125,395.83984375,0.6256239600665557,0.7535070140280561,0.6836363636363636,0.652542372881356,0.506578947368421,0.5703703703703704
5,TfidfVectorizer,RandomForest,"{'n_estimators': 150, 'criterion': 'log_loss'}",0.6356020942408377,3.0593688000008115,1.144117700001516,395.01953125,395.0703125,0.6256239600665557,0.7535070140280561,0.6836363636363636,0.652542372881356,0.506578947368421,0.5703703703703704
5,TfidfVectorizer,SVC,"{'C': 0.1, 'kernel': 'linear'}",0.5570680628272251,0.9007763000045088,1.1812138999957824,421.953125,394.80078125,0.6596638655462185,0.31462925851703405,0.4260515603799186,0.5230125523012552,0.8223684210526315,0.639386189258312
5,TfidfVectorizer,SVC,"{'C': 0.1, 'kernel': 'rbf'}",0.4942408376963351,0.9147261000034632,1.235663100000238,420.375,395.26953125,0.6818181818181818,0.06012024048096192,0.11049723756906077,0.48518111964873767,0.9692982456140351,0.6466715435259692
5,TfidfVectorizer,SVC,"{'C': 0.1, 'kernel': 'sigmoid'}",0.5581151832460733,0.943591600000218,1.2022016999981133,428.265625,395.09765625,0.6624472573839663,0.31462925851703405,0.4266304347826087,0.5236768802228412,0.8245614035087719,0.6405451448040886
5,TfidfVectorizer,SVC,"{'C': 1, 'kernel': 'linear'}",0.6094240837696335,0.9230476000011549,1.1683144999988144,420.484375,395.20703125,0.6216216216216216,0.6452905811623246,0.6332350049164208,0.5949656750572082,0.5701754385964912,0.5823068309070548
5,TfidfVectorizer,SVC,"{'C': 1, 'kernel': 'rbf'}",0.6209424083769634,0.9338466999979573,1.268011199994362,427.21484375,401.1875,0.6266173752310537,0.6793587174348698,0.6519230769230769,0.6135265700483091,0.5570175438596491,0.5839080459770115
5,TfidfVectorizer,SVC,"{'C': 1, 'kernel': 'sigmoid'}",0.6167539267015707,0.9266196999960812,1.1816751000005752,420.1875,394.9140625,0.6261859582542695,0.6613226452905812,0.6432748538011696,0.6051401869158879,0.5679824561403509,0.5859728506787331
5,TfidfVectorizer,SVC,"{'C': 10, 'kernel': 'linear'}",0.5916230366492147,1.005626799997117,1.1588907000041218,423.8359375,394.9765625,0.6074950690335306,0.6172344689378757,0.6123260437375746,0.5736607142857143,0.5635964912280702,0.5685840707964602
5,TfidfVectorizer,SVC,"{'C': 10, 'kernel': 'rbf'}",0.612565445026178,0.9564110999999684,1.2463315000059083,427.93359375,394.92578125,0.6287425149700598,0.6312625250501002,0.63,0.5947136563876652,0.5921052631578947,0.5934065934065934
5,TfidfVectorizer,SVC,"{'C': 10, 'kernel': 'sigmoid'}",0.5654450261780105,1.8650530000013532,1.1456496000027983,421.46875,402.73046875,0.5909090909090909,0.5470941883767535,0.5681581685744017,0.5415821501014199,0.5855263157894737,0.5626975763962065
5,TfidfVectorizer,MultinomialNB,{'alpha': 0.01},0.5958115183246073,1.546925900001952,1.940616300002148,397.49609375,395.78125,0.621505376344086,0.5791583166332666,0.5995850622406639,0.5714285714285714,0.6140350877192983,0.5919661733615222
5,TfidfVectorizer,MultinomialNB,{'alpha': 0.1},0.5968586387434555,1.5604916000011144,2.1819140000006882,396.26953125,395.515625,0.6261061946902655,0.5671342685370742,0.5951629863301787,0.5705765407554672,0.6293859649122807,0.5985401459854015
5,TfidfVectorizer,MultinomialNB,{'alpha': 1.0},0.6104712041884817,1.5980714000033913,1.9393478999991203,396.23046875,395.25390625,0.6487119437939111,0.5551102204408818,0.5982721382289417,0.5795454545454546,0.6710526315789473,0.6219512195121951
5,TfidfVectorizer,LogisticRegression,"{'C': 0.1, 'penalty': 'l2'}",0.5821989528795811,1.5466937999954098,1.9697673000046052,397.6171875,395.3359375,0.6269035532994924,0.49498997995991983,0.5531914893617021,0.5508021390374331,0.6776315789473685,0.6076696165191741
5,TfidfVectorizer,LogisticRegression,"{'C': 1, 'penalty': 'l2'}",0.6073298429319371,1.056040399998892,1.9983090000023367,397.56640625,395.16796875,0.6225296442687747,0.6312625250501002,0.6268656716417911,0.5902004454342984,0.581140350877193,0.585635359116022
5,TfidfVectorizer,LogisticRegression,"{'C': 10, 'penalty': 'l2'}",0.6,1.0817050999976345,1.9281979000006686,397.3828125,395.1328125,0.6153846153846154,0.625250501002004,0.6202783300198808,0.5825892857142857,0.5723684210526315,0.577433628318584
5,TfidfVectorizer,KNeighbors,"{'n_neighbors': 3, 'algorithm': 'ball_tree'}",0.587434554973822,2.025696600001538,1.0884551999988616,395.875,423.58984375,0.6060606060606061,0.6012024048096193,0.6036217303822937,0.5673913043478261,0.5723684210526315,0.5698689956331878
5,TfidfVectorizer,KNeighbors,"{'n_neighbors': 3, 'algorithm': 'kd_tree'}",0.587434554973822,1.5442201999976533,1.1769225000025472,395.875,422.37109375,0.6060606060606061,0.6012024048096193,0.6036217303822937,0.5673913043478261,0.5723684210526315,0.5698689956331878
5,TfidfVectorizer,KNeighbors,"{'n_neighbors': 3, 'algorithm': 'brute'}",0.587434554973822,1.5651874000031967,1.0865540000013425,395.62109375,442.625,0.6060606060606061,0.6012024048096193,0.6036217303822937,0.5673913043478261,0.5723684210526315,0.5698689956331878
5,TfidfVectorizer,KNeighbors,"{'n_neighbors': 5, 'algorithm': 'ball_tree'}",0.5979057591623037,2.0266893999942113,1.0757207999995444,395.6328125,442.60546875,0.6116504854368932,0.6312625250501002,0.621301775147929,0.5818181818181818,0.5614035087719298,0.5714285714285714
5,TfidfVectorizer,KNeighbors,"{'n_neighbors': 5, 'algorithm': 'kd_tree'}",0.5979057591623037,2.0285052999970503,1.089675700000953,395.6328125,422.9140625,0.6116504854368932,0.6312625250501002,0.621301775147929,0.5818181818181818,0.5614035087719298,0.5714285714285714
5,TfidfVectorizer,KNeighbors,"{'n_neighbors': 5, 'algorithm': 'brute'}",0.5979057591623037,1.5590710000033141,1.0945282000029692,395.6328125,431.71875,0.6116504854368932,0.6312625250501002,0.621301775147929,0.5818181818181818,0.5614035087719298,0.5714285714285714
5,TfidfVectorizer,KNeighbors,"{'n_neighbors': 7, 'algorithm': 'ball_tree'}",0.5863874345549738,1.5234886000034749,1.0905262000014773,395.6328125,436.02734375,0.6023622047244095,0.6132264529058116,0.6077457795431976,0.5682326621923938,0.5570175438596491,0.5625692137320044
5,TfidfVectorizer,KNeighbors,"{'n_neighbors': 7, 'algorithm': 'kd_tree'}",0.5863874345549738,1.5518669000011869,1.0818279999948572,395.6328125,422.5703125,0.6023622047244095,0.6132264529058116,0.6077457795431976,0.5682326621923938,0.5570175438596491,0.5625692137320044
5,TfidfVectorizer,KNeighbors,"{'n_neighbors': 7, 'algorithm': 'brute'}",0.5863874345549738,1.5438770999971894,1.1939482999950997,395.6328125,439.29296875,0.6023622047244095,0.6132264529058116,0.6077457795431976,0.5682326621923938,0.5570175438596491,0.5625692137320044
5,TfidfVectorizer,DecisionTree,"{'criterion': 'gini', 'max_features': 'sqrt'}",0.5790575916230366,1.260063199995784,2.075846600004297,401.80859375,395.109375,0.5956607495069034,0.6052104208416834,0.6003976143141153,0.5602678571428571,0.5504385964912281,0.5553097345132744
5,TfidfVectorizer,DecisionTree,"{'criterion': 'gini', 'max_features': 'log2'}",0.5539267015706806,1.0985007999988738,1.947187900004792,395.8984375,395.15625,0.568738229755179,0.6052104208416834,0.5864077669902913,0.535377358490566,0.49780701754385964,0.5159090909090909
5,TfidfVectorizer,DecisionTree,"{'criterion': 'gini', 'max_features': None}",0.6094240837696335,0.8720166999992216,1.9968407999986084,395.890625,394.9140625,0.6179775280898876,0.6613226452905812,0.6389157792836399,0.5985748218527316,0.5526315789473685,0.5746864310148233
5,TfidfVectorizer,DecisionTree,"{'criterion': 'entropy', 'max_features': 'sqrt'}",0.5895287958115183,1.1030428000012762,1.9523059999992256,395.8984375,395.08203125,0.6046966731898239,0.6192384769539078,0.6118811881188119,0.5720720720720721,0.5570175438596491,0.5644444444444444
5,TfidfVectorizer,DecisionTree,"{'criterion': 'entropy', 'max_features': 'log2'}",0.556020942408377,1.084285800003272,1.9389683999979752,395.8984375,395.15234375,0.566607460035524,0.6392785571142284,0.60075329566855,0.5408163265306123,0.4649122807017544,0.5
5,TfidfVectorizer,DecisionTree,"{'criterion': 'entropy', 'max_features': None}",0.6010471204188481,0.9683078000016394,1.9486641000039526,395.88671875,394.9140625,0.6130268199233716,0.6412825651302605,0.6268364348677767,0.5866050808314087,0.5570175438596491,0.5714285714285714
5,TfidfVectorizer,DecisionTree,"{'criterion': 'log_loss', 'max_features': 'sqrt'}",0.5895287958115183,1.092197900004976,1.9516676000057487,395.8984375,395.08203125,0.6046966731898239,0.6192384769539078,0.6118811881188119,0.5720720720720721,0.5570175438596491,0.5644444444444444
5,TfidfVectorizer,DecisionTree,"{'criterion': 'log_loss', 'max_features': 'log2'}",0.556020942408377,1.0870577000023331,1.9489156999989063,395.8984375,395.13671875,0.566607460035524,0.6392785571142284,0.60075329566855,0.5408163265306123,0.4649122807017544,0.5
5,TfidfVectorizer,DecisionTree,"{'criterion': 'log_loss', 'max_features': None}",0.6010471204188481,0.9777136999982758,1.9460465000011027,395.87890625,394.90625,0.6130268199233716,0.6412825651302605,0.6268364348677767,0.5866050808314087,0.5570175438596491,0.5714285714285714
5,TfidfVectorizer,GradientBoosting,"{'n_estimators': 100, 'criterion': 'friedman_mse'}",0.6136125654450262,1.4763056000010693,2.396216299996013,395.98046875,395.4765625,0.5981873111782477,0.7935871743486974,0.6821705426356589,0.6484641638225256,0.4166666666666667,0.507343124165554
5,TfidfVectorizer,GradientBoosting,"{'n_estimators': 100, 'criterion': 'squared_error'}",0.6136125654450262,1.5350879999969038,1.9751766999979736,395.99609375,395.5703125,0.5981873111782477,0.7935871743486974,0.6821705426356589,0.6484641638225256,0.4166666666666667,0.507343124165554
5,TfidfVectorizer,GradientBoosting,"{'n_estimators': 150, 'criterion': 'friedman_mse'}",0.6261780104712041,1.9441413000022294,2.2719773999997415,395.5703125,395.35546875,0.6126984126984127,0.7735470941883767,0.6837909654561559,0.6523076923076923,0.4649122807017544,0.5428937259923176
5,TfidfVectorizer,GradientBoosting,"{'n_estimators': 150, 'criterion': 'squared_error'}",0.6261780104712041,1.99647179999738,1.9671624000038719,396.0546875,395.65625,0.6126984126984127,0.7735470941883767,0.6837909654561559,0.6523076923076923,0.4649122807017544,0.5428937259923176
5,TfidfVectorizer,GradientBoosting,"{'n_estimators': 200, 'criterion': 'friedman_mse'}",0.625130890052356,2.432180199997674,1.9973883000056958,396.00390625,395.5703125,0.6146341463414634,0.7575150300601202,0.6786355475763016,0.6441176470588236,0.48026315789473684,0.550251256281407
5,TfidfVectorizer,GradientBoosting,"{'n_estimators': 200, 'criterion': 'squared_error'}",0.625130890052356,2.412163100001635,2.1111421000023256,396.109375,395.53515625,0.6146341463414634,0.7575150300601202,0.6786355475763016,0.6441176470588236,0.48026315789473684,0.550251256281407
5,TfidfVectorizer,AdaBoost,"{'n_estimators': 50, 'learning_rate': 0.01}",0.5455497382198953,0.8644639999984065,2.1557192000036594,396.0703125,395.21484375,0.590027700831025,0.42685370741482964,0.49534883720930234,0.5185185185185185,0.6754385964912281,0.5866666666666667
5,TfidfVectorizer,AdaBoost,"{'n_estimators': 50, 'learning_rate': 0.1}",0.5528795811518324,0.7689677000016673,2.012262500000361,395.890625,395.09765625,0.6016949152542372,0.42685370741482964,0.49941383352872215,0.5241264559068219,0.6907894736842105,0.5960264900662252
5,TfidfVectorizer,AdaBoost,"{'n_estimators': 50, 'learning_rate': 1.0}",0.5863874345549738,0.7805061999970349,2.0097959999984596,395.85546875,395.09765625,0.6444444444444445,0.4649298597194389,0.540162980209546,0.5512605042016807,0.7192982456140351,0.6241674595623216
5,TfidfVectorizer,AdaBoost,"{'n_estimators': 100, 'learning_rate': 0.01}",0.5455497382198953,0.9818094999936875,2.0382248000023537,395.8359375,394.953125,0.590027700831025,0.42685370741482964,0.49534883720930234,0.5185185185185185,0.6754385964912281,0.5866666666666667
5,TfidfVectorizer,AdaBoost,"{'n_estimators': 100, 'learning_rate': 0.1}",0.5968586387434555,0.9925183000013931,1.5319134999954258,395.70703125,394.953125,0.576,0.8657314629258517,0.6917534027221778,0.6731707317073171,0.3026315789473684,0.4175491679273828
5,TfidfVectorizer,AdaBoost,"{'n_estimators': 100, 'learning_rate': 1.0}",0.6272251308900524,1.005504100001417,2.015225900002406,395.73828125,395.0,0.6101694915254238,0.7935871743486974,0.6898954703832753,0.6633986928104575,0.4451754385964912,0.5328083989501312
5,TfidfVectorizer,AdaBoost,"{'n_estimators': 150, 'learning_rate': 0.01}",0.5465968586387434,1.227813999998034,2.043823700005305,395.7421875,395.0078125,0.5916666666666667,0.42685370741482964,0.4959254947613504,0.519327731092437,0.6776315789473685,0.588011417697431
5,TfidfVectorizer,AdaBoost,"{'n_estimators': 150, 'learning_rate': 0.1}",0.606282722513089,1.2333807999966666,1.0544928000017535,395.78125,395.03125,0.5862552594670407,0.8376753507014028,0.6897689768976898,0.6652892561983471,0.3530701754385965,0.46131805157593125
5,TfidfVectorizer,AdaBoost,"{'n_estimators': 150, 'learning_rate': 1.0}",0.5853403141361256,1.220861400004651,1.5410912000006647,395.7734375,395.0390625,0.6303797468354431,0.49899799599198397,0.5570469798657718,0.5535714285714286,0.6798245614035088,0.610236220472441
5,TfidfVectorizer,SGD,"{'alpha': 0.0001, 'penalty': 'l2'}",0.5905759162303665,1.0581988999983878,2.0946330999940983,395.77734375,395.16796875,0.610204081632653,0.5991983967935872,0.6046511627906976,0.5698924731182796,0.581140350877193,0.5754614549402823
5,TfidfVectorizer,SGD,"{'alpha': 0.0001, 'penalty': 'l1'}",0.6020942408376964,1.2545290999987628,2.0884742999987793,395.90234375,395.16796875,0.6142034548944337,0.6412825651302605,0.6274509803921569,0.5875576036866359,0.5592105263157895,0.5730337078651685
5,TfidfVectorizer,SGD,"{'alpha': 0.0001, 'penalty': 'elasticnet'}",0.5989528795811518,1.570572999997239,1.9682030999974813,395.77734375,395.04296875,0.6155378486055777,0.6192384769539078,0.6173826173826173,0.5805739514348786,0.5767543859649122,0.5786578657865786
5,TfidfVectorizer,SGD,"{'alpha': 0.001, 'penalty': 'l2'}",0.6324607329842932,1.5337349000037648,1.9312642000004416,395.77734375,395.04296875,0.6345454545454545,0.6993987975951904,0.665395614871306,0.6296296296296297,0.5592105263157895,0.5923344947735192
5,TfidfVectorizer,SGD,"{'alpha': 0.001, 'penalty': 'l1'}",0.612565445026178,1.5053015000012238,1.9137061000001268,395.77734375,395.04296875,0.5902097902097903,0.845691382765531,0.6952224052718287,0.6791666666666667,0.3574561403508772,0.46839080459770116
5,TfidfVectorizer,SGD,"{'alpha': 0.001, 'penalty': 'elasticnet'}",0.6335078534031413,1.551286900001287,1.908899800000654,395.77734375,395.04296875,0.62778730703259,0.7334669338677354,0.6765249537892791,0.6424731182795699,0.5241228070175439,0.5772946859903382
5,TfidfVectorizer,SGD,"{'alpha': 0.01, 'penalty': 'l2'}",0.6041884816753926,1.4988130000056117,1.9267137999995612,395.77734375,395.04296875,0.5834482758620689,0.8476953907815631,0.6911764705882353,0.6695652173913044,0.33771929824561403,0.4489795918367347
5,TfidfVectorizer,SGD,"{'alpha': 0.01, 'penalty': 'l1'}",0.5225130890052356,1.5027780999953393,1.8983125999948243,395.79296875,395.03515625,0.5225130890052356,1.0,0.686382393397524,0.0,0.0,0.0
5,TfidfVectorizer,SGD,"{'alpha': 0.01, 'penalty': 'elasticnet'}",0.5717277486910994,1.017791499994928,1.898877599996922,395.76953125,395.03515625,0.5550122249388753,0.9098196392785571,0.689445709946849,0.6715328467153284,0.20175438596491227,0.3102866779089376
5,CountVectorizer,RandomForest,"{'n_estimators': 50, 'criterion': 'gini'}",0.625130890052356,1.4418389999991632,1.0334308000019519,395.03515625,380.01953125,0.6150081566068516,0.7555110220440882,0.6780575539568345,0.6432748538011696,0.4824561403508772,0.5513784461152882
5,CountVectorizer,RandomForest,"{'n_estimators': 50, 'criterion': 'entropy'}",0.625130890052356,1.376723099994706,1.5228647000039928,381.875,379.73828125,0.6079632465543645,0.7955911823647295,0.6892361111111112,0.6622516556291391,0.43859649122807015,0.5277044854881267
5,CountVectorizer,RandomForest,"{'n_estimators': 50, 'criterion': 'log_loss'}",0.625130890052356,1.3818567000053008,1.0347266999960993,382.31640625,379.8515625,0.6079632465543645,0.7955911823647295,0.6892361111111112,0.6622516556291391,0.43859649122807015,0.5277044854881267
5,CountVectorizer,RandomForest,"{'n_estimators': 100, 'criterion': 'gini'}",0.6429319371727749,2.3600851000010152,1.0677289000013843,390.72265625,390.0546875,0.6270096463022508,0.781563126252505,0.695807314897413,0.6726726726726727,0.49122807017543857,0.5678073510773131
5,CountVectorizer,RandomForest,"{'n_estimators': 100, 'criterion': 'entropy'}",0.6356020942408377,2.2621311000038986,1.082711000002746,390.30859375,389.3359375,0.6211878009630819,0.7755511022044088,0.6898395721925134,0.6626506024096386,0.4824561403508772,0.5583756345177665
5,CountVectorizer,RandomForest,"{'n_estimators': 100, 'criterion': 'log_loss'}",0.6356020942408377,2.26736019999953,1.1080130000045756,390.46484375,389.4375,0.6211878009630819,0.7755511022044088,0.6898395721925134,0.6626506024096386,0.4824561403508772,0.5583756345177665
5,CountVectorizer,RandomForest,"{'n_estimators': 150, 'criterion': 'gini'}",0.6387434554973822,3.3464813999962644,1.16552159999992,400.37109375,399.52734375,0.6226114649681529,0.7835671342685371,0.6938775510204082,0.6697247706422018,0.48026315789473684,0.5593869731800766
5,CountVectorizer,RandomForest,"{'n_estimators': 150, 'criterion': 'entropy'}",0.6366492146596858,3.1690082999994047,1.1398465000020224,399.53125,399.16015625,0.6206349206349207,0.7835671342685371,0.6926483613817538,0.6676923076923077,0.4758771929824561,0.5556978233034571
5,CountVectorizer,RandomForest,"{'n_estimators': 150, 'criterion': 'log_loss'}",0.6366492146596858,3.162556700001005,1.1215293999994174,399.625,399.63671875,0.6206349206349207,0.7835671342685371,0.6926483613817538,0.6676923076923077,0.4758771929824561,0.5556978233034571
5,CountVectorizer,SVC,"{'C': 0.1, 'kernel': 'linear'}",0.631413612565445,0.8734752999953344,1.133869200006302,425.71875,405.78125,0.6363636363636364,0.687374749498998,0.6608863198458574,0.625,0.5701754385964912,0.5963302752293578
5,CountVectorizer,SVC,"{'C': 0.1, 'kernel': 'rbf'}",0.5602094240837696,0.965815499999735,1.3065041000008932,432.37109375,399.4296875,0.6270096463022508,0.3907815631262525,0.48148148148148145,0.5279503105590062,0.7456140350877193,0.6181818181818182
5,CountVectorizer,SVC,"{'C': 0.1, 'kernel': 'sigmoid'}",0.5382198952879581,0.9693421999982093,1.2593271000005188,430.81640625,399.19921875,0.676829268292683,0.22244488977955912,0.334841628959276,0.5094816687737042,0.8837719298245614,0.6463512429831596
5,CountVectorizer,SVC,"{'C': 1, 'kernel': 'linear'}",0.6198952879581152,1.114350399999239,1.2182795999979135,431.00390625,405.6875,0.6370967741935484,0.6332665330661322,0.6351758793969849,0.6013071895424836,0.6052631578947368,0.6032786885245902
5,CountVectorizer,SVC,"{'C': 1, 'kernel': 'rbf'}",0.6303664921465969,0.9634686999997939,1.314554099997622,431.484375,399.59765625,0.6258620689655172,0.7274549098196392,0.6728452270620945,0.6373333333333333,0.5241228070175439,0.5752105896510229
5,CountVectorizer,SVC,"{'C': 1, 'kernel': 'sigmoid'}",0.6041884816753926,0.8993884000010439,1.3119445000047563,423.8515625,399.45703125,0.6198019801980198,0.627254509018036,0.6235059760956175,0.5866666666666667,0.5789473684210527,0.5827814569536424
5,CountVectorizer,SVC,"{'C': 10, 'kernel': 'linear'}",0.5842931937172775,1.1102533000012045,1.1945515000043088,429.37890625,406.140625,0.6049382716049383,0.5891783567134269,0.5969543147208122,0.5628997867803838,0.5789473684210527,0.5708108108108109
5,CountVectorizer,SVC,"{'C': 10, 'kernel': 'rbf'}",0.6157068062827226,1.0172816000049352,1.2977160000009462,432.109375,406.44921875,0.6259541984732825,0.657314629258517,0.6412512218963832,0.6032482598607889,0.5701754385964912,0.5862457722660653
5,CountVectorizer,SVC,"{'C': 10, 'kernel': 'sigmoid'}",0.5905759162303665,0.8692308000026969,1.0988364000004367,421.56640625,405.875,0.6093117408906883,0.6032064128256514,0.6062437059415912,0.5704989154013015,0.5767543859649122,0.5736095965103599
5,CountVectorizer,MultinomialNB,{'alpha': 0.01},0.6,2.0383533999993233,2.079191000004357,400.2421875,399.28125,0.6263498920086393,0.5811623246492986,0.6029106029106029,0.5752032520325203,0.6206140350877193,0.5970464135021097
5,CountVectorizer,MultinomialNB,{'alpha': 0.1},0.6041884816753926,2.0962072999973316,1.9422747999997227,400.25,399.03125,0.6335540838852097,0.5751503006012024,0.6029411764705882,0.5776892430278885,0.6359649122807017,0.605427974947808
5,CountVectorizer,MultinomialNB,{'alpha': 1.0},0.6010471204188481,1.5196739000020898,2.0129002000030596,400.2421875,399.30859375,0.6322869955156951,0.5651302605210421,0.5968253968253968,0.5736738703339882,0.6403508771929824,0.6051813471502591
5,CountVectorizer,LogisticRegression,"{'C': 0.1, 'penalty': 'l2'}",0.6115183246073298,1.644004000001587,1.9752403000020422,401.57421875,399.1484375,0.6306122448979592,0.6192384769539078,0.6248736097067745,0.5913978494623656,0.6030701754385965,0.5971769815418024
5,CountVectorizer,LogisticRegression,"{'C': 1, 'penalty': 'l2'}",0.6146596858638743,1.038230800004385,1.869707500001823,401.58984375,399.1328125,0.6271844660194175,0.6472945891783567,0.6370808678500987,0.6,0.5789473684210527,0.5892857142857143
5,CountVectorizer,LogisticRegression,"{'C': 10, 'penalty': 'l2'}",0.6136125654450262,1.056394299994281,1.8398937000019941,401.53125,399.14453125,0.626953125,0.6432865731462926,0.6350148367952523,0.5981941309255079,0.581140350877193,0.5895439377085651
5,CountVectorizer,KNeighbors,"{'n_neighbors': 3, 'algorithm': 'ball_tree'}",0.556020942408377,1.969797899997502,1.08663319999323,399.984375,433.86328125,0.5609756097560976,0.6913827655310621,0.6193895870736086,0.5470588235294118,0.40789473684210525,0.46733668341708545
5,CountVectorizer,KNeighbors,"{'n_neighbors': 3, 'algorithm': 'kd_tree'}",0.556020942408377,1.6171603000038886,1.105462899999111,399.87890625,447.11328125,0.5609756097560976,0.6913827655310621,0.6193895870736086,0.5470588235294118,0.40789473684210525,0.46733668341708545
5,CountVectorizer,KNeighbors,"{'n_neighbors': 3, 'algorithm': 'brute'}",0.556020942408377,1.4826535000029253,1.0902920000007725,399.984375,445.8046875,0.5609756097560976,0.6913827655310621,0.6193895870736086,0.5470588235294118,0.40789473684210525,0.46733668341708545
5,CountVectorizer,KNeighbors,"{'n_neighbors': 5, 'algorithm': 'ball_tree'}",0.5664921465968586,1.480777400000079,1.0900484000012511,399.98046875,427.15625,0.571912013536379,0.6773547094188377,0.6201834862385321,0.5576923076923077,0.4451754385964912,0.4951219512195122
5,CountVectorizer,KNeighbors,"{'n_neighbors': 5, 'algorithm': 'kd_tree'}",0.5664921465968586,1.9928794000006747,1.1105896000008215,399.93359375,432.8203125,0.571912013536379,0.6773547094188377,0.6201834862385321,0.5576923076923077,0.4451754385964912,0.4951219512195122
5,CountVectorizer,KNeighbors,"{'n_neighbors': 5, 'algorithm': 'brute'}",0.5664921465968586,1.9571960999965086,1.094468399998732,399.86328125,435.65625,0.571912013536379,0.6773547094188377,0.6201834862385321,0.5576923076923077,0.4451754385964912,0.4951219512195122
5,CountVectorizer,KNeighbors,"{'n_neighbors': 7, 'algorithm': 'ball_tree'}",0.5654450261780105,1.9324814999999944,1.0845721999939997,399.79296875,434.18359375,0.5721649484536082,0.6673346693386774,0.6160962072155411,0.5549597855227882,0.45394736842105265,0.49939686369119424
5,CountVectorizer,KNeighbors,"{'n_neighbors': 7, 'algorithm': 'kd_tree'}",0.5654450261780105,1.488310700005968,1.109438699997554,399.96484375,426.828125,0.5721649484536082,0.6673346693386774,0.6160962072155411,0.5549597855227882,0.45394736842105265,0.49939686369119424
5,CountVectorizer,KNeighbors,"{'n_neighbors': 7, 'algorithm': 'brute'}",0.5654450261780105,1.4691516999955638,1.0945788000026369,399.89453125,433.6015625,0.5721649484536082,0.6673346693386774,0.6160962072155411,0.5549597855227882,0.45394736842105265,0.49939686369119424
5,CountVectorizer,DecisionTree,"{'criterion': 'gini', 'max_features': 'sqrt'}",0.606282722513089,1.0687114999964251,1.8980432000025758,399.75390625,399.00390625,0.6153846153846154,0.657314629258517,0.6356589147286822,0.5947867298578199,0.5504385964912281,0.571753986332574
5,CountVectorizer,DecisionTree,"{'criterion': 'gini', 'max_features': 'log2'}",0.5602094240837696,1.0580373000047985,1.8824592999953893,400.296875,399.26953125,0.5835095137420718,0.5531062124248497,0.5679012345679012,0.5373443983402489,0.5679824561403509,0.5522388059701493
5,CountVectorizer,DecisionTree,"{'criterion': 'gini', 'max_features': None}",0.6136125654450262,0.8413276999999653,1.8849936999977217,399.9375,398.98828125,0.6181818181818182,0.6813627254509018,0.6482364156339371,0.6074074074074074,0.5394736842105263,0.5714285714285714
5,CountVectorizer,DecisionTree,"{'criterion': 'entropy', 'max_features': 'sqrt'}",0.587434554973822,1.0590836000046693,1.8744319999968866,399.8125,398.921875,0.5932504440497336,0.6693386773547094,0.6290018832391714,0.5790816326530612,0.49780701754385964,0.535377358490566
5,CountVectorizer,DecisionTree,"{'criterion': 'entropy', 'max_features': 'log2'}",0.5392670157068062,1.0542607000024873,1.869089100000565,400.30859375,399.31640625,0.5662921348314607,0.5050100200400801,0.5338983050847458,0.515686274509804,0.5767543859649122,0.5445134575569358
5,CountVectorizer,DecisionTree,"{'criterion': 'entropy', 'max_features': None}",0.6240837696335079,0.8966749000028358,1.8791094999978668,400.09375,399.00390625,0.6236749116607774,0.7074148296593187,0.6629107981220658,0.6246786632390745,0.5328947368421053,0.5751479289940828
5,CountVectorizer,DecisionTree,"{'criterion': 'log_loss', 'max_features': 'sqrt'}",0.587434554973822,1.0557696000032593,1.9187711999984458,399.859375,399.00390625,0.5932504440497336,0.6693386773547094,0.6290018832391714,0.5790816326530612,0.49780701754385964,0.535377358490566
5,CountVectorizer,DecisionTree,"{'criterion': 'log_loss', 'max_features': 'log2'}",0.5392670157068062,1.0523627000002307,1.8934723999991547,400.2578125,399.3359375,0.5662921348314607,0.5050100200400801,0.5338983050847458,0.515686274509804,0.5767543859649122,0.5445134575569358
5,CountVectorizer,DecisionTree,"{'criterion': 'log_loss', 'max_features': None}",0.6240837696335079,0.8931981999994605,1.8676000999985263,400.08203125,399.19140625,0.6236749116607774,0.7074148296593187,0.6629107981220658,0.6246786632390745,0.5328947368421053,0.5751479289940828
5,CountVectorizer,GradientBoosting,"{'n_estimators': 100, 'criterion': 'friedman_mse'}",0.6083769633507854,1.21342619999632,1.889676500002679,400.19140625,399.41015625,0.5920471281296024,0.8056112224448898,0.6825127334465195,0.6485507246376812,0.3925438596491228,0.4890710382513661
5,CountVectorizer,GradientBoosting,"{'n_estimators': 100, 'criterion': 'squared_error'}",0.6083769633507854,1.2172267999994801,1.8755025999998907,399.9375,399.8046875,0.5920471281296024,0.8056112224448898,0.6825127334465195,0.6485507246376812,0.3925438596491228,0.4890710382513661
5,CountVectorizer,GradientBoosting,"{'n_estimators': 150, 'criterion': 'friedman_mse'}",0.6073298429319371,1.5643299000003026,1.8942714000004344,400.01953125,399.51953125,0.595679012345679,0.7735470941883767,0.6730601569311246,0.6319218241042345,0.42543859649122806,0.508519003931848
5,CountVectorizer,GradientBoosting,"{'n_estimators': 150, 'criterion': 'squared_error'}",0.6073298429319371,1.561977700002899,1.9960424000018975,399.96875,399.15625,0.595679012345679,0.7735470941883767,0.6730601569311246,0.6319218241042345,0.42543859649122806,0.508519003931848
5,CountVectorizer,GradientBoosting,"{'n_estimators': 200, 'criterion': 'friedman_mse'}",0.6136125654450262,2.026556200005871,1.8857063999967068,399.96484375,399.515625,0.6028481012658228,0.7635270541082164,0.6737400530503979,0.6346749226006192,0.44956140350877194,0.5263157894736842
5,CountVectorizer,GradientBoosting,"{'n_estimators': 200, 'criterion': 'squared_error'}",0.6136125654450262,1.9026321999990614,1.8810075000001234,399.9765625,399.640625,0.6028481012658228,0.7635270541082164,0.6737400530503979,0.6346749226006192,0.44956140350877194,0.5263157894736842
5,CountVectorizer,AdaBoost,"{'n_estimators': 50, 'learning_rate': 0.01}",0.5445026178010471,1.3541190999967512,1.904364900001383,400.1484375,399.43359375,0.5888888888888889,0.4248496993987976,0.4935972060535506,0.5176470588235295,0.6754385964912281,0.5861084681255947
5,CountVectorizer,AdaBoost,"{'n_estimators': 50, 'learning_rate': 0.1}",0.5507853403141362,1.3646074999996927,1.8952850999994553,400.17578125,399.42578125,0.6,0.42084168336673344,0.49469964664310956,0.5223140495867769,0.6929824561403509,0.5956644674835061
5,CountVectorizer,AdaBoost,"{'n_estimators': 50, 'learning_rate': 1.0}",0.5989528795811518,1.3594678999943426,1.928607000001648,400.33984375,399.49609375,0.5814606741573034,0.8296593186372746,0.6837324525185797,0.6502057613168725,0.34649122807017546,0.4520743919885551
5,CountVectorizer,AdaBoost,"{'n_estimators': 100, 'learning_rate': 0.01}",0.5445026178010471,0.9194171999988612,2.1362699000019347,400.0703125,399.28125,0.5888888888888889,0.4248496993987976,0.4935972060535506,0.5176470588235295,0.6754385964912281,0.5861084681255947
5,CountVectorizer,AdaBoost,"{'n_estimators': 100, 'learning_rate': 0.1}",0.562303664921466,0.8774297999989358,1.972863100003451,399.89453125,399.28515625,0.6128133704735376,0.4408817635270541,0.5128205128205128,0.5318791946308725,0.6951754385964912,0.6026615969581749
5,CountVectorizer,AdaBoost,"{'n_estimators': 100, 'learning_rate': 1.0}",0.5738219895287958,0.8540473999964888,1.9064134000000195,400.01953125,399.28515625,0.6236559139784946,0.4649298597194389,0.5327210103329506,0.5420240137221269,0.6929824561403509,0.6082771896053898
5,CountVectorizer,AdaBoost,"{'n_estimators': 150, 'learning_rate': 0.01}",0.5445026178010471,1.0279796000031638,1.4997195999967516,399.90234375,399.29296875,0.5888888888888889,0.4248496993987976,0.4935972060535506,0.5176470588235295,0.6754385964912281,0.5861084681255947
5,CountVectorizer,AdaBoost,"{'n_estimators': 150, 'learning_rate': 0.1}",0.5937172774869109,1.046597100001236,1.51492529999814,400.05859375,399.1640625,0.5748987854251012,0.8537074148296593,0.6870967741935484,0.6588785046728972,0.3092105263157895,0.4208955223880597
5,CountVectorizer,AdaBoost,"{'n_estimators': 150, 'learning_rate': 1.0}",0.6052356020942409,1.0579540000035195,1.0762260999981663,399.9296875,399.37109375,0.5913173652694611,0.7915831663326653,0.676949443016281,0.6376306620209059,0.40131578947368424,0.49259757738896365
5,CountVectorizer,SGD,"{'alpha': 0.0001, 'penalty': 'l2'}",0.6031413612565445,1.0391757999968831,1.896560799999861,400.31640625,399.46484375,0.6190476190476191,0.625250501002004,0.6221335992023929,0.5853658536585366,0.5789473684210527,0.5821389195148843
5,CountVectorizer,SGD,"{'alpha': 0.0001, 'penalty': 'l1'}",0.5790575916230366,1.0178840000007767,1.8675624999959837,400.01171875,399.33984375,0.5949119373776908,0.6092184368737475,0.601980198019802,0.5608108108108109,0.5460526315789473,0.5533333333333333
5,CountVectorizer,SGD,"{'alpha': 0.0001, 'penalty': 'elasticnet'}",0.6094240837696335,1.02097700000013,1.8717935000022408,400.14453125,399.33984375,0.6265060240963856,0.625250501002004,0.6258776328986961,0.5908096280087527,0.5921052631578947,0.5914567360350493
5,CountVectorizer,SGD,"{'alpha': 0.001, 'penalty': 'l2'}",0.606282722513089,1.0230240000018966,1.8892217000029632,400.14453125,399.375,0.6203522504892368,0.6352705410821643,0.6277227722772277,0.5900900900900901,0.5745614035087719,0.5822222222222222
5,CountVectorizer,SGD,"{'alpha': 0.001, 'penalty': 'l1'}",0.6261780104712041,1.5024340999952983,1.855600200004119,400.0234375,399.0,0.614516129032258,0.7635270541082164,0.6809651474530831,0.6477611940298508,0.4758771929824561,0.5486725663716814
5,CountVectorizer,SGD,"{'alpha': 0.001, 'penalty': 'elasticnet'}",0.6198952879581152,1.0327026000013575,1.964853999998013,400.04296875,399.296875,0.6283018867924528,0.6673346693386774,0.6472303206997084,0.6094117647058823,0.5679824561403509,0.5879682179341658
5,CountVectorizer,SGD,"{'alpha': 0.01, 'penalty': 'l2'}",0.612565445026178,1.1906520999982604,2.0856010999996215,400.078125,399.30078125,0.6357894736842106,0.6052104208416834,0.6201232032854209,0.5895833333333333,0.6206140350877193,0.6047008547008547
5,CountVectorizer,SGD,"{'alpha': 0.01, 'penalty': 'l1'}",0.5455497382198953,1.5343408000044292,1.9531150000038906,400.03125,399.2734375,0.590027700831025,0.42685370741482964,0.49534883720930234,0.5185185185185185,0.6754385964912281,0.5866666666666667
5,CountVectorizer,SGD,"{'alpha': 0.01, 'penalty': 'elasticnet'}",0.5790575916230366,1.066401299998688,1.9289311000029556,400.04296875,399.265625,0.6209476309226932,0.49899799599198397,0.5533333333333333,0.5487364620938628,0.6666666666666666,0.601980198019802
