seed,vectorizer,model,params,accuracy,training_time,prediction_time,peak_memory_train,peak_memory_prediction,precision_class_0,recall_class_0,f1_class_0,precision_class_1,recall_class_1,f1_class_1,precision_class_2,recall_class_2,f1_class_2
2,TfidfVectorizer,RandomForest,"{'n_estimators': 50, 'criterion': 'gini'}",0.6175,76.19586860004347,1.133649300027173,562.30078125,556.421875,0.5529411764705883,0.15064102564102563,0.2367758186397985,0.5658419792498005,0.8158803222094362,0.6682375117813384,0.7235649546827795,0.5848595848595849,0.6468602295746118
2,TfidfVectorizer,RandomForest,"{'n_estimators': 50, 'criterion': 'entropy'}",0.6245,75.1951239000191,1.0976236999849789,567.50390625,563.453125,0.6470588235294118,0.1762820512820513,0.2770780856423174,0.5675459632294164,0.8170310701956272,0.6698113207547169,0.7289156626506024,0.590964590964591,0.6527309507754552
2,TfidfVectorizer,RandomForest,"{'n_estimators': 50, 'criterion': 'log_loss'}",0.6245,75.31954990001395,1.0989768000436015,573.76171875,559.41015625,0.6470588235294118,0.1762820512820513,0.2770780856423174,0.5675459632294164,0.8170310701956272,0.6698113207547169,0.7289156626506024,0.590964590964591,0.6527309507754552
2,TfidfVectorizer,RandomForest,"{'n_estimators': 100, 'criterion': 'gini'}",0.6255,143.82616779999807,1.3263453000108711,731.71484375,732.0625,0.5978260869565217,0.1762820512820513,0.2722772277227723,0.5735294117647058,0.807825086306099,0.6708074534161491,0.7222222222222222,0.6031746031746031,0.6573519627411843
2,TfidfVectorizer,RandomForest,"{'n_estimators': 100, 'criterion': 'entropy'}",0.624,150.82840370002668,1.2647580999764614,743.0625,743.00390625,0.6547619047619048,0.1762820512820513,0.2777777777777778,0.5678913738019169,0.8181818181818182,0.6704384724186704,0.7259036144578314,0.5885225885225885,0.6500337154416723
2,TfidfVectorizer,RandomForest,"{'n_estimators': 100, 'criterion': 'log_loss'}",0.624,149.85843020002358,1.2618478999938816,757.81640625,745.26171875,0.6547619047619048,0.1762820512820513,0.2777777777777778,0.5678913738019169,0.8181818181818182,0.6704384724186704,0.7259036144578314,0.5885225885225885,0.6500337154416723
2,TfidfVectorizer,RandomForest,"{'n_estimators': 150, 'criterion': 'gini'}",0.633,213.649984699965,2.5299087000312284,888.0234375,888.0234375,0.5978260869565217,0.1762820512820513,0.2722772277227723,0.5782145782145782,0.812428078250863,0.6755980861244019,0.735080058224163,0.6166056166056166,0.6706507304116865
2,TfidfVectorizer,RandomForest,"{'n_estimators': 150, 'criterion': 'entropy'}",0.621,225.04407409997657,0.7115446000243537,917.59375,917.9296875,0.625,0.1762820512820513,0.275,0.5628458498023715,0.8193325661680092,0.6672914714151827,0.7341576506955177,0.57997557997558,0.6480218281036835
2,TfidfVectorizer,RandomForest,"{'n_estimators': 150, 'criterion': 'log_loss'}",0.621,224.84144300001208,0.7090678999666125,934.6640625,917.83984375,0.625,0.1762820512820513,0.275,0.5628458498023715,0.8193325661680092,0.6672914714151827,0.7341576506955177,0.57997557997558,0.6480218281036835
2,TfidfVectorizer,SVC,"{'C': 0.1, 'kernel': 'linear'}",0.5835,185.47272650001105,5.257228500035126,1174.4921875,959.48046875,0.7142857142857143,0.03205128205128205,0.06134969325153374,0.5198973042362003,0.9321058688147296,0.6674907292954264,0.8107476635514018,0.4236874236874237,0.5565356856455493
2,TfidfVectorizer,SVC,"{'C': 0.1, 'kernel': 'rbf'}",0.5115,273.3961845000158,6.973778799991123,1215.140625,943.4296875,0.0,0.0,0.0,0.4719416386083053,0.9677790563866513,0.6344775556393814,0.8348623853211009,0.2222222222222222,0.3510125361620058
2,TfidfVectorizer,SVC,"{'C': 0.1, 'kernel': 'sigmoid'}",0.583,185.3808091999963,5.42603119998239,1164.015625,944.38671875,0.7692307692307693,0.03205128205128205,0.06153846153846154,0.5192061459667093,0.9332566168009206,0.667215137803373,0.8117647058823529,0.42124542124542125,0.5546623794212219
2,TfidfVectorizer,SVC,"{'C': 1, 'kernel': 'linear'}",0.6445,288.5808894999791,4.75059319997672,1246.09375,951.12109375,0.5520833333333334,0.33974358974358976,0.42063492063492064,0.5956006768189509,0.810126582278481,0.6864943929790346,0.7651757188498403,0.5848595848595849,0.6629757785467129
2,TfidfVectorizer,SVC,"{'C': 1, 'kernel': 'rbf'}",0.644,452.35667120001744,6.614837000030093,1212.2265625,952.65234375,0.6302521008403361,0.2403846153846154,0.3480278422273782,0.5796875,0.85385500575374,0.6905537459283387,0.78369384359401,0.575091575091575,0.6633802816901408
2,TfidfVectorizer,SVC,"{'C': 1, 'kernel': 'sigmoid'}",0.6445,336.49819859996205,4.732567499973811,1189.6171875,949.58984375,0.5524861878453039,0.32051282051282054,0.4056795131845842,0.5959595959595959,0.8147295742232451,0.6883811375789985,0.7622820919175911,0.5873015873015873,0.663448275862069
2,TfidfVectorizer,SVC,"{'C': 10, 'kernel': 'linear'}",0.5995,1321.8100469000055,4.4878439999883994,1252.77734375,949.83984375,0.47719298245614034,0.4358974358974359,0.4556113902847571,0.5735009671179884,0.6823935558112774,0.6232264844981608,0.6901615271659325,0.5738705738705738,0.6266666666666667
2,TfidfVectorizer,SVC,"{'C': 10, 'kernel': 'rbf'}",0.6465,665.7081495000166,6.790804999996908,1185.44921875,959.21484375,0.5757575757575758,0.30448717948717946,0.39832285115303984,0.5950342465753424,0.7997698504027618,0.6823760432007855,0.7541229385307346,0.6141636141636142,0.676985195154778
2,TfidfVectorizer,SVC,"{'C': 10, 'kernel': 'sigmoid'}",0.594,1687.993301999988,3.9879633000236936,1259.1484375,947.0546875,0.4479166666666667,0.41346153846153844,0.43,0.5688509021842355,0.6892980437284235,0.6233090530697191,0.6980273141122914,0.5616605616605617,0.6224627875507442
2,TfidfVectorizer,MultinomialNB,{'alpha': 0.01},0.5605,0.8591836999985389,1.395042599993758,936.55078125,903.77734375,0.48936170212765956,0.2948717948717949,0.368,0.5335786568537259,0.667433831990794,0.5930470347648262,0.6193103448275862,0.5482295482295483,0.5816062176165803
2,TfidfVectorizer,MultinomialNB,{'alpha': 0.1},0.587,0.8270852999994531,1.8190874999854714,935.4609375,903.90625,0.5934959349593496,0.23397435897435898,0.335632183908046,0.549645390070922,0.713463751438435,0.6209313970956435,0.6421895861148198,0.5873015873015873,0.6135204081632653
2,TfidfVectorizer,MultinomialNB,{'alpha': 1.0},0.597,0.8148203000309877,1.8063540000002831,937.86328125,904.02734375,1.0,0.016025641025641024,0.031545741324921134,0.5454545454545454,0.8147295742232451,0.6534379326257499,0.6901004304160688,0.5873015873015873,0.6345646437994723
2,TfidfVectorizer,LogisticRegression,"{'C': 0.1, 'penalty': 'l2'}",0.6215,1.5939930999884382,1.807243200019002,969.05859375,905.33984375,0.8518518518518519,0.07371794871794872,0.13569321533923304,0.5537010159651669,0.8780207134637514,0.6791277258566978,0.7680672268907563,0.557997557997558,0.6463932107496464
2,TfidfVectorizer,LogisticRegression,"{'C': 1, 'penalty': 'l2'}",0.651,2.712567299953662,1.8219738000188954,970.30078125,905.515625,0.5957446808510638,0.2692307692307692,0.3708609271523179,0.5989804587935429,0.8112773302646721,0.6891495601173021,0.7521994134897361,0.6263736263736264,0.6835443037974683
2,TfidfVectorizer,LogisticRegression,"{'C': 10, 'penalty': 'l2'}",0.6195,4.498706899990793,1.3654076000093482,969.67578125,905.61328125,0.5621890547263682,0.36217948717948717,0.4405458089668616,0.578268876611418,0.7226697353279632,0.6424552429667519,0.6984572230014026,0.608058608058608,0.6501305483028721
2,TfidfVectorizer,KNeighbors,"{'n_neighbors': 3, 'algorithm': 'ball_tree'}",0.504,0.8293976999702863,1.8185971000348218,936.87890625,2101.359375,0.2979452054794521,0.27884615384615385,0.28807947019867547,0.5230296827021494,0.5880322209436134,0.5536294691224268,0.560875512995896,0.5006105006105006,0.5290322580645161
2,TfidfVectorizer,KNeighbors,"{'n_neighbors': 3, 'algorithm': 'kd_tree'}",0.504,0.8224684000015259,1.7577406999771483,945.7109375,2260.4140625,0.2979452054794521,0.27884615384615385,0.28807947019867547,0.5230296827021494,0.5880322209436134,0.5536294691224268,0.560875512995896,0.5006105006105006,0.5290322580645161
2,TfidfVectorizer,KNeighbors,"{'n_neighbors': 3, 'algorithm': 'brute'}",0.504,0.8117553999763913,1.701005199982319,943.734375,2123.3046875,0.2979452054794521,0.27884615384615385,0.28807947019867547,0.5230296827021494,0.5880322209436134,0.5536294691224268,0.560875512995896,0.5006105006105006,0.5290322580645161
2,TfidfVectorizer,KNeighbors,"{'n_neighbors': 5, 'algorithm': 'ball_tree'}",0.537,0.8213622000184841,1.7578133000060916,946.04296875,2262.2890625,0.384180790960452,0.21794871794871795,0.278118609406953,0.5251544571932921,0.6846950517836594,0.5944055944055944,0.5956521739130435,0.5018315018315018,0.5447316103379721
2,TfidfVectorizer,KNeighbors,"{'n_neighbors': 5, 'algorithm': 'kd_tree'}",0.537,0.8191065000137314,1.7676171000348404,948.26953125,2251.4375,0.384180790960452,0.21794871794871795,0.278118609406953,0.5251544571932921,0.6846950517836594,0.5944055944055944,0.5956521739130435,0.5018315018315018,0.5447316103379721
2,TfidfVectorizer,KNeighbors,"{'n_neighbors': 5, 'algorithm': 'brute'}",0.537,0.8203587000025436,1.7224150000256486,944.66796875,2287.28515625,0.384180790960452,0.21794871794871795,0.278118609406953,0.5251544571932921,0.6846950517836594,0.5944055944055944,0.5956521739130435,0.5018315018315018,0.5447316103379721
2,TfidfVectorizer,KNeighbors,"{'n_neighbors': 7, 'algorithm': 'ball_tree'}",0.543,0.8240734999999404,1.7383654000004753,942.9140625,2303.25,0.4076923076923077,0.16987179487179488,0.2398190045248869,0.5257192676547515,0.6939010356731876,0.5982142857142857,0.5947441217150761,0.525030525030525,0.5577172503242542
2,TfidfVectorizer,KNeighbors,"{'n_neighbors': 7, 'algorithm': 'kd_tree'}",0.543,0.8199011000106111,1.708769500022754,941.91796875,2134.3125,0.4076923076923077,0.16987179487179488,0.2398190045248869,0.5257192676547515,0.6939010356731876,0.5982142857142857,0.5947441217150761,0.525030525030525,0.5577172503242542
2,TfidfVectorizer,KNeighbors,"{'n_neighbors': 7, 'algorithm': 'brute'}",0.543,0.8308422000263818,1.7519116000039503,947.3515625,2262.08203125,0.4076923076923077,0.16987179487179488,0.2398190045248869,0.5257192676547515,0.6939010356731876,0.5982142857142857,0.5947441217150761,0.525030525030525,0.5577172503242542
2,TfidfVectorizer,DecisionTree,"{'criterion': 'gini', 'max_features': 'sqrt'}",0.5275,2.9958892000140622,1.8169502000091597,949.5703125,916.5546875,0.3065134099616858,0.2564102564102564,0.2792321116928447,0.5275275275275275,0.6064441887226697,0.5642398286937902,0.6054054054054054,0.5470085470085471,0.5747273893521488
2,TfidfVectorizer,DecisionTree,"{'criterion': 'gini', 'max_features': 'log2'}",0.453,3.2193582999752834,1.8238769000163302,952.85546875,917.67578125,0.24295774647887325,0.22115384615384615,0.23154362416107382,0.48328267477203646,0.5489067894131185,0.5140086206896551,0.49382716049382713,0.43956043956043955,0.46511627906976744
2,TfidfVectorizer,DecisionTree,"{'criterion': 'gini', 'max_features': None}",0.5585,27.616204900026787,1.3893300999770872,950.54296875,928.7578125,0.37401574803149606,0.30448717948717946,0.33568904593639576,0.5547738693467337,0.6352128883774454,0.592274678111588,0.625832223701731,0.5738705738705738,0.5987261146496815
2,TfidfVectorizer,DecisionTree,"{'criterion': 'entropy', 'max_features': 'sqrt'}",0.513,3.301488999975845,1.8219793000025675,947.21875,916.625,0.2981132075471698,0.2532051282051282,0.2738301559792028,0.5228426395939086,0.5926352128883774,0.5555555555555556,0.576,0.5274725274725275,0.5506692160611855
2,TfidfVectorizer,DecisionTree,"{'criterion': 'entropy', 'max_features': 'log2'}",0.456,3.3181274000089616,1.8280899999663234,950.17578125,917.61328125,0.23107569721115537,0.1858974358974359,0.20603907637655416,0.4744232698094283,0.5443037974683544,0.5069667738478028,0.5066489361702128,0.4652014652014652,0.48504137492043287
2,TfidfVectorizer,DecisionTree,"{'criterion': 'entropy', 'max_features': None}",0.534,25.493240599986166,1.3824970999849029,946.5546875,928.453125,0.3645833333333333,0.33653846153846156,0.35,0.5334685598377282,0.6052934407364787,0.5671159029649596,0.6019283746556474,0.5335775335775336,0.565695792880259
2,TfidfVectorizer,DecisionTree,"{'criterion': 'log_loss', 'max_features': 'sqrt'}",0.513,3.1678579000290483,1.3871970000327565,949.61328125,931.9609375,0.2981132075471698,0.2532051282051282,0.2738301559792028,0.5228426395939086,0.5926352128883774,0.5555555555555556,0.576,0.5274725274725275,0.5506692160611855
2,TfidfVectorizer,DecisionTree,"{'criterion': 'log_loss', 'max_features': 'log2'}",0.456,3.3608135999529622,1.3741241000243463,949.828125,917.66015625,0.23107569721115537,0.1858974358974359,0.20603907637655416,0.4744232698094283,0.5443037974683544,0.5069667738478028,0.5066489361702128,0.4652014652014652,0.48504137492043287
2,TfidfVectorizer,DecisionTree,"{'criterion': 'log_loss', 'max_features': None}",0.534,25.52852960000746,1.8126813999842852,951.80859375,913.28515625,0.3645833333333333,0.33653846153846156,0.35,0.5334685598377282,0.6052934407364787,0.5671159029649596,0.6019283746556474,0.5335775335775336,0.565695792880259
2,TfidfVectorizer,GradientBoosting,"{'n_estimators': 100, 'criterion': 'friedman_mse'}",0.5865,52.30383789999178,1.8363244000356644,954.484375,915.6484375,0.7804878048780488,0.10256410256410256,0.1813031161473088,0.5227864583333334,0.9240506329113924,0.6677754677754678,0.7990543735224587,0.4126984126984127,0.5442834138486312
2,TfidfVectorizer,GradientBoosting,"{'n_estimators': 100, 'criterion': 'squared_error'}",0.5865,51.98634820000734,1.386034999974072,954.86328125,915.09375,0.7804878048780488,0.10256410256410256,0.1813031161473088,0.5227864583333334,0.9240506329113924,0.6677754677754678,0.7990543735224587,0.4126984126984127,0.5442834138486312
2,TfidfVectorizer,GradientBoosting,"{'n_estimators': 150, 'criterion': 'friedman_mse'}",0.605,77.80065780004952,0.9654946000082418,954.72265625,937.73828125,0.7377049180327869,0.14423076923076922,0.24128686327077747,0.5373134328358209,0.9113924050632911,0.676056338028169,0.8021505376344086,0.4554334554334554,0.5809968847352025
2,TfidfVectorizer,GradientBoosting,"{'n_estimators': 150, 'criterion': 'squared_error'}",0.605,77.92465889995219,0.9659888000460342,956.12109375,915.43359375,0.7377049180327869,0.14423076923076922,0.24128686327077747,0.5373134328358209,0.9113924050632911,0.676056338028169,0.8021505376344086,0.4554334554334554,0.5809968847352025
2,TfidfVectorizer,GradientBoosting,"{'n_estimators': 200, 'criterion': 'friedman_mse'}",0.6125,103.67689850000897,1.8603538000024855,955.48828125,916.16796875,0.71875,0.14743589743589744,0.24468085106382978,0.5443213296398892,0.904487917146145,0.6796368352788587,0.7987804878048781,0.47985347985347987,0.5995423340961098
2,TfidfVectorizer,GradientBoosting,"{'n_estimators': 200, 'criterion': 'squared_error'}",0.6125,103.37836089998018,0.961488000000827,956.29296875,938.15234375,0.71875,0.14743589743589744,0.24468085106382978,0.5443213296398892,0.904487917146145,0.6796368352788587,0.7987804878048781,0.47985347985347987,0.5995423340961098
2,TfidfVectorizer,AdaBoost,"{'n_estimators': 50, 'learning_rate': 0.01}",0.482,4.789684500021394,1.4031275999732316,954.71484375,915.90625,0.0,0.0,0.0,0.45714285714285713,0.9758342922899885,0.6226138032305433,0.8,0.14163614163614163,0.24066390041493776
2,TfidfVectorizer,AdaBoost,"{'n_estimators': 50, 'learning_rate': 0.1}",0.5265,4.815229600004386,1.4161407999927178,954.9296875,915.25390625,0.0,0.0,0.0,0.4820393974507532,0.9574223245109321,0.641233140655106,0.8065693430656934,0.2698412698412698,0.40439158279963405
2,TfidfVectorizer,AdaBoost,"{'n_estimators': 50, 'learning_rate': 1.0}",0.5545,4.813120800012257,0.9551881999941543,954.515625,937.34375,0.4240506329113924,0.21474358974358973,0.2851063829787234,0.5143472022955524,0.8250863060989643,0.6336721166593018,0.7254464285714286,0.3968253968253968,0.5130228887134964
2,TfidfVectorizer,AdaBoost,"{'n_estimators': 100, 'learning_rate': 0.01}",0.5175,8.70502779999515,0.9827843999955803,954.609375,932.88671875,0.0,0.0,0.0,0.4764872521246459,0.9677790563866513,0.6385725132877752,0.825531914893617,0.23687423687423687,0.3681214421252372
2,TfidfVectorizer,AdaBoost,"{'n_estimators': 100, 'learning_rate': 0.1}",0.5315,8.798897600034252,0.9786097999894992,954.31640625,933.0,1.0,0.003205128205128205,0.006389776357827476,0.48484848484848486,0.9574223245109321,0.6437137330754352,0.8127208480565371,0.28083028083028083,0.41742286751361163
2,TfidfVectorizer,AdaBoost,"{'n_estimators': 100, 'learning_rate': 1.0}",0.58,8.817856300040148,0.9845435000024736,954.54296875,932.9296875,0.4514285714285714,0.2532051282051282,0.324435318275154,0.5362210604929052,0.8262370540851554,0.6503623188405797,0.7469135802469136,0.4432234432234432,0.5563218390804597
2,TfidfVectorizer,AdaBoost,"{'n_estimators': 150, 'learning_rate': 0.01}",0.518,12.66185360000236,1.0046512000262737,954.27734375,915.4453125,0.0,0.0,0.0,0.4767573696145125,0.9677790563866513,0.6388150398784657,0.826271186440678,0.23809523809523808,0.3696682464454976
2,TfidfVectorizer,AdaBoost,"{'n_estimators': 150, 'learning_rate': 0.1}",0.5425,12.786861899949145,1.0198914000065997,954.53125,915.53515625,0.8181818181818182,0.028846153846153848,0.05572755417956656,0.4910394265232975,0.9459148446490219,0.6464805348014157,0.8063492063492064,0.31013431013431014,0.4479717813051146
2,TfidfVectorizer,AdaBoost,"{'n_estimators': 150, 'learning_rate': 1.0}",0.6035,12.826057200029027,1.0218217999790795,954.61328125,915.43359375,0.4918918918918919,0.2916666666666667,0.36619718309859156,0.5572100313479624,0.8181818181818182,0.6629370629370629,0.75139146567718,0.4945054945054945,0.5964653902798233
2,TfidfVectorizer,SGD,"{'alpha': 0.0001, 'penalty': 'l2'}",0.6355,0.9389551999629475,1.8088321999530308,950.8984375,917.2109375,0.6710526315789473,0.16346153846153846,0.26288659793814434,0.5695067264573991,0.8768699654775605,0.6905301314000907,0.7815699658703071,0.5592185592185592,0.6519572953736655
2,TfidfVectorizer,SGD,"{'alpha': 0.0001, 'penalty': 'l1'}",0.621,0.9476242000237107,1.818513999984134,950.8046875,917.21484375,0.6666666666666666,0.14102564102564102,0.2328042328042328,0.5532523230879199,0.8906789413118527,0.6825396825396826,0.7925233644859813,0.5177045177045178,0.6262924667651403
2,TfidfVectorizer,SGD,"{'alpha': 0.0001, 'penalty': 'elasticnet'}",0.637,1.0614417999750003,1.8186214999877848,950.71875,917.21875,0.7454545454545455,0.13141025641025642,0.22343324250681199,0.5682819383259912,0.8906789413118527,0.6938592559390407,0.7873070325900514,0.5604395604395604,0.6547788873038516
2,TfidfVectorizer,SGD,"{'alpha': 0.001, 'penalty': 'l2'}",0.601,0.885166099993512,1.3734632999985479,950.7734375,917.08203125,1.0,0.038461538461538464,0.07407407407407407,0.5374293785310734,0.8757192174913694,0.6660831509846827,0.75,0.5238095238095238,0.616822429906542
2,TfidfVectorizer,SGD,"{'alpha': 0.001, 'penalty': 'l1'}",0.5335,0.9092878000228666,1.8281251000007614,950.60546875,917.22265625,0.0,0.0,0.0,0.4861845972957084,0.9516685845799769,0.643579766536965,0.802675585284281,0.29304029304029305,0.4293381037567084
2,TfidfVectorizer,SGD,"{'alpha': 0.001, 'penalty': 'elasticnet'}",0.583,0.9327912000007927,1.8172268999624066,950.7734375,917.16796875,1.0,0.019230769230769232,0.03773584905660377,0.5250171350239891,0.8814729574223246,0.6580756013745704,0.7364485981308411,0.4810744810744811,0.5819793205317577
2,TfidfVectorizer,SGD,"{'alpha': 0.01, 'penalty': 'l2'}",0.4845,0.8772000999888405,1.8100093000102788,950.75,917.1796875,0.0,0.0,0.0,0.457235072619688,0.9781357882623706,0.6231671554252199,0.8439716312056738,0.1452991452991453,0.24791666666666667
2,TfidfVectorizer,SGD,"{'alpha': 0.01, 'penalty': 'l1'}",0.4345,0.9203540000016801,0.9422615000512451,951.4140625,951.41015625,0.0,0.0,0.0,0.4345,1.0,0.6057859881491809,0.0,0.0,0.0
2,TfidfVectorizer,SGD,"{'alpha': 0.01, 'penalty': 'elasticnet'}",0.448,0.9336726000183262,1.826964300009422,951.359375,917.4375,0.0,0.0,0.0,0.44032503809040124,0.997698504027618,0.6109936575052854,0.9354838709677419,0.03540903540903541,0.06823529411764706
2,CountVectorizer,RandomForest,"{'n_estimators': 50, 'criterion': 'gini'}",0.637,86.51983170001768,1.100508900010027,947.5078125,605.875,0.591304347826087,0.21794871794871795,0.3185011709601874,0.5846808510638298,0.7905638665132336,0.6722113502935421,0.7309859154929578,0.6336996336996337,0.6788750817527796
2,CountVectorizer,RandomForest,"{'n_estimators': 50, 'criterion': 'entropy'}",0.629,90.52384450001409,1.0879434999660589,616.4375,594.07421875,0.5431034482758621,0.20192307692307693,0.29439252336448596,0.5805647840531561,0.8043728423475259,0.6743849493487699,0.7294117647058823,0.6056166056166056,0.6617745163442295
2,CountVectorizer,RandomForest,"{'n_estimators': 50, 'criterion': 'log_loss'}",0.629,90.57865500001935,1.0915928999893367,621.234375,594.21484375,0.5431034482758621,0.20192307692307693,0.29439252336448596,0.5805647840531561,0.8043728423475259,0.6743849493487699,0.7294117647058823,0.6056166056166056,0.6617745163442295
2,CountVectorizer,RandomForest,"{'n_estimators': 100, 'criterion': 'gini'}",0.645,171.8500923999818,1.2746654999791645,797.38671875,778.2421875,0.5833333333333334,0.1794871794871795,0.27450980392156865,0.5904121110176619,0.807825086306099,0.6822157434402333,0.7440559440559441,0.6495726495726496,0.6936114732724902
2,CountVectorizer,RandomForest,"{'n_estimators': 100, 'criterion': 'entropy'}",0.626,179.4924795999541,1.2515656999894418,814.05078125,779.97265625,0.5619047619047619,0.1891025641025641,0.2829736211031175,0.5784641068447413,0.7974683544303798,0.6705370101596516,0.7173601147776184,0.6105006105006106,0.6596306068601583
2,CountVectorizer,RandomForest,"{'n_estimators': 100, 'criterion': 'log_loss'}",0.626,179.63103729998693,1.2547556000063196,817.375,784.38671875,0.5619047619047619,0.1891025641025641,0.2829736211031175,0.5784641068447413,0.7974683544303798,0.6705370101596516,0.7173601147776184,0.6105006105006106,0.6596306068601583
2,CountVectorizer,RandomForest,"{'n_estimators': 150, 'criterion': 'gini'}",0.6445,257.6508457000018,0.724217500013765,984.3203125,984.4140625,0.631578947368421,0.19230769230769232,0.29484029484029484,0.5887772194304858,0.80897583429229,0.6815317498788173,0.739803094233474,0.6422466422466423,0.6875816993464052
2,CountVectorizer,RandomForest,"{'n_estimators': 150, 'criterion': 'entropy'}",0.628,268.9879728999804,0.7050736999954097,999.0625,995.79296875,0.58,0.1858974358974359,0.2815533980582524,0.5764802631578947,0.806674338319908,0.6724220623501199,0.7266081871345029,0.6068376068376068,0.6613439787092482
2,CountVectorizer,RandomForest,"{'n_estimators': 150, 'criterion': 'log_loss'}",0.628,269.2098920000135,0.7139988000271842,1012.65625,992.046875,0.58,0.1858974358974359,0.2815533980582524,0.5764802631578947,0.806674338319908,0.6724220623501199,0.7266081871345029,0.6068376068376068,0.6613439787092482
2,CountVectorizer,SVC,"{'C': 0.1, 'kernel': 'linear'}",0.652,244.07231369998772,4.618699199985713,1305.28125,1026.5078125,0.5608465608465608,0.33974358974358976,0.4231536926147705,0.6018596787827557,0.8193325661680092,0.6939571150097466,0.7738853503184714,0.5934065934065934,0.6717346233586731
2,CountVectorizer,SVC,"{'C': 0.1, 'kernel': 'rbf'}",0.534,298.80795719998423,6.816126299963798,1286.6171875,1029.52734375,0.0,0.0,0.0,0.4858156028368794,0.9459148446490219,0.6419367434595861,0.7987012987012987,0.30036630036630035,0.43655723158828746
2,CountVectorizer,SVC,"{'C': 0.1, 'kernel': 'sigmoid'}",0.5745,155.1504051000229,5.276949799968861,1237.39453125,1028.29296875,0.2833333333333333,0.05448717948717949,0.0913978494623656,0.5252525252525253,0.8975834292289988,0.6627017841971113,0.7736263736263737,0.4297924297924298,0.5525902668759811
2,CountVectorizer,SVC,"{'C': 1, 'kernel': 'linear'}",0.6185,1369.739329700009,4.3545120999915525,1320.22265625,1020.9140625,0.5020080321285141,0.40064102564102566,0.44563279857397503,0.5855018587360595,0.7249712313003452,0.6478149100257069,0.7140740740740741,0.5885225885225885,0.6452476572958501
2,CountVectorizer,SVC,"{'C': 1, 'kernel': 'rbf'}",0.6485,447.0327469999902,6.530874099989887,1296.42578125,1024.8515625,0.6,0.23076923076923078,0.3333333333333333,0.5853080568720379,0.8527042577675489,0.6941451990632318,0.7882736156351792,0.590964590964591,0.6755059316120028
2,CountVectorizer,SVC,"{'C': 1, 'kernel': 'sigmoid'}",0.6015,145.88290619995678,4.322385999956168,1243.59375,1014.17578125,0.40239043824701193,0.32371794871794873,0.35879218472468916,0.5780141843971631,0.7502876869965478,0.6529794692038057,0.7246376811594203,0.5494505494505495,0.625
2,CountVectorizer,SVC,"{'C': 10, 'kernel': 'linear'}",0.579,4147.425511400041,4.00703669997165,1362.4765625,1020.21484375,0.40443213296398894,0.46794871794871795,0.4338781575037147,0.5836065573770491,0.6144994246260069,0.5986547085201793,0.6602209944751382,0.5836385836385837,0.6195722618276086
2,CountVectorizer,SVC,"{'C': 10, 'kernel': 'rbf'}",0.651,748.8678899999941,6.755563799990341,1264.4296875,1026.359375,0.5672514619883041,0.3108974358974359,0.40165631469979296,0.6044247787610619,0.7859608745684695,0.6833416708354177,0.7467811158798283,0.6373626373626373,0.6877470355731226
2,CountVectorizer,SVC,"{'C': 10, 'kernel': 'sigmoid'}",0.5525,232.18615429999772,3.6913377000018954,1258.78515625,1019.484375,0.3242009132420091,0.4551282051282051,0.37866666666666665,0.5745164960182025,0.5811277330264673,0.5778032036613272,0.6705710102489019,0.5592185592185592,0.6098535286284953
2,CountVectorizer,MultinomialNB,{'alpha': 0.01},0.5775,0.8502501000184566,1.8618172000278719,1013.33984375,972.04296875,0.43853820598006643,0.4230769230769231,0.43066884176182707,0.5699152542372882,0.619102416570771,0.5934914506343077,0.6423841059602649,0.5921855921855922,0.6162642947903431
2,CountVectorizer,MultinomialNB,{'alpha': 0.1},0.5955,0.8465871000080369,1.8651483999565244,1011.32421875,970.51171875,0.45723684210526316,0.44551282051282054,0.4512987012987013,0.5894621295279913,0.61795166858458,0.6033707865168539,0.6560509554140127,0.6288156288156288,0.64214463840399
2,CountVectorizer,MultinomialNB,{'alpha': 1.0},0.6205,0.8323017000220716,1.828385700006038,1009.54296875,969.921875,0.558282208588957,0.2916666666666667,0.3831578947368421,0.5989795918367347,0.6754890678941312,0.6349378042184964,0.6569428238039673,0.6874236874236874,0.6718377088305489
2,CountVectorizer,LogisticRegression,"{'C': 0.1, 'penalty': 'l2'}",0.6455,1.876773800002411,1.8253238999750465,1048.76953125,969.82421875,0.541095890410959,0.2532051282051282,0.34497816593886466,0.5975715524718127,0.7928653624856157,0.6815034619188922,0.746077032810271,0.6385836385836385,0.6881578947368421
2,CountVectorizer,LogisticRegression,"{'C': 1, 'penalty': 'l2'}",0.6355,3.318331099988427,1.8432136000483297,1048.12109375,969.90234375,0.5566502463054187,0.36217948717948717,0.4388349514563107,0.5988805970149254,0.7387802071346375,0.6615146831530139,0.7117241379310345,0.63003663003663,0.6683937823834197
2,CountVectorizer,LogisticRegression,"{'C': 10, 'penalty': 'l2'}",0.597,5.733151599997655,1.3898362999898382,1048.11328125,969.80859375,0.5041322314049587,0.391025641025641,0.4404332129963899,0.5649663137632339,0.6754890678941312,0.6153039832285115,0.674547983310153,0.5921855921855922,0.6306892067620286
2,CountVectorizer,KNeighbors,"{'n_neighbors': 3, 'algorithm': 'ball_tree'}",0.4805,0.8069876999943517,1.9187068999744952,1006.97265625,2277.14453125,0.22950819672131148,0.1346153846153846,0.1696969696969697,0.4846390168970814,0.7261219792865362,0.5812989405803777,0.5592233009708738,0.3516483516483517,0.431784107946027
2,CountVectorizer,KNeighbors,"{'n_neighbors': 3, 'algorithm': 'kd_tree'}",0.4805,0.8109285000246018,1.7511317000025883,1009.76171875,2311.2578125,0.22950819672131148,0.1346153846153846,0.1696969696969697,0.4846390168970814,0.7261219792865362,0.5812989405803777,0.5592233009708738,0.3516483516483517,0.431784107946027
2,CountVectorizer,KNeighbors,"{'n_neighbors': 3, 'algorithm': 'brute'}",0.4805,0.8242321000434458,1.788575399958063,1008.0078125,2315.62109375,0.22950819672131148,0.1346153846153846,0.1696969696969697,0.4846390168970814,0.7261219792865362,0.5812989405803777,0.5592233009708738,0.3516483516483517,0.431784107946027
2,CountVectorizer,KNeighbors,"{'n_neighbors': 5, 'algorithm': 'ball_tree'}",0.4865,0.8157791999983601,1.7941571000264958,1009.6484375,2332.46875,0.2875,0.07371794871794872,0.11734693877551021,0.47039030955585465,0.8043728423475259,0.5936305732484076,0.5783410138248848,0.3064713064713065,0.40063846767757383
2,CountVectorizer,KNeighbors,"{'n_neighbors': 5, 'algorithm': 'kd_tree'}",0.4865,0.8116486999788322,1.7649528000038117,1009.88671875,2337.171875,0.2875,0.07371794871794872,0.11734693877551021,0.47039030955585465,0.8043728423475259,0.5936305732484076,0.5783410138248848,0.3064713064713065,0.40063846767757383
2,CountVectorizer,KNeighbors,"{'n_neighbors': 5, 'algorithm': 'brute'}",0.4865,0.8234172000084072,1.8046266000019386,1009.05859375,2314.3984375,0.2875,0.07371794871794872,0.11734693877551021,0.47039030955585465,0.8043728423475259,0.5936305732484076,0.5783410138248848,0.3064713064713065,0.40063846767757383
2,CountVectorizer,KNeighbors,"{'n_neighbors': 7, 'algorithm': 'ball_tree'}",0.4855,0.8196941000060178,1.7673322000191547,1009.8984375,2359.20703125,0.2765957446808511,0.041666666666666664,0.07242339832869081,0.46601941747572817,0.8285385500575374,0.5965202982601492,0.5833333333333334,0.2905982905982906,0.38793806030969846
2,CountVectorizer,KNeighbors,"{'n_neighbors': 7, 'algorithm': 'kd_tree'}",0.4855,0.8181178999948315,1.7917008000076748,1005.421875,2339.66796875,0.2765957446808511,0.041666666666666664,0.07242339832869081,0.46601941747572817,0.8285385500575374,0.5965202982601492,0.5833333333333334,0.2905982905982906,0.38793806030969846
2,CountVectorizer,KNeighbors,"{'n_neighbors': 7, 'algorithm': 'brute'}",0.4855,0.8208336000097916,1.7913730000145733,1009.7734375,2347.02734375,0.2765957446808511,0.041666666666666664,0.07242339832869081,0.46601941747572817,0.8285385500575374,0.5965202982601492,0.5833333333333334,0.2905982905982906,0.38793806030969846
2,CountVectorizer,DecisionTree,"{'criterion': 'gini', 'max_features': 'sqrt'}",0.5195,3.542661399987992,1.3897761999978684,1010.56640625,972.7734375,0.33076923076923076,0.27564102564102566,0.3006993006993007,0.5307203389830508,0.5765247410817032,0.5526751241036956,0.5678391959798995,0.5518925518925519,0.5597523219814241
2,CountVectorizer,DecisionTree,"{'criterion': 'gini', 'max_features': 'log2'}",0.4535,4.522473499993794,1.3734939999994822,1015.88671875,973.43359375,0.2248995983935743,0.1794871794871795,0.19964349376114082,0.4752688172043011,0.5086306098964327,0.4913841022790439,0.4981729598051157,0.4993894993894994,0.49878048780487805
2,CountVectorizer,DecisionTree,"{'criterion': 'gini', 'max_features': None}",0.5805,22.098517600039486,1.3850100000272505,1015.265625,983.87890625,0.3803921568627451,0.3108974358974359,0.3421516754850088,0.5774647887323944,0.6605293440736478,0.6162104133118625,0.6524633821571239,0.5982905982905983,0.6242038216560509
2,CountVectorizer,DecisionTree,"{'criterion': 'entropy', 'max_features': 'sqrt'}",0.5315,3.849177600000985,1.8104233000194654,1009.23046875,972.7578125,0.3471698113207547,0.2948717948717949,0.3188908145580589,0.5370762711864406,0.5834292289988493,0.5592939878654164,0.5865992414664981,0.5665445665445665,0.5763975155279503
2,CountVectorizer,DecisionTree,"{'criterion': 'entropy', 'max_features': 'log2'}",0.466,4.64268390001962,1.811907900031656,1019.23828125,973.65625,0.2719033232628399,0.28846153846153844,0.27993779160186627,0.5017103762827823,0.5063291139240507,0.5040091638029782,0.5075757575757576,0.4908424908424908,0.49906890130353815
2,CountVectorizer,DecisionTree,"{'criterion': 'entropy', 'max_features': None}",0.5675,18.92273859999841,1.8118523000157438,1015.41796875,969.25390625,0.3793103448275862,0.3173076923076923,0.34554973821989526,0.5662525879917184,0.6294591484464902,0.5961852861035423,0.6326002587322122,0.5970695970695971,0.614321608040201
2,CountVectorizer,DecisionTree,"{'criterion': 'log_loss', 'max_features': 'sqrt'}",0.5315,3.8490729999612086,1.8221550000016578,1009.3828125,972.64453125,0.3471698113207547,0.2948717948717949,0.3188908145580589,0.5370762711864406,0.5834292289988493,0.5592939878654164,0.5865992414664981,0.5665445665445665,0.5763975155279503
2,CountVectorizer,DecisionTree,"{'criterion': 'log_loss', 'max_features': 'log2'}",0.466,4.7434502999531105,1.3849213999928907,1019.3359375,973.453125,0.2719033232628399,0.28846153846153844,0.27993779160186627,0.5017103762827823,0.5063291139240507,0.5040091638029782,0.5075757575757576,0.4908424908424908,0.49906890130353815
2,CountVectorizer,DecisionTree,"{'criterion': 'log_loss', 'max_features': None}",0.5675,18.906393599987496,1.828359699982684,1015.34375,968.546875,0.3793103448275862,0.3173076923076923,0.34554973821989526,0.5662525879917184,0.6294591484464902,0.5961852861035423,0.6326002587322122,0.5970695970695971,0.614321608040201
2,CountVectorizer,GradientBoosting,"{'n_estimators': 100, 'criterion': 'friedman_mse'}",0.5875,24.840511600021273,1.3851678000064567,1012.125,969.69921875,0.7142857142857143,0.09615384615384616,0.1694915254237288,0.5228758169934641,0.9205983889528193,0.6669445602334306,0.8060747663551402,0.42124542124542125,0.5533279871692061
2,CountVectorizer,GradientBoosting,"{'n_estimators': 100, 'criterion': 'squared_error'}",0.5875,24.8822402000078,1.374848400009796,1012.25390625,969.6015625,0.7142857142857143,0.09615384615384616,0.1694915254237288,0.5228758169934641,0.9205983889528193,0.6669445602334306,0.8060747663551402,0.42124542124542125,0.5533279871692061
2,CountVectorizer,GradientBoosting,"{'n_estimators': 150, 'criterion': 'friedman_mse'}",0.604,36.72838499996578,1.85807700001169,1012.5625,970.0859375,0.6774193548387096,0.1346153846153846,0.22459893048128343,0.5369993211133741,0.9102416570771001,0.6754910333048676,0.8064516129032258,0.45787545787545786,0.5841121495327103
2,CountVectorizer,GradientBoosting,"{'n_estimators': 150, 'criterion': 'squared_error'}",0.604,36.841541400004644,0.9524638999719173,1012.546875,970.07421875,0.6774193548387096,0.1346153846153846,0.22459893048128343,0.5369993211133741,0.9102416570771001,0.6754910333048676,0.8064516129032258,0.45787545787545786,0.5841121495327103
2,CountVectorizer,GradientBoosting,"{'n_estimators': 200, 'criterion': 'friedman_mse'}",0.609,48.709479000011925,1.4036720999865793,1012.48828125,969.66015625,0.6266666666666667,0.15064102564102563,0.24289405684754523,0.5423611111111111,0.8987341772151899,0.6764833261152013,0.8041237113402062,0.47619047619047616,0.598159509202454
2,CountVectorizer,GradientBoosting,"{'n_estimators': 200, 'criterion': 'squared_error'}",0.609,48.573327200021595,1.3922325000166893,1012.58203125,970.13671875,0.6266666666666667,0.15064102564102563,0.24289405684754523,0.5423611111111111,0.8987341772151899,0.6764833261152013,0.8041237113402062,0.47619047619047616,0.598159509202454
2,CountVectorizer,AdaBoost,"{'n_estimators': 50, 'learning_rate': 0.01}",0.482,2.924460000009276,1.4244420999893919,1009.16015625,970.0546875,0.0,0.0,0.0,0.45709660010793307,0.9746835443037974,0.6223365172667157,0.7959183673469388,0.14285714285714285,0.2422360248447205
2,CountVectorizer,AdaBoost,"{'n_estimators': 50, 'learning_rate': 0.1}",0.526,2.9715156000456773,1.4067077999934554,1008.35546875,970.0234375,0.0,0.0,0.0,0.481717933836332,0.9551208285385501,0.6404320987654321,0.8014440433212996,0.27106227106227104,0.4051094890510949
2,CountVectorizer,AdaBoost,"{'n_estimators': 50, 'learning_rate': 1.0}",0.5565,2.9998104000114836,1.406312400009483,1008.10546875,969.3671875,0.4230769230769231,0.21153846153846154,0.28205128205128205,0.5152158527954707,0.8377445339470656,0.6380368098159509,0.740139211136891,0.3894993894993895,0.5104
2,CountVectorizer,AdaBoost,"{'n_estimators': 100, 'learning_rate': 0.01}",0.5175,5.065008899953682,0.9824124000151642,1007.8671875,969.23828125,0.0,0.0,0.0,0.47643384440658715,0.9654775604142692,0.6380228136882129,0.8200836820083682,0.23931623931623933,0.3705103969754253
2,CountVectorizer,AdaBoost,"{'n_estimators': 100, 'learning_rate': 0.1}",0.5305,5.227976199996192,0.989161100005731,1007.87890625,969.2421875,0.5,0.003205128205128205,0.006369426751592357,0.4842289719626168,0.953970080552359,0.642386671832623,0.8076923076923077,0.28205128205128205,0.41809954751131223
2,CountVectorizer,AdaBoost,"{'n_estimators': 100, 'learning_rate': 1.0}",0.5885,5.176852000004146,0.9817136999918148,1007.875,969.1796875,0.47023809523809523,0.2532051282051282,0.32916666666666666,0.540340488527017,0.8400460299194477,0.6576576576576577,0.7650727650727651,0.44932844932844934,0.5661538461538461
2,CountVectorizer,AdaBoost,"{'n_estimators': 150, 'learning_rate': 0.01}",0.5175,7.2402828999911435,1.0035554000060074,1007.83203125,969.09765625,0.0,0.0,0.0,0.47643384440658715,0.9654775604142692,0.6380228136882129,0.8200836820083682,0.23931623931623933,0.3705103969754253
2,CountVectorizer,AdaBoost,"{'n_estimators': 150, 'learning_rate': 0.1}",0.5405,7.3740211999975145,1.003340199997183,1007.70703125,969.140625,0.8,0.02564102564102564,0.049689440993788817,0.4898688915375447,0.9459148446490219,0.6454652532391049,0.8044871794871795,0.3064713064713065,0.4438549955791335
2,CountVectorizer,AdaBoost,"{'n_estimators': 150, 'learning_rate': 1.0}",0.602,7.383144000021275,0.9982859999872744,1007.80078125,969.16796875,0.46285714285714286,0.25961538461538464,0.3326488706365503,0.554001554001554,0.8204833141542003,0.6614100185528757,0.7620817843866171,0.5006105006105006,0.604274134119381
2,CountVectorizer,SGD,"{'alpha': 0.0001, 'penalty': 'l2'}",0.6445,1.1051252000033855,1.3637348999618553,1007.87109375,970.50390625,0.5879120879120879,0.34294871794871795,0.4331983805668016,0.5965217391304348,0.7894131185270425,0.6795443288756811,0.7425149700598802,0.6056166056166056,0.6671149966375253
2,CountVectorizer,SGD,"{'alpha': 0.0001, 'penalty': 'l1'}",0.6465,1.2913937999983318,1.8049885000218637,1008.97265625,970.51953125,0.5733333333333334,0.27564102564102566,0.3722943722943723,0.5955334987593052,0.8285385500575374,0.6929740134744947,0.7597503900156006,0.5946275946275946,0.6671232876712329
2,CountVectorizer,SGD,"{'alpha': 0.0001, 'penalty': 'elasticnet'}",0.6455,1.5345943999709561,1.8033147999667563,1009.02734375,970.5,0.5609756097560976,0.2948717948717949,0.3865546218487395,0.59846547314578,0.807825086306099,0.6875612144955926,0.7496229260935143,0.6068376068376068,0.6707152496626181
2,CountVectorizer,SGD,"{'alpha': 0.001, 'penalty': 'l2'}",0.6425,0.9432203000178561,1.8287859999691136,1008.98828125,970.57421875,0.6666666666666666,0.1858974358974359,0.2907268170426065,0.5769522365428355,0.8757192174913694,0.6956124314442413,0.7845117845117845,0.568986568986569,0.659589525831564
2,CountVectorizer,SGD,"{'alpha': 0.001, 'penalty': 'l1'}",0.5765,0.952293100010138,1.800656599982176,1009.0625,970.63671875,0.76,0.060897435897435896,0.11275964391691394,0.5166453265044815,0.9286536248561565,0.6639243109831345,0.7917675544794189,0.3992673992673993,0.5308441558441559
2,CountVectorizer,SGD,"{'alpha': 0.001, 'penalty': 'elasticnet'}",0.618,1.031122999964282,1.801819600048475,1008.96484375,970.40234375,0.6140350877192983,0.11217948717948718,0.1897018970189702,0.5537366548042705,0.8952819332566168,0.6842568161829375,0.7862453531598513,0.5164835164835165,0.6234340456890199
2,CountVectorizer,SGD,"{'alpha': 0.01, 'penalty': 'l2'}",0.58,0.8953031999990344,1.379325299989432,1008.84765625,970.46875,0.8,0.038461538461538464,0.07339449541284404,0.5193075898801598,0.8975834292289988,0.6579502319696331,0.7619047619047619,0.44932844932844934,0.565284178187404
2,CountVectorizer,SGD,"{'alpha': 0.01, 'penalty': 'l1'}",0.502,0.9197612999705598,1.8037501000217162,1008.90234375,970.5,0.0,0.0,0.0,0.467525195968645,0.9608745684695051,0.6290018832391714,0.7897196261682243,0.20634920634920634,0.32720232333010646
2,CountVectorizer,SGD,"{'alpha': 0.01, 'penalty': 'elasticnet'}",0.541,0.9300144000444561,1.7928523999871686,1008.9140625,970.421875,0.8,0.01282051282051282,0.025236593059936908,0.49231714812538413,0.9217491369390104,0.6418269230769231,0.7527173913043478,0.33821733821733824,0.4667228306655434
3,TfidfVectorizer,RandomForest,"{'n_estimators': 50, 'criterion': 'gini'}",0.628,72.1619381000055,1.1087599000311457,1008.34765625,587.2109375,0.5520833333333334,0.16987179487179488,0.25980392156862747,0.5760065735414954,0.806674338319908,0.6720997123681688,0.7307132459970888,0.612942612942613,0.6666666666666666
3,TfidfVectorizer,RandomForest,"{'n_estimators': 50, 'criterion': 'entropy'}",0.6185,75.50288519996684,1.0870910999947228,596.10546875,595.125,0.5614035087719298,0.20512820512820512,0.3004694835680751,0.5648369132856006,0.8170310701956272,0.6679209783631233,0.7360890302066773,0.5653235653235653,0.6395027624309392
3,TfidfVectorizer,RandomForest,"{'n_estimators': 50, 'criterion': 'log_loss'}",0.6185,75.53308120003203,1.0913758999668062,605.6796875,594.8828125,0.5614035087719298,0.20512820512820512,0.3004694835680751,0.5648369132856006,0.8170310701956272,0.6679209783631233,0.7360890302066773,0.5653235653235653,0.6395027624309392
3,TfidfVectorizer,RandomForest,"{'n_estimators': 100, 'criterion': 'gini'}",0.629,142.8510017999797,1.2986313999863341,755.35546875,755.015625,0.5714285714285714,0.16666666666666666,0.25806451612903225,0.5725871857258719,0.812428078250863,0.6717411988582302,0.7396449704142012,0.6105006105006106,0.6688963210702341
3,TfidfVectorizer,RandomForest,"{'n_estimators': 100, 'criterion': 'entropy'}",0.628,149.94943470001454,1.2497889999649487,773.3359375,773.45703125,0.5688073394495413,0.1987179487179487,0.29453681710213775,0.5722266560255387,0.8250863060989643,0.6757775683317625,0.7476489028213166,0.5824175824175825,0.6547700754975978
3,TfidfVectorizer,RandomForest,"{'n_estimators': 100, 'criterion': 'log_loss'}",0.628,149.7949193000095,1.2616982000181451,787.2890625,769.609375,0.5688073394495413,0.1987179487179487,0.29453681710213775,0.5722266560255387,0.8250863060989643,0.6757775683317625,0.7476489028213166,0.5824175824175825,0.6547700754975978
3,TfidfVectorizer,RandomForest,"{'n_estimators': 150, 'criterion': 'gini'}",0.635,213.40988799999468,0.745631100027822,925.73828125,925.76953125,0.6144578313253012,0.16346153846153846,0.2582278481012658,0.578264395782644,0.8204833141542003,0.6784015223596574,0.7397660818713451,0.6178266178266179,0.6733200266134398
3,TfidfVectorizer,RandomForest,"{'n_estimators': 150, 'criterion': 'entropy'}",0.6355,224.41014110000106,0.7113918999675661,947.875,948.00390625,0.5922330097087378,0.1955128205128205,0.29397590361445786,0.5774760383386581,0.8319907940161104,0.6817538896746818,0.7550387596899225,0.5946275946275946,0.6653005464480874
3,TfidfVectorizer,RandomForest,"{'n_estimators': 150, 'criterion': 'log_loss'}",0.6355,224.50064829998882,0.7066683999728411,962.28515625,948.23046875,0.5922330097087378,0.1955128205128205,0.29397590361445786,0.5774760383386581,0.8319907940161104,0.6817538896746818,0.7550387596899225,0.5946275946275946,0.6653005464480874
3,TfidfVectorizer,SVC,"{'C': 0.1, 'kernel': 'linear'}",0.5835,185.37755599996308,5.28226230002474,1198.18359375,970.08203125,0.7142857142857143,0.03205128205128205,0.06134969325153374,0.5198973042362003,0.9321058688147296,0.6674907292954264,0.8107476635514018,0.4236874236874237,0.5565356856455493
3,TfidfVectorizer,SVC,"{'C': 0.1, 'kernel': 'rbf'}",0.5115,273.763531900011,6.937593000009656,1225.36328125,963.5234375,0.0,0.0,0.0,0.4719416386083053,0.9677790563866513,0.6344775556393814,0.8348623853211009,0.2222222222222222,0.3510125361620058
3,TfidfVectorizer,SVC,"{'C': 0.1, 'kernel': 'sigmoid'}",0.583,185.71686609997414,5.434680000005756,1183.51953125,963.33203125,0.7692307692307693,0.03205128205128205,0.06153846153846154,0.5192061459667093,0.9332566168009206,0.667215137803373,0.8117647058823529,0.42124542124542125,0.5546623794212219
3,TfidfVectorizer,SVC,"{'C': 1, 'kernel': 'linear'}",0.6445,288.69424570002593,4.767037099984009,1262.81640625,970.53125,0.5520833333333334,0.33974358974358976,0.42063492063492064,0.5956006768189509,0.810126582278481,0.6864943929790346,0.7651757188498403,0.5848595848595849,0.6629757785467129
3,TfidfVectorizer,SVC,"{'C': 1, 'kernel': 'rbf'}",0.644,452.3283761999919,6.614950800023507,1229.48828125,971.54296875,0.6302521008403361,0.2403846153846154,0.3480278422273782,0.5796875,0.85385500575374,0.6905537459283387,0.78369384359401,0.575091575091575,0.6633802816901408
3,TfidfVectorizer,SVC,"{'C': 1, 'kernel': 'sigmoid'}",0.6445,336.2258365000016,4.733866100024898,1206.86328125,968.38671875,0.5524861878453039,0.32051282051282054,0.4056795131845842,0.5959595959595959,0.8147295742232451,0.6883811375789985,0.7622820919175911,0.5873015873015873,0.663448275862069
3,TfidfVectorizer,SVC,"{'C': 10, 'kernel': 'linear'}",0.5995,1316.6657228999538,4.473624299978837,1269.4921875,968.80859375,0.47719298245614034,0.4358974358974359,0.4556113902847571,0.5735009671179884,0.6823935558112774,0.6232264844981608,0.6901615271659325,0.5738705738705738,0.6266666666666667
3,TfidfVectorizer,SVC,"{'C': 10, 'kernel': 'rbf'}",0.6465,666.1415551999817,6.816528299998026,1204.60546875,978.5546875,0.5757575757575758,0.30448717948717946,0.39832285115303984,0.5950342465753424,0.7997698504027618,0.6823760432007855,0.7541229385307346,0.6141636141636142,0.676985195154778
3,TfidfVectorizer,SVC,"{'C': 10, 'kernel': 'sigmoid'}",0.594,1686.2289869000087,3.9991954999859445,1274.95703125,965.91796875,0.4479166666666667,0.41346153846153844,0.43,0.5688509021842355,0.6892980437284235,0.6233090530697191,0.6980273141122914,0.5616605616605617,0.6224627875507442
3,TfidfVectorizer,MultinomialNB,{'alpha': 0.01},0.5605,0.8475997999776155,1.7891428000293672,956.04296875,920.390625,0.48936170212765956,0.2948717948717949,0.368,0.5335786568537259,0.667433831990794,0.5930470347648262,0.6193103448275862,0.5482295482295483,0.5816062176165803
3,TfidfVectorizer,MultinomialNB,{'alpha': 0.1},0.587,0.8220894999685697,1.801606900000479,959.17578125,920.5703125,0.5934959349593496,0.23397435897435898,0.335632183908046,0.549645390070922,0.713463751438435,0.6209313970956435,0.6421895861148198,0.5873015873015873,0.6135204081632653
3,TfidfVectorizer,MultinomialNB,{'alpha': 1.0},0.597,0.8137402000138536,1.8049022000050172,958.2734375,920.48046875,1.0,0.016025641025641024,0.031545741324921134,0.5454545454545454,0.8147295742232451,0.6534379326257499,0.6901004304160688,0.5873015873015873,0.6345646437994723
3,TfidfVectorizer,LogisticRegression,"{'C': 0.1, 'penalty': 'l2'}",0.6215,1.5445261999848299,1.36956670001382,989.77734375,946.2109375,0.8518518518518519,0.07371794871794872,0.13569321533923304,0.5537010159651669,0.8780207134637514,0.6791277258566978,0.7680672268907563,0.557997557997558,0.6463932107496464
3,TfidfVectorizer,LogisticRegression,"{'C': 1, 'penalty': 'l2'}",0.651,2.739756499999203,1.3682953999959864,990.73046875,920.37109375,0.5957446808510638,0.2692307692307692,0.3708609271523179,0.5989804587935429,0.8112773302646721,0.6891495601173021,0.7521994134897361,0.6263736263736264,0.6835443037974683
3,TfidfVectorizer,LogisticRegression,"{'C': 10, 'penalty': 'l2'}",0.6195,4.4704989999881946,1.3779983999556862,990.1171875,920.46875,0.5621890547263682,0.36217948717948717,0.4405458089668616,0.578268876611418,0.7226697353279632,0.6424552429667519,0.6984572230014026,0.608058608058608,0.6501305483028721
3,TfidfVectorizer,KNeighbors,"{'n_neighbors': 3, 'algorithm': 'ball_tree'}",0.504,0.8159469999955036,1.8377091999864206,957.43359375,2295.76171875,0.2979452054794521,0.27884615384615385,0.28807947019867547,0.5230296827021494,0.5880322209436134,0.5536294691224268,0.560875512995896,0.5006105006105006,0.5290322580645161
3,TfidfVectorizer,KNeighbors,"{'n_neighbors': 3, 'algorithm': 'kd_tree'}",0.504,0.8216210000100546,1.7438980000442825,959.671875,2274.44140625,0.2979452054794521,0.27884615384615385,0.28807947019867547,0.5230296827021494,0.5880322209436134,0.5536294691224268,0.560875512995896,0.5006105006105006,0.5290322580645161
3,TfidfVectorizer,KNeighbors,"{'n_neighbors': 3, 'algorithm': 'brute'}",0.504,0.8221921999938786,1.7162756000179797,955.40234375,2227.64453125,0.2979452054794521,0.27884615384615385,0.28807947019867547,0.5230296827021494,0.5880322209436134,0.5536294691224268,0.560875512995896,0.5006105006105006,0.5290322580645161
3,TfidfVectorizer,KNeighbors,"{'n_neighbors': 5, 'algorithm': 'ball_tree'}",0.537,0.8328996999771334,1.7236755000194535,959.55859375,2307.7265625,0.384180790960452,0.21794871794871795,0.278118609406953,0.5251544571932921,0.6846950517836594,0.5944055944055944,0.5956521739130435,0.5018315018315018,0.5447316103379721
3,TfidfVectorizer,KNeighbors,"{'n_neighbors': 5, 'algorithm': 'kd_tree'}",0.537,0.8278793999925256,1.7081317999982275,955.46875,2120.640625,0.384180790960452,0.21794871794871795,0.278118609406953,0.5251544571932921,0.6846950517836594,0.5944055944055944,0.5956521739130435,0.5018315018315018,0.5447316103379721
3,TfidfVectorizer,KNeighbors,"{'n_neighbors': 5, 'algorithm': 'brute'}",0.537,0.8317839999799617,1.761594099982176,959.5625,2267.40234375,0.384180790960452,0.21794871794871795,0.278118609406953,0.5251544571932921,0.6846950517836594,0.5944055944055944,0.5956521739130435,0.5018315018315018,0.5447316103379721
3,TfidfVectorizer,KNeighbors,"{'n_neighbors': 7, 'algorithm': 'ball_tree'}",0.543,0.8195813999627717,1.718286600022111,955.47265625,2141.05078125,0.4076923076923077,0.16987179487179488,0.2398190045248869,0.5257192676547515,0.6939010356731876,0.5982142857142857,0.5947441217150761,0.525030525030525,0.5577172503242542
3,TfidfVectorizer,KNeighbors,"{'n_neighbors': 7, 'algorithm': 'kd_tree'}",0.543,0.8262114999815822,1.7507946999976411,959.6875,2264.13671875,0.4076923076923077,0.16987179487179488,0.2398190045248869,0.5257192676547515,0.6939010356731876,0.5982142857142857,0.5947441217150761,0.525030525030525,0.5577172503242542
3,TfidfVectorizer,KNeighbors,"{'n_neighbors': 7, 'algorithm': 'brute'}",0.543,0.8285348999779671,1.706510599993635,955.46875,2149.91015625,0.4076923076923077,0.16987179487179488,0.2398190045248869,0.5257192676547515,0.6939010356731876,0.5982142857142857,0.5947441217150761,0.525030525030525,0.5577172503242542
3,TfidfVectorizer,DecisionTree,"{'criterion': 'gini', 'max_features': 'sqrt'}",0.512,3.0019271000055596,1.8153880000463687,962.88671875,922.52734375,0.28363636363636363,0.25,0.2657580919931857,0.5239085239085239,0.5799769850402762,0.5505188421627526,0.5792922673656619,0.5396825396825397,0.5587863463969659
3,TfidfVectorizer,DecisionTree,"{'criterion': 'gini', 'max_features': 'log2'}",0.469,3.2048490999732167,1.3902172000380233,966.56640625,923.52734375,0.3287037037037037,0.22756410256410256,0.2689393939393939,0.48451548451548454,0.5581127733026467,0.5187165775401069,0.4878671775223499,0.46642246642246643,0.4769038701622971
3,TfidfVectorizer,DecisionTree,"{'criterion': 'gini', 'max_features': None}",0.5585,27.791262099985033,1.8000143999815919,963.328125,919.15625,0.38866396761133604,0.3076923076923077,0.3434704830053667,0.5534274193548387,0.6317606444188723,0.5900053734551316,0.6202365308804205,0.5763125763125763,0.5974683544303797
3,TfidfVectorizer,DecisionTree,"{'criterion': 'entropy', 'max_features': 'sqrt'}",0.489,3.0864436999545433,1.8027412999654189,957.56640625,922.484375,0.31,0.2980769230769231,0.30392156862745096,0.49897119341563784,0.5581127733026467,0.5268875611080934,0.5494505494505495,0.4884004884004884,0.5171299288946348
3,TfidfVectorizer,DecisionTree,"{'criterion': 'entropy', 'max_features': 'log2'}",0.455,3.362832700018771,1.8240590000059456,966.02734375,923.4453125,0.2797427652733119,0.27884615384615385,0.27929373996789725,0.4819532908704883,0.522439585730725,0.5013804527885146,0.4939759036144578,0.45054945054945056,0.47126436781609193
3,TfidfVectorizer,DecisionTree,"{'criterion': 'entropy', 'max_features': None}",0.5455,25.703118299948983,1.3806521999649704,968.78515625,933.8671875,0.38144329896907214,0.3557692307692308,0.3681592039800995,0.5422177009155646,0.6133486766398158,0.5755939524838013,0.6157024793388429,0.5457875457875457,0.5786407766990291
3,TfidfVectorizer,DecisionTree,"{'criterion': 'log_loss', 'max_features': 'sqrt'}",0.489,3.255639099981636,1.810637799964752,956.1640625,922.42578125,0.31,0.2980769230769231,0.30392156862745096,0.49897119341563784,0.5581127733026467,0.5268875611080934,0.5494505494505495,0.4884004884004884,0.5171299288946348
3,TfidfVectorizer,DecisionTree,"{'criterion': 'log_loss', 'max_features': 'log2'}",0.455,3.5103646000497974,0.9405205000075512,965.65234375,945.0625,0.2797427652733119,0.27884615384615385,0.27929373996789725,0.4819532908704883,0.522439585730725,0.5013804527885146,0.4939759036144578,0.45054945054945056,0.47126436781609193
3,TfidfVectorizer,DecisionTree,"{'criterion': 'log_loss', 'max_features': None}",0.5455,25.350772400037386,1.8170755000319332,968.5,919.36328125,0.38144329896907214,0.3557692307692308,0.3681592039800995,0.5422177009155646,0.6133486766398158,0.5755939524838013,0.6157024793388429,0.5457875457875457,0.5786407766990291
3,TfidfVectorizer,GradientBoosting,"{'n_estimators': 100, 'criterion': 'friedman_mse'}",0.5855,52.4523275999818,1.3902422999963164,964.75,941.94921875,0.7441860465116279,0.10256410256410256,0.18028169014084508,0.5228161668839635,0.9228998849252014,0.6674989596337911,0.7966903073286052,0.41147741147741146,0.5426731078904992
3,TfidfVectorizer,GradientBoosting,"{'n_estimators': 100, 'criterion': 'squared_error'}",0.5855,52.13728050002828,1.4038964999490418,964.328125,941.9140625,0.7441860465116279,0.10256410256410256,0.18028169014084508,0.5228161668839635,0.9228998849252014,0.6674989596337911,0.7966903073286052,0.41147741147741146,0.5426731078904992
3,TfidfVectorizer,GradientBoosting,"{'n_estimators': 150, 'criterion': 'friedman_mse'}",0.602,78.04653390002204,1.4009594999952242,964.1875,920.13671875,0.7368421052631579,0.1346153846153846,0.22764227642276422,0.5345060893098782,0.9090909090909091,0.6731998295696634,0.8,0.4542124542124542,0.5794392523364486
3,TfidfVectorizer,GradientBoosting,"{'n_estimators': 150, 'criterion': 'squared_error'}",0.602,77.79304660001071,1.4012481999816373,964.5546875,941.3984375,0.7368421052631579,0.1346153846153846,0.22764227642276422,0.5345060893098782,0.9090909090909091,0.6731998295696634,0.8,0.4542124542124542,0.5794392523364486
3,TfidfVectorizer,GradientBoosting,"{'n_estimators': 200, 'criterion': 'friedman_mse'}",0.614,102.31406820000848,1.4076370000257157,964.69140625,920.25,0.7058823529411765,0.15384615384615385,0.25263157894736843,0.5456445993031359,0.9010356731875719,0.6796875,0.7987927565392354,0.48473748473748474,0.6033434650455927
3,TfidfVectorizer,GradientBoosting,"{'n_estimators': 200, 'criterion': 'squared_error'}",0.614,103.3326993000228,1.3966370000271127,964.46875,920.0546875,0.7058823529411765,0.15384615384615385,0.25263157894736843,0.5456445993031359,0.9010356731875719,0.6796875,0.7987927565392354,0.48473748473748474,0.6033434650455927
3,TfidfVectorizer,AdaBoost,"{'n_estimators': 50, 'learning_rate': 0.01}",0.482,4.743733899958897,1.4085953999892808,959.32421875,919.578125,0.0,0.0,0.0,0.45714285714285713,0.9758342922899885,0.6226138032305433,0.8,0.14163614163614163,0.24066390041493776
3,TfidfVectorizer,AdaBoost,"{'n_estimators': 50, 'learning_rate': 0.1}",0.5265,4.817200999998022,1.4070134999928996,958.58984375,919.671875,0.0,0.0,0.0,0.4820393974507532,0.9574223245109321,0.641233140655106,0.8065693430656934,0.2698412698412698,0.40439158279963405
3,TfidfVectorizer,AdaBoost,"{'n_estimators': 50, 'learning_rate': 1.0}",0.5545,4.810284200008027,0.9681363999843597,958.85546875,941.1328125,0.4240506329113924,0.21474358974358973,0.2851063829787234,0.5143472022955524,0.8250863060989643,0.6336721166593018,0.7254464285714286,0.3968253968253968,0.5130228887134964
3,TfidfVectorizer,AdaBoost,"{'n_estimators': 100, 'learning_rate': 0.01}",0.5175,8.689058899995871,0.9879473999608308,959.1171875,937.2265625,0.0,0.0,0.0,0.4764872521246459,0.9677790563866513,0.6385725132877752,0.825531914893617,0.23687423687423687,0.3681214421252372
3,TfidfVectorizer,AdaBoost,"{'n_estimators': 100, 'learning_rate': 0.1}",0.5315,8.796600400004536,0.9841955000301823,958.94921875,937.234375,1.0,0.003205128205128205,0.006389776357827476,0.48484848484848486,0.9574223245109321,0.6437137330754352,0.8127208480565371,0.28083028083028083,0.41742286751361163
3,TfidfVectorizer,AdaBoost,"{'n_estimators': 100, 'learning_rate': 1.0}",0.58,8.933662199997343,0.9868495000409894,958.77734375,941.39453125,0.4514285714285714,0.2532051282051282,0.324435318275154,0.5362210604929052,0.8262370540851554,0.6503623188405797,0.7469135802469136,0.4432234432234432,0.5563218390804597
3,TfidfVectorizer,AdaBoost,"{'n_estimators': 150, 'learning_rate': 0.01}",0.518,12.65472019999288,1.0155154999811202,958.8671875,919.40234375,0.0,0.0,0.0,0.4767573696145125,0.9677790563866513,0.6388150398784657,0.826271186440678,0.23809523809523808,0.3696682464454976
3,TfidfVectorizer,AdaBoost,"{'n_estimators': 150, 'learning_rate': 0.1}",0.5425,12.79076200001873,1.0095668000285514,957.94921875,919.05859375,0.8181818181818182,0.028846153846153848,0.05572755417956656,0.4910394265232975,0.9459148446490219,0.6464805348014157,0.8063492063492064,0.31013431013431014,0.4479717813051146
3,TfidfVectorizer,AdaBoost,"{'n_estimators': 150, 'learning_rate': 1.0}",0.6035,12.792040099971928,1.0097863000119105,958.546875,919.17578125,0.4918918918918919,0.2916666666666667,0.36619718309859156,0.5572100313479624,0.8181818181818182,0.6629370629370629,0.75139146567718,0.4945054945054945,0.5964653902798233
3,TfidfVectorizer,SGD,"{'alpha': 0.0001, 'penalty': 'l2'}",0.6385,0.9265471000107937,1.360652500006836,955.86328125,920.03125,0.6986301369863014,0.16346153846153846,0.2649350649350649,0.5717488789237668,0.8803222094361335,0.6932487539646579,0.7826825127334465,0.5628815628815629,0.6548295454545454
3,TfidfVectorizer,SGD,"{'alpha': 0.0001, 'penalty': 'l1'}",0.62,0.9737781000440009,1.8045723999966867,955.984375,920.14453125,0.671875,0.13782051282051283,0.22872340425531915,0.5532523230879199,0.8906789413118527,0.6825396825396826,0.7877094972067039,0.5164835164835165,0.6238938053097345
3,TfidfVectorizer,SGD,"{'alpha': 0.0001, 'penalty': 'elasticnet'}",0.637,1.0532997999689542,1.8029486000305042,955.9296875,920.19140625,0.7592592592592593,0.13141025641025642,0.22404371584699453,0.5685840707964602,0.8872266973532796,0.6930337078651685,0.7830508474576271,0.5641025641025641,0.6557842441447835
3,TfidfVectorizer,SGD,"{'alpha': 0.001, 'penalty': 'l2'}",0.6,0.8849795999703929,1.3706405000411905,955.97265625,920.15625,1.0,0.035256410256410256,0.06811145510835913,0.5370501058574453,0.8757192174913694,0.6657917760279966,0.7482517482517482,0.5225885225885226,0.6153846153846154
3,TfidfVectorizer,SGD,"{'alpha': 0.001, 'penalty': 'l1'}",0.534,0.9133015999686904,1.3888915000134148,956.0,920.15625,0.0,0.0,0.0,0.4868421052631579,0.9367088607594937,0.6406926406926406,0.7767584097859327,0.31013431013431014,0.4432809773123909
3,TfidfVectorizer,SGD,"{'alpha': 0.001, 'penalty': 'elasticnet'}",0.5825,0.958954099973198,1.3734267000108957,955.94140625,920.17578125,1.0,0.019230769230769232,0.03773584905660377,0.5250171350239891,0.8814729574223246,0.6580756013745704,0.7345794392523365,0.47985347985347987,0.5805022156573116
3,TfidfVectorizer,SGD,"{'alpha': 0.01, 'penalty': 'l2'}",0.497,0.8906705999979749,1.8092089999699965,955.95703125,920.14453125,0.0,0.0,0.0,0.463855421686747,0.9746835443037974,0.6285714285714286,0.8448275862068966,0.1794871794871795,0.29607250755287007
3,TfidfVectorizer,SGD,"{'alpha': 0.01, 'penalty': 'l1'}",0.4345,0.9245124000008218,1.372898300003726,955.98828125,920.15234375,0.0,0.0,0.0,0.4345,1.0,0.6057859881491809,0.0,0.0,0.0
3,TfidfVectorizer,SGD,"{'alpha': 0.01, 'penalty': 'elasticnet'}",0.4495,0.924366099992767,1.3750588999828324,955.9375,920.19921875,0.0,0.0,0.0,0.44104134762633995,0.9942462600690449,0.611032531824611,0.875,0.042735042735042736,0.08149010477299184
3,CountVectorizer,RandomForest,"{'n_estimators': 50, 'criterion': 'gini'}",0.624,86.17580769996857,1.1067807999788783,955.83203125,608.34765625,0.5670103092783505,0.1762820512820513,0.26894865525672373,0.570957095709571,0.7963176064441887,0.6650648726573762,0.7250361794500724,0.6117216117216118,0.6635761589403973
3,CountVectorizer,RandomForest,"{'n_estimators': 50, 'criterion': 'entropy'}",0.624,90.28676780004753,1.0914674999658018,616.56640625,595.828125,0.59375,0.18269230769230768,0.27941176470588236,0.5724815724815725,0.8043728423475259,0.6688995215311004,0.7203513909224012,0.6007326007326007,0.6551264980026631
3,CountVectorizer,RandomForest,"{'n_estimators': 50, 'criterion': 'log_loss'}",0.624,90.16219730000012,1.0923218000098132,622.97265625,590.6171875,0.59375,0.18269230769230768,0.27941176470588236,0.5724815724815725,0.8043728423475259,0.6688995215311004,0.7203513909224012,0.6007326007326007,0.6551264980026631
3,CountVectorizer,RandomForest,"{'n_estimators': 100, 'criterion': 'gini'}",0.639,171.67442360002315,1.2641225999686867,794.3359375,794.7890625,0.6483516483516484,0.1891025641025641,0.29280397022332505,0.5847953216374269,0.8055235903337169,0.6776379477250726,0.7289325842696629,0.6336996336996337,0.6779882429784455
3,CountVectorizer,RandomForest,"{'n_estimators': 100, 'criterion': 'entropy'}",0.635,179.55995870003244,1.2456309999688528,814.5703125,803.99609375,0.5961538461538461,0.1987179487179487,0.2980769230769231,0.580327868852459,0.8147295742232451,0.6778362853039732,0.7396449704142012,0.6105006105006106,0.6688963210702341
3,CountVectorizer,RandomForest,"{'n_estimators': 100, 'criterion': 'log_loss'}",0.635,179.76102500001434,1.2394057999481447,824.8515625,803.9609375,0.5961538461538461,0.1987179487179487,0.2980769230769231,0.580327868852459,0.8147295742232451,0.6778362853039732,0.7396449704142012,0.6105006105006106,0.6688963210702341
3,CountVectorizer,RandomForest,"{'n_estimators': 150, 'criterion': 'gini'}",0.644,256.7639433000004,0.7281078000087291,982.29296875,982.36328125,0.6129032258064516,0.18269230769230768,0.2814814814814815,0.5902602854743912,0.80897583429229,0.6825242718446602,0.7374301675977654,0.6446886446886447,0.6879478827361564
3,CountVectorizer,RandomForest,"{'n_estimators': 150, 'criterion': 'entropy'}",0.639,268.27674729999853,0.7036950999754481,1001.20703125,992.4375,0.5773195876288659,0.1794871794871795,0.27383863080684595,0.584703947368421,0.8181818181818182,0.6820143884892086,0.7438136826783115,0.6239316239316239,0.6786188579017264
3,CountVectorizer,RandomForest,"{'n_estimators': 150, 'criterion': 'log_loss'}",0.639,269.69819299998926,0.7105220999801531,1011.828125,997.48828125,0.5773195876288659,0.1794871794871795,0.27383863080684595,0.584703947368421,0.8181818181818182,0.6820143884892086,0.7438136826783115,0.6239316239316239,0.6786188579017264
3,CountVectorizer,SVC,"{'C': 0.1, 'kernel': 'linear'}",0.652,244.00803590001306,4.598176400002558,1311.67578125,1032.05078125,0.5608465608465608,0.33974358974358976,0.4231536926147705,0.6018596787827557,0.8193325661680092,0.6939571150097466,0.7738853503184714,0.5934065934065934,0.6717346233586731
3,CountVectorizer,SVC,"{'C': 0.1, 'kernel': 'rbf'}",0.534,297.16889440000523,6.805246600008104,1294.23828125,1025.3203125,0.0,0.0,0.0,0.4858156028368794,0.9459148446490219,0.6419367434595861,0.7987012987012987,0.30036630036630035,0.43655723158828746
3,CountVectorizer,SVC,"{'C': 0.1, 'kernel': 'sigmoid'}",0.5745,155.11266690003686,5.285406000039075,1233.984375,1024.6484375,0.2833333333333333,0.05448717948717949,0.0913978494623656,0.5252525252525253,0.8975834292289988,0.6627017841971113,0.7736263736263737,0.4297924297924298,0.5525902668759811
3,CountVectorizer,SVC,"{'C': 1, 'kernel': 'linear'}",0.6185,1370.6075912999804,4.419999799982179,1325.27734375,1022.38671875,0.5020080321285141,0.40064102564102566,0.44563279857397503,0.5855018587360595,0.7249712313003452,0.6478149100257069,0.7140740740740741,0.5885225885225885,0.6452476572958501
3,CountVectorizer,SVC,"{'C': 1, 'kernel': 'rbf'}",0.6485,448.8183638000046,6.565830200037453,1297.3359375,1025.5078125,0.6,0.23076923076923078,0.3333333333333333,0.5853080568720379,0.8527042577675489,0.6941451990632318,0.7882736156351792,0.590964590964591,0.6755059316120028
3,CountVectorizer,SVC,"{'C': 1, 'kernel': 'sigmoid'}",0.6015,146.32494720001705,4.355741599982139,1244.56640625,1023.03515625,0.40239043824701193,0.32371794871794873,0.35879218472468916,0.5780141843971631,0.7502876869965478,0.6529794692038057,0.7246376811594203,0.5494505494505495,0.625
3,CountVectorizer,SVC,"{'C': 10, 'kernel': 'linear'}",0.579,4149.852424499986,3.999074599996675,1362.625,1022.34375,0.40443213296398894,0.46794871794871795,0.4338781575037147,0.5836065573770491,0.6144994246260069,0.5986547085201793,0.6602209944751382,0.5836385836385837,0.6195722618276086
3,CountVectorizer,SVC,"{'C': 10, 'kernel': 'rbf'}",0.651,772.2050603000098,6.839434799971059,1262.59765625,1027.171875,0.5672514619883041,0.3108974358974359,0.40165631469979296,0.6044247787610619,0.7859608745684695,0.6833416708354177,0.7467811158798283,0.6373626373626373,0.6877470355731226
3,CountVectorizer,SVC,"{'C': 10, 'kernel': 'sigmoid'}",0.5525,232.8343960000202,3.6692639000248164,1258.90625,1017.65625,0.3242009132420091,0.4551282051282051,0.37866666666666665,0.5745164960182025,0.5811277330264673,0.5778032036613272,0.6705710102489019,0.5592185592185592,0.6098535286284953
3,CountVectorizer,MultinomialNB,{'alpha': 0.01},0.5775,0.8393282999750227,1.4021278999862261,1009.8984375,969.9765625,0.43853820598006643,0.4230769230769231,0.43066884176182707,0.5699152542372882,0.619102416570771,0.5934914506343077,0.6423841059602649,0.5921855921855922,0.6162642947903431
3,CountVectorizer,MultinomialNB,{'alpha': 0.1},0.5955,0.8324710000306368,1.3893625999917276,1012.19140625,968.64453125,0.45723684210526316,0.44551282051282054,0.4512987012987013,0.5894621295279913,0.61795166858458,0.6033707865168539,0.6560509554140127,0.6288156288156288,0.64214463840399
3,CountVectorizer,MultinomialNB,{'alpha': 1.0},0.6205,0.8302765000262298,1.3862812999868765,1009.3125,967.4140625,0.558282208588957,0.2916666666666667,0.3831578947368421,0.5989795918367347,0.6754890678941312,0.6349378042184964,0.6569428238039673,0.6874236874236874,0.6718377088305489
3,CountVectorizer,LogisticRegression,"{'C': 0.1, 'penalty': 'l2'}",0.6455,1.932043300010264,1.8424289000104181,1048.078125,967.4921875,0.541095890410959,0.2532051282051282,0.34497816593886466,0.5975715524718127,0.7928653624856157,0.6815034619188922,0.746077032810271,0.6385836385836385,0.6881578947368421
3,CountVectorizer,LogisticRegression,"{'C': 1, 'penalty': 'l2'}",0.6355,3.385692099982407,1.8387195999966934,1050.234375,967.4921875,0.5566502463054187,0.36217948717948717,0.4388349514563107,0.5988805970149254,0.7387802071346375,0.6615146831530139,0.7117241379310345,0.63003663003663,0.6683937823834197
3,CountVectorizer,LogisticRegression,"{'C': 10, 'penalty': 'l2'}",0.597,5.900446699990425,1.8443868999602273,1050.8828125,967.125,0.5041322314049587,0.391025641025641,0.4404332129963899,0.5649663137632339,0.6754890678941312,0.6153039832285115,0.674547983310153,0.5921855921855922,0.6306892067620286
3,CountVectorizer,KNeighbors,"{'n_neighbors': 3, 'algorithm': 'ball_tree'}",0.4805,0.8272890000371262,1.9319899999536574,1009.66796875,2319.73046875,0.22950819672131148,0.1346153846153846,0.1696969696969697,0.4846390168970814,0.7261219792865362,0.5812989405803777,0.5592233009708738,0.3516483516483517,0.431784107946027
3,CountVectorizer,KNeighbors,"{'n_neighbors': 3, 'algorithm': 'kd_tree'}",0.4805,0.8668995999614708,1.82512409996707,1010.9765625,2290.73828125,0.22950819672131148,0.1346153846153846,0.1696969696969697,0.4846390168970814,0.7261219792865362,0.5812989405803777,0.5592233009708738,0.3516483516483517,0.431784107946027
3,CountVectorizer,KNeighbors,"{'n_neighbors': 3, 'algorithm': 'brute'}",0.4805,0.863618899951689,1.8013366000377573,1009.6015625,2345.12109375,0.22950819672131148,0.1346153846153846,0.1696969696969697,0.4846390168970814,0.7261219792865362,0.5812989405803777,0.5592233009708738,0.3516483516483517,0.431784107946027
3,CountVectorizer,KNeighbors,"{'n_neighbors': 5, 'algorithm': 'ball_tree'}",0.4865,0.8436137000098825,1.8379845999879763,1010.48046875,2254.8984375,0.2875,0.07371794871794872,0.11734693877551021,0.47039030955585465,0.8043728423475259,0.5936305732484076,0.5783410138248848,0.3064713064713065,0.40063846767757383
3,CountVectorizer,KNeighbors,"{'n_neighbors': 5, 'algorithm': 'kd_tree'}",0.4865,0.8518797000288032,1.8307810999685898,1009.328125,2283.5859375,0.2875,0.07371794871794872,0.11734693877551021,0.47039030955585465,0.8043728423475259,0.5936305732484076,0.5783410138248848,0.3064713064713065,0.40063846767757383
3,CountVectorizer,KNeighbors,"{'n_neighbors': 5, 'algorithm': 'brute'}",0.4865,0.8458987000049092,1.8053911999450065,1010.890625,2343.828125,0.2875,0.07371794871794872,0.11734693877551021,0.47039030955585465,0.8043728423475259,0.5936305732484076,0.5783410138248848,0.3064713064713065,0.40063846767757383
3,CountVectorizer,KNeighbors,"{'n_neighbors': 7, 'algorithm': 'ball_tree'}",0.4855,0.8438033999991603,1.8457960999803618,1009.0625,2239.91796875,0.2765957446808511,0.041666666666666664,0.07242339832869081,0.46601941747572817,0.8285385500575374,0.5965202982601492,0.5833333333333334,0.2905982905982906,0.38793806030969846
3,CountVectorizer,KNeighbors,"{'n_neighbors': 7, 'algorithm': 'kd_tree'}",0.4855,0.8359644000302069,1.8270096000051126,1010.86328125,2299.5,0.2765957446808511,0.041666666666666664,0.07242339832869081,0.46601941747572817,0.8285385500575374,0.5965202982601492,0.5833333333333334,0.2905982905982906,0.38793806030969846
3,CountVectorizer,KNeighbors,"{'n_neighbors': 7, 'algorithm': 'brute'}",0.4855,0.859081199974753,1.8015482000191696,1009.5,2322.0859375,0.2765957446808511,0.041666666666666664,0.07242339832869081,0.46601941747572817,0.8285385500575374,0.5965202982601492,0.5833333333333334,0.2905982905982906,0.38793806030969846
3,CountVectorizer,DecisionTree,"{'criterion': 'gini', 'max_features': 'sqrt'}",0.521,3.7773059000028297,1.8576224999851547,1010.8046875,970.12890625,0.3157894736842105,0.28846153846153844,0.3015075376884422,0.5329218106995884,0.5960874568469505,0.5627376425855514,0.5841184387617766,0.5299145299145299,0.5556978233034571
3,CountVectorizer,DecisionTree,"{'criterion': 'gini', 'max_features': 'log2'}",0.463,4.7722915999474935,1.8737606999929994,1014.3984375,970.97265625,0.30434782608695654,0.2916666666666667,0.2978723404255319,0.4868571428571429,0.4902186421173763,0.48853211009174313,0.49515738498789347,0.4993894993894994,0.4972644376899696
3,CountVectorizer,DecisionTree,"{'criterion': 'gini', 'max_features': None}",0.5835,21.74340990005294,1.856710199965164,1015.16015625,966.52734375,0.39299610894941633,0.32371794871794873,0.35500878734622143,0.5803842264914054,0.6605293440736478,0.6178686759956943,0.6525198938992043,0.6007326007326007,0.6255562619198983
3,CountVectorizer,DecisionTree,"{'criterion': 'entropy', 'max_features': 'sqrt'}",0.5075,3.7795323000173084,1.4235946999979205,1011.49609375,970.2421875,0.32926829268292684,0.25961538461538464,0.2903225806451613,0.501937984496124,0.5960874568469505,0.5449763282482903,0.5761772853185596,0.5079365079365079,0.5399091499026606
3,CountVectorizer,DecisionTree,"{'criterion': 'entropy', 'max_features': 'log2'}",0.4735,4.8781390999793075,1.8523786999867298,1014.74609375,970.9140625,0.30851063829787234,0.27884615384615385,0.29292929292929293,0.4978401727861771,0.5304948216340621,0.5136490250696378,0.5037878787878788,0.48717948717948717,0.49534450651769085
3,CountVectorizer,DecisionTree,"{'criterion': 'entropy', 'max_features': None}",0.5735,18.94782619999023,1.8246765999938361,1015.37109375,966.72265625,0.37547892720306514,0.3141025641025641,0.34205933682373474,0.572,0.6582278481012658,0.6120920278223649,0.645466847090663,0.5824175824175825,0.6123234916559692
3,CountVectorizer,DecisionTree,"{'criterion': 'log_loss', 'max_features': 'sqrt'}",0.5075,3.690934300015215,1.8236189999734052,1012.1875,970.1484375,0.32926829268292684,0.25961538461538464,0.2903225806451613,0.501937984496124,0.5960874568469505,0.5449763282482903,0.5761772853185596,0.5079365079365079,0.5399091499026606
3,CountVectorizer,DecisionTree,"{'criterion': 'log_loss', 'max_features': 'log2'}",0.4735,4.662052700005006,1.3788763000047766,1016.51953125,970.9609375,0.30851063829787234,0.27884615384615385,0.29292929292929293,0.4978401727861771,0.5304948216340621,0.5136490250696378,0.5037878787878788,0.48717948717948717,0.49534450651769085
3,CountVectorizer,DecisionTree,"{'criterion': 'log_loss', 'max_features': None}",0.5735,18.982471099996474,0.9629026000038721,1014.8359375,981.2734375,0.37547892720306514,0.3141025641025641,0.34205933682373474,0.572,0.6582278481012658,0.6120920278223649,0.645466847090663,0.5824175824175825,0.6123234916559692
3,CountVectorizer,GradientBoosting,"{'n_estimators': 100, 'criterion': 'friedman_mse'}",0.5825,25.016416800033767,1.390792499994859,1013.0859375,989.578125,0.6666666666666666,0.09615384615384616,0.16806722689075632,0.5205211726384364,0.9194476409666283,0.6647254575707154,0.8,0.41025641025641024,0.5423728813559322
3,CountVectorizer,GradientBoosting,"{'n_estimators': 100, 'criterion': 'squared_error'}",0.5825,25.118148699984886,1.385783099976834,1010.43359375,918.60546875,0.6666666666666666,0.09615384615384616,0.16806722689075632,0.5205211726384364,0.9194476409666283,0.6647254575707154,0.8,0.41025641025641024,0.5423728813559322
3,CountVectorizer,GradientBoosting,"{'n_estimators': 150, 'criterion': 'friedman_mse'}",0.601,37.20275320002111,1.3943777999957092,964.91796875,918.94140625,0.6666666666666666,0.1346153846153846,0.224,0.5344594594594595,0.9102416570771001,0.6734780757769263,0.8074398249452954,0.45054945054945056,0.5783699059561128
3,CountVectorizer,GradientBoosting,"{'n_estimators': 150, 'criterion': 'squared_error'}",0.601,37.252115199982654,1.8530368999927305,965.54296875,918.96484375,0.6666666666666666,0.1346153846153846,0.224,0.5344594594594595,0.9102416570771001,0.6734780757769263,0.8074398249452954,0.45054945054945056,0.5783699059561128
3,CountVectorizer,GradientBoosting,"{'n_estimators': 200, 'criterion': 'friedman_mse'}",0.611,49.38812479999615,1.4086534000234678,964.78125,918.70703125,0.6266666666666667,0.15064102564102563,0.24289405684754523,0.54375,0.9010356731875719,0.6782156777825898,0.8082474226804124,0.47863247863247865,0.6012269938650306
3,CountVectorizer,GradientBoosting,"{'n_estimators': 200, 'criterion': 'squared_error'}",0.611,49.30646809999598,0.9570966000319459,964.78125,940.08984375,0.6266666666666667,0.15064102564102563,0.24289405684754523,0.54375,0.9010356731875719,0.6782156777825898,0.8082474226804124,0.47863247863247865,0.6012269938650306
3,CountVectorizer,AdaBoost,"{'n_estimators': 50, 'learning_rate': 0.01}",0.482,2.9671247000223957,1.4224402999971062,962.90234375,919.078125,0.0,0.0,0.0,0.45709660010793307,0.9746835443037974,0.6223365172667157,0.7959183673469388,0.14285714285714285,0.2422360248447205
3,CountVectorizer,AdaBoost,"{'n_estimators': 50, 'learning_rate': 0.1}",0.526,3.0135353000368923,0.9621766000054777,963.05078125,939.57421875,0.0,0.0,0.0,0.481717933836332,0.9551208285385501,0.6404320987654321,0.8014440433212996,0.27106227106227104,0.4051094890510949
3,CountVectorizer,AdaBoost,"{'n_estimators': 50, 'learning_rate': 1.0}",0.5565,3.0234077000059187,0.9989980000536889,962.984375,917.66796875,0.4230769230769231,0.21153846153846154,0.28205128205128205,0.5152158527954707,0.8377445339470656,0.6380368098159509,0.740139211136891,0.3894993894993895,0.5104
3,CountVectorizer,AdaBoost,"{'n_estimators': 100, 'learning_rate': 0.01}",0.5175,5.131805100012571,0.9889264999656007,963.125,917.66796875,0.0,0.0,0.0,0.47643384440658715,0.9654775604142692,0.6380228136882129,0.8200836820083682,0.23931623931623933,0.3705103969754253
3,CountVectorizer,AdaBoost,"{'n_estimators': 100, 'learning_rate': 0.1}",0.5305,5.225861599959899,0.9832884999923408,962.8359375,917.83984375,0.5,0.003205128205128205,0.006369426751592357,0.4842289719626168,0.953970080552359,0.642386671832623,0.8076923076923077,0.28205128205128205,0.41809954751131223
3,CountVectorizer,AdaBoost,"{'n_estimators': 100, 'learning_rate': 1.0}",0.5885,5.250999900046736,0.9868693000171334,963.05078125,917.5546875,0.47023809523809523,0.2532051282051282,0.32916666666666666,0.540340488527017,0.8400460299194477,0.6576576576576577,0.7650727650727651,0.44932844932844934,0.5661538461538461
3,CountVectorizer,AdaBoost,"{'n_estimators': 150, 'learning_rate': 0.01}",0.5175,7.327043600031175,1.0169761999859475,962.375,917.66796875,0.0,0.0,0.0,0.47643384440658715,0.9654775604142692,0.6380228136882129,0.8200836820083682,0.23931623931623933,0.3705103969754253
3,CountVectorizer,AdaBoost,"{'n_estimators': 150, 'learning_rate': 0.1}",0.5405,7.4346543999854475,1.0229528999770992,962.65234375,917.70703125,0.8,0.02564102564102564,0.049689440993788817,0.4898688915375447,0.9459148446490219,0.6454652532391049,0.8044871794871795,0.3064713064713065,0.4438549955791335
3,CountVectorizer,AdaBoost,"{'n_estimators': 150, 'learning_rate': 1.0}",0.602,7.436437500000466,1.0122569000232033,961.953125,917.4921875,0.46285714285714286,0.25961538461538464,0.3326488706365503,0.554001554001554,0.8204833141542003,0.6614100185528757,0.7620817843866171,0.5006105006105006,0.604274134119381
3,CountVectorizer,SGD,"{'alpha': 0.0001, 'penalty': 'l2'}",0.6455,1.1023142999620177,1.7969267999869771,962.71484375,919.25390625,0.5634517766497462,0.3557692307692308,0.4361493123772102,0.6024955436720143,0.7779056386651323,0.6790557508789553,0.7400881057268722,0.6153846153846154,0.672
3,CountVectorizer,SGD,"{'alpha': 0.0001, 'penalty': 'l1'}",0.641,1.3034402999910526,1.8163181000272743,962.74609375,919.015625,0.5734265734265734,0.26282051282051283,0.36043956043956044,0.58679706601467,0.8285385500575374,0.6870229007633588,0.7619047619047619,0.5860805860805861,0.6625258799171843
3,CountVectorizer,SGD,"{'alpha': 0.0001, 'penalty': 'elasticnet'}",0.647,1.5377254000050016,1.3753084000200033,962.72265625,932.0703125,0.5524861878453039,0.32051282051282054,0.4056795131845842,0.6006944444444444,0.7963176064441887,0.6848095002474023,0.7526236881559221,0.612942612942613,0.6756393001345895
3,CountVectorizer,SGD,"{'alpha': 0.001, 'penalty': 'l2'}",0.645,0.951475300011225,1.369162300019525,962.49609375,918.7890625,0.6404494382022472,0.18269230769230768,0.28428927680798005,0.5803503427265804,0.8768699654775605,0.6984417965169569,0.7876254180602007,0.575091575091575,0.6647847565278758
3,CountVectorizer,SGD,"{'alpha': 0.001, 'penalty': 'l1'}",0.5815,0.9616730000125244,1.801315999997314,962.49609375,919.0859375,0.6363636363636364,0.0673076923076923,0.12173913043478261,0.5210084033613446,0.9275028768699655,0.6672185430463576,0.8,0.41025641025641024,0.5423728813559322
3,CountVectorizer,SGD,"{'alpha': 0.001, 'penalty': 'elasticnet'}",0.6155,1.06401409994578,1.3716447999468073,962.53515625,918.9296875,0.6296296296296297,0.10897435897435898,0.18579234972677597,0.5520169851380042,0.8975834292289988,0.6836108676599474,0.7823639774859287,0.5091575091575091,0.6168639053254438
3,CountVectorizer,SGD,"{'alpha': 0.01, 'penalty': 'l2'}",0.5805,0.8985568999778479,1.3797637000097893,962.6640625,918.7734375,0.9230769230769231,0.038461538461538464,0.07384615384615385,0.5198653198653199,0.8883774453394706,0.6559048428207307,0.750996015936255,0.4603174603174603,0.570779712339137
3,CountVectorizer,SGD,"{'alpha': 0.01, 'penalty': 'l1'}",0.5055,0.9368201999459416,1.8334449999965727,962.64453125,919.12109375,0.0,0.0,0.0,0.46933033202025887,0.9597238204833142,0.6303854875283447,0.7937219730941704,0.21611721611721613,0.3397312859884837
3,CountVectorizer,SGD,"{'alpha': 0.01, 'penalty': 'elasticnet'}",0.5415,0.9554956000065431,1.3731962000019848,962.734375,918.890625,0.75,0.009615384615384616,0.0189873417721519,0.49287925696594426,0.9159953970080552,0.6409017713365539,0.7454068241469817,0.34676434676434675,0.47333333333333333
5,TfidfVectorizer,RandomForest,"{'n_estimators': 50, 'criterion': 'gini'}",0.627,72.23630259995116,1.1116198999807239,962.30859375,524.0703125,0.5510204081632653,0.17307692307692307,0.2634146341463415,0.5714285714285714,0.8055235903337169,0.6685768863419294,0.7385524372230429,0.6105006105006106,0.6684491978609626
5,TfidfVectorizer,RandomForest,"{'n_estimators': 50, 'criterion': 'entropy'}",0.6165,75.71120109996991,1.0918566000182182,533.73828125,533.1875,0.6210526315789474,0.1891025641025641,0.28992628992628994,0.561014263074485,0.8147295742232451,0.664476771468794,0.7247278382581649,0.568986568986569,0.6374829001367989
5,TfidfVectorizer,RandomForest,"{'n_estimators': 50, 'criterion': 'log_loss'}",0.6165,76.03182679996826,1.1010561999864876,543.66796875,531.5625,0.6210526315789474,0.1891025641025641,0.28992628992628994,0.561014263074485,0.8147295742232451,0.664476771468794,0.7247278382581649,0.568986568986569,0.6374829001367989
5,TfidfVectorizer,RandomForest,"{'n_estimators': 100, 'criterion': 'gini'}",0.63,143.38690730003873,1.2962387000443414,693.98046875,694.125,0.6235294117647059,0.16987179487179488,0.26700251889168763,0.5723524656426839,0.8147295742232451,0.6723646723646723,0.7359882005899705,0.6092796092796092,0.6666666666666666
5,TfidfVectorizer,RandomForest,"{'n_estimators': 100, 'criterion': 'entropy'}",0.62,150.42053770000348,1.2673946000286378,709.4609375,707.85546875,0.6,0.17307692307692307,0.26865671641791045,0.5627466456195738,0.8204833141542003,0.6676029962546817,0.7356143079315708,0.5775335775335775,0.6470588235294118
5,TfidfVectorizer,RandomForest,"{'n_estimators': 100, 'criterion': 'log_loss'}",0.62,150.5862803000491,1.2673292999970727,726.4140625,707.734375,0.6,0.17307692307692307,0.26865671641791045,0.5627466456195738,0.8204833141542003,0.6676029962546817,0.7356143079315708,0.5775335775335775,0.6470588235294118
5,TfidfVectorizer,RandomForest,"{'n_estimators': 150, 'criterion': 'gini'}",0.6275,214.408824299986,0.7477007000125013,852.515625,852.375,0.6235294117647059,0.16987179487179488,0.26700251889168763,0.57085346215781,0.8158803222094362,0.6717195641875888,0.7325408618127786,0.6019536019536019,0.660857908847185
5,TfidfVectorizer,RandomForest,"{'n_estimators': 150, 'criterion': 'entropy'}",0.624,225.79319870000472,0.7160224000108428,884.37890625,884.54296875,0.6043956043956044,0.1762820512820513,0.2729528535980149,0.566904196357878,0.8239355581127733,0.6716697936210131,0.7383900928792569,0.5824175824175825,0.6511945392491467
5,TfidfVectorizer,RandomForest,"{'n_estimators': 150, 'criterion': 'log_loss'}",0.624,226.22607700002845,0.7164353000116535,900.984375,884.54296875,0.6043956043956044,0.1762820512820513,0.2729528535980149,0.566904196357878,0.8239355581127733,0.6716697936210131,0.7383900928792569,0.5824175824175825,0.6511945392491467
5,TfidfVectorizer,SVC,"{'C': 0.1, 'kernel': 'linear'}",0.5835,193.36448170000222,5.350475599989295,1136.10546875,917.765625,0.7142857142857143,0.03205128205128205,0.06134969325153374,0.5198973042362003,0.9321058688147296,0.6674907292954264,0.8107476635514018,0.4236874236874237,0.5565356856455493
5,TfidfVectorizer,SVC,"{'C': 0.1, 'kernel': 'rbf'}",0.5115,281.43367820000276,7.898125100007746,1173.1328125,918.78515625,0.0,0.0,0.0,0.4719416386083053,0.9677790563866513,0.6344775556393814,0.8348623853211009,0.2222222222222222,0.3510125361620058
5,TfidfVectorizer,SVC,"{'C': 0.1, 'kernel': 'sigmoid'}",0.583,190.27113959996495,5.522287499974482,1127.99609375,910.0390625,0.7692307692307693,0.03205128205128205,0.06153846153846154,0.5192061459667093,0.9332566168009206,0.667215137803373,0.8117647058823529,0.42124542124542125,0.5546623794212219
5,TfidfVectorizer,SVC,"{'C': 1, 'kernel': 'linear'}",0.6445,306.41420030000154,4.93247210001573,1170.703125,741.47265625,0.5520833333333334,0.33974358974358976,0.42063492063492064,0.5956006768189509,0.810126582278481,0.6864943929790346,0.7651757188498403,0.5848595848595849,0.6629757785467129
5,TfidfVectorizer,SVC,"{'C': 1, 'kernel': 'rbf'}",0.644,474.2747148000053,6.883138999983203,1002.22265625,737.89453125,0.6302521008403361,0.2403846153846154,0.3480278422273782,0.5796875,0.85385500575374,0.6905537459283387,0.78369384359401,0.575091575091575,0.6633802816901408
5,TfidfVectorizer,SVC,"{'C': 1, 'kernel': 'sigmoid'}",0.6445,356.857814899995,4.926832799974363,969.4921875,727.640625,0.5524861878453039,0.32051282051282054,0.4056795131845842,0.5959595959595959,0.8147295742232451,0.6883811375789985,0.7622820919175911,0.5873015873015873,0.663448275862069
5,TfidfVectorizer,SVC,"{'C': 10, 'kernel': 'linear'}",0.5995,1359.6274431999773,4.68728769995505,968.39453125,185.49609375,0.47719298245614034,0.4358974358974359,0.4556113902847571,0.5735009671179884,0.6823935558112774,0.6232264844981608,0.6901615271659325,0.5738705738705738,0.6266666666666667
5,TfidfVectorizer,SVC,"{'C': 10, 'kernel': 'rbf'}",0.6465,707.7541270000511,7.490087600017432,421.77734375,194.578125,0.5757575757575758,0.30448717948717946,0.39832285115303984,0.5950342465753424,0.7997698504027618,0.6823760432007855,0.7541229385307346,0.6141636141636142,0.676985195154778
5,TfidfVectorizer,SVC,"{'C': 10, 'kernel': 'sigmoid'}",0.594,1763.824553900049,4.051356200012378,492.68359375,181.71875,0.4479166666666667,0.41346153846153844,0.43,0.5688509021842355,0.6892980437284235,0.6233090530697191,0.6980273141122914,0.5616605616605617,0.6224627875507442
5,TfidfVectorizer,MultinomialNB,{'alpha': 0.01},0.5605,0.8462891000090167,1.8336599000031129,173.328125,139.296875,0.48936170212765956,0.2948717948717949,0.368,0.5335786568537259,0.667433831990794,0.5930470347648262,0.6193103448275862,0.5482295482295483,0.5816062176165803
5,TfidfVectorizer,MultinomialNB,{'alpha': 0.1},0.587,0.8534086000290699,1.8608010999741964,176.58203125,139.515625,0.5934959349593496,0.23397435897435898,0.335632183908046,0.549645390070922,0.713463751438435,0.6209313970956435,0.6421895861148198,0.5873015873015873,0.6135204081632653
5,TfidfVectorizer,MultinomialNB,{'alpha': 1.0},0.597,0.8506549000157975,1.8613020000047982,180.84765625,139.53125,1.0,0.016025641025641024,0.031545741324921134,0.5454545454545454,0.8147295742232451,0.6534379326257499,0.6901004304160688,0.5873015873015873,0.6345646437994723
5,TfidfVectorizer,LogisticRegression,"{'C': 0.1, 'penalty': 'l2'}",0.6215,1.6483924000058323,1.4027215000241995,211.39453125,142.95703125,0.8518518518518519,0.07371794871794872,0.13569321533923304,0.5537010159651669,0.8780207134637514,0.6791277258566978,0.7680672268907563,0.557997557997558,0.6463932107496464
5,TfidfVectorizer,LogisticRegression,"{'C': 1, 'penalty': 'l2'}",0.651,2.881651400006376,1.8678466000128537,214.63671875,143.03515625,0.5957446808510638,0.2692307692307692,0.3708609271523179,0.5989804587935429,0.8112773302646721,0.6891495601173021,0.7521994134897361,0.6263736263736264,0.6835443037974683
5,TfidfVectorizer,LogisticRegression,"{'C': 10, 'penalty': 'l2'}",0.6195,4.6755373000050895,1.8523382000275888,214.43359375,143.140625,0.5621890547263682,0.36217948717948717,0.4405458089668616,0.578268876611418,0.7226697353279632,0.6424552429667519,0.6984572230014026,0.608058608058608,0.6501305483028721
5,TfidfVectorizer,KNeighbors,"{'n_neighbors': 3, 'algorithm': 'ball_tree'}",0.504,0.8378149999771267,1.847272899991367,184.484375,1524.36328125,0.2979452054794521,0.27884615384615385,0.28807947019867547,0.5230296827021494,0.5880322209436134,0.5536294691224268,0.560875512995896,0.5006105006105006,0.5290322580645161
5,TfidfVectorizer,KNeighbors,"{'n_neighbors': 3, 'algorithm': 'kd_tree'}",0.504,0.8711807000217959,1.7950755000347272,189.70703125,1436.61328125,0.2979452054794521,0.27884615384615385,0.28807947019867547,0.5230296827021494,0.5880322209436134,0.5536294691224268,0.560875512995896,0.5006105006105006,0.5290322580645161
5,TfidfVectorizer,KNeighbors,"{'n_neighbors': 3, 'algorithm': 'brute'}",0.504,0.8459840000141412,1.7957560999784619,190.9609375,1457.625,0.2979452054794521,0.27884615384615385,0.28807947019867547,0.5230296827021494,0.5880322209436134,0.5536294691224268,0.560875512995896,0.5006105006105006,0.5290322580645161
5,TfidfVectorizer,KNeighbors,"{'n_neighbors': 5, 'algorithm': 'ball_tree'}",0.537,0.85702430002857,1.763314799987711,189.5390625,1490.65234375,0.384180790960452,0.21794871794871795,0.278118609406953,0.5251544571932921,0.6846950517836594,0.5944055944055944,0.5956521739130435,0.5018315018315018,0.5447316103379721
5,TfidfVectorizer,KNeighbors,"{'n_neighbors': 5, 'algorithm': 'kd_tree'}",0.537,0.874261699966155,1.8116826000041328,190.97265625,1433.9921875,0.384180790960452,0.21794871794871795,0.278118609406953,0.5251544571932921,0.6846950517836594,0.5944055944055944,0.5956521739130435,0.5018315018315018,0.5447316103379721
5,TfidfVectorizer,KNeighbors,"{'n_neighbors': 5, 'algorithm': 'brute'}",0.537,0.8514964000205509,1.8490235999925062,189.76953125,1390.3203125,0.384180790960452,0.21794871794871795,0.278118609406953,0.5251544571932921,0.6846950517836594,0.5944055944055944,0.5956521739130435,0.5018315018315018,0.5447316103379721
5,TfidfVectorizer,KNeighbors,"{'n_neighbors': 7, 'algorithm': 'ball_tree'}",0.543,0.9216167000122368,1.8680092999711633,191.1953125,1529.69140625,0.4076923076923077,0.16987179487179488,0.2398190045248869,0.5257192676547515,0.6939010356731876,0.5982142857142857,0.5947441217150761,0.525030525030525,0.5577172503242542
5,TfidfVectorizer,KNeighbors,"{'n_neighbors': 7, 'algorithm': 'kd_tree'}",0.543,0.9154951000236906,1.8768242999794893,189.8828125,1532.5859375,0.4076923076923077,0.16987179487179488,0.2398190045248869,0.5257192676547515,0.6939010356731876,0.5982142857142857,0.5947441217150761,0.525030525030525,0.5577172503242542
5,TfidfVectorizer,KNeighbors,"{'n_neighbors': 7, 'algorithm': 'brute'}",0.543,0.9340541000128724,1.8812020000186749,190.55078125,1539.96484375,0.4076923076923077,0.16987179487179488,0.2398190045248869,0.5257192676547515,0.6939010356731876,0.5982142857142857,0.5947441217150761,0.525030525030525,0.5577172503242542
5,TfidfVectorizer,DecisionTree,"{'criterion': 'gini', 'max_features': 'sqrt'}",0.5175,3.3388906000182033,1.9616385999834165,191.48046875,155.15625,0.2867383512544803,0.2564102564102564,0.2707275803722504,0.524390243902439,0.5937859608745685,0.5569347004856988,0.5956580732700135,0.536019536019536,0.5642673521850899
5,TfidfVectorizer,DecisionTree,"{'criterion': 'gini', 'max_features': 'log2'}",0.4495,3.7866330000106245,1.476243999961298,194.34375,156.05859375,0.22569444444444445,0.20833333333333334,0.21666666666666667,0.47774480712166173,0.5558112773302647,0.5138297872340426,0.5007132667617689,0.42857142857142855,0.4618421052631579
5,TfidfVectorizer,DecisionTree,"{'criterion': 'gini', 'max_features': None}",0.5535,28.75345129997004,1.9464377999538556,195.578125,151.68359375,0.3877551020408163,0.30448717948717946,0.34111310592459604,0.5507968127490039,0.6363636363636364,0.590496529631607,0.611185086551265,0.5604395604395604,0.5847133757961783
5,TfidfVectorizer,DecisionTree,"{'criterion': 'entropy', 'max_features': 'sqrt'}",0.5235,3.397755899990443,1.9243210999993607,192.45703125,155.30859375,0.34959349593495936,0.27564102564102566,0.30824372759856633,0.5219512195121951,0.6156501726121979,0.5649419218585006,0.5843621399176955,0.5201465201465202,0.5503875968992248
5,TfidfVectorizer,DecisionTree,"{'criterion': 'entropy', 'max_features': 'log2'}",0.469,3.5293283000355586,1.4701284999609925,194.703125,156.0546875,0.25742574257425743,0.25,0.25365853658536586,0.49889135254988914,0.5178365937859609,0.5081874647092038,0.5157232704402516,0.5006105006105006,0.5080545229244114
5,TfidfVectorizer,DecisionTree,"{'criterion': 'entropy', 'max_features': None}",0.548,27.536177600035444,1.9495347999618389,195.51171875,151.9453125,0.36013986013986016,0.3301282051282051,0.34448160535117056,0.543369890329013,0.6271576524741082,0.5822649572649573,0.630098452883263,0.5470085470085471,0.5856209150326798
5,TfidfVectorizer,DecisionTree,"{'criterion': 'log_loss', 'max_features': 'sqrt'}",0.5235,3.278510499978438,1.4679436999722384,192.7890625,155.125,0.34959349593495936,0.27564102564102566,0.30824372759856633,0.5219512195121951,0.6156501726121979,0.5649419218585006,0.5843621399176955,0.5201465201465202,0.5503875968992248
5,TfidfVectorizer,DecisionTree,"{'criterion': 'log_loss', 'max_features': 'log2'}",0.469,3.6802992000011727,1.4698481999803334,194.42578125,156.00390625,0.25742574257425743,0.25,0.25365853658536586,0.49889135254988914,0.5178365937859609,0.5081874647092038,0.5157232704402516,0.5006105006105006,0.5080545229244114
5,TfidfVectorizer,DecisionTree,"{'criterion': 'log_loss', 'max_features': None}",0.548,27.252927599998657,1.9459508000290953,196.421875,151.71875,0.36013986013986016,0.3301282051282051,0.34448160535117056,0.543369890329013,0.6271576524741082,0.5822649572649573,0.630098452883263,0.5470085470085471,0.5856209150326798
5,TfidfVectorizer,GradientBoosting,"{'n_estimators': 100, 'criterion': 'friedman_mse'}",0.5895,56.60633149999194,1.4471286999760196,196.22265625,155.59375,0.7857142857142857,0.10576923076923077,0.1864406779661017,0.524869109947644,0.9228998849252014,0.6691697955778055,0.8,0.42002442002442003,0.5508406725380304
5,TfidfVectorizer,GradientBoosting,"{'n_estimators': 100, 'criterion': 'squared_error'}",0.5895,55.7617128000129,1.4510654999758117,199.1328125,155.59375,0.7857142857142857,0.10576923076923077,0.1864406779661017,0.524869109947644,0.9228998849252014,0.6691697955778055,0.8,0.42002442002442003,0.5508406725380304
5,TfidfVectorizer,GradientBoosting,"{'n_estimators': 150, 'criterion': 'friedman_mse'}",0.602,83.26436029997421,1.031115299963858,197.7421875,156.59765625,0.7166666666666667,0.13782051282051283,0.23118279569892472,0.5354223433242506,0.904487917146145,0.6726572528883183,0.7944915254237288,0.45787545787545786,0.5809450038729667
5,TfidfVectorizer,GradientBoosting,"{'n_estimators': 150, 'criterion': 'squared_error'}",0.602,81.01382990001002,1.4496186999604106,199.15234375,156.1484375,0.7166666666666667,0.13782051282051283,0.23118279569892472,0.5354223433242506,0.904487917146145,0.6726572528883183,0.7944915254237288,0.45787545787545786,0.5809450038729667
5,TfidfVectorizer,GradientBoosting,"{'n_estimators': 200, 'criterion': 'friedman_mse'}",0.6075,107.19220550003229,1.4620162000064738,198.0546875,156.46484375,0.676923076923077,0.14102564102564102,0.23342175066312998,0.5405968077723803,0.8964326812428078,0.6744588744588744,0.7935222672064778,0.47863247863247865,0.597105864432597
5,TfidfVectorizer,GradientBoosting,"{'n_estimators': 200, 'criterion': 'squared_error'}",0.608,107.64106980001088,0.9979294000077061,199.5,156.421875,0.6984126984126984,0.14102564102564102,0.23466666666666666,0.5413481584433635,0.8964326812428078,0.6750433275563258,0.7891566265060241,0.47985347985347987,0.5968109339407744
5,TfidfVectorizer,AdaBoost,"{'n_estimators': 50, 'learning_rate': 0.01}",0.482,5.162634400010575,1.5228005000390112,197.59765625,156.43359375,0.0,0.0,0.0,0.45714285714285713,0.9758342922899885,0.6226138032305433,0.8,0.14163614163614163,0.24066390041493776
5,TfidfVectorizer,AdaBoost,"{'n_estimators': 50, 'learning_rate': 0.1}",0.5265,5.112158800009638,1.0301507000112906,198.41796875,156.34375,0.0,0.0,0.0,0.4820393974507532,0.9574223245109321,0.641233140655106,0.8065693430656934,0.2698412698412698,0.40439158279963405
5,TfidfVectorizer,AdaBoost,"{'n_estimators': 50, 'learning_rate': 1.0}",0.5545,4.997240700002294,1.072438000002876,197.6640625,178.37890625,0.4240506329113924,0.21474358974358973,0.2851063829787234,0.5143472022955524,0.8250863060989643,0.6336721166593018,0.7254464285714286,0.3968253968253968,0.5130228887134964
5,TfidfVectorizer,AdaBoost,"{'n_estimators': 100, 'learning_rate': 0.01}",0.5175,9.508743299986236,1.1034879999933764,199.25390625,156.1328125,0.0,0.0,0.0,0.4764872521246459,0.9677790563866513,0.6385725132877752,0.825531914893617,0.23687423687423687,0.3681214421252372
5,TfidfVectorizer,AdaBoost,"{'n_estimators': 100, 'learning_rate': 0.1}",0.5315,9.32683909998741,1.024732399964705,197.62890625,156.0390625,1.0,0.003205128205128205,0.006389776357827476,0.48484848484848486,0.9574223245109321,0.6437137330754352,0.8127208480565371,0.28083028083028083,0.41742286751361163
5,TfidfVectorizer,AdaBoost,"{'n_estimators': 100, 'learning_rate': 1.0}",0.58,9.393146599992178,1.0607645999989472,198.453125,155.94140625,0.4514285714285714,0.2532051282051282,0.324435318275154,0.5362210604929052,0.8262370540851554,0.6503623188405797,0.7469135802469136,0.4432234432234432,0.5563218390804597
5,TfidfVectorizer,AdaBoost,"{'n_estimators': 150, 'learning_rate': 0.01}",0.518,13.171561099996325,1.0477274999720976,197.609375,173.74609375,0.0,0.0,0.0,0.4767573696145125,0.9677790563866513,0.6388150398784657,0.826271186440678,0.23809523809523808,0.3696682464454976
5,TfidfVectorizer,AdaBoost,"{'n_estimators': 150, 'learning_rate': 0.1}",0.5425,13.251861599972472,1.045453600003384,197.65234375,177.51171875,0.8181818181818182,0.028846153846153848,0.05572755417956656,0.4910394265232975,0.9459148446490219,0.6464805348014157,0.8063492063492064,0.31013431013431014,0.4479717813051146
5,TfidfVectorizer,AdaBoost,"{'n_estimators': 150, 'learning_rate': 1.0}",0.6035,13.22743069997523,1.0530052999965847,196.74609375,177.4453125,0.4918918918918919,0.2916666666666667,0.36619718309859156,0.5572100313479624,0.8181818181818182,0.6629370629370629,0.75139146567718,0.4945054945054945,0.5964653902798233
5,TfidfVectorizer,SGD,"{'alpha': 0.0001, 'penalty': 'l2'}",0.6345,0.9823215000214987,1.9799420000053942,196.34765625,157.7890625,0.6891891891891891,0.16346153846153846,0.26424870466321243,0.5679287305122495,0.8803222094361335,0.6904332129963899,0.7823834196891192,0.5531135531135531,0.648068669527897
5,TfidfVectorizer,SGD,"{'alpha': 0.0001, 'penalty': 'l1'}",0.623,1.047525100002531,1.8688644000212662,196.35546875,157.82421875,0.6935483870967742,0.13782051282051283,0.22994652406417113,0.5549174443646806,0.8895281933256617,0.6834659593280283,0.7889908256880734,0.525030525030525,0.6304985337243402
5,TfidfVectorizer,SGD,"{'alpha': 0.0001, 'penalty': 'elasticnet'}",0.635,1.0999306999729015,1.846218199993018,196.64453125,157.89453125,0.7692307692307693,0.1282051282051282,0.21978021978021978,0.5653761869978087,0.8906789413118527,0.6916890080428955,0.7875647668393783,0.5567765567765568,0.6523605150214592
5,TfidfVectorizer,SGD,"{'alpha': 0.001, 'penalty': 'l2'}",0.6005,0.9153623000020161,1.8775435000425205,196.6953125,157.84765625,1.0,0.035256410256410256,0.06811145510835913,0.537862703467799,0.8745684695051784,0.6660823838737949,0.7465277777777778,0.525030525030525,0.6164874551971327
5,TfidfVectorizer,SGD,"{'alpha': 0.001, 'penalty': 'l1'}",0.529,0.9539579999982379,1.8603007000056095,196.421875,157.890625,0.0,0.0,0.0,0.4835873388042204,0.9493670886075949,0.6407766990291263,0.7925170068027211,0.2844932844932845,0.41868823000898475
5,TfidfVectorizer,SGD,"{'alpha': 0.001, 'penalty': 'elasticnet'}",0.582,0.9746885999920778,1.8702770000090823,196.703125,157.8984375,1.0,0.019230769230769232,0.03773584905660377,0.5242984257357974,0.8814729574223246,0.6575107296137339,0.7354596622889306,0.47863247863247865,0.5798816568047337
5,TfidfVectorizer,SGD,"{'alpha': 0.01, 'penalty': 'l2'}",0.497,0.9227077000541613,1.902136699995026,196.7109375,158.1640625,0.0,0.0,0.0,0.463855421686747,0.9746835443037974,0.6285714285714286,0.8448275862068966,0.1794871794871795,0.29607250755287007
5,TfidfVectorizer,SGD,"{'alpha': 0.01, 'penalty': 'l1'}",0.4345,0.9640160999842919,1.4099941999884322,196.640625,158.07421875,0.0,0.0,0.0,0.4345,1.0,0.6057859881491809,0.0,0.0,0.0
5,TfidfVectorizer,SGD,"{'alpha': 0.01, 'penalty': 'elasticnet'}",0.45,0.9709451000089757,1.8634465000359342,196.55859375,158.10546875,0.0,0.0,0.0,0.44114636642784033,0.9919447640966629,0.6106978391781792,0.8636363636363636,0.0463980463980464,0.0880648899188876
5,CountVectorizer,RandomForest,"{'n_estimators': 50, 'criterion': 'gini'}",0.6305,90.3908858000068,1.1930836000246927,368.60546875,351.4296875,0.5934065934065934,0.17307692307692307,0.2679900744416873,0.5788156797331109,0.7986191024165707,0.6711798839458414,0.7225352112676057,0.6263736263736264,0.671026814911707
5,CountVectorizer,RandomForest,"{'n_estimators': 50, 'criterion': 'entropy'}",0.632,94.43271960003767,1.1666131999809295,378.92578125,355.76953125,0.5535714285714286,0.1987179487179487,0.29245283018867924,0.582089552238806,0.807825086306099,0.6766265060240964,0.7331378299120235,0.6105006105006106,0.6662225183211192
5,CountVectorizer,RandomForest,"{'n_estimators': 50, 'criterion': 'log_loss'}",0.632,92.47915179998381,1.1635446000145748,386.56640625,355.671875,0.5535714285714286,0.1987179487179487,0.29245283018867924,0.582089552238806,0.807825086306099,0.6766265060240964,0.7331378299120235,0.6105006105006106,0.6662225183211192
5,CountVectorizer,RandomForest,"{'n_estimators': 100, 'criterion': 'gini'}",0.631,178.00786309997784,1.406216899980791,558.796875,539.9140625,0.57,0.18269230769230768,0.2766990291262136,0.581081081081081,0.7917146144994246,0.6702386751095957,0.7220670391061452,0.6312576312576312,0.6736156351791531
5,CountVectorizer,RandomForest,"{'n_estimators': 100, 'criterion': 'entropy'}",0.6325,189.7609444000409,1.2831441999878734,574.5859375,547.80859375,0.5957446808510638,0.1794871794871795,0.27586206896551724,0.5794238683127572,0.810126582278481,0.6756238003838771,0.7308248914616498,0.6166056166056166,0.6688741721854304
5,CountVectorizer,RandomForest,"{'n_estimators': 100, 'criterion': 'log_loss'}",0.6325,192.29909430001862,3.5895006000064313,584.46875,547.59765625,0.5957446808510638,0.1794871794871795,0.27586206896551724,0.5794238683127572,0.810126582278481,0.6756238003838771,0.7308248914616498,0.6166056166056166,0.6688741721854304
5,CountVectorizer,RandomForest,"{'n_estimators': 150, 'criterion': 'gini'}",0.637,265.2213499000063,0.7525033999700099,745.3359375,745.41796875,0.5894736842105263,0.1794871794871795,0.2751842751842752,0.5839598997493735,0.8043728423475259,0.6766698935140368,0.7330508474576272,0.6336996336996337,0.6797642436149313
5,CountVectorizer,RandomForest,"{'n_estimators': 150, 'criterion': 'entropy'}",0.6325,276.3495656999876,0.7671919999993406,763.29296875,736.55859375,0.6043956043956044,0.1762820512820513,0.2729528535980149,0.5783034257748777,0.8158803222094362,0.6768496420047733,0.7335285505124451,0.6117216117216118,0.6671105193075899
5,CountVectorizer,RandomForest,"{'n_estimators': 150, 'criterion': 'log_loss'}",0.6325,270.5487490000087,0.7273875999962911,752.484375,736.47265625,0.6043956043956044,0.1762820512820513,0.2729528535980149,0.5783034257748777,0.8158803222094362,0.6768496420047733,0.7335285505124451,0.6117216117216118,0.6671105193075899
5,CountVectorizer,SVC,"{'C': 0.1, 'kernel': 'linear'}",0.652,246.3522183999885,6.999227399996016,1032.3671875,748.91796875,0.5608465608465608,0.33974358974358976,0.4231536926147705,0.6018596787827557,0.8193325661680092,0.6939571150097466,0.7738853503184714,0.5934065934065934,0.6717346233586731
5,CountVectorizer,SVC,"{'C': 0.1, 'kernel': 'rbf'}",0.534,298.4283166999812,6.8748115000198595,1019.50390625,760.5703125,0.0,0.0,0.0,0.4858156028368794,0.9459148446490219,0.6419367434595861,0.7987012987012987,0.30036630036630035,0.43655723158828746
5,CountVectorizer,SVC,"{'C': 0.1, 'kernel': 'sigmoid'}",0.5745,155.91627749998588,5.286558199964929,968.609375,760.1171875,0.2833333333333333,0.05448717948717949,0.0913978494623656,0.5252525252525253,0.8975834292289988,0.6627017841971113,0.7736263736263737,0.4297924297924298,0.5525902668759811
5,CountVectorizer,SVC,"{'C': 1, 'kernel': 'linear'}",0.6185,1368.1910148999887,4.393734199984465,1054.65234375,757.41796875,0.5020080321285141,0.40064102564102566,0.44563279857397503,0.5855018587360595,0.7249712313003452,0.6478149100257069,0.7140740740740741,0.5885225885225885,0.6452476572958501
5,CountVectorizer,SVC,"{'C': 1, 'kernel': 'rbf'}",0.6485,447.6458815000369,6.535241700010374,1035.95703125,761.3984375,0.6,0.23076923076923078,0.3333333333333333,0.5853080568720379,0.8527042577675489,0.6941451990632318,0.7882736156351792,0.590964590964591,0.6755059316120028
5,CountVectorizer,SVC,"{'C': 1, 'kernel': 'sigmoid'}",0.6015,145.85059140005615,4.320885599998292,980.890625,756.55859375,0.40239043824701193,0.32371794871794873,0.35879218472468916,0.5780141843971631,0.7502876869965478,0.6529794692038057,0.7246376811594203,0.5494505494505495,0.625
5,CountVectorizer,SVC,"{'C': 10, 'kernel': 'linear'}",0.579,4331.964726899983,4.203806699952111,1097.74609375,157.34375,0.40443213296398894,0.46794871794871795,0.4338781575037147,0.5836065573770491,0.6144994246260069,0.5986547085201793,0.6602209944751382,0.5836385836385837,0.6195722618276086
5,CountVectorizer,SVC,"{'C': 10, 'kernel': 'rbf'}",0.651,787.1172695999849,7.541297600022517,423.765625,189.765625,0.5672514619883041,0.3108974358974359,0.40165631469979296,0.6044247787610619,0.7859608745684695,0.6833416708354177,0.7467811158798283,0.6373626373626373,0.6877470355731226
5,CountVectorizer,SVC,"{'C': 10, 'kernel': 'sigmoid'}",0.5525,246.94109879998723,3.8606421000440605,425.46875,186.1015625,0.3242009132420091,0.4551282051282051,0.37866666666666665,0.5745164960182025,0.5811277330264673,0.5778032036613272,0.6705710102489019,0.5592185592185592,0.6098535286284953
5,CountVectorizer,MultinomialNB,{'alpha': 0.01},0.5775,0.9404580999980681,1.9452633999753743,182.28125,141.359375,0.43853820598006643,0.4230769230769231,0.43066884176182707,0.5699152542372882,0.619102416570771,0.5934914506343077,0.6423841059602649,0.5921855921855922,0.6162642947903431
5,CountVectorizer,MultinomialNB,{'alpha': 0.1},0.5955,0.878877199953422,1.942261399992276,185.2734375,140.41015625,0.45723684210526316,0.44551282051282054,0.4512987012987013,0.5894621295279913,0.61795166858458,0.6033707865168539,0.6560509554140127,0.6288156288156288,0.64214463840399
5,CountVectorizer,MultinomialNB,{'alpha': 1.0},0.6205,0.8931318000541069,1.4692243000026792,182.80859375,139.82421875,0.558282208588957,0.2916666666666667,0.3831578947368421,0.5989795918367347,0.6754890678941312,0.6349378042184964,0.6569428238039673,0.6874236874236874,0.6718377088305489
5,CountVectorizer,LogisticRegression,"{'C': 0.1, 'penalty': 'l2'}",0.6455,2.1489370999624953,2.015106900013052,225.83203125,143.109375,0.541095890410959,0.2532051282051282,0.34497816593886466,0.5975715524718127,0.7928653624856157,0.6815034619188922,0.746077032810271,0.6385836385836385,0.6881578947368421
5,CountVectorizer,LogisticRegression,"{'C': 1, 'penalty': 'l2'}",0.6355,3.8570813999976963,2.0031958000035957,226.8984375,142.77734375,0.5566502463054187,0.36217948717948717,0.4388349514563107,0.5988805970149254,0.7387802071346375,0.6615146831530139,0.7117241379310345,0.63003663003663,0.6683937823834197
5,CountVectorizer,LogisticRegression,"{'C': 10, 'penalty': 'l2'}",0.597,6.284613299998455,1.5124757000012323,226.796875,142.69140625,0.5041322314049587,0.391025641025641,0.4404332129963899,0.5649663137632339,0.6754890678941312,0.6153039832285115,0.674547983310153,0.5921855921855922,0.6306892067620286
5,CountVectorizer,KNeighbors,"{'n_neighbors': 3, 'algorithm': 'ball_tree'}",0.4805,0.9417644999921322,2.1261333999573253,185.87890625,1462.40625,0.22950819672131148,0.1346153846153846,0.1696969696969697,0.4846390168970814,0.7261219792865362,0.5812989405803777,0.5592233009708738,0.3516483516483517,0.431784107946027
5,CountVectorizer,KNeighbors,"{'n_neighbors': 3, 'algorithm': 'kd_tree'}",0.4805,0.9656831999891438,1.9969600000185892,194.5625,1501.30078125,0.22950819672131148,0.1346153846153846,0.1696969696969697,0.4846390168970814,0.7261219792865362,0.5812989405803777,0.5592233009708738,0.3516483516483517,0.431784107946027
5,CountVectorizer,KNeighbors,"{'n_neighbors': 3, 'algorithm': 'brute'}",0.4805,0.9246551999822259,2.0058868000051007,193.35546875,1550.75,0.22950819672131148,0.1346153846153846,0.1696969696969697,0.4846390168970814,0.7261219792865362,0.5812989405803777,0.5592233009708738,0.3516483516483517,0.431784107946027
5,CountVectorizer,KNeighbors,"{'n_neighbors': 5, 'algorithm': 'ball_tree'}",0.4865,0.9283936999854632,1.9155553999589756,194.37890625,1418.05859375,0.2875,0.07371794871794872,0.11734693877551021,0.47039030955585465,0.8043728423475259,0.5936305732484076,0.5783410138248848,0.3064713064713065,0.40063846767757383
5,CountVectorizer,KNeighbors,"{'n_neighbors': 5, 'algorithm': 'kd_tree'}",0.4865,0.9054343000170775,1.9511733000399545,194.80859375,1514.75,0.2875,0.07371794871794872,0.11734693877551021,0.47039030955585465,0.8043728423475259,0.5936305732484076,0.5783410138248848,0.3064713064713065,0.40063846767757383
5,CountVectorizer,KNeighbors,"{'n_neighbors': 5, 'algorithm': 'brute'}",0.4865,0.9430774999782443,1.8893918999820016,194.4375,1526.9453125,0.2875,0.07371794871794872,0.11734693877551021,0.47039030955585465,0.8043728423475259,0.5936305732484076,0.5783410138248848,0.3064713064713065,0.40063846767757383
5,CountVectorizer,KNeighbors,"{'n_neighbors': 7, 'algorithm': 'ball_tree'}",0.4855,0.9279962000437081,1.9473731000325643,194.5390625,1523.6953125,0.2765957446808511,0.041666666666666664,0.07242339832869081,0.46601941747572817,0.8285385500575374,0.5965202982601492,0.5833333333333334,0.2905982905982906,0.38793806030969846
5,CountVectorizer,KNeighbors,"{'n_neighbors': 7, 'algorithm': 'kd_tree'}",0.4855,0.9602636999916285,2.041492799995467,195.015625,1547.3203125,0.2765957446808511,0.041666666666666664,0.07242339832869081,0.46601941747572817,0.8285385500575374,0.5965202982601492,0.5833333333333334,0.2905982905982906,0.38793806030969846
5,CountVectorizer,KNeighbors,"{'n_neighbors': 7, 'algorithm': 'brute'}",0.4855,0.9078640000079758,1.9220233000232838,193.7421875,1537.96484375,0.2765957446808511,0.041666666666666664,0.07242339832869081,0.46601941747572817,0.8285385500575374,0.5965202982601492,0.5833333333333334,0.2905982905982906,0.38793806030969846
5,CountVectorizer,DecisionTree,"{'criterion': 'gini', 'max_features': 'sqrt'}",0.5355,3.963556900038384,1.9655596999800764,195.703125,156.140625,0.33955223880597013,0.2916666666666667,0.3137931034482759,0.5387840670859538,0.5914844649021864,0.5639056500274273,0.5989717223650386,0.568986568986569,0.5835942391984972
5,CountVectorizer,DecisionTree,"{'criterion': 'gini', 'max_features': 'log2'}",0.4675,4.7364028000156395,1.9259707999881357,197.83984375,157.0859375,0.281786941580756,0.26282051282051283,0.27197346600331673,0.490134994807892,0.5431530494821634,0.5152838427947598,0.5107238605898123,0.4652014652014652,0.48690095846645365
5,CountVectorizer,DecisionTree,"{'criterion': 'gini', 'max_features': None}",0.582,22.79473899997538,1.9763448999729007,196.94921875,152.4921875,0.3769230769230769,0.3141025641025641,0.34265734265734266,0.581799591002045,0.6547756041426928,0.6161342717920953,0.652230971128609,0.6068376068376068,0.6287160025300442
5,CountVectorizer,DecisionTree,"{'criterion': 'entropy', 'max_features': 'sqrt'}",0.53,3.9669190000277013,1.5958448000019416,198.0,156.171875,0.38362068965517243,0.28525641025641024,0.3272058823529412,0.5302279484638256,0.6156501726121979,0.56975505857295,0.5744400527009222,0.5323565323565324,0.5525982256020279
5,CountVectorizer,DecisionTree,"{'criterion': 'entropy', 'max_features': 'log2'}",0.465,4.9898989999783225,1.535453199991025,199.78515625,157.0,0.27238805970149255,0.23397435897435898,0.2517241379310345,0.48216340621403914,0.48216340621403914,0.48216340621403914,0.507531865585168,0.5347985347985348,0.5208085612366231
5,CountVectorizer,DecisionTree,"{'criterion': 'entropy', 'max_features': None}",0.574,20.751136699982453,2.1252383000100963,200.0859375,152.7421875,0.3895582329317269,0.3108974358974359,0.34581105169340465,0.5701402805611222,0.6547756041426928,0.6095340117836101,0.6401062416998672,0.5885225885225885,0.6132315521628499
5,CountVectorizer,DecisionTree,"{'criterion': 'log_loss', 'max_features': 'sqrt'}",0.53,4.0095415999530815,1.4873239999869838,198.4140625,156.2890625,0.38362068965517243,0.28525641025641024,0.3272058823529412,0.5302279484638256,0.6156501726121979,0.56975505857295,0.5744400527009222,0.5323565323565324,0.5525982256020279
5,CountVectorizer,DecisionTree,"{'criterion': 'log_loss', 'max_features': 'log2'}",0.465,4.87796289997641,1.4875816999701783,198.50390625,157.078125,0.27238805970149255,0.23397435897435898,0.2517241379310345,0.48216340621403914,0.48216340621403914,0.48216340621403914,0.507531865585168,0.5347985347985348,0.5208085612366231
5,CountVectorizer,DecisionTree,"{'criterion': 'log_loss', 'max_features': None}",0.574,19.5427297000424,1.55733290000353,200.55859375,152.5390625,0.3895582329317269,0.3108974358974359,0.34581105169340465,0.5701402805611222,0.6547756041426928,0.6095340117836101,0.6401062416998672,0.5885225885225885,0.6132315521628499
5,CountVectorizer,GradientBoosting,"{'n_estimators': 100, 'criterion': 'friedman_mse'}",0.5865,25.814284899970517,1.9439642999786884,201.9453125,155.4140625,0.7317073170731707,0.09615384615384616,0.16997167138810199,0.5232177894048398,0.9205983889528193,0.6672226855713094,0.7976744186046512,0.4188034188034188,0.5492393915132106
5,CountVectorizer,GradientBoosting,"{'n_estimators': 100, 'criterion': 'squared_error'}",0.5865,26.22153730003629,1.9062307000276633,203.67578125,155.85546875,0.7317073170731707,0.09615384615384616,0.16997167138810199,0.5232177894048398,0.9205983889528193,0.6672226855713094,0.7976744186046512,0.4188034188034188,0.5492393915132106
5,CountVectorizer,GradientBoosting,"{'n_estimators': 150, 'criterion': 'friedman_mse'}",0.604,38.193751199985854,1.4892955999821424,203.21875,156.46484375,0.6615384615384615,0.13782051282051283,0.22811671087533156,0.5371000680735194,0.9079401611047181,0.6749358426005133,0.8068669527896996,0.4590964590964591,0.5852140077821012
5,CountVectorizer,GradientBoosting,"{'n_estimators': 150, 'criterion': 'squared_error'}",0.604,37.18761369999265,1.4470008999924175,203.17578125,156.3671875,0.6615384615384615,0.13782051282051283,0.22811671087533156,0.5371000680735194,0.9079401611047181,0.6749358426005133,0.8068669527896996,0.4590964590964591,0.5852140077821012
5,CountVectorizer,GradientBoosting,"{'n_estimators': 200, 'criterion': 'friedman_mse'}",0.6125,49.84900980000384,1.490689600002952,203.32421875,156.13671875,0.6533333333333333,0.15705128205128205,0.2532299741602067,0.545201668984701,0.9021864211737629,0.6796705678370177,0.8049281314168378,0.47863247863247865,0.6003062787136294
5,CountVectorizer,GradientBoosting,"{'n_estimators': 200, 'criterion': 'squared_error'}",0.6125,50.18128690001322,1.5842695999890566,203.203125,155.7734375,0.6533333333333333,0.15705128205128205,0.2532299741602067,0.545201668984701,0.9021864211737629,0.6796705678370177,0.8049281314168378,0.47863247863247865,0.6003062787136294
5,CountVectorizer,AdaBoost,"{'n_estimators': 50, 'learning_rate': 0.01}",0.482,3.1480232999892905,1.0150180999771692,201.7265625,156.12109375,0.0,0.0,0.0,0.45709660010793307,0.9746835443037974,0.6223365172667157,0.7959183673469388,0.14285714285714285,0.2422360248447205
5,CountVectorizer,AdaBoost,"{'n_estimators': 50, 'learning_rate': 0.1}",0.526,3.172080999996979,1.5035170000046492,201.47265625,155.91796875,0.0,0.0,0.0,0.481717933836332,0.9551208285385501,0.6404320987654321,0.8014440433212996,0.27106227106227104,0.4051094890510949
5,CountVectorizer,AdaBoost,"{'n_estimators': 50, 'learning_rate': 1.0}",0.5565,3.1680678999982774,1.5283342000329867,201.60546875,155.796875,0.4230769230769231,0.21153846153846154,0.28205128205128205,0.5152158527954707,0.8377445339470656,0.6380368098159509,0.740139211136891,0.3894993894993895,0.5104
5,CountVectorizer,AdaBoost,"{'n_estimators': 100, 'learning_rate': 0.01}",0.5175,5.400487500010058,1.081494800047949,200.98828125,155.53125,0.0,0.0,0.0,0.47643384440658715,0.9654775604142692,0.6380228136882129,0.8200836820083682,0.23931623931623933,0.3705103969754253
5,CountVectorizer,AdaBoost,"{'n_estimators': 100, 'learning_rate': 0.1}",0.5305,5.495722399966326,1.0813119999947958,201.1796875,155.69921875,0.5,0.003205128205128205,0.006369426751592357,0.4842289719626168,0.953970080552359,0.642386671832623,0.8076923076923077,0.28205128205128205,0.41809954751131223
5,CountVectorizer,AdaBoost,"{'n_estimators': 100, 'learning_rate': 1.0}",0.5885,5.489425299980212,1.0506434999988414,201.046875,155.6328125,0.47023809523809523,0.2532051282051282,0.32916666666666666,0.540340488527017,0.8400460299194477,0.6576576576576577,0.7650727650727651,0.44932844932844934,0.5661538461538461
5,CountVectorizer,AdaBoost,"{'n_estimators': 150, 'learning_rate': 0.01}",0.5175,7.815516300033778,1.0453059999854304,201.23828125,177.37890625,0.0,0.0,0.0,0.47643384440658715,0.9654775604142692,0.6380228136882129,0.8200836820083682,0.23931623931623933,0.3705103969754253
5,CountVectorizer,AdaBoost,"{'n_estimators': 150, 'learning_rate': 0.1}",0.5405,7.796173200011253,1.1603092000004835,201.0078125,177.21484375,0.8,0.02564102564102564,0.049689440993788817,0.4898688915375447,0.9459148446490219,0.6454652532391049,0.8044871794871795,0.3064713064713065,0.4438549955791335
5,CountVectorizer,AdaBoost,"{'n_estimators': 150, 'learning_rate': 1.0}",0.602,7.897672499995679,1.0959071000106633,201.18359375,177.390625,0.46285714285714286,0.25961538461538464,0.3326488706365503,0.554001554001554,0.8204833141542003,0.6614100185528757,0.7620817843866171,0.5006105006105006,0.604274134119381
5,CountVectorizer,SGD,"{'alpha': 0.0001, 'penalty': 'l2'}",0.6435,1.324422899982892,1.4696710999705829,200.4921875,157.546875,0.5473684210526316,0.3333333333333333,0.41434262948207173,0.6005291005291006,0.7836593785960875,0.6799800299550673,0.742603550295858,0.612942612942613,0.671571906354515
5,CountVectorizer,SGD,"{'alpha': 0.0001, 'penalty': 'l1'}",0.6435,1.4402074000099674,1.9452456000144593,200.73046875,157.546875,0.5704225352112676,0.25961538461538464,0.3568281938325991,0.5885206143896524,0.8377445339470656,0.691358024691358,0.7697262479871175,0.5836385836385837,0.6638888888888889
5,CountVectorizer,SGD,"{'alpha': 0.0001, 'penalty': 'elasticnet'}",0.647,1.7285524999606423,1.4392392999725416,200.51953125,157.37890625,0.5714285714285714,0.32051282051282054,0.4106776180698152,0.5987972508591065,0.8020713463751439,0.6856861780619774,0.7518910741301059,0.6068376068376068,0.6716216216216216
5,CountVectorizer,SGD,"{'alpha': 0.001, 'penalty': 'l2'}",0.6415,0.9845956999924965,1.8800329999648966,200.49609375,157.48828125,0.6404494382022472,0.18269230769230768,0.28428927680798005,0.5770690964312832,0.8745684695051784,0.6953339432753889,0.7845117845117845,0.568986568986569,0.659589525831564
5,CountVectorizer,SGD,"{'alpha': 0.001, 'penalty': 'l1'}",0.5765,1.095747399958782,1.945797499967739,200.4453125,157.50390625,0.8,0.0641025641025641,0.11869436201780416,0.5156749840051184,0.9275028768699655,0.662828947368421,0.7936893203883495,0.3992673992673993,0.5312753858651503
5,CountVectorizer,SGD,"{'alpha': 0.001, 'penalty': 'elasticnet'}",0.6175,1.2243052000412717,1.4606371000409126,200.6015625,157.47265625,0.6296296296296297,0.10897435897435898,0.18579234972677597,0.5532670454545454,0.8964326812428078,0.6842336407553798,0.7843866171003717,0.5152625152625152,0.6219602063375093
5,CountVectorizer,SGD,"{'alpha': 0.01, 'penalty': 'l2'}",0.5815,0.9428569999872707,1.9212006999878213,200.30078125,157.546875,0.8,0.038461538461538464,0.07339449541284404,0.5204013377926422,0.8952819332566168,0.6582064297800339,0.7612244897959184,0.4554334554334554,0.5699006875477464
5,CountVectorizer,SGD,"{'alpha': 0.01, 'penalty': 'l1'}",0.4915,1.0122810000320897,1.9032882999745198,200.50390625,157.53125,0.10344827586206896,0.009615384615384616,0.017595307917888565,0.4669282511210762,0.9585730724971231,0.6279683377308707,0.786096256684492,0.1794871794871795,0.2922465208747515
5,CountVectorizer,SGD,"{'alpha': 0.01, 'penalty': 'elasticnet'}",0.544,1.0377717000083067,1.8930320999934338,200.3671875,157.515625,0.75,0.009615384615384616,0.0189873417721519,0.4947692307692308,0.9252013808975834,0.644747393744988,0.7574123989218329,0.3431013431013431,0.4722689075630252
