text,ENTREGA,OUTROS,PRODUTO,CONDICOES DE RECEBIMENTO,ANUNCIO,response_time,vram_usage,ram_usage,total_time,ENTREGA pred,OUTROS pred,PRODUTO pred,CONDICOES DE RECEBIMENTO pred,ANUNCIO pred
"ESSE PRODUTO PODE ATÉ SER BOM, PORÉM, A AMERICANAS JÁ NÃO ME INSPIRA MUITA CONFIANÇA. NÃO PELA AMERICANAS EM SI, POIS SEMPRE FORA UMA EMPRESA SÉRIA. A ÚLTIMA COMPRA QUE EFETUEI, A AMERICANAS COLOCOU AOS CUIDADOS DA ""DIRECT"". ME CAUSARAM MUITOS PROBLEMAS PARA ENTREGAR O PRODUTO, QUE NA OCASIÃO ERA UM CELULAR. PRECISEI ACIONAR O RECLAME AQUI PARA ME AJUDAR.... NÃO FOI FÁCIL!!!!! GOSTARIA DE COMPRAR ESSE PRODUTO : Kit Com 10 Cuecas Boxer de Cotton 4.0 - Polo Match....., PORÉM NÃO SEI SE TEREI PROBLEMAS NOVAMENTE. COMPLICADO!!",1,1,0,0,0,4.518613338470459,5495,120.01953125,2.4692526,1,0,0,0,0
Recomendo!Os aparelhos da motorola são muito bons!!!,0,0,1,0,0,2.19242525100708,5503,123.80859375,0.1544635,0,1,0,0,0
"Eu ameiii o produto, pena que veio com  o espelho quebrado.",0,0,1,1,0,2.4857499599456787,5445,126.47265625,0.4346444,0,0,0,1,0
bom....................................................................................................................................,0,0,1,0,0,2.2502334117889404,5440,126.58203125,0.2021956,0,0,0,0,0
Quero saber quando chegará mais pois gostaria de comprar,0,1,0,0,0,2.4407999515533447,5445,127.12890625,0.3891006,1,0,0,0,0
muito lindas confortável leves lindas amei muito super recomendo.,0,0,1,0,0,2.3055002689361572,5460,127.19140625,0.2513517,0,1,0,0,0
"Bom dia! Não me mandaram esse produto que escolhi, mandaram outro completamente diferente. Inclusive já devolvi, estou esperando a loja receber para fazer o estorno do cartão, me mandaram uma mercadoria completamente diferente da que escolhi.",0,1,0,1,0,2.4308571815490723,5460,127.26171875,0.3773304,1,1,0,0,0
"Comprei banquetas pelo site da loja e achei excelente todo o procedimento, desde a compra até a entrega.  To das as etapas foram informadas e chegou bem rápido. Gostei muito.",1,1,1,0,0,2.4171950817108154,5456,127.3125,0.3757358,1,1,0,0,0
"Gostei muito, agora se é bom, isso vou dizer de acordo o uso,mais me parece de boa qualidade..",0,0,1,0,0,2.31188702583313,5452,127.37109375,0.2728598,0,1,0,0,0
Muito boa  Super recomendado. A entrega foi super rápido.,1,0,1,0,0,2.3625152111053467,5452,127.0703125,0.3144512,1,0,0,0,0
Excelente produto podem confiar  Entrega rápida sem nenhum problema,1,0,1,0,0,2.3141748905181885,5452,115.69140625,0.2737406,1,0,0,0,0
"Escrevi 100%, mas este avaliador quer que façamos uma dissertação, o que não tenho tempo, então não mais avaliarei nada.",0,1,1,0,0,2.3427536487579346,5441,115.74609375,0.3136028,0,1,0,0,0
"É ótimo para iniciar as crianças no mundo das letras. Como profissional da educação, eu inicialmente prefiro livros com letra bastão. Minha filha achou o livro muito lindo......Nota 10.",0,0,1,0,0,2.4445393085479736,5463,115.8046875,0.3892619,0,1,0,0,0
"toalhas muito bonitas, macias , e o melhor enxuga muito bem, comprei um kit para experimentar e depois comprei mais 03 kits, 100%",0,0,1,0,0,2.3890206813812256,5456,115.921875,0.3335154,1,1,0,0,0
"Gostaria de saber se e 3 ou 5 peças? Pois queria finalizar ,mais nao quero finalizar com a dúvida. Obg",0,1,0,0,0,2.3528406620025635,5453,115.96875,0.3043707,0,1,0,0,0
"Bom produto, gostei Sò que a manga é muito grande eu vou tem que levar na costura para fechar um pouco do tamanho",0,0,1,0,0,2.374915599822998,5441,115.2890625,0.3383173,0,1,0,0,0
"Enquanto as americanas continuarem usando os correios, estara dificil. 40 dias e nada do produto chegar",1,1,0,0,0,2.432201862335205,5441,115.2890625,0.3971339,1,1,0,0,0
"Demorou demais a entregar, então cancelei e comprei na loja física, parece até q estava vindo da China e parou em Curitiba",1,0,0,0,0,2.4008233547210693,5441,115.2890625,0.3525796,1,1,0,0,0
Hoje apareceu uma listra na tela nem queria destravar a senha,0,0,1,0,0,2.304252862930298,5441,115.3359375,0.2669855,0,1,0,0,0
o produto é muito bom.... tem um rendimento excelente,0,0,1,0,0,2.4201419353485107,5441,115.33984375,0.3734053,0,1,0,0,0
Eu recomendo para os meus amigos inclusive Já fiz vários comentários sobre o produto eu gostei muito,0,0,1,0,0,2.353013277053833,5441,115.390625,0.3077894,0,1,0,0,0
Produto do bom entrega rápida ainda em avaliação mais acho que supera o que eu esperava.,1,0,1,0,0,2.453160524368286,5441,115.4375,0.4173548,1,0,0,0,0
"Produto ótimo, porém a entrega foi péssima tive de ir buscar na trasportadora",1,0,1,0,0,2.4089138507843018,5441,115.49609375,0.3598673,1,1,0,0,0
São de ouro esses copos? Olha o preço está muito caro,0,0,1,0,0,2.3494670391082764,5441,115.49609375,0.3178622,0,1,0,0,0
"A TV é ótima, meu marido joga com o Xbox e adorou a imagem, porém, o controle está com problemas, mas vezes não funciona e as vezes funciona sozinho, fica abrindo os menus da TV. Nós vamos procurar a assistência aqui na cidade para comprar um novo, o trabalho e a demora inviabilizam pedir a troca.",0,1,1,1,0,2.606095552444458,5437,115.49609375,0.5717863,0,1,0,1,0
"A borracha estourou quando fui usar o forno,estou tentando entrar em contato e não consigo.ja deixei um e mail pra vcs mais até agora não me retornaram",0,1,1,0,0,2.5122902393341064,5437,115.515625,0.4650145,0,1,0,1,0
A região do auto-falante aquece muito a ponto de incomodar mesmo em conversas breves. A LG precisa resolver este problema!,0,0,1,0,0,2.3551769256591797,5437,115.515625,0.3221722,0,1,0,0,0
Não gostei do produto.  Não tem a mesma medida do j7,0,0,1,0,1,2.473010778427124,5437,115.515625,0.4143057,0,1,0,0,0
"A regulagem de temperatura não funciona, o técnico autorizado veio ver , vai pedir a peça .",0,0,0,1,0,2.4222335815429688,5437,115.515625,0.3840755,0,1,0,0,0
"Na verdade a minha avaliação é para a empresa, pq é claro e notório que a descrição da cadeira é um caramelo ou marron !!!!! por aí. Eles enviaram uma cadeira cor chumbo e ou cinza (nem sei descriminar a cor) Não vou reclamar da demora da entrega pq eles dizem 58 dias, comprei em 22/03/18 e entregaram no dia 14/05/2018. Não respondem ao e-mail do comprador.  Insatisfeita.",1,1,0,0,1,2.5228137969970703,5437,115.5390625,0.4823366,0,1,0,1,0
"Comprei o produto pois de acordo com a descrição, o alcance era de 50 metros. Entretanto, o produto que me foi entregue tem alcance máximo de 20 metros. Quero devolver o produto e receber meu dinheiro de volta mas até agora não consegui ser atendida.",0,1,0,1,1,2.4494287967681885,5437,115.54296875,0.3990892,0,1,0,1,0
expectativa maior do que o produto oferece. Área de aplicação muito pequena para a finalidade de limpar janelas de vidro.,0,0,1,0,0,2.336289405822754,5437,115.54296875,0.2965883,0,1,0,0,0
"Indico o produto, e aconselho ao fabricante um material mais resistente, as tiras laterais arrebentam com muita facilidade. Uma idéia tão boa, produzida com material de baixa qualidade, acho que poderia ser melhor.",0,0,1,0,0,2.4248993396759033,5437,115.54296875,0.3843617,0,1,0,0,0
Esse foi o mais caro   Chegou ok   Quando fui estalar o cano do reservatório é muito maior e não cabe a mangueira    ! Não cabe a manguerinha de cima  fizeram maior que o original,0,0,1,1,0,2.4835081100463867,5437,115.54296875,0.4395798,0,1,0,1,0
"Precisei de um montador para montar este ventilador e mesmo sendo um profissional ele também teve dificuldades. A montagem não é simples.  Era bem silencioso no início, mas já nas primeiras semanas de uso começou a fazer um barulho que incomoda.  As três velocidades também não são muito superiores uma da outra.  Agora que o tempo está mais frio estou utilizando na potência mínima. No verão é que vou poder conferir a qualidade do produto.",0,0,1,0,0,2.357201099395752,5439,115.546875,0.3021759,0,1,0,0,0
"Produto dentro do esperado, mas não apresenta uma qualidade de imagem boa se não estiver exatamente de frente para a tela.",0,0,1,0,0,2.397390842437744,5439,115.546875,0.3626925,0,1,0,0,0
"Péssima aquisição. Comprei pra ser um quebra galho mesmo, mas nunca imaginei que seria tão ruim. A impressora, de fato, é fácil de configurar. Porém, a tinta acabou em 1 semana. Não imprimi nem 50 folhas.",0,0,1,0,0,2.374305009841919,5439,115.6015625,0.3318252,0,1,0,0,0
"Celular é bom, realmente. Dei de presente, mas o pouco que tive contato é bem atraente o visual e a interface dele. Problema que você tem, é perante a película, pois a tela dele é curvada e a dificuldade de achar capinhas, pelo menos aqui na minha cidade. Foi entregue em uma semana, considerável. Mas a transportadora poderia ter forrado a caixa, pois ele veio dentro de uma caixa muito maior, assim ficava batendo. E caso esteja em dúvida sobre  a caixa de presente oferecida, não compensa comprar ela, muito cara para algo tão simples.",1,0,1,1,0,2.527373790740967,5439,115.6015625,0.4854184,1,1,0,0,0
"ADOREI TDO NESSA TV EXCELENTE...MEUS FILHOS AMOU,MTO FACEIO DE MEXER SUPER RECOMENDO...PRETENDO COMPRAR OUTRA",0,0,1,0,0,2.338987350463867,5439,115.6015625,0.2957899,0,1,0,0,0
"Atendimento dentro do esperado, com produto de qualidade da marca LUPO.",0,1,1,0,0,2.342902898788452,5439,115.60546875,0.3059154,0,1,0,0,0
"Ainda não recebi o produto!!! Estou aguardando com 39 semanas de gestação, com todas as roupas do meu filho fora do armário porque o prazo dado não foi cumprido e até hoje não me passaram a data que iremos receber os itens!!! Totalmente decepcionada!",1,0,0,0,0,2.397723913192749,5439,115.60546875,0.3504714,1,1,0,0,0
"PÉSSIMO ATENDIMENTO, DESCASO TOTAL COM O CONSUMIDOR. 11 DIAS DE ATRASO!",1,1,0,0,0,2.374464273452759,5439,115.60546875,0.3331329,1,1,0,0,0
"AINDA NÃO RECEBI, ENTÃO NÃO POSSO AVALIAR. AINDA NÃO RECEBI, ENTÃO NÃO POSSO AVALIAR.",1,0,0,0,0,2.4043850898742676,5439,115.609375,0.3607295,1,1,0,0,0
"PARA SE FAZER A AVALIAÇÃO CORRETA DO PRODUTO, É PRECISO MAIS ALGUNS DIAS DE USO, QUANDO ELE DEVERÁ DAR RESULTADOS POSITIVOS.",0,0,1,0,0,2.4069595336914062,5439,115.63671875,0.3735961,0,1,0,0,0
"O PRODUTO PARECE IGUAL, MAS NÃO VEM NA CAIXA ORIGINAL DA Flashlimp",0,0,0,1,0,2.3701260089874268,5439,115.63671875,0.3181004,0,1,0,0,0
"Recomendaria o produto se vocês me entregassem, há um mês atrás fiz a compra e até agora o status no rastreio é que o notebook não chegou a unidade dos Correios. Decepcionada com a Americanas e o seu descaso ao atendimento ao cliente.",1,1,0,0,0,2.5241446495056152,5439,115.63671875,0.4682101,1,1,0,0,0
"GOSTEI MUITO DO CELULAR,  DE FÁCIL MANOSEIO ,TAMANHO IDEAL LEVE E BONITO, GOSTEI.",0,0,1,0,0,2.35456919670105,5439,115.625,0.2947449,0,1,0,0,0
"EU JÁ TIVE CELULARES DA SAMSUNG, E RECOMENDO O PRODUTO.",0,0,1,0,0,2.3877389430999756,5439,115.625,0.3350787,1,0,0,0,0
"Produto top, imagem frontal excelente de acordo os MB do equipamento , preço acessível, com a entrega tudo ok super rápida...",1,0,1,0,0,2.5371499061584473,5439,115.625,0.4897817,1,0,0,0,1
"O produto é muito bonito, fino, ótima bateria, porém na maioria do tempo é MUITO lento. Funções simples como abrir as ""notas alto adesivas"", carregar um ""navegador"" qualquer, carregar uma nova aba ou até mesmo abrir o word ou é feito com muita dificuldade causando aborrecimentos e atrasando eventuais trabalhos.",0,0,1,0,0,2.362849473953247,5439,115.625,0.305562,0,1,0,0,0
"Olá, estou decepcionada com a minha mercadoria, recebi a cuba amassada e a válvula quebrada, acredito que culpa dos correios, mas preciso que pelo menos a válvula me mandem novamente, pois não tenho como usar a cuba sem ela. No aguardo Josiani",0,1,0,1,0,2.499467134475708,5439,115.63671875,0.4669475,0,1,0,1,0
"Eu tenho interesse em comprar o produto, mas gostaria de saber primeiro a seguinte informação: para que lado a porta desse refrigerador abre?",0,1,0,0,0,2.334559440612793,5439,115.63671875,0.2924528,0,1,0,0,0
Nunca imaginei q viveria para ver isso um copo de plástico com esse preço.....,0,0,1,0,0,2.4393787384033203,5439,115.63671875,0.4136374,0,1,0,0,0
"Engraçado comprei este kit ja estava esperando a entrega porém foi cancelado segundo a lojas Americanas eles não vão mas fz entregas deste produto,mas estranho né que ainda continuam a vender será que foi devido ao preço que estava o kit por $89.00 e agora aumentaram o preço a única informação que tive que vai devolver o meu dinheiro mas estão aí vendendo",1,1,0,0,0,2.427544116973877,5439,115.63671875,0.3947975,1,1,0,0,0
"Comprei essa cadeira para o meu marido, que trabalha no minimo 8hrs por dia sentado, ele tem aproximadamente 83 Kg, e após 2 semanas de uso continuo da cadeira, começou a notar que a espuma afundou, e agora ele tem a sensação de estar sentado sobre uma tábua! Detalhe que a cadeira diz suportar até 130Kg.  De resto a cadeira é boa e aparenta ser bem resistente, mas se você tem um peso acima de 70Kg e a utiliza por muitas horas continuas, melhor escolher outra. Vou tentar entrar em contato com o suporte para verificar se existe alguma solução.",0,0,1,0,0,2.576547861099243,5439,115.63671875,0.5350997,0,1,0,1,0
Recomendo bom smartephone tela grande atendeu minha espequitativa,0,0,1,0,0,2.326406478881836,5439,115.63671875,0.2881359,0,1,0,0,0
"Achei mto mal acabado, nao cabe a escada dentro conforme mostra na foto.",0,0,1,0,1,2.3690216541290283,5439,115.63671875,0.3360948,0,1,0,0,0
Não vi grande ultilidade ainda. Para quem quer uar o basico até dá. Falta ainda muito para compensar o custo do aparelho.,0,0,1,0,0,2.3910510540008545,5439,115.63671875,0.3474603,0,1,0,0,0
"E a cuba veio quebrada! Enrolada somente em um papelão, era visto.",0,0,1,1,0,2.492007255554199,5440,115.63671875,0.4465112,0,0,0,1,0
"Instalação rápida e fácil, ventila muito bem no meu quarto 6m³, muito silencioso. A luz tbm funciona no interruptor (que não é incluso) e o controle funciona com uma bateria A23 (não incluso e único ponto mais complicado, poderia ser pilha convencional) - controle não possui uma qualidade muito boa, material fraco.",0,0,1,0,0,2.3804240226745605,5446,115.63671875,0.3418792,0,1,0,0,0
O produto veio em perfeito estado e funcionando direitinho. A entrega do produto também foi feita na data estipulada.,1,0,1,1,0,2.3048653602600098,5460,115.63671875,0.2589302,1,0,0,0,0
não gostei do produto vem pouca quantidade procuro uma coisa que cresça o cabelo de brilho e esse não foi o produto de Claro não gostei vem pouca quantidade,0,0,1,0,0,2.501701831817627,5459,115.63671875,0.464329,0,1,0,1,0
"Além de atrasar no prazo de entrega, não era o que eu esperava. Já tenho um carregador que veio junto com o celular, aí resolvi comprar outro pra usar no trabalho, mas não é a mesma coisa.",1,0,1,0,0,2.404479503631592,5459,115.63671875,0.3828614,1,1,0,0,0
Produto trava fica com tela cinza sendo necessário desligar e ligar de novo para voltar a funcionar. Pode ser defeito do aparelho mas causa transtorno.,0,0,1,0,0,2.3758280277252197,5443,115.63671875,0.3322499,0,1,0,0,0
Acho que poderia ser bem melhor..o preço que paguei deveria ser melhor.!,0,0,1,0,0,2.3485512733459473,5455,115.63671875,0.2968844,0,0,0,0,0
"Nao veio o mesmo da caixa, nao funciona a luz nem a musica nem anda conforme o enunciado, é totalmente diferente desse q ta na caixa, foi a primeira vez q aconteceu isdo , de comprar e vim errado, fico triste com isso",0,0,0,1,1,2.45216965675354,5454,115.63671875,0.3990266,0,1,0,1,0
"Apesar do atraso na entrega, o produto atende plenamente às necessidades a que se propõe. Obrigado pelo bom atendimento.",1,1,1,0,0,2.362653970718384,5451,115.63671875,0.3112604,1,1,0,0,0
"Comprei esse produto justamente porque constava o adaptador para Iphone, porém ao abrir a embalagem verifiquei que o Adaptador Iphone não veio junto com o produto.",0,0,0,1,0,2.3228721618652344,5453,115.63671875,0.2849749,0,1,0,0,0
"Bom aparelho, rápido, ótima câmera, bateria com boa duração.",0,0,1,0,0,2.331610918045044,5457,115.63671875,0.2974321,1,0,0,0,0
"Adorei o produto atendeu todas as minhas expectativas, e a americanas como sempre me surpreendendo, paguei o produto dia dia 02/01/18 dia me deram ate dia 12/01/18 Mais o produto chegou dia 04/01 super rápida a entrega!",1,0,1,0,0,2.428542137145996,5458,115.63671875,0.3796511,1,0,0,0,1
Amei. Muito bom. Super indico.... tamanho maravilhoso.  Só força um pouco de for fazer massa pra bolo.,0,0,1,0,0,2.301758289337158,5458,115.63671875,0.2505065,0,1,0,0,0
"Boa leitura, adoramos..............................",0,0,1,0,0,2.391018867492676,5458,115.63671875,0.3431004,0,1,0,0,0
Fiz uma linda mesa de Natal que ficou maravilhosa.,0,0,1,0,0,2.2369682788848877,5458,115.63671875,0.208419,0,0,0,0,0
O aparelho é Ótimo.Entrega rápida...recomendo ! A americanas de parabéns sempre!,1,1,1,0,0,2.451026439666748,5458,115.63671875,0.4004518,1,0,0,0,0
"O aspirados é bom. Não é super potente, mas limpa que é uma beleza. Já usei várias vezes, pois ele é super prático. Não dá vontade de usar vassoura nunca mais ahahha Ele é fácil de transportar e de limpar, então é um ótimo negócio.",0,0,1,0,0,2.3731014728546143,5458,115.63671875,0.3316118,0,1,0,0,0
"Perfeita, grande variedade de app , muito fácil de instalar",0,0,1,0,0,2.393634796142578,5458,115.63671875,0.350698,0,0,0,0,1
"Produto chegou antes do tempo ,Meu sobrinho adorou",1,0,1,0,0,2.478048801422119,5455,115.63671875,0.4354639,1,0,0,0,0
"Gostei muito da panela, o que prometeu cumpriu! Super recomendo!!!",0,0,1,0,0,2.3407647609710693,5455,115.63671875,0.2959532,1,0,0,0,0
E muito bom a sensação de usar o óculos de realidade virtual. So tem um probleminha acho que o dispositivo que acopla ao óculos no caso o celular esquenta muito rápido. Mas é bem interessante a experiencia,0,0,1,0,0,2.3855676651000977,5455,115.640625,0.3317426,0,1,0,0,0
"Estou adorando o livro pois estou lendo ainda estou adorando,E um livro que queria muito ler e achei muito barato.nas Americanas,da entrega chegou antes do que tinham falado super recomendo adorei.",1,0,1,0,0,2.4156510829925537,5453,115.640625,0.3775777,1,0,0,0,1
Excelente....Tela grande....Caneta....Acesso rápido ao conteúdo....Bastante espaço de memória....levissimo....Surpreendente!,0,0,1,0,0,2.3046579360961914,5453,115.640625,0.270011,0,1,0,0,0
"O produto chegou antes do prazo, bem protegido, e é um ótimo produto.... Super recomendo...",1,0,1,1,0,2.4304800033569336,5453,115.640625,0.3589417,1,0,0,0,0
"Adorei o produto!  recomendo a todos o produto, uma otima aquisição.",0,0,1,0,0,2.357463836669922,5453,115.640625,0.3092251,0,1,0,0,0
"Chegou antes do previsto, embalado direitinho. Adorei!!!",1,0,1,1,0,2.349381923675537,5453,115.640625,0.3068603,1,0,0,0,0
"Eu já conhecia, ja tinha usado o BB cream Maybelline, ele é perfeito para o dia e até noite, cobertura perfeita, sem carregar.",0,0,1,0,0,2.4935896396636963,5453,115.64453125,0.4568286,0,1,0,1,0
"Adorei os meus potes da Euro e a rapidez na entrega das lojas Americanas, chegou bem antes do prazo estabelecido.",1,0,1,0,0,2.3387298583984375,5453,115.64453125,0.2986981,1,0,0,0,0
Maravilhoso...ótima qualidade e acabamento incrível.,0,0,1,0,0,2.3718831539154053,5453,115.64453125,0.3154969,0,1,0,0,0
"Ótimo livro , faz entender um pouco mais a vida excelente livro",0,0,1,0,0,2.399233818054199,5453,115.64453125,0.350171,0,1,0,0,0
Acho que falta na mochila uma espécie de cinto para poder prender em volta da cintura e distribuir ainda mais o peso.,0,0,1,0,0,2.3707730770111084,5453,115.64453125,0.3176607,0,1,0,0,0
"Boa qualidade, prático, leve, o produto era exatamente o que procurava.",0,0,1,0,0,2.4654712677001953,5453,115.64453125,0.4323229,0,1,0,0,0
Chegou rápido produto de qualidade. . Gostei muito.  Super prático e recomendo .,1,0,1,0,0,2.373061418533325,5453,115.64453125,0.368221,1,1,0,0,0
Produto de ótima qualidade e entrega super rápida! Estão de parabéns!!! Super recomendo!!!!!,1,1,1,0,0,2.3514065742492676,5453,115.64453125,0.3038609,1,0,0,0,0
"Achei bem bonito , tamanho razoável aparentemente produto qualidade boa .",0,0,1,0,0,2.3823790550231934,5453,115.64453125,0.3262576,0,1,0,0,0
"Chegou antes do prazo, o produto funciona muito bem com mechas finas, sempre é bom usar um protetor térmico antes de fazer os cachos. Recomendo este produto, o custo benefício é ótimo.",1,0,1,0,0,2.4087462425231934,5453,115.64453125,0.3696727,1,1,0,0,0
"Muito bom excelente custo e benefício, além  de compras feitas na americanas.com são super seguras e entrega rápida",1,1,1,0,0,2.4860939979553223,5453,115.64453125,0.4378731,1,0,0,0,1
"São perfeitas,soh gostaria de saber se pode ir ao forno,por causa do cabo",0,1,1,0,0,2.3316636085510254,5453,115.64453125,0.2907459,0,1,0,0,0
"Minha irmã amou o presente, disse que é muito bom Veio em perfeitas condições",0,0,1,1,0,2.4551775455474854,5453,115.64453125,0.4112623,0,0,0,1,0
"Embora fiz uma compra de dois itens e a entrega veio parcelada, no momento 4/05/2018 a loja esta no credito por não ter vencido a data de entrega.",1,0,0,0,0,2.4335684776306152,5453,115.64453125,0.3892261,1,1,0,0,0
"A prancha alisadora eu super recomendo,porém o modelador de cachos achei horrível, mesmo seguindo as instruções de uso o cabelo da  minha cliente trancou, tive que abrir todo o aparelho para não prejudicar a mesma ... recepção",0,0,1,0,0,2.50662899017334,5453,115.64453125,0.471364,0,1,0,1,0
"Gosto muito desse purificador ,é o segundo aparelho que compro,o primeiro acabou de velho",0,0,1,0,0,2.3025081157684326,5453,115.64453125,0.2524791,0,1,0,0,0
Comprei...chegou sem a bolca ...blutooth com defeito. Agora diz q vai chegar dia 10 5. Filha anciosa e eu tbem.,1,0,0,1,0,2.56892466545105,5453,115.6484375,0.5269896,0,1,0,1,0
"Não posso avaliar, ainda não recebi o produto, quando receber eu respondo!",1,0,0,0,0,2.299081325531006,5453,115.6484375,0.2808034,0,1,0,0,0
"Já usei 4 vezes e pra mim Ainda está em fase de teste, mas limpa muito. Só achei q deixou meus fios ressecados. Mas cada cabelo reage d forma diferente inclusive o d uma amiga ficou perfeito parece q cauterizou porq isso q quis usar tbm. Penso q deveria ter um levim.",0,0,1,0,0,2.3875200748443604,5453,115.6484375,0.3426344,0,1,0,0,0
Eu nao recebi meu produto ate hj. E nao recebo nenhuma informaçao de seu parceiro Loja Dominio. Mais de um mes esperando. Vou pedir o estorno da compra.,1,1,0,0,0,2.509819746017456,5453,115.6484375,0.4709431,1,1,0,0,0
Olha ja tem mais de um mês  q fiz  a compra e ainda nao  recebi o produto anunciado.  Ainda no aguardo,1,0,0,0,0,2.3799760341644287,5453,115.6484375,0.3478272,1,0,0,0,0
"Não chegou, estou esperando pra poder responder preciso que isso aconteça",1,0,0,0,0,2.3092594146728516,5453,115.6484375,0.2812652,1,1,0,0,0
"Eu recebi ,e me avisaram que viriam no dia seguinte para abrir e instalar e até hoje não vieram...",0,1,0,0,0,2.4536213874816895,5453,115.66796875,0.4164646,0,1,0,1,0
Ainda não recebi o produto .Pro.wteram para o dia dez e até hoje não recebi,1,0,0,0,0,2.407508611679077,5453,115.66796875,0.3693103,1,1,0,0,0
Estou aguardando pacientemente pela entrega que já entendi que não é pela Americana que comprei. É a segunda decepção com a americana.com Pois a meses atrás comprei um conjunto de cadeiras que não recebi até hoje mais a esperança é a última que morre. Continuarei esperando,1,1,0,0,0,2.371307849884033,5453,115.66796875,0.3369767,1,1,0,0,0
"O produto estava previsto pra chegar dia 27/12, agora está previsto para o dia 03/01 mas pelo que está mostrando no site da americanas ainda nem saiu da loja para transporte. Quando chegar espero que a avaliação seja boa.",1,0,0,0,0,2.442548990249634,5453,115.66796875,0.3997309,1,0,0,0,1
Até hoje não recebi o meu produto! Estou muito chateada pois já passou do prazo de entrega que era até o dia 07/05 .,1,0,0,0,0,2.395160675048828,5453,115.66796875,0.3505413,1,0,0,0,0
Processo muito demorado de resolução de problemas o prazo venceu 16/02 e até agora não conseguiram identificar onde foi parar meu produto e nem se quer enviaram outro.,1,1,0,0,0,2.4752347469329834,5453,115.66796875,0.4300321,0,1,0,1,0
Ainda não recebi o produto. Demora demais para entrega,1,0,0,0,0,2.302807092666626,5453,115.66796875,0.248903,1,1,0,0,0
"Deixaram meu produto nos Correios é o que dizem me deram um código de rastreio que dá inexistente,aí eu não tenho como saber em qual agência devo retirar o produto o código está errado e eu só consigo retirar o produto com o código de rastreio mas tem que está correto então eu não posso avaliar algo que não recebi.por favor me enviem o código de rastreio certo e me informe em qual agência devo retirar o produto.",1,1,0,0,0,2.5088140964508057,5453,115.66796875,0.4654039,1,1,0,0,0
Não é possível avaliar o produto.  Até agora só recebi o e-mail para avaliação da mercadoria. O produto ta em transporte ainda. A compra foi efetuada a 30 dias atrás. Essa demora é normal?,1,0,0,0,0,2.3970348834991455,5453,115.66796875,0.3423178,1,1,0,0,0
"Compra realizada desde o dia 22/12/17, e até agora não consegui comprovar a qualidade da TV, pois não foi entregue ainda! Mas pelas pesquisas é uma boa opção dos modelos de entrada da Samsung.",1,0,1,0,0,2.456279993057251,5453,115.66796875,0.41419,1,1,0,0,0
"Não posso dizer se é bom por enquanto. Minha entrega está atrasada. Tá parado na  transportadora desde o dia 10/05, sendo que o ultimo dia seria hoje. Nem a loja e nem a transportadora me respondem. Estou aguardando algum parecer sobre meu produto.",1,1,0,0,0,2.4153859615325928,5453,115.66796875,0.3690326,0,1,0,0,0
Ainda não testei pois e presente mas aparenta está tudo.ok,0,0,1,0,0,2.343939781188965,5453,115.66796875,0.2922464,0,1,0,0,0
Já tive outros rádios relógios da Sony  todos foram ótimos. Esse o design é fantástico  mas ainda não utilizei .....estou apenas traduzindo minha experiência anterior. Mas é inegável que é um belo radio relogio,0,0,1,0,0,2.4676244258880615,5453,115.66796875,0.4210994,0,1,0,0,0
Bem ainda não usei o produto..mas posso avaliar a entrega que foi antes do prazo e o produto veio em ordem tudo certinho.,1,0,1,1,0,2.3826334476470947,5453,115.66796875,0.3286253,1,0,0,0,0
"Ainda não foi possível ver resultados. As cápsulas têm um cheiro ruim, não sei se é do plástico, mas é ruim.",0,0,1,0,0,2.458587408065796,5453,115.66796875,0.4139547,0,1,0,0,0
Nao consigo acompanhar minha compra me ajude  Mostra que nao fiz compra nenhume e ja paguei,0,1,0,0,0,2.3663673400878906,5453,115.67578125,0.3542938,1,1,0,0,0
"Já tive esta cafeteira antes. Me mudei de cidade e não trouxe a antiga comigo. Comprei novamente por ter gostado muito do produto. Chegando a nova, senti falta do filtro pequeno (só veio o grande) e tive a impressão que o café tem saído menos cremoso que antes. Também, quando ligo, a água fica vasando... Mesmo assim ainda tem custo benefício.",0,0,1,1,0,2.530529260635376,5453,115.67578125,0.4862161,0,1,0,1,0
"Gostei muito desse produto, muito prático.   Mas, infelizmente meu cabelo começou a apresentar queda dos fios após a utilização.  Tive que realizar muitas hidratações para cortar o efeito.",0,0,1,0,0,2.360177755355835,5453,115.67578125,0.3258176,0,1,0,0,0
"Logo que comprei, estava ótimo, mas logo que findou o horário de verão, ele altera o horário, ora está no horário certo, hora adianta uma hora. Isso faz ele me acordar as 5h00 e não as 6h00, como solicito. Solicitei a troca no site das Americanas e estou esperando retorno.",0,1,1,0,0,2.588493824005127,5453,115.67578125,0.5534846,0,1,0,1,0
Bom só veio amassadas as caixas mas em geral o produto sim eh bom,0,0,1,1,0,2.3297276496887207,5453,115.67578125,0.2871988,0,1,0,0,0
Atendeu minhas expectativas e super indico a Americanas entre rápida muito antes do prazo,1,0,1,0,0,2.4172606468200684,5453,115.67578125,0.3878004,1,0,0,0,0
"Cabe muita água em um tamanho super bom para levar no dia a dia, a capa térmica ajuda muito a segurar a temperatura, o design é muito bonito, adorei o bico retrátil.  Se um dia eu quebrar essa, compro outra igual. 10/10.",0,0,1,0,0,2.510613203048706,5453,115.67578125,0.456644,0,1,0,1,0
"Lindo, minha filha amou, a entrega foi antes da data prevista. Super recomendo.",1,0,1,0,0,2.325504779815674,5453,115.67578125,0.2686971,1,0,0,0,0
"Muito linda e espaçosa, acabamento e detalhes impecáveis.",0,0,1,0,0,2.4373507499694824,5453,115.67578125,0.3945799,0,1,0,0,0
"O produto chegou em perfeito estado e bem antes do prazo previsto , estou mt satisfeito",1,0,0,1,0,2.355005979537964,5453,115.67578125,0.323081,1,0,0,0,0
Prático para uma escova rápido!!! Ficou liso sim!!!,0,0,1,0,0,2.4907124042510986,5453,115.6796875,0.4360161,0,1,0,0,0
"Excelente produto, ótimo para passar o cafezinho da hora. Recomendo, amei, achei ótimo só essas duas xícaras, medida ideal sem colocar muito pó, antes eu passava manualmente e sempre sobrava café que seria logo descartado por passar demais. esse produto é a dose certa e sem esbanjar o pó. Estou contente por ter feito uma excelente compra.",0,0,1,0,0,2.452796459197998,5453,115.6796875,0.4209705,1,0,0,0,0
"Nossa o oculos é lindo demais, amei e a qualidade é bem acima do que esperava. Só não gostei da logistica das Americanas a primeira entrega demorou demais ja a segunda foi rapida.",1,0,1,0,0,2.5025997161865234,5453,115.6796875,0.4572767,1,0,0,1,0
"Entrega super rápida,o produto super resistente e linda",1,0,1,0,0,2.328930139541626,5453,115.6875,0.2827877,1,0,0,0,0
O cesto de centrifugação deveria ser removível para melhor limpeza do produto.,0,0,1,0,0,2.4624407291412354,5453,115.75,0.4234264,0,1,0,0,0
"Tem uma peça quebrada, a peça que encaixa que é uma chapinha",0,0,1,1,0,2.432924509048462,5453,115.75,0.3999412,0,0,0,1,0
"Alem do produto ser muito bom,parabens a lojas americanas pela entrega rápida antes do prazo,e tbem pelas informaçoes que prestam ao consumidor,rastreamento do produto,tudo de acordo!nos possibilitam acompanhar passo a passo tudo q acontece ate o produto chegar em nossas mãos!estao de parabéns",1,1,1,0,0,2.4473023414611816,5453,115.75,0.4041898,1,0,0,0,1
"Recomendo, pois o produto é excelente sem falar da rapidez da entrega.",1,0,1,0,0,2.4306023120880127,5453,115.75,0.402142,1,0,0,0,0
"A entrega super rápida, a fixação do produto na pele deixou um pouco a desejar... mas pelo custo e beneficio, esta bom! Mesmo assim eu recomendo.",1,0,1,0,0,2.4297192096710205,5453,115.75,0.3728647,1,1,0,0,0
"Superindico pra todo mundo! A panificadora é ótima, faz vários tipos de massa, todos com qualidade! Amei e vou continuar usando sempre!",0,0,1,0,0,2.373166799545288,5453,115.75,0.3281904,0,1,0,0,0
"Alem da cafeteira ser linda, é muito simples de usar. Super recomendo.",0,0,1,0,0,2.495826005935669,5453,115.75,0.4458429,0,1,0,0,0
"Meu guarda roupa chegou no prazo estimado quase 30dias. Eu amei, gostei da qualidade pelo preço  que paguei,muito bom, os espelhos lindo, só não foi 100porcento, porque um lado dos trilhos vei um pouco amassado,eu recomendo  produto excelente.",1,0,1,1,0,2.425523281097412,5453,115.73046875,0.3867733,1,1,0,0,0
"Estourou o prazo de entrega e não recebi o produto, estou descontente e não á atendimento ao cliente exceto eletrônico que não resolve nada.",1,1,0,0,0,2.415773868560791,5453,115.73046875,0.3791262,1,1,0,0,0
"Tenho o meu a 4 anos, gosto bastante dele, do sistema dele, mas por esse preço tem outros melhores. O ruim dele é que não aguenta tanto a bateria, só no primeiro ano mais ou menos até ai normal. O espaço dele é o que mais me incomoda, é muito pouco, e com o decorrer dos tempos, parece que vai cabendo menos coisas ainda. E a câmera frontal é boa, mais é escura e não tem uma ótima resolução usado a noite ou em lugares que não possuem uma boa iluminação. Mas somente quem vai gostar dele é quem não usa muito, ou criança ou quem já esta acostumado com o software da sony, pois não trava, não é lento, só ruim mesmo nesses quesitos.",0,0,1,0,0,2.614488363265991,5453,115.73046875,0.5724691,0,1,0,1,0
O amplificador não serviu para nada. Muito pelo contrário depois de colocado o amplificador o sinal piorou,0,0,1,0,0,2.361727476119995,5453,115.73046875,0.3169561,0,1,0,0,0
Alguém pode me dizer quantos dias demorou pra receber?  Pfv .,1,1,0,0,0,2.4775643348693848,5453,115.73046875,0.4333338,1,0,0,0,0
"Achei o material mto inferior, pensei que fosse de coton.",0,0,1,0,0,2.3392233848571777,5453,115.73046875,0.3220689,0,1,0,0,0
"A fonte não é bivolt automática. Possui uma chave seletora manual, ou é 110 ou 220, infelizmente o anúncio leva ao erro na compra, pois eu estava precisando de uma bivolt automática..",0,0,0,0,1,2.493417263031006,5453,115.73046875,0.4421659,0,1,0,0,0
"O produto é bom, mas infelizmente a entrega demora. Até o momento ainda não recebi o aparelho e já vai fazer quase um mês!",1,0,1,0,0,2.4200193881988525,5453,115.73046875,0.3666297,1,1,0,0,0
"Não tenho muito o que falar, só que o aparelho é muito",0,0,1,0,0,2.246551513671875,5453,115.7890625,0.2155781,0,0,0,0,0
É um aparelho  bom mas precisa melhorar em potência,0,0,1,0,0,2.415247678756714,5453,115.7890625,0.3733481,0,1,0,0,0
"A entrega foi super rápida estao de parabéns!!!O aparelho apesar de ser básico é muito bom,  imagem muito boa,tamanho câmera tbm gostei muito.Só deixou a desejar no som que é traseiro, a parte que capta o som nao fica na parte da frente e sim na lateral, e ele nao tem sensor para ver as horas.O meu eu nao tive sorte,veio com um problema, ele apaga a tela na hora de atender chamadas. Mas foi um defeito de fábrica que percebi depois do prazo de devolução, e estou resolvendo com a assistência técnica.Mas eu recomendo mesmo assim.",1,1,1,1,0,2.535247325897217,5453,115.7890625,0.4789782,0,1,0,1,0
"O produto veio com defeito E até agora ninguém trocou, espero que vcs entrem em contato",0,1,0,1,0,2.29902720451355,5453,115.7890625,0.270768,0,1,0,0,0
Usei tres vezes ja foi para manutenção. Agora preciso do equipamento e tenho que esperar ate 30 dias.,0,0,1,0,0,2.550255060195923,5453,115.7890625,0.5270761,0,1,0,1,0
Aparelho muito bonito lindo gostei muito bom.a loja americanas excelente ótima eu recomendo,0,1,1,0,0,2.364546537399292,5453,115.7890625,0.3200824,0,1,0,0,0
"Adorei o Smartphone Asus Zenfone 4 Selfie, é lindo ótimo desempenho.",0,0,1,0,0,2.333263635635376,5453,115.7890625,0.2950515,0,1,0,0,0
O sinal sempre está sempre saindo do ar e precisa ser configurado novamente,0,0,1,0,0,2.4313747882843018,5453,115.796875,0.3873135,0,1,0,0,0
"Eficiente, bom espaço, alternativas de temperaturas (dois ambientes).",0,0,1,0,0,2.402644157409668,5452,115.796875,0.3755239,0,0,0,1,0
"O recebimento foi relativamente rápido e o produto chegou de acordo com o anunciado, porém ainda não o utilizei para opinar sobre seu funcionamento.",1,0,1,0,1,2.420142889022827,5448,115.796875,0.3700812,1,0,0,0,1
"Assim que chegaram, coloquei na máquina pra lavar e sair o cheiro ruim que vem neles. Quando tirei, um dos panos de prato estava com uma lateral totalmente esparrapado, ou seja, praticamente ficou aleijado de um lado. Ainda não usei, mas achei todos ralinhos.",0,0,1,0,1,2.526535987854004,5455,115.796875,0.4749334,0,1,0,1,0
"Comprei a balança, após 10 dias parou de funcionar, entrei em contato com as Lojas Americanas, diz que comunicou o fornecedor, mas até o momento nada foi feito. Resumindo, perdi o meu dinheiro comprando um produto que não funciona.",0,1,1,0,0,2.3677759170532227,5450,115.796875,0.3470162,1,1,0,0,0
Produto bom. Estamos fazendo diversas receitas para ver o que podemos fazer  nela com mais praticidade.,0,0,1,0,0,2.3156545162200928,5450,115.796875,0.2820785,0,1,0,0,0
A entrega foi antes do previsto! Bem embaladinho... ótimo! O produto é eficaz!!! Recomendo,1,0,1,1,0,2.4929192066192627,5453,115.796875,0.4397559,1,1,0,0,0
"Capacete muito bom, bonito,  acabamento excelente. Encaixa bem na cabeça.  Porém muito ruidoso para estrada. Acima  de 70km faz muito barulho. No mais ele é bom.  Recomendo para uso urbano.",0,0,1,0,0,2.3001253604888916,5462,115.796875,0.2525921,0,1,0,0,0
"Bonito, leve e funcional. Atende muito bem as necessidades de comunicação e conexão.",0,0,1,0,0,2.391223669052124,5459,115.796875,0.3407296,0,0,0,0,1
Otimo para lugares compactos. Fica tudo lindo e organizado.Exelente custo e beneficil.,0,0,1,0,0,2.3859996795654297,5451,115.796875,0.3334695,0,1,0,0,0
"Mercadoria não foi entregue! Recebi um e-mail automático informando que eu pedi cancelamento, embora não tenha feito isso! A americanas.com, me informa nesse e-mail que irá me reembolsar o valor pago. Ficarei aguardando providencias",1,1,0,0,0,2.4922802448272705,5451,115.796875,0.4339567,0,1,0,1,0
"A qualidade da impressão até não é ruim, mas a quantidade de impressões é péssima. Não recomendo.",0,0,1,0,0,2.3171870708465576,5459,115.796875,0.2852521,0,1,0,0,0
Produto ótimo um pouco barulhento mas aspira bem. Difícil a limpeza do filtro.,0,0,1,0,0,2.3493058681488037,5460,115.796875,0.3012354,0,1,0,0,0
"O jogo é excelente, pois tem exploração aquática e terrestre e aprendemos muito sobre o local  aonde é inserido o jogo.  A parte online também é ótima e mutio desafiadora e boa para jogar em equipes.  Nota 10 pelo produto.",0,0,1,0,0,2.3371574878692627,5449,115.796875,0.3065202,0,1,0,0,0
"Meu produto veio com o defeito. Porem veio com todos os cabos Enviei para a assistência e veio sem os cabos para 220V, entrei em contato com a própria empresa Multilaser e disseram que neste novo lote não esta incluso o cabo para 220V! Legal neh???? Paguei por um produto e não recebi completo! Parabéns mesmo! Totalmente insatisfeita! Pois, era uma coisa tão simples de resolver! Apenas enviar o cabo para o consumidor! Fora que quando pedi o numero do atendimento a mulher desconectou o chat! Porem tenho tudo salvo em PDF para comprovar o descaso! NAO COMPREM MARCAR MULTILASER!!!!!!!!!!!!!!!!!!!!!!! Assistencia Horrrível!",0,1,0,1,0,2.6338894367218018,5448,115.796875,0.5926344,0,1,0,1,1
"Tenho o conjunto já a um bom tempo mas hoje a parte metálica da haste do mixer se soltou o restante dos produtos estão em bom estado e não consigo achar um local para adquirir somente essa haste, pois não tenho interesse em comprar tudo novamente.",0,0,1,0,0,2.3572726249694824,5448,115.90625,0.3150696,0,1,0,0,0
"Esse celular tem assistência técnica no Brasil ?  O aparelho é muito bom , mas precisamos ter certeza disso.",0,1,1,0,0,2.4410150051116943,5446,115.90625,0.4040965,0,1,0,0,0
Bom produto para uso em oficinas domésticas ou amadoras.,0,0,1,0,0,2.366070032119751,5446,115.90625,0.3252874,0,1,0,0,0
Boa relação custo/benefício. Boa relação custo/benefício. Boa relação custo/benefício.,0,0,1,0,0,2.490936756134033,5446,115.90625,0.4527543,0,1,0,0,0
"Entrega rápida, produto atende minhas expectativas",1,0,1,0,0,2.3548624515533447,5446,115.90625,0.3231112,1,0,0,0,0
O produto é o mesmo apresentado no site. Boa qualidade.,0,0,1,0,0,2.486492395401001,5446,115.90625,0.4513589,0,1,0,0,0
"Tinha outra fritadeira de outra marca, nessa senti falta de um alarme sonoro que soava quando dava o tempo de cocção, mas tá sendo bom até agora.",0,0,1,0,0,2.44026780128479,5446,115.90625,0.3954491,0,1,0,0,0
Gostei de ter comprado nesse site. Entrega rapida e o produto chegou intacto.  Obrigada.,1,1,1,1,0,2.357105255126953,5446,115.90625,0.3221959,1,0,0,0,0
Só achei o cesto de baixo pequeno e o bebê conforto muito grande. Mas no geral pelo custo vale a pena.,0,0,1,0,0,2.4723446369171143,5446,115.91015625,0.4252652,0,1,0,0,0
"Atende minha necessidade, porém quando a uma violação de algum setor, os leds de todos setores piscam, assim não tenho como saber qual setor foi violado.",0,0,1,0,0,2.4209671020507812,5446,115.91015625,0.3651352,0,1,0,0,0
"Simples, barato e bom! Pequeno e confortável.. Recomendo a todos",0,0,1,0,0,2.350566864013672,5446,115.91015625,0.3115087,0,1,0,0,0
"Favor: Imagem, rapidez, controle pequeno e simplificado.  Contra: Não é tão fina.",0,0,1,0,0,2.46771502494812,5446,115.91015625,0.4159958,0,1,0,0,0
É frágil. Deve ser usado por um adulto! É frágil. Deve ser usado por um adulto!,0,0,1,0,0,2.427449941635132,5446,115.91015625,0.3869762,0,1,0,0,0
"Muito bom, rapido. Android mais limpo que o da samsung.",0,0,1,0,0,2.365143060684204,5446,115.91015625,0.308578,1,0,0,0,0
"Entrega super rápida, muito antes do esperado. O fogão é bom. Apenas estranho a altura dele, mas recomendo.",1,0,1,0,0,2.3956258296966553,5446,115.91015625,0.3504434,1,0,0,0,0
Produto entregue dentro do prazo estipulado. Equipamento cumpre o prometido nas propagandas.,1,0,1,0,1,2.4809811115264893,5446,115.91015625,0.4353338,1,0,0,0,0
"Tamanho ideal para crianças de até 5 anos. A pequena adorou e se diverte bastante... quanto a resistência ainda não posso avaliar, mas por se algo plástico e inflável, acredito que é bom ter o máximo cuidado para maior durabilidade. Quando forem utilizar, melhor forrar o chão com um edredom.",0,0,1,0,0,2.382720708847046,5446,115.91015625,0.3421061,0,1,0,0,0
Atendeu as expectativas. Estou satisfeito. Recomendo. Não quero digitar mais.,0,0,1,0,0,2.345712423324585,5446,115.91015625,0.3071862,0,1,0,0,0
"O produto é bonito,resistente.Tive problema apenas com a transportadora.",1,0,1,0,0,2.3781633377075195,5446,115.91015625,0.3284197,1,0,0,0,0
Simples com designe atraente e bom preço. Leve e silencioso.,0,0,1,0,0,2.3487110137939453,5446,115.91015625,0.3103632,0,1,0,0,0
"Havia lido algumas criticas que o café ficava frio, que passava o pó. Mas o café sai quentinho e fica muito gostoso, achei que passa o cafezinho bem rápido e além de tudo é muito charmosa, deu um toque a mais na minha cozinha.",0,0,1,0,0,2.485470771789551,5446,115.91015625,0.4548113,0,1,0,0,0
"O produto é lindo e funciona perfeitamente na liberação da água. Porém, não atende com a água gelada.... a água não gela o suficiente. :(",0,0,1,0,0,2.3653862476348877,5446,115.91015625,0.3230451,0,1,0,0,0
"Pedi Midia em MINI TUBOS veio em tubo normal. O produto atende as necessidades, mas faltou atenção de quem embalou o produto.",0,0,1,1,0,2.3345885276794434,5446,115.91015625,0.3084905,0,1,0,0,0
Bom produto de boa qualidade sem contar a eficiência da entrega. Chegou bem antes da data marcada.  Gostei muito.,1,0,1,0,0,2.397169351577759,5446,115.91015625,0.3443752,1,0,0,0,0
"Eu poderia avaliar melhor o produto se eu já tivesse recebido hoje fãs quatorze dias de atraso e ainda não recebi e não me deram nenhuma resposta tá difícil , Americanas nunca mais",1,1,0,0,0,2.4753875732421875,5446,115.91015625,0.4283046,0,1,0,1,0
"Não recebi meu produto ainda.Gostaria de saber o que está acontecendo. Com certeza os Corrêios perderam o produto porquê essa história de ""dificuldade na entrega"" é enrolação,porque tenho recebido outras encomendas,de outros lugares pelo próprio Corrêio. Ontem mesmo(domingo)recebi um produto de outra loja.",1,0,0,0,0,2.3931684494018555,5446,115.91015625,0.3486158,1,1,0,0,0
"Como é que essa loja conseguiu a avaliação Diamante?  É inadmissível a total falta de respeito com o consumidor no caso da pré-venda desse God of War. Comprei no dia 12/04, a confirmação do pagamento veio logo em seguida, e só ontem apareceu a nota fiscal. Entrega para o dia 08/05? DESRESPEITO.",1,1,0,0,0,2.4685862064361572,5446,115.91015625,0.4324392,1,0,0,0,0
"Estão  me pedindo para avaliar, mas eu nem recebi o produto ainda !!!",1,0,0,0,0,2.3787105083465576,5446,115.91015625,0.3225242,0,1,0,1,0
"Gostei do produto, mas houve atraso grande na entrega.",1,0,1,0,0,2.34199595451355,5446,115.91015625,0.2975519,1,0,0,0,0
Moro na região metropolitana de Belo Horizonte.Comprei o produto no dia dia 22/02/17 e até hoje ( 14/03) não chegou.,1,0,0,0,0,2.457940101623535,5446,115.91015625,0.4031367,1,1,0,0,0
"Tirando o atraso na entrega, não te enviarem o código de rastreio, ser notificado que transportadora X vai entregar seu produto e do nada passam pra transportadora Y sem você ser avisado e o produto vir riscado na contracapa do produto de caneta azul, eu recomendaria o produto.",1,0,1,1,0,2.429636240005493,5446,115.91015625,0.3887452,1,1,0,0,0
"Comprei o celular dia 24/12/2017. O prazo para chegar era dia 01/02/2018, mas até hoje nunca chegou.",1,0,0,0,0,2.428766965866089,5446,115.91015625,0.3920607,0,0,0,0,0
"Comprei em novembro esperando até hoje. Comprar na Internet já foi bom.dia, agora não mais. Nem resposta ais meus e-mails eu recebi",1,1,0,0,0,2.4796483516693115,5446,115.91015625,0.4361544,0,1,0,1,0
"Utensílio barato, fácil de manusear, ocupa pouco espaço . Era o que eu queria.",0,0,1,0,0,2.3171567916870117,5446,115.91015625,0.2972364,0,1,0,0,0
"Só não sou 5 estrelas , pois não veio a marca e nem modelo que comprei.",0,0,1,1,0,2.4425764083862305,5446,115.91015625,0.4091422,0,1,0,0,0
"Produto muito bem acabado e resistente para o uso a que se destina. Entregue no prazo, muito bem embalado. Recomendo a loja e o produto.",1,1,1,1,0,2.4947941303253174,5446,115.91015625,0.4457863,1,0,0,1,0
"E otimo. Ótimo custo beneficio.  ""....""............",0,0,1,0,0,2.337390899658203,5446,115.91015625,0.2882478,0,1,0,0,0
"Achei que o produto fosse de um material mais ""encorpado"".",0,0,1,0,0,2.4384641647338867,5446,115.91015625,0.3864426,0,1,0,0,0
"Aparelho apresenta uma boa performance no processamento, desbloqueio  biométrico rápido, porem a câmera deixa um pouco a desejar nas fotos a noite. O sistema de dupla câmera  é ótimo para fotos em ambientes claros.",0,0,1,0,0,2.370922327041626,5446,115.91015625,0.3371915,0,1,0,0,0
"Gostei bastante pois não demorou para entregar, e foi entregue dentro do prazo estão de parabéns!",1,0,0,0,0,2.353956460952759,5446,115.91015625,0.3169466,1,0,0,0,0
"Imaginei que gelasse mais, acredito que deve ser de placas e não de compressor",0,0,1,0,0,2.3698434829711914,5446,115.91015625,0.312641,0,1,0,0,0
"Mercadoria entregue conforme combinado, produto de boa qualidade, recomendo",1,0,1,0,0,2.466413974761963,5446,115.91015625,0.4206633,1,0,0,1,0
O cobre leito é de um tecido muito inferior e a cor é totalmente diferente do da foto,0,0,1,0,1,2.413851499557495,5446,115.91015625,0.3716353,0,0,0,1,0
"Produto ótimo, seu funcionamento é mto bom e atende minhas necessidades",0,0,1,0,0,2.341987133026123,5446,115.91015625,0.2989807,0,1,0,0,0
Não gostei; pois nas propagandas falam que não sai na água; e sai! E não cobre tatuagens totalmente.,0,0,1,0,0,2.4656689167022705,5446,115.97265625,0.4051909,0,1,0,0,1
"Produto bom. Porém a entrega deixou muito a desejar. Demorou muito para ser entregue. Fazemos outras compras pela internet que não demorou tanto, estas outras compras chegaram no prazo de 4 dias uteis depois da confirmação do pagamento. Mais chegou sem problemas mesmo  ter achando que a entrega demorou muito,",1,0,1,1,0,2.4765806198120117,5446,115.97265625,0.4226774,1,1,0,0,0
Esperava um pouco mais em termos de evolução na tecnologia... Mas é bom.,0,0,1,0,0,2.3383748531341553,5446,115.97265625,0.2927526,0,1,0,0,0
"Um ótimo produto, espero que tem uma boa durabilidade.",0,0,1,0,0,2.334144353866577,5446,115.97265625,0.2949159,0,1,0,0,0
"Atendeu a expectativa, considerado o custo e beneficio",0,0,1,0,0,2.3811874389648438,5446,115.97265625,0.3376565,0,1,0,0,0
"Ótimo produto, excelente loja. Entrega rápida.Compraria novamente",1,1,1,0,0,2.3528964519500732,5446,115.97265625,0.3049963,1,0,0,0,0
Senti falta da nota fiscal que não veio com o produto. O controle remoto não está funcionando.,0,1,0,1,0,2.597154140472412,5446,115.97265625,0.5456194,0,1,0,1,0
MUITO RUIM/PESO VARIA MUITO DE ACORDO COM POSIÇÃO DO CORPO // desregula qdo muda de lugar. compraria outra se tivesse melhor marca. jlourenço,0,0,1,0,0,2.309913396835327,5446,115.9765625,0.2803405,0,1,0,0,0
"PRODUTO DE PÉSSIMA QUALIDADE,  2 MESES QUE ESTOU COM O PRODUTO E HOJE ME DEPAREI COM MEU CELULAR INCHADO, QUANDO O ABRI A BATERIA ENORME, FORA QUE A DURAÇÃO DA CARGA E BAIXÍSSIMA . NÃO RECOMENDO !!",0,0,1,0,0,2.3917996883392334,5446,115.9765625,0.336903,0,1,0,0,0
"COMPREI O APARELHO COM A INDICAÇÃO DO VENDEDOR NA LOJA, INFORMAVA QUE A BATERIA ERA DE LONGA DURAÇÃO. PURA ENGANAÇÃO, TENHO QUE CARREGAR VARIAS VEZES AO DIA. NÃO RECOMENDO.",0,1,1,0,0,2.4641826152801514,5446,115.9765625,0.4179056,0,1,0,0,0
OTIMO APARELHO RECOMENDO GOSTEI MUITO FACIL DE USAR,0,0,1,0,0,2.36143159866333,5446,115.9765625,0.3199395,0,1,0,0,0
"CHEGOU COM  ATRASO, TALVEZ DEVIDO À EPOCA DA COMPRA, ESTÁ FUNCIONANDO BEM.",1,0,1,0,0,2.5295751094818115,5446,115.9765625,0.4800821,0,1,0,0,0
"GOSTEI DO PRODUTO ATENDEU MINHAS NECESSIDADES, RECOMENDO A COMPRA",0,0,1,0,0,2.354294538497925,5446,115.9765625,0.3109716,0,0,0,0,1
"Gostei do produto, porém veio com defeito na bateria e os encaixes do escudo.",0,0,1,1,0,2.4253759384155273,5446,115.9765625,0.3807029,0,1,0,0,0
"Embalagem péssima, bateria não segura carga, veio baterias com capacidade diferentes, o que veio ok foi o cabo usb que até o momento esta cumprindo seu papel. Demora para chegar",1,0,1,1,0,2.5039398670196533,5446,115.9765625,0.4616667,1,0,0,1,0
A lâmpada fica tremendo e por isso ilumina pouco. Para o fim de iluminar a sala em uma luminária com 8 lâmpadas ela não atendeu satisfatoriamente.,0,0,1,0,0,2.3446102142333984,5446,115.9765625,0.3018757,0,1,0,0,0
"O acabamento é bonito, mas o espelho em acrílico pintado não inspira confiança, e pelo preço que é cobrado poderia ser inox.",0,0,1,0,0,2.4432220458984375,5446,115.9765625,0.3985374,0,1,0,0,0
Totalmente diferente da imagem de venda . totalmente arrependido. Nem brilho tem . he fosco horrivel.,0,0,1,0,1,2.368595838546753,5446,115.9765625,0.3247099,0,1,0,0,0
"Produto mt fragil, com presilhas muito ruins. Poderia sem melhor sem significar maior custo de fabricacao.",0,0,1,0,0,2.477243661880493,5446,115.9765625,0.421543,0,1,0,0,0
"Compre o que promete, é bastante precisa em pesar volumes pequenos, excelente.",0,0,1,0,0,2.380746364593506,5446,115.9765625,0.3412959,0,0,0,0,1
Bandeja giratoria barulhenta....................................,0,0,1,0,0,2.359276533126831,5446,115.9765625,0.3150789,0,1,0,0,0
"Só o barulho atrapalha, de resto cumpre o que promete, um ótimo custo benefício, além da vantagem de não usar óleo é tão rápida quanto ao microondas, porém bem mais saudável. Vale o investimento.",0,0,1,0,0,2.3707621097564697,5446,115.9765625,0.3418918,0,1,0,0,0
"Forte porém muito barulhento , pra usar pela manhã é complicado!",0,0,1,0,0,2.3644862174987793,5446,115.9765625,0.3320713,0,1,0,0,0
"Batedeira é boa, mas comparando com as mais antigas ela ja esta com as pá mais simples e achei um pouco barulhenta, porém funciona bem só não da pra bater massa mais pesada que ela fica mais lerda.",0,0,1,0,0,2.450989007949829,5446,115.9765625,0.4121202,0,1,0,0,0
"Comprei o celular há cerca de 1 mes e meio e foi só decepção, a bateria tem dias q funciona bem, dias q não dura nem 4h e dias q ela simplesmente decide não carregar direito. Vi inúmeros comentários após minha compra com os mesmos problemas q eu tive, por isso não recomendo que comprem o K10, deem preferencia a intermediarios de outras marcas. abraços.",0,0,1,0,0,2.3865275382995605,5446,115.9765625,0.3421139,0,1,0,0,0
"Produto bom, entrega rápida, preço bom, recomendo.",1,0,1,0,0,2.3337385654449463,5446,115.9765625,0.2990092,1,0,0,0,0
Tem boas funções e é rapido. Pena que a bateria seja tao limitada. Poderia ser ao mrnos 5000.,0,0,1,0,0,2.384749174118042,5446,115.9765625,0.3308001,0,1,0,0,0
A bateria nao dura muito. Tem que recarregar todo dia se não fica na mão..,0,0,1,0,0,2.337677478790283,5446,115.9765625,0.310312,0,1,0,0,0
"Problemas com o desempenho. Carrega rápido demais e descarrega na mesma proporção. Não consegue reter a carga por muito tempo mesmo sem uso como música,navegação etc. Não dura nem  o dia inteiro ! Pelo menos neste produto não tive SORTE .",0,0,1,0,0,2.523059368133545,5446,115.9765625,0.4680394,0,0,0,0,0
"BOM: A cãmera é bonita e a imagem é boa, com um ótimo ângulo de visão.  RUIM: Manual mal traduzido do chinês a ponto de ficar incompreensível (tanto em inglês quanto em português), e desatualizado (o aplicativo mudou, não está mais como o manual descreve). Isso complicou muito a instalação. O aplicativo não me pareceu confiável, exige permissão para acessar várias funções do celular que não me parecem justificáveis, e fica funcionando escondido mesmo depois que você tenta desligá-lo. A imagem chega no celular sempre com um atraso de uns 5 segundos, o que é um perigo se for para vigiar crianças. E a câmera responde mal a comandos do celular, para movê-la precisa ficar deslizando o dedo na tela umas 10 vezes até funcionar.",0,0,1,0,0,2.5403919219970703,5446,115.984375,0.5119453,0,1,0,1,0
"Apesar de não funcionar o reconhecimento criptografado sonoro e ter que usar o QR code para instalar, depois de instalado funcionou muito bem. Boa qualidade de imagem de dia e de noite.",0,0,1,0,0,2.34993839263916,5446,115.984375,0.3041479,0,1,0,0,0
Fiz a compra num dia depois de 2 dias já entregaram parabéns que continue assim,1,0,1,0,0,2.396308422088623,5446,115.984375,0.3701228,1,0,0,0,0
"Ótimo livro, muito inspirador. Apesar de ser um de 1939, é um livro muito atual, até porque os ensinamentos de Jesus são eternos.",0,0,1,0,0,2.3717472553253174,5446,115.984375,0.3282034,0,1,0,0,0
Gostaria de saber se ele vem com suporte para mosquiteiro.,0,1,0,0,0,2.355333089828491,5446,115.984375,0.3127715,0,1,0,0,0
"Bicicleta com alguns problemas com raios curtos pegando pouquíssima rosca, por sinal na minha vieram 3 avariado. O pezinho que vem é de má qualidade o pedal veio travado.",0,0,1,1,0,2.64258074760437,5446,115.984375,0.5826041,0,1,0,1,0
"A americanas deve enganar vários brasileiros coloca o valor do produto la em cima e finge que esta dando desconto, em vários sites de busca de produtos se encontra bem abaixo do valor em propaganda, isso é um abuso ao consumidor, não existe transparência lamentável.",0,1,1,0,0,2.4543490409851074,5446,115.984375,0.4099474,0,1,0,0,1
"A luminária é boa e igual a foto, porém a entrega demorou muito e a Americanas não forneceu o código de rastreio para acompanhar a entrega.",1,1,1,0,1,2.4312870502471924,5446,115.984375,0.3893842,1,1,0,0,0
"Bem legal,  mas os dardos amaçam muito fácil. Com isso, ela começa a agarrar. O brinquedo é bonito e resistente. Recomendo comprar um pack de dardos a parte pra substituir os que vão dando defeito.",0,0,1,0,0,2.340285539627075,5446,115.984375,0.3186949,0,1,0,0,0
Produto bom e entrega rápida super recomendo ótimo para realizar trabalhos em placas e componentes,1,0,1,0,0,2.3692643642425537,5446,115.984375,0.3479022,1,0,0,0,0
"Prático para limpar, porém deixa a desejar nos cantos dos espaços, pois o material da escova desloca para os cantos a poeira que insiste em permanecer mesmo após varredura.",0,0,1,0,0,2.371558427810669,5446,115.984375,0.3236245,0,1,0,0,0
O produto de boa qualidade e mais silenciosa e econômica tanto no aspecto água como energia.,0,0,1,0,0,2.460052251815796,5446,115.984375,0.4148778,0,1,0,0,0
Pobre qualidade e não ajusta ao tamanho do colchão.,0,0,1,0,0,2.364895820617676,5446,115.984375,0.3189105,0,1,0,0,0
Minha neta adorou. Fiquei satisfeito com a compra por um preço justo.,0,0,1,0,0,2.466569423675537,5446,115.984375,0.4222388,0,1,0,0,0
"A cortina é boa, tem um bom acabamento e sua cor avelã é bonita. Porém não é um blackout 100%, escurece no máximo uns 60% do ambiente... se vc está procurando uma cortina que corte toda a luz, não é esta.",0,0,1,0,0,2.4161550998687744,5446,115.984375,0.3820113,0,1,0,0,0
"Gostei, muito boa e prática para cozimento de alimentos menores.",0,0,1,0,0,2.3437514305114746,5446,115.984375,0.314431,0,1,0,0,0
"Chegou em ótimo estado, rapido.  Sobre a cafeteira aquece muito bem a água, funciona direitinho, no entando, vasa um pouco de água do reservatório não sei se por causade ser o primeiro uso, mas por enquanto observei esse problema.",1,0,1,1,0,2.5167057514190674,5446,115.984375,0.49048,1,1,0,0,0
Muito boa qualidade e ótimo preço eu recomendo comprar auxilia muito bem nos serviços de culinária,0,0,1,0,0,2.329179286956787,5446,115.984375,0.2911911,0,1,0,0,0
Atendeu minhas expectativas..bom fone. Vale a pena .comprando com a faixa de preços de outros,0,0,1,0,0,2.4542336463928223,5446,115.984375,0.4025977,0,1,0,0,0
"As cuecas são de boa qualidade no geral, porém não tem reforço na parte frontal. O vendedor deveria deixar claro que o tecido não é 100% algodão (eu prefiro), mas uma mescla de elastano. Mas ao menos é  80% algodão ou mais (variam). Vale a compra pelo preço.",0,0,1,0,1,2.3590927124023438,5446,94.0546875,0.3184149,0,1,0,0,0
"A configuração inicial demorou um pouco, mas a conexão com a internet ficou mais rápida depois das configurações iniciais.",1,0,1,0,0,2.4214322566986084,5446,94.33984375,0.3743031,0,1,0,0,0
"Atende ao uso moderado, com várias funções. Câmeras de boa qualidade.",0,0,1,0,0,2.3677101135253906,5446,94.93359375,0.3112093,0,1,0,0,0
Vamos ver se aguenta pau para andar de moto e quanto tempo vai durar mas o acabamento é bonito,0,0,1,0,0,2.356630325317383,5446,96.40625,0.3137222,0,1,0,0,0
"Eu gostei sim, para o meu cabelo que é fino e liso funciona bem...",0,0,1,0,0,2.3453831672668457,5446,97.25,0.306812,0,1,0,0,0
"Gostei do celular e a entrega foi mais rápida do que eu esperava, ainda não dá para avaliar 100% somente com algum tempo de uso, por enquanto não decepcionou, tem boas funções, bom desempenho e é bem moderno.",1,0,1,0,0,2.3623619079589844,5446,97.9765625,0.3233314,1,0,0,0,0
"A capa e muito boa, porem a película não aderiu na celular.",0,0,1,0,0,2.4512181282043457,5446,98.38671875,0.428749,0,1,0,0,0
"A entrega foi dentro do prazo, porém meu produto veio com um pequeno defeito, a chapa não para aberta, sempre necessita de um apoio ou ficar segurando. No entanto não é nada que interfira no uso do produto, por conta disso não solicitei a troca.",1,1,1,1,0,2.4836320877075195,5446,98.5,0.4617531,0,1,0,1,0
"Achei o produto bom, mas achei que fosse gostar mais.",0,0,1,0,0,2.335477828979492,5446,99.0546875,0.2852146,0,1,0,0,0
Achei o travesseiro mais fino do que gostaria porém tem atendido as minhas necessidades,0,0,1,0,0,2.43664813041687,5446,99.05859375,0.3906444,0,1,0,0,0
"Adorei muito prático,  Deveria ter mais opção de modelos e cor.",0,0,1,0,0,2.361672878265381,5446,99.11328125,0.3080005,0,1,0,0,0
Ainda não usei o produto mas parece ser bom. Chegou antes do prazo,1,0,1,0,0,2.3687896728515625,5446,99.6796875,0.3186528,1,0,0,0,0
"Aparelho possui um bom usto beneficio, rápido e eficiente, porém a bateria não dura muito mesmo com modo de economia acionada , dura em média um dia com uso moderado.",0,0,1,0,0,2.3491878509521484,5446,99.75390625,0.3114943,0,1,0,0,0
"Atende as expectativas. Design moderno. Pelo preço, gostei bastante",0,0,1,0,0,2.3410263061523438,5446,99.90234375,0.3036121,0,1,0,0,0
"Bom ,,porém n venho n embalagem da EURO ,,VENHO NUM PACOTE DE PAPELÃO (CAIXA)..",0,0,1,1,0,2.5405585765838623,5446,99.9453125,0.502912,0,0,0,1,0
"Bom custo benefício, mouse leve e prático também é bom para jogos. Mouse para pegada claw",0,0,1,0,0,2.389913320541382,5446,100.0078125,0.3375996,0,1,0,0,1
Bom para quem precisa do básico o celular. Compramos pra quem precisa falar no telefone e pronto.,0,0,1,0,0,2.3400533199310303,5446,100.01953125,0.3131488,0,1,0,0,0
Bom produto  Chegou antes do prazo  Recomendo Entrega rápida e tudo certinho,1,0,1,1,0,2.452333450317383,5446,100.08203125,0.4031909,1,0,0,0,0
Bom produto.. Obrigado.. Obrigado bom produto e como já diz a palavra eu escrevo o qto quiser.,0,1,1,0,0,2.3674333095550537,5446,100.09375,0.3303677,0,1,0,0,0
"Bom! Exatamente o que eu esperava. Compatível com a descrição, material bom. Apenas o cadeado que poderia ser de melhor qualidade.",0,0,1,0,1,2.482567548751831,5446,100.09375,0.4305307,0,1,0,0,0
"Bom, confortavel , fiquei satisfeito, gostei da cor e do tecido super macio",0,0,1,0,0,2.502575159072876,5446,100.09375,0.4709532,0,0,0,1,0
"Bom. Mas uma delas veio faltando peça,  que não foi possível para instalar.",0,0,1,1,0,2.3922252655029297,5446,100.10546875,0.3476603,0,0,0,1,0
"Chegou antes do prazo, gostei do produto, só que no anúncio diz que vem com fone de ouvido e o meu não veio.",1,0,1,1,1,2.3928627967834473,5446,100.10546875,0.3613967,1,0,0,0,1
Cumpre o que é designado. É lindo e tem potência suficiente para viagens. É levinho e pratico.,0,0,1,0,0,2.392322540283203,5446,100.15625,0.3552361,0,1,0,0,0
"Estou satisfeito. O produto é de boa qualidade, rápido, de fácil manuseio. Só não gostei da ausência da agenda chamada S Planner Mini, o qual usava no S4 mini e era muito útil.",0,0,1,0,0,2.4260709285736084,5446,100.21484375,0.3712346,0,1,0,0,0
Fiz a Primeira sessão não posso falar pois ainda não tivesse resultados o resultado é a longo prazo mas estou muito satisfeita pela compra queria muito esse aparelho espero valer a pena,0,0,1,0,0,2.3583457469940186,5446,100.24609375,0.3240289,0,1,0,0,0
"Gostei comprei para ver videos e  instalei alguns  jogos, por enquanto está rodando normal.",0,0,1,0,0,2.474839210510254,5446,100.25390625,0.4218581,0,1,0,0,0
Gostei da compra. Chegou antes do prazo. Qualidade boa.,1,0,1,0,0,2.3430120944976807,5446,100.2578125,0.3101639,1,0,0,0,0
Gostei do produto além dele ter saído por um preço acessível .,0,0,1,0,0,2.4984731674194336,5446,100.2578125,0.4400053,0,1,0,0,0
"Gostei muito e recomendo esse produto atendeu minhas expectativas, entrega dentro do prazo.",1,0,1,0,0,2.4314591884613037,5446,100.2578125,0.3811984,1,0,0,0,0
Gostei por ser um produto bom para o desenvolvimento das crianças . Porém desencaixa muito facilmente e a criança não consegue fazer o encaixe sozinha . Mas no geral o bebê adorou .,0,0,1,0,0,2.3658928871154785,5446,100.2578125,0.3262213,0,1,0,0,0
"Gostei. Gosto dos produtos Arno. Comprei como grill, porém não veio.",0,0,1,1,0,2.359638214111328,5446,100.2578125,0.3080926,0,1,0,0,0
"Gosto da Smasung, mas muitas vezes o aparelho não tem ótima velocidade de processamento.",0,0,1,0,0,2.3688838481903076,5446,100.2578125,0.3191209,0,1,0,0,0
"Eu gostei do headset, o microfone dele é regular, seria melhor se ele não estragasse com um mês de uso",0,0,1,0,0,2.3474652767181396,5446,100.2578125,0.3028242,0,1,0,0,0
Manual de instruções sem muitas explicações; Não relaciona tudo que vem na caixa. Chegou rápido.,1,0,1,0,0,2.5075676441192627,5446,100.2578125,0.4692777,1,1,0,0,0
"Muito boa a televisão , boa imagem, bom som. Recomendo.",0,0,1,0,0,2.345749855041504,5446,100.2578125,0.2929841,0,1,0,0,0
Muito bom gostei e recomendo chegou até antes do prazo previsto parabéns,1,1,1,0,0,2.3466908931732178,5446,100.2578125,0.3123174,1,0,0,0,0
"Muito bom,mas muito difícil de apertar pra ouvir os sons",0,0,1,0,0,2.3481979370117188,5446,100.2890625,0.303666,0,1,0,0,0
"Nao tenho oque reclamar é bom, mais acho que deveria vir escrito os segundos e se e pra esquerda ou pra direita",0,0,1,0,0,2.3464345932006836,5446,100.2890625,0.3163745,0,1,0,0,0
"O notebook da positivo tem um designe moderno, é lindo, fino e leve, porém este que adquiri, indico para quem quer usar para estudo apenas. memória pouca, mas comprei nesta intenção, já que arquivo meus materiais em HD externo.",0,0,1,0,0,2.4736709594726562,5446,100.296875,0.4335307,0,1,0,0,0
O produto atende muito bem minhas necessidades. Estou satisfeita,0,0,1,0,0,2.3610386848449707,5446,100.296875,0.3088712,0,1,0,0,0
"O produto é bom, o problema que não tem bico pra reposição tive que comprar outro copo por causa disso",0,0,1,0,0,2.454129934310913,5446,100.296875,0.4145792,0,0,0,1,0
"Paguei trabalho taxa especial para envio mais rápido, mas demorou a mesma coisa! PRIME?!?!",1,0,1,0,0,2.45487380027771,5446,100.296875,0.4178646,1,0,0,0,0
"Parecia ser maior. Para festas grandes não comporta muito pequeno. Serve para uso doméstico entre família. Acaba muito rápido chocolate, pois o reservatório e pequeno.",0,0,1,0,0,2.36480975151062,5446,100.296875,0.3169211,0,1,0,0,0
"Poderia ser mais forte, mas é suficiente. Aguenta duas pessoas adultas sentadas e fácil de encher.",0,0,1,0,0,2.384910821914673,5448,100.296875,0.3389303,0,1,0,0,0
"A qualidade do produto é boa, porem a numeração é muito pequena para o nosso padrão de vestuário.",0,0,1,0,0,2.4658446311950684,5448,100.296875,0.4094155,0,1,0,0,0
"Bom produto, apresenta um recipiente bom para conservação, sua embalagem pode ser melhorada em design, o gosto do produto é bom mas pode ser melhorada e apresenta resultados vitamínicos satisfatórios",0,0,1,0,0,2.383622169494629,5448,100.296875,0.3246847,0,1,0,0,0
"Superou minha expectativa, um bom produto de qualidade. Recomendo.",0,0,1,0,0,2.3508386611938477,5448,100.296875,0.3072382,0,1,0,0,0
"Produto dentro da espectativa,gostei muito do produto e a entrega foi super rapida,. Obrigado!!",1,0,1,0,0,2.367870569229126,5448,100.296875,0.3097964,1,0,0,0,0
"Produto muito bom , de acordo com a imagem . Só um pouco pequenas , mas o material é excelente .",0,0,1,0,1,2.358393907546997,5448,100.296875,0.3026609,0,1,0,0,0
"Produto é bom, marca poderia dar um pouco mais de qualidade no acabamento das rebarbas do produto, fora isso atende com a expectativa do valor pago.",0,0,1,0,0,2.4712510108947754,5448,100.296875,0.423751,0,1,0,0,0
Produto é de boa qualidade ! Vem bem embalado....Recomendo sim !,0,0,1,1,0,2.3271002769470215,5448,100.296875,0.3076739,0,1,0,0,0
"Produto é de boa qualidade, porém preço praticado no Brasil é fora da nossa realidade.",0,0,1,0,0,2.3499739170074463,5448,100.296875,0.3235134,0,0,0,0,0
Um produto muito bom Parabéns a loja que criou.estou extremamente satisfeita.,0,1,1,0,0,2.40207576751709,5448,100.296875,0.3565397,0,1,0,0,0
"A bateria dele é excelente durante mais de 24 horas, e olha uso muito devido meu trabalho.  O que não gostei é que devido suas formas (fina com bordas arredondadas) da insegurança quanto a quedas. Outra coisa é que carregando as vezes o aparelho fica bem quente.",0,0,1,0,0,2.3832435607910156,5448,100.296875,0.3446247,0,1,0,0,0
"Gostei atendeu às minhas necessidades,boa duração da bateria e bom desempenho",0,0,1,0,0,2.4669101238250732,5448,100.296875,0.4245185,0,1,0,0,0
"Chegou antes da data, um bom aparelho ! O auto falante dele que achei um pouco baixo.",1,0,1,0,0,2.409992218017578,5448,100.296875,0.3784867,1,1,0,0,0
Produto de boa qualidade e desempenho. Chegou dentro do prazo. Não me arrependo da compra.,1,0,1,0,0,2.358927011489868,5448,100.296875,0.3303684,1,0,0,0,0
"Comprei para minha mãe, ela está gostando muito, mas acreditei que a bateria pudesse ser um pouco melhor! Mesmo assim recomendo! :)",0,0,1,0,0,2.4755637645721436,5448,100.296875,0.4395823,0,1,0,0,0
Ele é bem básico mas é bom! Para quem não espera muito é muito bom.,0,0,1,0,0,2.360560894012451,5446,100.296875,0.3130856,0,1,0,0,0
A parte de cima da mesa é ótima muito funcional....mas as pernas são muito fracas  quando a criança tenta se apoiar elas soltam.,0,0,1,0,0,2.370526075363159,5446,100.78515625,0.3200588,0,1,0,0,0
Chegou  antes  do  prazo  estabelecido. . Obrigado  ... #americanas #BW  DIGITAL,1,1,1,0,0,2.3717033863067627,5446,100.8125,0.3403134,1,0,0,0,0
"Achei meio fraco dependendo do uso nao vai aguentar, alem de pequeno a lamina, vai precisar de mais tempo para aparar ou cortar o cabelo ou barba. Vou usar se caso for superior mudo minha avaliação.",0,0,1,0,0,2.3838021755218506,5446,100.8125,0.3368782,0,1,0,0,0
"Comprei um para instalar num corsa 94 1.0 para aproveitar o preço acessível, ficou bom, da pra subir umas ladeiras daqui, acho q ficou 1.4 agora, ótimo custo x beneficio.",0,0,1,0,0,2.5677716732025146,5446,100.8125,0.5264523,0,1,0,1,0
"Uma boa tv. Bastante recursos, com wifi integrado e fácil de usar. Boa imagem, apesar de não ser full HD, que estranhamente não se encontra nesta medida de tv (32pol). Bem funcional Entrega dentro do prazo.",1,0,1,0,0,2.312922477722168,5427,100.8125,0.2782056,1,0,0,0,0
Acho que em virtude do valor pago pelo produto tem um bom custo benefício,0,0,1,0,0,2.3667683601379395,5427,100.8125,0.3205156,0,1,0,0,0
"Bom para quem exige pouco de um celular, mas devido ao preço vale a pena.",0,0,1,0,0,2.4797279834747314,5427,100.8125,0.4484779,0,1,0,0,0
"Compra boa, entrega rápida, porém, o material é bem fraco, mas o custo benefício compensa.",1,0,1,0,0,2.3841235637664795,5427,100.8125,0.3285079,0,1,0,0,0
Fácil de operar  Jé um smartphone já com nome no mercado Câmera e de boa resolução,0,0,1,0,0,2.488551139831543,5427,100.8125,0.435335,0,0,0,0,1
"O bebedouro no geral está servindo bem. Porém, a torneira da água gelada saí muito pouca água. Acredito que por conta do reservatório ser pequeno. Demora um pouco para encher o copo e as pessoas acabam bebendo natural.",0,0,1,0,0,2.4207093715667725,5427,100.8125,0.3778084,0,1,0,0,0
"O produto possui todas as funções descritas no anúncio, além de ser leve e prático. O único ponto negativo que achei foi o tecido da capota que é muito fino, talvez não proteja do sol totalmente.",0,0,1,0,1,2.494739294052124,5427,100.8125,0.4499699,0,1,0,1,0
"O acabamento das costuras, travas e do bordado é excepcional, principalmente levando-se em consideração o custo. Em relação ao custo, poderia ser um pouco mais caro oferecendo o acabamento emborrachado embaixo presente somente no tapete do meio (túnel) e que falta nos outros 4 tapetes maiores. Vale a pena o acabamento pelo custo.",0,0,1,0,0,2.353757381439209,5427,100.8125,0.3006926,0,1,0,0,0
"Chegou antes do prazo de entrega, bom aparelho nada mais acrescentar.",1,0,1,0,0,2.4256136417388916,5427,100.8125,0.3718126,1,0,0,0,0
"Produto bom e compacto. Nao gostei muito do botão, poderia ser mais moderno.",0,0,1,0,0,2.3578836917877197,5427,100.8125,0.3172034,0,1,0,0,0
"No rádio deveria vim um filtro de ruído para não escutar no áudio os ruídos gerados pelo motor do carro. O controle de volume deveria ser ""logarítmico"", ao invés de ""linear"" para melhor controle de volume nos baixos níveis. O rádio oferece pouca potencia de áudio. Por outro lado, o auto rádio tem relógio interno, entrada USB e para cartão SD, e controle remoto. Vale pelo custo benefício para usuários não exigentes.",0,0,1,0,0,2.506880760192871,5427,100.8359375,0.4534247,0,1,0,0,0
"O aparelho é um ótimo smartphone de entrada. Não tem uma boa câmera, não consegue tirar fotos boas. Mas para alguém que precisa do primeiro smartphone e quer apenas uma câmera básica é o suficiente. O tamanho da tela é muito bom e os 32gb são o suficiente para a maioria das pessoas.",0,0,1,0,0,2.4254369735717773,5427,100.8984375,0.3910514,0,1,0,0,0
Gostei do produto. Precisávamos de uns pedestais para a banda. Nada sofisticado. Atendeu bem às expectativas.,0,0,1,0,0,2.3628571033477783,5427,100.90234375,0.3257349,0,1,0,0,0
"Bom produto, porém com forma pequena em comparação aos demais.",0,0,1,0,0,2.489839792251587,5427,100.90234375,0.4358661,0,1,0,0,0
Ideal pra batata frita e nugets. Atendeu minha expectativa.,0,0,1,0,0,2.4424304962158203,5427,100.90234375,0.4068347,0,1,0,0,0
"Indicado para quem não exige muito do dispositivo. Resolução da câmera regular, armazenamento interno baixo (8Gb). Mas, possui uma ótima relação custo-benefício.",0,0,1,0,0,2.362259864807129,5427,100.90234375,0.3293716,0,1,0,0,0
Muito boa a smart tv gostei super recomendo as pessoas  Minha filha está amando foi um presente para ela .,0,0,1,0,0,2.313568353652954,5427,100.90625,0.2847945,0,1,0,0,0
Atendeu plenamente às minhas necessidades e expectativas.,0,0,1,0,0,2.407094955444336,5427,100.90625,0.3855383,0,1,0,0,0
"Produto atendeu as expectativas, bom acabamento e cores vibrantes, no entanto, as alças laranjas em formato de girafa que tem em ambos os lados, tem uma abertura pequena onde a criança pode ficar com a mãozinha presa.",0,0,1,0,0,2.4917664527893066,5427,100.9296875,0.4603071,0,1,0,1,0
"O celular é bonito e me parece bom  mas veio com defeito no alto falante está na assistência, vamos ver se não terei mas nenhum problema.a entrega foi demorada apesar de estar dentro do prazo de 6 dias,mas como todos falam da eficiência de entrega da americanas fiquei na expectativa de chegar bem antes ,mas não aconteceu .o ruim é que temos que fazer plantão pois eles não ligam antes comunicando .  Bom espero que meu problema seja solucionado e que eu possa usar meu celular tranquilo .",1,0,1,1,0,2.4892466068267822,5427,100.9296875,0.4619612,0,1,0,1,0
"Por ser um produto Phillips esperava um desempenho melhor. Ele simplesmente não apara os pêlos, ė necessário passar várias vezes no mesmo local para um bom resultado.",0,0,1,0,0,2.313046932220459,5427,100.9296875,0.2747796,0,1,0,0,0
"mousepad bom, a construção é boa e a marca também. Só que arranharam a parte de baixo do meu, foi muita negligência terem me enviado o produto assim.",0,0,1,1,0,2.5004031658172607,5427,100.9296875,0.4562765,0,1,0,1,0
Meus netos gostaram muito . O produto é de boa qualidade é bom para ser manuseado por criança .,0,0,1,0,0,2.3329219818115234,5427,100.9296875,0.2996905,0,1,0,0,0
"Gostei do Kit, dá pra começar. Mas a cabine é fraca, nao esquenta muito, o gel é bom pelo preço, mas aconselho comprar mais, pois vem pouco. Veio tudo certinho.",0,0,1,1,0,2.4562466144561768,5427,100.9296875,0.425745,0,1,0,0,0
"Produto de entrada e não devemos esperar muito dele, mas dentro de sua categoria é uma boa escolha.",0,0,1,0,0,2.3614978790283203,5427,100.93359375,0.3260628,0,1,0,0,0
"pequeno, mas é eficiente, gostaria de saber onde posso comprar mais refil",0,1,1,0,0,2.5024964809417725,5427,100.9375,0.4711262,0,1,0,0,0
"Para quem quer potência esse secador não satisfaz expectativas, o motor é bem fraco... mas por outro lado, para quem viaja ele possui duas voltagens....",0,0,1,0,0,2.3689706325531006,5427,100.9375,0.3276682,0,1,0,0,0
Meu neto Adorou!!! Recomendo para quem quer presentear um parente ou amigo!!!,0,0,1,0,0,2.2870190143585205,5427,100.9375,0.2642103,0,1,0,0,0
"Gostei bastante do produto, ótimo custo benefício !!",0,0,1,0,0,2.436446189880371,5427,100.9375,0.4016166,0,1,0,0,0
"Minha mulher está gostando, tá no inicio ainda, mas ela disse que o produto é bom, achou que o cabo poderia ser maior. Ainda não se arrependeu ......",0,0,1,0,0,2.339921474456787,5427,100.94140625,0.3189828,0,1,0,0,0
"A cortina é bonita! O tecido é lindo! Mas o material dos ilhós é plástico e inferior, dando um contraste negativo com o tecido.",0,0,1,0,0,2.3413851261138916,5427,100.94140625,0.2953273,0,1,0,0,0
"A fritadeira é muito boa! Mas exige treino para usa-la bem! Chegou super rápido, não há o que reclamar do serviço da Americanas. O fabricante do produto deveria colocar sugestões de receitas na caixa! :) Achei o que o produto era um pouquinho menor, ocupou um espaço maior do que eu  imaginava.",1,0,1,0,0,2.4287686347961426,5427,100.94140625,0.3770692,1,1,0,0,0
"Ainda não obtive o que gostaria, que é a retirada dos indesejados cravos. Acredito que em trinta dias o objetivo será alcançado, se a maquininha continuar funcionando maravilhosamente bem.",0,0,1,0,0,2.424123764038086,5427,101.1953125,0.3773914,0,1,0,0,0
Apesar de ser um bom produto achei a entrega demorada de mais. Não chegou a tempo para o que precisava.,1,0,1,0,0,2.402048349380493,5427,101.1953125,0.3686489,1,1,0,0,0
"Bolsa simples, porém bonita...  Atendeu perfeitamente a minha necessidade.",0,0,1,0,0,2.3837172985076904,5427,101.1953125,0.32852,0,1,0,0,0
"Bom produto, atendeu minhas expectativas. Recomendo.",0,0,1,0,0,2.480592727661133,5427,101.1953125,0.4355519,0,1,0,0,0
"Bom produto. Esse é o 2 produto da mesma marca, que eu adquiri. Não tenho nada a reclamar.",0,0,1,0,0,2.3881118297576904,5427,101.1953125,0.3293249,0,1,0,0,0
"Creio que vocês estão com sérios problemas de logística. Queria comprar duas unidades desse produto no mesmo pedido, porém o frete ficava 5 vezes mais caro. Comprei a outra unidade em pedido separado, logo em seguida. O pneu, fruto desse pedido ora avaliado, chegou em 23.03.2018. O outro ainda não chegou e está com ""previsão"" de chegar em 04.04.2018.",1,0,1,0,0,2.544222354888916,5427,101.1953125,0.5107729,1,1,0,0,0
"Ele é muito bonito, funciona bem mais as vezes da uma travada.",0,0,1,0,0,2.337554454803467,5427,101.1953125,0.2982688,0,1,0,0,0
Fogão simples e bom. Presente de casamento e os noivos amaram. Recomendo.,0,0,1,0,0,2.462846517562866,5427,101.1953125,0.4174915,0,1,0,0,0
"Gostei do produto , vale custo beneficio. Chegou antes do prazo",1,0,1,0,0,2.371073007583618,5427,101.1953125,0.3242072,1,0,0,0,0
"Gostei do produto, achei um pouco baixo pq sou alta e o material um pouco frágil.  Mas pelo preço eh um bom aspirador.",0,0,1,0,0,2.4461405277252197,5427,101.1953125,0.407096,0,1,0,1,0
"Gostei do produto, só não gostei do atendimento do sac que não trocou o NOME da entrega. presente foi com meu nome. Apos pedido imediato de troca via e mail para setor responsavel. Incompetencia.",0,1,1,0,0,2.4948437213897705,5427,101.1953125,0.4588195,0,1,0,1,0
"Gostei, recomendo! Excelente custo beneficio.  Bom material com bom acabamento.",0,0,1,0,0,2.3545727729797363,5427,101.1953125,0.3163559,0,1,0,0,0
"Muito bom, otimo custo beneficio,Bom.desempenho bateria dura. Gostei muito",0,0,1,0,0,2.4932572841644287,5427,101.1953125,0.4510452,0,1,0,0,0
"Não é tão potente mas ventila o suficiente, único ponto negativo muito frágil não é muito firme ó pedestal",0,0,1,0,0,2.387295722961426,5427,101.1953125,0.3290556,0,1,0,0,0
O produto foi entregue no prazo. Fácil instalação e atendeu às especificações.,1,0,1,0,1,2.485318422317505,5427,101.1953125,0.4324152,1,0,0,0,0
"O que não gostei q não tem musicas, apenas um som 7 segundos quando puxa a cordinha.",0,0,1,0,0,2.4385571479797363,5427,101.1953125,0.4028282,0,1,0,0,0
"Parece descartável, mas promete o q cumpre, porém a chapa aquece mais no meio q nas outras extremidades",0,0,1,0,0,2.3618924617767334,5427,101.1953125,0.3277518,0,1,0,0,0
"Produto bonito, entregue antes do prazo, mas de cor diferente da foto ilustrativa, é um pouco fosco",1,0,1,0,1,2.365476131439209,5427,101.1953125,0.3270239,1,1,0,0,0
"Produto como anunciado! Recomendo. Bem simples, porém o material é resistente.",0,0,1,0,1,2.380331039428711,5427,101.1953125,0.3321404,0,1,0,0,0
"Produto muito bom. Funcionando perfeitamente e parece ser bem resistente. Não dou 5 estrelas pq não encaixa perfeitamente nos forros de porta. No mais, recomendo.",0,0,1,0,0,2.2047035694122314,5427,101.1953125,0.1610851,0,1,0,0,0
"Recomendo sim. Estoura quase todos os grãos de milho (no começo do preparo alguns milhos saem, mas dá para botar para estourar depois).  O ideal é colocar a manteiga para derreter e jogar depois do preparo, porque realmente fica sem gosto. E não adianta jogar sal, porque não pega. Tem que derreter a manteiga, jogar depois que estiver pronto, para somente depois jogar sal. Fica uma delícia!",0,0,1,0,0,2.4275267124176025,5427,101.1953125,0.3748518,0,1,0,0,0
"Tela antirreflexo é um excelente acessório, além do processador ser bom. A bateria não dura muito tempo, porém no geral o notebook é muito bom.",0,0,1,0,0,2.3517568111419678,5427,101.1953125,0.3064755,0,1,0,0,0
"Usei uma vez, por enquanto gostei. Chegou bem antes do prazo. Obrigado!",1,0,1,0,0,2.463513135910034,5427,101.1953125,0.4248715,1,0,0,0,0
"Excelente custo/benefício, muito boa pra pegar, forte para trabalhar",0,0,1,0,0,2.3609437942504883,5427,101.1953125,0.3225151,0,1,0,0,0
"Excelente produto,porém não veio com o suporte para os bastões,que já são bem grandes mesmo em forma retratil,esperava somente isso.Nada a reclamar do produto,boa qualidade",0,0,1,1,0,2.4856250286102295,5427,101.1953125,0.4378232,0,1,0,0,0
"material de boa qualidade e bom acabamento, o material transparente permite mostrar a beleza do aparelho.",0,0,1,0,0,2.437333822250366,5427,101.1953125,0.3811907,0,0,0,0,1
"Ótimo produto, bom custo benefício, leve e boa para quem deseja uma tv básica para o dia a dia, entrega rápida também.",1,0,1,0,0,2.396838426589966,5427,101.1953125,0.3579376,1,1,0,0,0
"Único problema é que solta bastante ""fiapo"". Não chega a deixar falhas, mas que solta ... solta.",0,0,1,0,0,2.3807456493377686,5427,101.1953125,0.3291781,0,1,0,0,0
"Até agora gostei do produto, ele não é original, mas serviu perfeitamente para o aparelho e a duração da bateria não deixa a desejar, funciona normalmente.",0,0,1,0,0,2.4850587844848633,5427,101.1953125,0.445546,0,1,0,0,0
"Produto que atende as minhas  necessidades! Levinho, bonitinho, e funciona  de maneira ok. Tira boas fotos.",0,0,1,0,0,2.3775010108947754,5427,101.1953125,0.328925,0,1,0,0,0
Bom aspirador. Muito prático!! Recomendo!!! A entrega foi rápida e o preço é compatível!,1,0,1,0,0,2.431758403778076,5427,101.1953125,0.389178,1,1,0,0,0
"Satisfeito com o produto, faz o que promete com qualidade.",0,0,1,0,0,2.471646308898926,5427,101.1953125,0.4212093,0,1,0,0,0
"Comprei um. Veio 220v apesar de na minha cidade tudo ser 110v e eu pedir um compatível com as tomadas do meu comércio. Pedi troca/devolução. O site me informou que encaminharia o pedido de troca à loja parceira e que eu receberia um retorno em 48h. Faz uns 10 dias ou mais e até agora nada.... precisei de trocar a tomada do cômodo para 220v, gastando com eletricista. Recomendo que observe a voltagem com MUITA atenção...",0,1,1,1,0,2.5242185592651367,5427,101.1953125,0.4934198,0,1,0,1,0
"Além da imagem do Waze ser muito ruim, muitas vezes preciso desligar e ligar o aparelho ( o carro, no caso) para conseguir reproduzir o Spotify junto ao Waze. Existe algum conflito entre esses dois Apps. O som é de boa qualidade e as trocas são rápidas nas várias funções.",0,0,1,0,0,2.3312742710113525,5427,101.1953125,0.3063366,0,1,0,0,0
"Atrasou 2 dias na entrega, mas culpo os Correios, que ultimamente não entregam as coisas  muito no prazo.",1,0,1,0,0,2.4252424240112305,5427,101.1953125,0.3933873,1,1,0,0,0
"Ele depila melhor com a pele úmida, após  o banho . Os fios mais curtos ele não  consegue retirar. Em mim não  deu nenhum tipo de irritação, só  ficou um pouco vermelho na hora.",0,0,1,0,0,2.447955846786499,5427,101.1953125,0.405717,0,0,0,1,0
"O produto é bom fácil de aplicar rende bem respondeu as minhas expectativas. Quanto sua durabilidade e manter suas qualidades não posso dizer, porque é a primeira vez que estou usando, só com o tempo saberei se realmente mantém suas características.",0,0,1,0,0,2.378089666366577,5427,101.1953125,0.3218881,0,1,0,0,0
"Um recurso útil para vídeos de externas e para quaisquer outras aplicações com câmera em movimento. Exige treinamento e habilidades especiais do usuário. Não é uma ""fórmula mágica"" para estabilização de imagem. Requer uma fase inicial de preparação. Para isso existem vários tutoriais no youtube. Além disso exige algum preparo físico do cinegrafista. Também não pode ser confundido com os steadycam profissionais de cinema. Enfim, um bom recurso para o nível recomendado.",0,0,1,0,0,2.455871820449829,5427,101.1953125,0.4098854,0,1,0,0,0
Bom tênis. Produto original. Amortecimento médio. Bom para corridas curtas e caminhadas.,0,0,1,0,0,2.429041862487793,5427,101.1953125,0.3789236,0,0,0,1,0
É bom achei q afinou um pouco meu cabelo mas aos poucos estou vendo resultados positivos deixa um cheiro muito gostoso,0,0,1,0,0,2.3617424964904785,5427,101.1953125,0.3109867,0,1,0,0,0
"É um bom aparelho, não é nada que surpreenda, mas é um bom custo benefício. E a entrega foi rápida. Parabéns, americanas.com",1,1,1,0,0,2.4511756896972656,5428,101.1953125,0.4009314,1,0,0,0,0
Ótimo custo benefício e o  material é bom e bem resistente,0,0,1,0,0,2.3666770458221436,5428,101.1953125,0.3190218,0,1,0,0,0
Entrega realizada no prazo é o produto atende ao esperado.,1,0,1,0,0,2.47239089012146,5428,101.1953125,0.4171367,1,0,0,0,0
"Produto excelente, exatamente como descrito... Amamos!",0,0,1,0,1,2.445242404937744,5428,101.1953125,0.4019474,0,0,0,0,1
"Secador bom, mas cumpre o papel de um secador mediano, não tem nada de especial. Não acho que vale o que custa, se eu soubesse teria investido mais em outro melhor ou menos em outro que provavelmente faria a mesma coisa.",0,0,1,0,0,2.3631465435028076,5428,101.1953125,0.3252719,0,1,0,0,0
"Trava um pouco no browser, o insta quando vc entra é muito bugado, tirando facebook também muito ruim de acessar pela televisão. Demora a conexão com smartphone via Wifi w tem horas que nem conecta. Tirando isso ela é até boa...",0,0,1,0,0,2.4787635803222656,5428,101.1953125,0.4426723,0,1,0,0,0
Gostei do produto. Atendeu toda a minha expectativa. Muito bom,0,0,1,0,0,2.4239306449890137,5428,101.1953125,0.3755773,0,1,0,0,0
"A bicicleta é linda e cheia de acessórios como a minha filha queria. Mas achei ela muito dura, bruta mesmo para criancas pequenas",0,0,1,0,0,2.366834878921509,5428,101.19921875,0.3240479,0,1,0,0,0
"Veio super embalado, as peças são firmes e o manual bem descrito. Gostei muito!",0,0,1,1,0,2.4714598655700684,5428,101.19921875,0.4156297,0,0,0,1,0
"É bonito e muito leve pontos positivos do notebook,mas ja ficou com a tela preta e travando.",0,0,1,0,0,2.4364712238311768,5428,101.19921875,0.4057539,0,1,0,0,0
"Produto chegou antes do previsto. Fica bonito, porém após alguns dias começou a empenar. O painel está ""curvo"", deixando um espaço entre ele e a parede. Com isso, as gavetas não permanecem fechadas. Já tive que contratar um profissional para a montagem, agora terei que contatá-lo novamente para tentar o conserto.",1,0,1,0,0,2.49923038482666,5428,101.19921875,0.4677263,0,1,0,1,0
"A cadeira possui bons materiais, é leve e pousei bom acabamento, mas peca pela falta de conforto. Nao se pode reclamar muito, pois é uma cadeira barata, mas, como fico longos períodos sentado estudando, ela me dá terríveis dores nas costas. Se puder investir um pouco mais, não compre está.",0,0,1,0,0,2.4770851135253906,5428,101.19921875,0.4258904,0,1,0,1,0
"Produto é barato, tambem não tenho do que reclamar da entrega que foi muito rapida. O problema foi o botão liga/desliga que ja veio com problema... AFF",1,0,1,1,0,2.4250404834747314,5428,101.19921875,0.3891025,0,1,0,1,0
"É bonito, silencioso e fácil de instalar. Mas não gela tanto e os botões de ligar pra sair água são duros que parece que vao quebrar. Erro grosseira de engenharia. Percebi que a pressão da água faz isso. Mar estava na promoção... Então",0,0,1,0,0,2.5322842597961426,5428,101.19921875,0.4751721,0,1,0,1,0
"Para o fim ao qual eu adquiri está bom, mas a propaganda de que ele fotografa e faz zoom diretamente pelos botões em seu corpo, é enganosa!",0,0,1,0,1,2.368201732635498,5428,101.19921875,0.3366348,0,0,0,0,1
"Ótima relação custo benefício, que supre necessidade básica.",0,0,1,0,0,2.3451781272888184,5428,101.19921875,0.3036194,0,1,0,0,0
"nunca carregou turbo, menos de 1 mes de uso estou com problemas com ele",0,0,1,0,0,2.358368396759033,5428,101.19921875,0.299618,0,1,0,0,0
"Gostei muito do produto, observo que possui um designe muito bonito e moderno, a cor também muito sensual, porem não veio um manual para montagem, e noto que faltam os furos e uma orientação de como se encaixam as rodinhas dos pés. <Mas valeu a pena pelo tamanho cor e designe.",0,0,1,0,0,2.3756842613220215,5428,101.203125,0.3218271,0,1,0,0,0
UM PRODUTO MUITO BOM ATENDIMENTO MUITO BOM ENTREGA NA DATA MUITO COM NO PREÇO E PRAZO,1,1,1,0,0,2.5757482051849365,5428,101.20703125,0.5460704,1,0,0,1,0
"Bom dia, comprei o produto na cor da foto azul com vermelho, porem veio azul com preto, e o pior não veio a mochila, aguardo posição",0,1,0,1,1,2.5153303146362305,5428,101.59765625,0.4626097,0,1,0,1,0
"Faço uso de Orlistate há algum tempo e sei bem os efeitos dele quando elimina gordura. Comprei do site pois achava confiável por ser da Americanas.com. A farmácia Unicpharma, provavelmente está colocando farinha dentro das cápsulas. Tomei durante 1 mês, não obtive nenhum resultado e nem eliminação da gordura nas fezes, como é comum do remédio. Comecei a tomar novamente de outra farmácia e logo no dia seguinte estava eliminando a gordura. Então com certeza esse remédio que a Americanas está vendendo é falso. Não comprem !",0,1,1,0,0,2.4736807346343994,5428,101.59765625,0.4206132,0,1,0,0,1
"Adorei a cachaça, muito suave, harmoniza na boca. Super Indico.",0,0,1,0,0,2.3081283569335938,5428,101.59765625,0.2939564,0,1,0,0,0
"Rápido a entrega e excelente produto! recomendo a todos,  fácil montagem e adaptação excelente dentro do carro.",1,0,1,0,0,2.458691358566284,5428,101.59765625,0.4034071,1,0,0,0,0
Não recomendo o produto para quem trabalha muito tempo sentado. A cadeira não é confortável o suficiente para longos trabalhos no computador ou atividades de escritório com longo tempo sentado.,0,0,1,0,0,2.3679373264312744,5428,101.59765625,0.3172914,0,1,0,0,0
"Há um mês comprei um produto pelo site e, até a data de hoje, ainda não o recebi. A saber:  Balança Digital portátil gancho p/pesca mala 50 Kgs CBR1046 Cód 8011295",1,0,0,0,0,2.4071829319000244,5428,101.59765625,0.3690816,1,0,0,0,0
Não posso avaliar o produto se eu não recebi o produto. O parceiro Megacommerce se mostrou ruim na execução de seu trabalho.,1,1,0,0,0,2.6061980724334717,5428,101.6171875,0.5602607,0,1,0,1,0
"Produto embora pequeno em sua capacidade, atende as necessidades domesticas!",0,0,1,0,0,2.3265559673309326,5428,101.6171875,0.2910388,0,1,0,0,0
As hastes de proteção com isotubos não tem encaixe e não ficam firmes e conforme a criança pula os pés deslocam a empresa jamais deveria vender esse produto que é de péssima qualidade e pode trazer riscos de ferimentos graves as crianças,0,0,1,0,0,2.5538198947906494,5428,101.6171875,0.5228224,0,1,0,1,0
"Cancelaram o pedido a 3 dias do prazo de entrega e até hoje não extornaram ....infelizmente não posso avaliar o produdo porque não veio...mas a venda foi péssima, uma falta de respeito.",1,1,0,0,0,2.409351110458374,5428,101.6171875,0.3755757,1,1,0,0,0
"Acho que deveria estar na descrição que na embalagem vem, ao mínimo, 4 cores repetidas de cada cor, totalizando 24. Decepção.",0,0,0,1,1,2.4808101654052734,5428,101.6171875,0.4412573,0,1,0,0,0
Produto e custo benefício bom com prazo de entrega no tempo estipulado,1,0,1,0,0,2.362610340118408,5428,101.6171875,0.318217,1,0,0,0,0
"O produto foi para mim acima de minha expectativa.  Desde a qualidade, o preço e o tempo para entrega do produto, foi tudo muito bom! Estou utilizando o produto com tranquilidade desde o dia que me foi entregue com muitas vantagens. Eu recomendo esse fornecedor.",1,1,1,0,0,2.531245708465576,5428,101.6171875,0.4692617,1,1,0,0,0
Achei caro mas é um bom produto.  A bateria não dura muito tempo. 1 hora em média.  A qualidade do som e muito boa.,0,0,1,0,0,2.344287633895874,5428,101.6171875,0.3000639,0,1,0,0,0
"Comprei dois carregadores, um chegou em bom estado e o outro enferrujado. Já tentei contato para uma possível troca e ainda não tive resposta da Salva Cell. Não recomendo.",0,1,1,1,0,2.576139450073242,5428,101.6171875,0.5323578,0,1,0,1,0
"O carrinho cumpre com a proposta e cabe o que eu preciso levar para praia, cadeiras, guarda-Sol e caixa térmica. Estou satisfeita com o produto.",0,0,1,0,0,2.3534369468688965,5428,101.6171875,0.3050475,0,1,0,0,0
"Ja testei e estou usando com boa qualidade, inclusive chegou em tempo habil ao estipulado pela empresa.",1,0,1,0,0,2.3778810501098633,5428,101.6171875,0.3374556,1,0,0,0,0
"Dos 4, 2  não funcionam ded jeito algum. Entrarei em contato pra ver se eles resolverão...",0,1,0,1,0,2.3997769355773926,5428,101.6171875,0.3702347,0,1,0,0,0
"Funciona bem, faz oque um cartão foi projetado para fazer  Armazenamento de dados",0,0,1,0,0,2.3752989768981934,5428,101.6171875,0.3256056,0,1,0,0,0
"Nao sei se foi so comigo, mas so funciona um chip so, sendo que ele é dual chip",0,0,1,0,0,2.4773876667022705,5428,101.6171875,0.4458482,0,1,0,0,0
"Comprei o celular Mirage 81S, na primeira semana notei falha nos alto falantes, que ficaram  abafados, seguido pelo fone de ouvido que simplesmente parou de funcionar. Algum tempo depois o celular não manteve mais carga, mesmo na tomada continuava a descarregar, levei a um técnico e a bateria não segurava carga, entrei em contato com a empresa, mas não ouve retorno, sendo assim comprei outra bateria, mas o mesmo problema me ocorreu e ainda mesmo assim continuo sem retorno do mesmo.",0,1,1,0,0,2.5202057361602783,5428,101.6171875,0.484265,0,1,0,1,0
"Estou com moto Z2 PLATINUM a pouco tempo fazer um mês com ele, só que NÃO gostei do tempo da bateria usando moderado e as vez constante descarregar rápido... câmara o foco não é lá essas coisas só presta local que não tem muita luz.... Agora designer do celular tirando a ondulação da câmara o resto é top!  E por um valor de 1.800 em um celular desse pra mim não compensou buscava algo melhor!",0,0,1,0,0,2.469339609146118,5428,101.6171875,0.4322118,0,1,0,1,0
"O celular é mesmo muito completo. Gostei do hardware em sua maioria. Tem um android bem fiel. Ao ligá-lo é necessário atualizar o sistema. Rodou bem até agora, sem travar. É um celular simples, modesto, não adianta enfiar uma série de apks e querer que ele funcione. Tem que ponderar bem o que pretende usar. A maior desvantagem é a câmera, que apesar de ser muito potente, infelizmente embaixo do sol fica tudo escuro, pq ela se baseia na luz de fundo e escurece as pessoas. tem o jeito certo de usar. Recomendo o produto para quem deseja um celular de entrada a um preço justo.",1,0,1,0,0,2.4303832054138184,5428,101.6171875,0.3762558,0,1,0,0,0
O celular fica travando muito. E tem apenas 2 meses de uso.,0,0,1,0,0,2.4804961681365967,5428,101.6171875,0.425759,0,1,0,0,0
"Em 6 meses de uso saiu o anti-aderente. Não sei se foi problema no lote, só sei que não consigo mais usar.",0,0,1,0,0,2.3660318851470947,5428,101.6171875,0.3245721,0,1,0,0,0
"Na foto parece uma ferramenta ótima, mas na real é muito simples.",0,0,1,0,1,2.3535242080688477,5428,101.6171875,0.3103201,0,1,0,0,0
"Amei demais comprar na Americanas, tava previsto pra chegar meu pedido no dia 05/04/2018 quinta-feira porém chegou antes no dia 03/04/2018 terça-feira. O LG K10 pro é excelente, muito lindo super recomendo .",1,1,1,0,0,2.3955068588256836,5428,101.6171875,0.3527738,1,0,0,0,0
"Produto ótimo, chegou antes do prazo, e está funcionando muito bem.",1,0,1,0,0,2.3310277462005615,5428,101.6171875,0.2775814,1,0,0,0,0
"O produto chegou todo sujo, melado, parecendo que já havia sido utilizado e empacotado para venda. Não recomendo. Fiz a devolução a mais de 15 dias e ainda não recebi meu dinheiro de volta ou sequer uma ligação da Americanas para entender o motivo uma vez que como comprador assíduo nunca antes havia devolvido algo.",0,1,0,1,0,2.567676544189453,5430,101.625,0.5173459,0,1,0,1,0
"Não supriu minhas nessidade,pois é muito pequeno e já chegou quebrado",0,0,1,1,0,2.500823974609375,5430,101.625,0.4464821,0,1,0,1,0
"Não tenho como avaliar o produto, pois chegou quebrado.",0,0,0,1,0,2.432860851287842,5430,101.625,0.3896413,0,0,0,1,0
o cheiro e muito desagradavel!! pra quem se incomoda  nao recomendoo..,0,0,1,0,0,2.336423635482788,5430,101.625,0.3010257,0,1,0,0,0
Bom para quem gosta de chocolate ao leite. Não tem o recheio do bombom serenata de amor.,0,0,1,0,0,2.4463775157928467,5430,101.625,0.4004642,0,1,0,0,0
"Durante a venda, no site, não apareciam as medidas do produto. Ao chegar vi que parece de ""boneca, para criança brincar"". :(",0,0,0,0,1,2.3690266609191895,5430,101.625,0.32025,0,1,0,0,0
"Chegou antes do prazo,produto conforme o anunciado, satisfeita com a compra.",1,0,1,0,1,2.4492087364196777,5430,101.625,0.3977571,1,1,0,0,0
"Escova com apenas duas velocidades, cheira a queimado e aquece demais - parece que vai pegar fogo!",0,0,1,0,0,2.4365315437316895,5430,101.625,0.3893222,0,1,0,0,0
"Produto chegou com defeito. Por isso não posso dizer se é bom ou ruim. Pedi a troca, aguardando.",0,1,0,1,0,2.364673614501953,5430,101.625,0.3154902,0,1,0,0,0
"Cabelo Corta bem, só que para fazer pé do cabelo não é o que eu esperava, a desejar é preciso ficar repetindo várias vezes no mesmo lugar é o que tenho a comentar",0,0,1,0,0,2.3888299465179443,5430,101.625,0.3424376,0,1,0,0,0
Como avaliar se nem recebi o produto. Nem a nota ainda fizeram,1,0,0,0,0,2.5744900703430176,5430,101.625,0.5198617,0,0,0,1,0
"Compra efetuada dia 22 aprovada dia 27 e até agora o computador não chegou na minha casa 23/04 o prazo de entrega era de 20-25 dias e depois passou para 60 dias, nunca mais compro nada nas Americanas",1,1,0,0,0,2.4045770168304443,5430,101.625,0.3642717,1,1,0,0,0
"Chegou no prazo, preço muito bom, produto muito bem embalado.",1,0,1,1,0,2.3904993534088135,5430,101.625,0.3549091,1,0,0,0,1
Só têm na cor dourado?  Alguém sabe me informar Desde já agradeço,0,1,0,0,0,2.4147777557373047,5430,101.625,0.3723454,0,1,0,0,0
"Como morador de cidade de praia (Ubatuba/SP) é muito difícil manter o carro livre de areia nos tapetes. Com esse aspirador de pó portátil de pequeno tamanho, discreto e de boa aparência, o problema desapareceu. A qualquer momento é possível uma rápida limpeza. Ao preço de seis cervejas......",0,0,1,0,0,2.3809258937835693,5430,101.625,0.3354098,1,0,0,0,0
O diâmetro da furação de fixação do teclado ao notebook não é igual ao original. Foi obrigatório uma adaptação com o alargamento do furo passante no notebook e aquisição de parafusos de maior diâmetro compatível com o do novo teclado. A grade original de espaçamento entre as teclas não se encaixou de forma regular ao novo teclado. Algumas teclas são desalinhadas. Após os inconvenientes das adaptações o funcionamento do teclado foi satisfatório.,0,0,1,0,0,2.521083354949951,5430,101.625,0.4872227,0,1,0,1,0
Comprei a antena mas até hoje ela não chegou a minha casa.  Não houve nenhum contato do vendedor.  Quero o meu dinheiro de volta.  Péssimos serviços da americanas   Não recomendo a ninguém.,1,1,0,0,0,2.5247316360473633,5430,101.625,0.4901243,1,1,0,1,0
"Produto de qualidade, entrega antes do prazo. Recomendo!",1,0,1,0,0,2.3663864135742188,5430,101.625,0.3074412,1,0,0,0,0
"Americas uma das melhor loja na internet para compra entrega o produto muito bem embalado cumpri o anuncio entrega com rapides,recomendo comprar no site deles!",1,1,0,1,1,2.5313217639923096,5430,101.625,0.4727632,1,0,0,0,1
"Muito bonito comprei 2 unidades para escritorio e nao me arrependo, parabens ao site.",0,1,1,0,0,2.3347644805908203,5430,101.625,0.3063903,0,1,0,0,0
Comprei dois produtos e ambos vieram quebrado. Não recomendo a compra.,0,0,0,1,0,2.5696663856506348,5430,101.625,0.5261916,0,1,0,1,0
"Comprei uma 43'' pra ver se era boa mesmo. Gostei muito. Peguei mais uma 49'' para a sala. O único ponto negativo é o sistema de som que é baixo, mesmo no volume máximo.",0,0,1,0,0,2.526510715484619,5430,101.625,0.467082,0,1,0,1,0
Comprei há uns dois meses e até agora o produto não chegou.,1,0,0,0,0,2.36026930809021,5430,101.62890625,0.3224585,0,0,0,0,0
"A entrega do meu produto está atrasada há quase 30 dias e a empresa Grande Eletro sequer responde as minhas perguntas, inclusive a Americanas também não resolveu. São várias reclamações desse pela internet e a empresa continua vendendo normalmente no site americanas.com.",1,1,0,0,0,2.450775146484375,5430,101.62890625,0.4055295,0,1,0,0,0
"Comprei este produto com dois cartões.Ai recebi um comunicado q o pedido não teria sido aprovado,que eu teria que passar outro cartão. Aí passei um cartão só com o valor total.Achei que automaticamente não teria debitado no meu cartão na primeira compra.Concluindo .Tive duas cobranças na minha fatura indevida.Peco que resolva o mais rápido possível.Nao estou conseguindo contato com vocês. Por isso coloquei aqui.",0,1,0,0,0,2.5905725955963135,5430,101.62890625,0.5332997,0,1,0,1,0
Comprei paguei e estava disponível. Depois ficou aguardando estoque depois indisponível aí liguei e me devolveram o valor. Agora está com valor  maior ainda tive que ir no centro enfrentar filas em banco.,0,1,1,0,0,2.488250255584717,5430,101.62890625,0.4565156,0,1,0,1,0
"Comprei um Hoverboard nas lojas americanas, onde paguei 102 reais de frete, porem a empresa não entregou meu produto; me deram um prazo de 5 dias para buscar nos correios; simularam a entrega; falta de respeito com consumidor; pessimo serviço de entrega; abuso por parte da empresa",1,0,0,0,0,2.40740966796875,5430,101.62890625,0.3761366,1,1,0,0,0
"O preço é bom, porém trava muito e a internet se estiver um pouco distante do roteador ele não funciona de jeito nenhum.",0,0,1,0,0,2.3632707595825195,5430,101.6328125,0.3142313,0,1,0,0,0
"Ele é bem grande, bem o que eu esperava é um bom produto!",0,0,1,0,0,2.463740587234497,5430,101.6328125,0.4276907,0,1,0,0,0
No anuncio diz 110v e na ficha técnica 220v qual esta valendo?,0,1,0,0,1,2.3867385387420654,5430,101.6328125,0.3365808,0,0,0,0,1
Suporta até quantos kg? Falta informações para concretizar a compra.,0,1,0,0,1,2.3631138801574707,5430,101.6328125,0.3268991,0,1,0,0,0
"Esperava algo melhor do moto X4, poucos dias de uso e ele trava de vez enquanto",0,0,1,0,0,2.327273368835449,5430,101.6328125,0.3005443,0,1,0,0,0
Chegou super rápido.  Porém o aparelho veio com o chassis empenado o que impede totalnente a drenagem de água. Não pinga uma gota de água na saída  que também não se consegue encaixar o dreno. Com isso a água m ecesso fica fazendo barulho ao ser puxada prlo ventilador. O aparelho foi propositadamente superdimensionado para o ambiente de 18m2 porém esfria apenas um pouco e desliga o compressor. Será trocado o termostato. Ás vezes com o compressor ligado faz um barulho parecendo um apito...,1,0,1,1,0,2.5103468894958496,5430,101.63671875,0.4775782,0,1,0,1,0
"Não fiquei satisfeita com o CONTROLE REMOTO do aparelho. É precário, tem má qualidade e as funções de comando são bastante complicadas principalmente se comparadas aos controles das TVs Samsung, Sony, LG (tenho em minha casa) e outros que já tive.",0,0,1,0,0,2.3217108249664307,5430,101.63671875,0.2791542,0,1,0,0,0
"Eu gostei muito do produto, mas veio um copo lascado!",0,0,1,1,0,2.501883029937744,5430,101.63671875,0.4696091,0,0,0,1,0
"demorou quase 2 meses pra chegar e quando veio a cor não é a mesma da foto. Já tentei várias vezes fazer a troca , mas nem a LA dá solução ao problema. Já fiz outra avaliação ,mas não deixaram entrar . Lamentável.",1,1,0,1,1,2.51540207862854,5430,101.63671875,0.4699009,0,1,0,1,0
"Cor do produto anunciado: Branco + Cinza.  Cor do produto entregue: Preto + Azul.  Não veio com cabo de vídeo, apesar de conter fotos que davam a entender que acompanharia o produto e de também não haver informação de que não viria.  Jogos descritos no anúncio não são os mesmos que vieram na memória do aparelho.  Acabamento localizado em volta do display veio danificado.   Para quem é fã dos games do MD é um produto legal, mas, pelo preço pago e a demora na entrega, os erros acima não deveriam ocorrer...",1,0,1,1,1,2.512925386428833,5430,101.63671875,0.4710122,0,1,0,1,0
"Produto muito frágil, pequeno. Não atende conforme anuncio.",0,0,1,0,1,2.2905426025390625,5430,101.63671875,0.2615708,0,1,0,0,0
A máquina não aparar a a barba no nível 0 Fica aproximadamente 3mm quando passa ela no nível 0,0,0,1,0,0,2.4339983463287354,5430,101.63671875,0.4069395,0,1,0,0,0
"A cortina em si é boa,mas comprei porque o ilhoes é de cor escura e veio pra mim cor branco,estou chateada porque o varãi tbm comprei da mesma cor do ilhoes.Deveriam ser mais cuidadosos e não deixar isso passar despercebido ou ao menos informar que o ilhoes poderia vir de outra cor.Sem falar que a nota fiscal veio com um endereço diferente da entrega do produto.Quanta desatenção!!!Americanas desapontada com vcs!!!Só não peço devolução porque estou precisando urgentemente desta cortina.Que chato!!!",0,1,1,1,0,2.53304386138916,5430,101.63671875,0.5002908,0,1,0,1,0
Celular muito pesado. Qualquer quedinha trinca a tela com facilidade...,0,0,1,0,0,2.4603700637817383,5430,101.63671875,0.4099185,0,0,0,1,0
É um absurdo pedir para um leigo fazer a avaliacao de um medicamento.,0,1,0,0,0,2.3760695457458496,5430,101.63671875,0.3222783,0,1,0,0,0
Comprei para o meu noivo de presente e ele adorou!,0,0,1,0,0,2.3103280067443848,5430,101.63671875,0.2753001,0,1,0,0,0
"Bom preço em comparação com outros similares. Pontos negativos: -Encaixes e peças aparentam baixa qualidade, vamos ver se vão dar problema antes do motor. - não é muito compacto. Para apartamentos pequenos ocupa bastante espaço.",0,0,1,0,0,2.5624473094940186,5430,101.640625,0.5087387,0,1,0,1,0
"Aparelho com ótimo custo benefício. Design muito bonito, bem confortável, tela com resolução muito boa. Resumindo uma excelente escolha, por um preço acessível. Entrega dentro do esperado, sem surpresas desagradáveis.",1,0,1,0,0,2.358799457550049,5430,101.640625,0.3165481,1,0,0,0,0
Pelo valor do kit o produto é bom . Mas comprei as toalhas de algodão egípcio aqui no site da Americanas e gostei bem mais .,0,0,1,0,0,2.3802881240844727,5431,101.640625,0.3277725,0,1,0,0,0
"Fácil de instalar, vem com tudo que é necessário pra fixar, imagem de ótima qualidade .",0,0,1,0,0,2.3529181480407715,5431,101.64453125,0.3036242,0,0,0,0,1
"Produto bom e barato, comprei um pro meu filho, aí como meus sobrinhos ficaram encantados comprei logo um pra cada sobrinho, total de 6, mas foi ótimo ver eles alegres brincando cada um com o seu. Quando o modelo de vingadores 3 guerra infinita quero comprar um que já venha com nanotecnologia.",0,0,1,0,0,2.381932258605957,5431,101.64453125,0.330227,0,1,0,0,0
"Uma câmera muito boa, por ser uma câmera de entrada espera vemos dela, porém está superando minhas expectativas, pena que não chegou em dia, atrasou 4 dias da entrega, e difícil contanto com o vendedor, porém produto super recomendado.",1,1,1,0,0,2.4435958862304688,5431,101.64453125,0.3992289,1,1,0,0,0
Comprei mais pensando na qualidade da câmera mais não é tão boa o quanto eu esperava principalmente a frontal.,0,0,1,0,0,2.4061896800994873,5431,101.64453125,0.3555475,0,1,0,0,0
"Gostaria que tivesse a informação se as imagens é preto e branco ou colorido, pois comprei e quando foi instalado vimos que é preto e branco.Se soubesse não teria comprado.",0,0,1,0,1,2.3991599082946777,5431,101.64453125,0.3692986,0,1,0,0,0
EU NÃO CONSIGO POR EXEMPLO COLOCAR PRATOS QUADRADOS E PEDI COM BANDEJA ´PARA QUE A AGIA NÃO CAIA FORA DELA E QUANDO COLOCAMOS OS COPOS A ÁGUA CAI FORA DA BANDEJA. PORÉM O MAIS GRAVE É NÃO CABER PRATOS QUADRADOS,0,0,1,0,0,2.378329277038574,5431,101.65234375,0.3326237,0,1,0,0,0
produto com defeito aguardando definição para cancelamento da compra .,0,1,0,1,0,2.4279956817626953,5431,101.65234375,0.3969157,0,1,0,0,0
Os cartuchos se queimam prematuramente e com extrema facilidade pois são programados para isso. São caros e difíceis de encontrar. Compre e comprove essa delícia de golpe da HP em clientes desavisados.,0,0,1,0,0,2.4307405948638916,5431,101.65234375,0.3886596,0,1,0,0,1
"Esse produto vem com carregador e fone? Gostaria de comprar, porém no conteudo da embalagem não informa esses itens",0,1,1,0,0,2.351820468902588,5431,101.65234375,0.2974441,0,1,0,0,0
"Comprei faz um mês e justamente hoje dia 23/03/18 as 11:03 ao espreme 9 laranjas ele parou e não quis mas funcionar, estou decepcionada com o produto, um produto tão caro e para de funcionar no primeiro dia é brincadeira viu.",0,0,1,0,0,2.4522788524627686,5431,101.65234375,0.4099553,0,1,0,0,0
Ainda não instalei. Mas fiquei decepcionada de comprar Acqualimp e receber Pentair. Vocês vendem uma marca e entregam outra.,0,0,0,1,1,2.3496105670928955,5431,101.65234375,0.3121142,0,1,0,0,0
"O produto chegou com avarias/rasgado, provavelmente no transporte, estou aguardando a troca...promessa de trinta dias...",0,1,0,1,0,2.5023140907287598,5431,101.65234375,0.4636611,0,1,0,1,0
"Na fotografia o produto parece de excelente qualidade.  Na realidade, a qualidade do material é bastante inferior.  Na primeira lavagem, já estão com aparência de que foram usadas bastante e desfiam fácil. Não foi o que eu esperava!",0,0,1,0,1,2.3463828563690186,5431,101.65625,0.3082298,0,1,0,0,0
"Várias vezes me ligaram pra confirmar a medida do cooktop e mesmo assim mandaram com a medida errada! Depois me sugeriram que pedisse alguém pra cortar um pedaço nos pés pra que pudessem encaixar! A moça que me ligou foi até educada comigo, mas é fato que fiquei decepcionada!",0,1,0,1,0,2.5593276023864746,5431,101.65625,0.5295395,0,1,0,1,0
"Café não fica na temperatura ideal mais para morno que quente, reservatório porta filtro não encaixa direito dificuldade em retirar a jarra! (enrosca)",0,0,1,0,0,2.497148036956787,5431,101.65625,0.4549699,0,1,0,1,0
"Comprei uma Smart TV para assistir Netflix e ela não possui esse aplicativo e não dá para baixar. Fiquei decepcionada, pois viajei no período que o produto chegou e não consegui trocar. No anúncio não tinha absolutamente nada falando que não tinha Netflix. Se tivesse eu teria comprado outra que tem o aplicativo.",0,1,1,0,1,2.411940574645996,5431,101.65625,0.3857926,0,1,0,0,1
Gostaria de ter uma decisão concreta e científica sobre o meu pedido que ainda não chegou. Marcaram o prazo até 21/05 e hj já são 22/05 e não recebi a minha compra. Por gentileza o que está acontecendo?,1,1,0,0,0,2.405003309249878,5431,101.65625,0.3493276,0,1,0,0,0
"produto até bonito... mas de pessima qualidade!!!! nao comprem... é só dor de cabeça... com uma semana de uso descosturou um dos assentos... liguei, falaram que ia sustituir e até agora nada... quase 4 meses... falra de respeito total",0,1,1,0,0,2.5139877796173096,5431,101.65625,0.4735216,0,1,0,1,0
"É um produto barato e nada comparável com o top, que  custa mil reais. Bem fraquinho",0,0,1,0,0,2.3686838150024414,5431,101.65625,0.3109128,0,1,0,0,0
"Eletro ventilador travado!! Equipamento veio defeituoso de fábrica, causando transtorno.",0,0,0,1,0,2.4586942195892334,5431,101.65625,0.401765,0,1,0,1,0
"O liquidificador funciona, mas a outra parte veio quebrada, justamente na parte q trava o aparelho. Irei devolvê-lo.",0,1,0,1,0,2.590643882751465,5431,101.65625,0.5476546,0,1,0,1,0
Veio com defeito a entrada do cartao  de memoria e  sb não funciona e a bateria não aguenta o volume médio da caixa 50.00 jogos forra compre no site das Lojas Americana o produto e falsificado sei porque já tive uma caixinha k 10,0,1,1,1,0,2.5205318927764893,5431,101.65625,0.4733278,0,1,0,1,0
Isso mesmo. O aparelho não funcionou e vendedor enviou dados para reenviar. Foi reenviado e depois não houve nenhuma comunicação. O que vc pensa de vendedor que tem esse comportamento?,0,1,0,1,0,2.4771597385406494,5431,101.65625,0.4488762,0,1,0,1,0
A pesssoa parece que não gostou muito. .!! Mas está usando....!!! Gosto pessoal e difícil entender...!!!,0,0,1,0,0,2.3044557571411133,5431,101.65625,0.2661674,0,1,0,0,0
Não faz vinco. Para roupas simples é aconselhável. Em 4 dias de uso as cerdas que vem para acoplar na saida do vapor descolaram.   Mas pelo preço desamassa bem.,0,0,1,0,0,2.428661823272705,5431,101.65625,0.3998531,0,1,0,0,0
"O produto funciona e chegou dentro do prazo de entrega. Entretanto não recomendo para aqueles buscam água gelada de verdade, pois o máximo que conseguirão é uma água fria.",1,0,1,0,0,2.3632924556732178,5431,101.65625,0.3211355,1,0,0,0,0
A tv apresenta ondulações ou borrões ao redor das imagens em movimento. Internet supet difícil de instalar. Pedi pra trocar por outra marca. A entrega pelo contrário superou as expectativas. A Americanas é ponta firme.,1,1,1,0,0,2.5155999660491943,5431,101.65625,0.469563,1,0,0,1,0
"Ainda não recebi...esperando desde Abril, quando chegar eu opino! Demoram mt pr entregar",1,0,0,0,0,2.379768133163452,5431,101.65625,0.3337248,1,1,0,0,0
Demora demais para assar embaixo. Tem que deixar esquentar bastante ante de colocar a massa dentro,0,0,1,0,0,2.3923797607421875,5431,101.65625,0.3483643,0,1,0,0,0
"Até agora depois de um mês e 5 dias da compra e já ter pago a cama, não recebi o produto..tá difícil comprar pela internet..",1,0,0,0,0,2.471513032913208,5431,101.65625,0.425742,1,1,0,0,0
Comprei o produto a mais de 30 dias e até hoje não recebi.,1,0,0,0,0,2.3232457637786865,5431,101.65625,0.2918507,1,1,0,0,0
Recomendo! É um produto q responde as espectativas de um notebook de entrada.,0,0,1,0,0,2.441847801208496,5431,101.65625,0.3950428,1,0,0,0,0
"Presenteei uma criança com o produto demorou a entrega quase 60 dias e quando chegou ainda quebrado , imagina a decepção da criança, pior ainda o descaso do parceiro MKTP da Americanas que nem se deu o trabalho de entrar em contato, pra solucionar o ocorrido, após várias reclamações . Americanas deveria avaliar melhor seus parceiros afinal estamos comprando no seu site.",1,1,0,1,0,2.4357776641845703,5431,101.65625,0.3791519,1,1,0,0,0
"Comprei dois conjuntos destas taças e recebi apenas um, totalmente fora do prazo previsto. Já paguei o produto e até agora Estou aguardando uma posição de empresa que fez o envio. Me pediram 48hs de prazo e já se vao cinco dias... Descaso total com o consumidor!!! Totalmente insatisfeita...",1,1,0,1,0,2.4513208866119385,5431,101.65625,0.4129167,1,1,0,0,0
"Pior de todos, não consigo utilizar em nada, trava em tudo, ligar e desligar é uma eternidade, usar algum app sem chance travamento completo! Não recomendo",0,0,1,0,0,2.3393306732177734,5431,101.65625,0.298699,0,1,0,0,0
Desenho e acabamento impecáveis. Não espere uma simples torneira,0,0,1,0,0,2.3873369693756104,5431,101.65625,0.3457538,0,0,0,0,1
"Primeiros meses estava tudo ótimo, um mês para vencer a garantia começou desligar sozinha. Mandei para autorizada e eles repararam o defeito, porem dois meses depois e já fora da garantia o tv começou com o mesmo defeito.",0,0,1,0,0,2.582423448562622,5431,101.65625,0.5463534,0,1,0,1,0
"Comprei esse celular de presente pra minha mulher. O celular funcionou por pouco mais de 30 dias e não funcionou mais. E assistência técnica da samsung , só no Aricanduva em SP. Verifiquei a possibilidade de retirar a bateria. Mas..... tem que desmontar a frente do celular. Vou levar pra assistência técnica. Vamos ver quanto tempo vai levar pra samsung resolver o problema.",0,1,1,0,0,2.521813154220581,5431,101.65625,0.4844507,0,1,0,1,0
O produto demorou muito a chegar (cerca de 30 dias). Veio com a cor errada (pedi marrom claro e veio marrom escuro). É só checar o meu pedido. Mais vou ficar com ele mesmo assim. No mais é um produto normal sem maiores adjetivos.,1,0,1,1,0,2.4941163063049316,5431,101.66015625,0.438372,0,0,0,1,0
Gostaria de receber informações mais detalhadas sobre o produto. Parece ser muito bom e bonito.,0,1,0,0,0,2.3128905296325684,5431,101.66015625,0.2730222,0,1,0,0,0
Botão de click esquerdo parou de funcionar em duas semanas.,0,0,1,0,0,2.4383652210235596,5431,101.66015625,0.39856,0,1,0,0,0
"Não adianta ficar perguntando sobre o produto... era orações chego à 3 dias atrás..  Decepção total, não compro mais nada da Americanas nunca mais... e também vou falar mal para todos que eu conheço",1,1,0,0,0,2.502126693725586,5431,101.66015625,0.4594456,0,1,0,1,0
Chave feita com o metal derretido do Santo Graal. Hoje todo aperto de parafuso que faço é abençoado.,0,0,1,0,0,2.328115940093994,5431,101.66015625,0.2840712,0,1,0,0,0
"Desde que a pessoa saiba ler, pode aprender (e se divertir) com esse livro, não sendo necessário ser estudante das ciências da saúde. No caso de profissionais/estudantes que dependem da Anatomia eu recomendo um livro texto e atlas mais sofisticados ou uma figura sem legendas para colorir, rsrs.",0,0,1,0,0,2.443819761276245,5431,101.66015625,0.4014558,0,1,0,0,0
Aprecento defeito mais a loja foi atenciasa e vai madar outro produto mais eu recomendo a loja e esse produto,0,1,1,1,0,2.35809588432312,5431,101.66015625,0.3155229,0,1,0,0,0
Mal liguei já veio com vazamento.... Comprei para suprir as necessidades do meu estabelecimento e agora não posso utilizar....,0,0,0,1,0,2.5130717754364014,5431,101.66015625,0.4592126,0,1,0,1,0
"Relogio com boas características, porém a bateria deixa muito a desejar. Não ultrapassa três meses de duração.",0,0,1,0,0,2.3561832904815674,5431,101.66015625,0.3141371,0,1,0,0,0
Gostaria de saber se esse celular é original? Aguardo uma resposta,0,1,0,0,0,2.4537582397460938,5431,101.66015625,0.4004885,0,1,0,0,0
"Qual a capacidade de conexão deste modelo?  3G, 4G? gostaria que me respondessem o mais rápido possível pois estou realmente interessado. Agradeço desde já!                                                                       .",0,1,0,0,0,2.3674299716949463,5431,101.66015625,0.3305436,0,1,0,0,0
Qual a medida dessa mesa? pois não fala na descrição.,0,1,0,0,1,2.469311237335205,5431,101.66015625,0.4358566,0,1,0,0,0
O que vem junto com o hoverboard  Vem controle e capa como na foto?,0,1,0,0,1,2.431527614593506,5431,101.66015625,0.3981721,0,0,0,1,0
Estou com medo de n VM certo o produto.. me ajudem,1,0,0,0,0,2.365239143371582,5431,101.66015625,0.3234916,0,1,0,0,0
Esse produto não chegou o vendedor me deu o calote,1,0,0,0,0,2.6142828464508057,5431,101.66015625,0.5670992,0,1,0,1,0
"Tem resposta lenta aos comandos, mas dá pra quebrar o galho. Tem boa imagem.",0,0,1,0,0,2.348491668701172,5431,101.66015625,0.2930652,0,1,0,0,0
Alguém sabe Quantos tipos de toques de chamada ele tem?,0,1,0,0,0,2.374558210372925,5431,101.66015625,0.3322917,0,0,0,0,0
Como não tem lugar para perguntar sovre o produto estou perguntando aqui gostaria de saber se ele é de fato 600 rms???  Pois pretenfo só comprar se for mesmo essa potência.... Acho que o site deveria deixar um espaço para dívidas dos clientes assim evitariam trocas de vários produtos..... Aguardo algum retorno   Pioneer e qualidade sem igual  se açguem procura qualidade compre tudo Pioneer....,0,1,0,0,0,2.451058864593506,5431,101.66015625,0.426171,0,1,0,0,0
Esse aparelho É a bateria ou a pilha? Gostaria de um aparelho a bateria,0,1,0,0,0,2.3425567150115967,5431,101.66015625,0.3132256,0,1,0,0,0
"Gostaria de adquirir esse boneco pro meu filho, mais quero saber se Esse boneco é o de 30cm?",0,1,0,0,0,2.329888105392456,5431,101.66015625,0.3031121,0,1,0,0,0
Gostaria de saber se vocês possuem os amortecedores cofap turbogás  e qual valor para eu pagar a diferença???,0,1,0,0,0,2.398667812347412,5431,101.66015625,0.3419287,0,1,0,0,0
"Parece um ótimo produto e de boa qualidade, mas não sei onde conecta-lo para poder falar nele, se alguém poder tirar minha dúvida comprarei sem medo! :)",0,1,1,0,0,2.3565855026245117,5431,101.66015625,0.3180828,0,1,0,0,0
Queria saber se alguém que comprou o roupeiro não teve nenhum tipo de problema  Tenho interesse em comprar mas com tanta avaliação ruim fico na duvida,0,1,0,0,0,2.4701504707336426,5431,101.66015625,0.4435173,0,1,0,0,0
Ola gostaria de saber si  essa tv tem o link da  Netflix?,0,1,0,0,0,2.391414165496826,5431,101.66015625,0.3344748,0,0,0,0,1
"Olá pessoal, eu comprei o produto descrito a cima. E gostaria de informar a todos q é original sim, porém não é JBL!! É uma marca similar...em momento algum o site informava q esse produto era JBL, Tbm só sendo bobo de achar q seria... E nesse preço no máximo seria uma réplica da JBL...VLWW",0,0,1,0,1,2.464034080505371,5431,101.66015625,0.4159852,0,1,0,0,1
RECEBI O MEU PRODUTO NA PRÓPRIA CAIXA SEM AO MENOS UMA PROTEÇÃO E A MESMA ESTAVA ABERTA PORÉM OS PRODUTOS NÃO FORAM DANIFICADOS,0,0,0,1,0,2.5187582969665527,5431,101.671875,0.4806002,0,0,0,1,0
"VERGONHA, essa é a descrição que faço sobre a AMERICANAS, comprei 01 jogo desse ha quase 02 meses atras, presente para o NATAL, e só entregaram hoje. Minha filha teve o NATAL FRUSTADO sem presente. NÃO RECOMENDO DE JEITO NENHUM COMPRAR NA AMERICANAS",1,1,0,0,0,2.3980298042297363,5431,101.671875,0.3407567,1,1,0,0,0
"ENTREGA PERFEITA,MUITO ANTES DA DATA,JA  O PRODUTO NÃO É ESSAS COISAS .",1,0,1,0,0,2.368788480758667,5431,101.671875,0.3189806,1,0,0,0,0
"FIZ A COMPRA, ANTES DO NATAL, ELE CHEGOU NO DIA DO NATAL, CONSTATEI QUE O VIDRO DA CAMERA ESTAVA QUEBRADO, LIGUEI PARA AMERICANAS, ELES MANDARAM EU ENVIAR PELO CORREIO PARA SER FEITO A TROCA, SENDO QUE PRA ELES CHEGOU EM 5 DIAS, E MANDARAM DE VOLTA PARA MIM JA, JA ESTA A 13 DIAS NO SITE DOS CORREIOS QUE SAIU DE CTE BENFICA PARA CDD IRAJA, E NAO CHEGA NUNCA EM IRAJA, ESTOU TENTANDO ENTRAR EM CONTATO COM A AMERICANAS E ELES NAO RESOLVEM, PRECISAVA DO CELULAR PARA VIAJAR. E AGORA ESTOU NESSA DEPENDENCIA DELES, O CORREIO NAO DA NENHUMA INFORMAÇAO DE NADA SÓ DIZ QUE TENHO QUE ENTRAR EM CONTATO COM A AMERICANAS, E QUANDO ENTRO ELES FALAM QUE ESTA EM TRANSITO A MINHA ENCOMENDA E DESLIGAM, TO DE SACO CHEIO DISSO, UMA FALTA DE RESPEITO COM AS PESSOAS.",1,1,0,1,0,2.5559327602386475,5431,101.67578125,0.4989188,1,1,0,0,0
"O Aparelho superaquece mesmo fora de uso. Já peguei várias vezes  na bolsa, mostrando 42° de temperatura no app de resfriamento.  Durante o Carregamento fica quase intocável e a base do carregador não sei por que ainda não derreteu de tanto que fica quente.  Quando ele está quente as fotos ficam manchadas e algumas nem salvam. Você fotografa mas a foto não salva na memória..",0,0,1,0,0,2.519057273864746,5431,101.67578125,0.4819309,0,1,0,1,0
"A única coisa que quando você vai comprar uma TV desta polegada você tem que ter no mínimo 5 metros de distância do SOFÁ , ou seja , sua sala tem que ter pelo menos 30MTS quadrados igual a nossa.  Senão , você vai sentir muito mal estar, ânsia de vômito, e tontura.   Fora isso, a TV é espetacular!!!!",0,0,1,0,0,2.3987393379211426,5431,101.67578125,0.3462426,0,1,0,0,0
É LINDO! IGUAL O ANUNCIADO. EU RECOMENDO. PARABÉNS A TODA EQUIPE AMERICANA. ENTREGA MUITO RÁPIDA.,1,1,1,0,1,2.3785386085510254,5431,101.67578125,0.3370073,1,0,0,0,0
"Excelente produto, entrega antes do prazo, depois do purificador ADEUS BOMBONA DE ÁGUA MINERAL. Muito melhor, mais pura e mais gelada.",1,0,1,0,0,2.4759533405303955,5431,101.67578125,0.4182639,1,0,0,0,0
"produto excelente com  preço   bom,  tenho  outro  produto excelente  que deu problema e consertá-lo é inviável.",0,0,1,0,0,2.3784899711608887,5431,101.67578125,0.3226683,0,1,0,0,0
Produto embora em embalagem comercial é muito eficiente,0,0,1,1,0,2.310858964920044,5431,101.67578125,0.2926312,0,1,0,0,0
"Gente, essa cadeirinha foi minha salvação! Consigo fazer ela dormir no colo e passo ela pra cadeirinha vibrando.. ela tira uns 3 cochilos de 1h todos os dias.. e fica menos estressada! Achei excelente o custo-beneficio!",0,0,1,0,0,2.429319381713867,5431,101.67578125,0.3768794,0,1,0,0,0
O produto chegou muito rápido e de otima qualidade. Dei apenas carga uma vez e já utilizei várias vezes e até agira tudo bem.,1,0,1,0,0,2.3794021606445312,5431,101.67578125,0.3303847,1,0,0,0,0
"O produto cumpri o prometido, protegendo bem o aparelho.",0,0,1,0,0,2.4442203044891357,5431,101.67578125,0.3912244,0,1,0,0,0
"Com menos de um mês de uso, já apresentou defeito.",0,0,1,0,0,2.3616504669189453,5431,101.67578125,0.3090965,0,1,0,0,0
"As cadeiras estão todas riscadas, pois a caixa estava todo rasgada nas laterais e remexidas por dentro, oque riscou todas as cadeiras.",0,0,0,1,0,2.51558780670166,5431,101.67578125,0.4728332,0,1,0,1,0
"Produto vendido por parceira da Americanas.com. O livro não veio plastificado, estava apenas com o envelope da transportadora. Para minha surpresa o livro cheirava a mofo, como se tivesse sido armazenado em um local com umidade ou então foi adquirido de segunda mão.  Já comprei dezenas de livros pela B2W, e foi a primeira vez que recebi um produto fora dos padrões. Verifiquem a procedência dos fornecedores e parceiros de vocês.",0,1,0,1,0,2.5192768573760986,5431,101.67578125,0.4804334,0,1,0,1,0
Infelizmente pela má qualidade da embalagem as bordas dos livros estavam amassadas e muitas etiquetas na capa deixando o livro marcado como se fossem usados.,0,0,0,1,0,2.4264776706695557,5431,101.67578125,0.3851649,0,1,0,1,0
"Comprei o painel a exatamente uma samana, no mesmo dia o dinheiro saiu da minha conta porém tem 7 dias que esta aguardando pagamento!!! Fiz varias tentativas de contato porém sem sucesso!! Dá para acreditar que a Americanas trabalha com empresas tão ruins??",0,1,0,0,0,2.4413130283355713,5431,101.67578125,0.3988957,0,1,0,1,0
Meu produto veio faltando peça.. Fabricante displicente e pouco confiável. Já se passaram 15 dias e a peça ainda não chegou. Não recomendo a compra desse produto.,1,1,1,1,0,2.517930030822754,5431,101.67578125,0.465114,0,1,0,1,0
Não recebi o produto. A empresa parceira não entregou!,1,1,0,0,0,2.420074224472046,5431,101.67578125,0.3632113,0,1,0,1,0
"Não gostei, quero saber, vou ficar no prejuízo? Camisa de péssima qualidade",0,1,1,0,0,2.357404947280884,5431,101.67578125,0.314579,0,1,0,0,0
E ele vem com estampa de Minion e é feito de plástico.,0,0,1,0,0,2.4802000522613525,5431,101.67578125,0.4274316,0,1,0,0,0
"Não gostei, muito enjoativo, fora que o sabor é estranho. Não parece ser Milka, pois geralmente os chocolates são as maravilhosos.",0,0,1,0,0,2.4282522201538086,5431,101.67578125,0.3790955,0,1,0,0,0
"Parecia ótimo  só que o meu não está funcionando a entrada do fone de ouvidos, e veio com um arranhado grande na parte traseira, até a caixa veio rasgada. Parece que é  usado! Estou decepcionada. Espero que devolvam meu dinheiro.",0,1,1,1,0,2.501246213912964,5431,101.67578125,0.4562375,0,1,0,1,0
Fiquei muito satisfeito com a rapidez da entrega da mercadoria... Parabéns para toda equipe que me surpreendeu entregando antes do prazo estabelecido.,1,0,0,0,0,2.3388848304748535,5431,101.67578125,0.3010236,1,0,0,0,0
Foi entregue no endereço errado e não no solicitado no pedido,1,0,0,0,0,2.433051586151123,5431,101.67578125,0.3783606,1,0,0,0,0
Uma  loja que não honra com seus compromissos porem comprei esse radio dia 28/11/17 porem foi marcado a entrega p 15 de dezembro não cumprindo e logo marcando p dia 27 de dezembro que também não entregou e hj e dia 4 de janeiro e ate o momento não houve a entrega e nenhuma explicação e ainda mandaram um link p avaliar um produto que não chegou .,1,0,0,0,0,2.421565532684326,5431,101.67578125,0.3785384,1,1,0,0,0
"Comprei o cartucho com entrega prevista para dia 29/03/18, porém demoraram a postar e ao postarem já elevaram o prazo para o dia 04/04/18, porém até hoje dia 07/04/18 produto não chegou, frete é pago e serviço prestado pela americanas.com infelizmente não presta.",1,1,0,0,0,2.410940170288086,5431,101.67578125,0.3709912,1,1,0,0,0
"O produto é bom, porém foi entregue atrasado, após o natal.",1,0,1,0,0,2.404259443283081,5431,101.67578125,0.360873,1,0,0,0,0
A minha avaliação é sobre a entrega  Meu produto chegou danificado,0,0,0,1,0,2.355271816253662,5431,101.67578125,0.3102134,1,0,0,0,0
"Mercadoria recebida agora, o entregador entregou em numero diferente do indicado no meu cadastro",1,0,0,0,0,2.503051519393921,5431,101.67578125,0.4708357,1,0,0,1,0
"Entrega demora muito. Se for para um caso de emergência, como o meu, não recomendo. Faz mais de 20 dias que fiz o pedido e ainda não chegou.",1,0,0,0,0,2.353167772293091,5431,94.515625,0.3216343,1,0,0,0,0
"O produto chegou antes do prazo, e atendeu as minhas expectativas.",1,0,1,0,0,2.3739356994628906,5431,95.1328125,0.3308992,1,0,0,0,0
"Comprei um sofa deste a quase dois meses, porem ainda nao chegou, desde de que a americanas começou a trabalhar com estes parceiros a qualidade da entrega e do rastreamento esta muito ruim, não recebo mais as atualizações do status da entrega, nem nenhuma informação, espero que revejam a sua politica de entrega e seus parceiros, cuidado ao comprar, continuo no aguardo quanto meu sofa",1,1,0,0,0,2.501070976257324,5431,96.3046875,0.4631655,0,1,0,1,0
Já se passou mais de um mês e até agora a impressora não chegou. Gostaria de uma posição a respeito da Americanas.com! Obrigado,1,1,0,0,0,2.3752501010894775,5431,96.65625,0.3284334,0,1,0,0,0
Como ja havia uinformado anteriormente o livro não foi entregue.,1,0,0,0,0,2.361232042312622,5431,97.05859375,0.3115757,1,0,0,0,0
"A entrega foi rápida e eu tive um bom atendimento, recomendo a loja!",1,1,0,0,0,2.434128522872925,5431,98.33984375,0.3772556,1,1,0,0,0
"Fiz o pedido e recebi o produto em 3 dias úteis. Muito rápido. Parabéns...somente uma observação, o produto precisa de um adaptador pra tomada.",1,0,1,0,0,2.43503475189209,5431,98.78125,0.3877105,0,1,0,0,0
"Produto bom, chegou até antes do prazo de entrega. Recomendo!",1,0,1,0,0,2.3635928630828857,5431,99.37890625,0.3159448,1,0,0,0,0
"Comprei dois produtos por R$ 380,00 que foi debitado do meu cartão. Mandaram somente um produto com uma nota estranha e no valor de R$ 110,00.  Ainda não consegui corrigir. O sistema de atendimento é mecânico e não consigo falar com ninguém.   Não recomendo compras nas Americanas.",0,1,0,1,0,2.6043550968170166,5431,99.421875,0.5757932,0,1,0,1,0
"Excelente produto, chegando antes do prazo previsto.  #superindico",1,0,1,0,0,2.3344545364379883,5431,99.48046875,0.2892616,1,0,0,0,0
Muito bom!!! Ficou ótimo deu certinho no Patinete!!,0,0,1,0,0,2.4051918983459473,5431,99.5625,0.3483324,1,0,0,0,0
"Se eu tivesse recebido o produto certo, poderia avaliar.",0,0,0,1,0,2.4255828857421875,5431,99.5625,0.377362,0,0,0,1,0
"Não comprem pela loja Escolha Fina, mesmo sendo entregue pela Americanas.... Sempre compro pela Americanas e dessa vez me senti enganada, era para o produto chegar dia 16/03 mudaram para 21/03 e não vai chegar hoje.... Decepção (o presente era para o dia 19/03)",1,1,0,0,0,2.465179204940796,5431,99.59375,0.4226815,1,1,0,0,0
Perfeita...rapidinho fico pronta com ela! recomendo muitoooo,0,0,1,0,0,2.3327951431274414,5431,99.8359375,0.2893325,1,0,0,0,0
"Extremamente justa, encaixe com dificuldade. Tanto é que ela fica deformada por ser muito justa, no botão de volume você chega a ficar com medo por ser mal encaixado nos botões. Mas comprei no desespero pro meu aparelho não ficar sem proteção.",0,0,1,0,0,2.4882025718688965,5431,99.90234375,0.4703674,0,1,0,1,0
Não achei o resultado do alisamento satisfatório. Meu cabelo é ondulado e usando apenas a chapinha  com ele limpo e seco o resultado é melhor.,0,0,1,0,0,2.3547110557556152,5431,99.94140625,0.3172451,0,1,0,0,0
Achei que o produto fosse mais fofo. Ele possui pouca altura.,0,0,1,0,0,2.4496304988861084,5431,100.0078125,0.4077712,0,1,0,0,0
"As bordas são muito afiadas, o que pode causar acidentes durante o uso.",0,0,1,0,0,2.372380256652832,5431,100.07421875,0.3260834,0,1,0,0,0
Esquenta muito rápido e desliga desempenho fraco nao compraria novamente,0,0,1,0,0,2.4866714477539062,5431,100.1015625,0.4398323,0,1,0,0,0
"As gavetas não encaixam no seu devido lugar, porque não é do mesmo modelo do guarda roupa, reclamei e ficaram de trocar em 5 dias, mas até hoje não resolveram esse problema.  Em tempo, esse produto é da Madeira Madeira",0,1,0,1,0,2.4998209476470947,5431,100.1328125,0.4620807,0,1,0,1,0
"Muito ruim comprar um livro, esperar muito além do prazo de entrega para receber a mercadoria e encontrar sua mercadoria com a capa rasgada e amassada nas pontas. Falta de atenção com o cliente.  Nada contra o conteúdo do livro e sim com a venda da Americanas.com",1,1,0,1,0,2.482573986053467,5431,100.61328125,0.4363448,0,1,0,1,0
"Excelente produto, tomo 1 capsula ao dia e nunca mais tive crises de gota, acido úrico.além disso posso comer sem restrições de alimentos, posso comer de tudo, graças a esse maravilhoso óleo de Copaíba.",0,0,1,0,0,2.3064019680023193,5431,100.61328125,0.2857467,0,1,0,0,0
"produto excelente, super recomendo,o produto e as lojas americanas.",0,1,1,0,0,2.4255802631378174,5431,100.625,0.3892305,0,1,0,0,0
"Derrepente, ão  receber uma ligação, não atendida, ele começa, piscar, ai eu  teclo as  setas,para ver o numero,mesmo assim ele demora apagar. Outro problema, é que êle muda o tom,ai eu tenho que pressionar, por varias vezes a tecla mute, até voltar o tom normal",0,0,1,0,0,2.3811378479003906,5431,100.7109375,0.3458649,0,1,0,0,0
Gostei do prazo de entrega. Foi excelente. Foi entregue no prazo certo .muito  bom essa loja já é a segunda vez que comprei e foi entregue no prazo certo  e tudo ok.,1,1,1,1,0,2.498276948928833,5431,100.7109375,0.4577758,1,0,0,0,0
"Ainda não recebi aguardando pra fazer a análise. Já vi algumas pessoas reclamando ,mas vou esperar para dar minha opinião custo benéfico muito bom.",1,0,0,0,0,2.3656907081604004,5431,100.765625,0.311498,0,1,0,0,0
"Estou aguardando posição para devolução desde que chegou,pois nem funcionou.",0,1,0,1,0,2.4380645751953125,5431,100.80078125,0.4106066,0,0,0,1,0
"Propaganda enganosa, não cumpre o que promete. Não retira nem os cravos superficiais, naão retira oleosidade nem nada. Não limpa a pele.",0,0,1,0,1,2.4432432651519775,5431,100.83203125,0.414945,0,1,0,0,0
Estou doido para comprar mas acada dia que volto aqui para ver o preço e 10 reais a mais deixei passar dois dias voltei e tinha amentado mais 30 reais ai fica dificil querem ganhar demais acaba nem vendendo,0,1,1,0,0,2.37685227394104,5431,100.8359375,0.3344526,0,1,0,0,0
"Chegou antes do prazo, gela rápido  Produto de qualidade",1,0,1,0,0,2.3818752765655518,5431,100.8359375,0.3303686,1,0,0,0,0
Eu recomendo a quem estiver interessado em um microfone para uso pessoal e doméstico.,0,0,1,0,0,2.49308705329895,5431,100.8359375,0.440038,0,0,0,0,1
"Além de chegar super rápido, ele é bem potente, seca rápido e bem leve, ele não é que nem os outros secadores que cansa a mão da gente! Excelente!!",1,0,1,0,0,2.412790060043335,5431,100.8359375,0.3633022,1,1,0,0,0
"Esse gabinete é super elegante, ficou lindo no meu banheiro.",0,0,1,0,0,2.3515331745147705,5431,100.8359375,0.3131077,0,1,0,0,0
Muito bom o lado massageador é bom e outro lado eu achei bom também.,0,0,1,0,0,2.4621999263763428,5431,100.83984375,0.425465,0,1,0,0,0
Preciso que receber minha máquina por favor. Não posso availar uma coisa que não usei ainda.,1,0,0,0,0,2.440912961959839,5431,100.84375,0.408744,0,0,0,1,0
??????????????????????????!!???? Algumas pessoas podem responde isso pfv,0,1,0,0,0,2.2510106563568115,5431,100.84765625,0.2126625,0,1,0,0,0
"O produto (XBox One S 500GB), é desbloqueado? (Destravado)",0,1,0,0,0,2.3994250297546387,5431,100.84765625,0.3440238,0,1,0,0,0
"Excelente aparelho  , rápido não  trava  recomendo.  Sem contar com a rapidez  da entrega,  chegou dois dias depois do pedido.  Espetacular  .",1,0,1,0,0,2.4107940196990967,5431,100.84765625,0.3675828,1,1,0,0,0
"Excelente , cumpre o prometido ! Só um detalhe , o saco do aspirador é muito pequeno mas fora isso , tudo certo .",0,0,1,0,0,2.437497138977051,5431,100.84765625,0.3760371,0,1,0,0,0
"Adorei a qualidade de imagem e som. Entrega rápida, chegou antes da data prevista.  Menu fácil utilização.",1,0,1,0,0,2.4132747650146484,5431,100.84765625,0.3727175,1,1,0,0,0
"Adorei, ótimo produto e ótima loja. Superou as expectativas.",0,1,1,0,0,2.3300881385803223,5431,100.84765625,0.2979216,0,1,0,0,0
Aproveitei a promoção leve 8 e pague 6 e comprei 100 conjuntos!! Promoção assim não se perde!,0,0,1,0,0,2.365065336227417,5431,100.84765625,0.3260566,0,1,0,0,0
"Belo produto, gostei da compra e recomendo. Voces nao deveriam exigir resposta mínima, eu tenho que escrever o que eu quero escrever",0,1,1,0,0,2.359191656112671,5431,100.84765625,0.3106771,0,1,0,0,0
"Correspondeu as minhas espectativas, o tamanho é ótimo.",0,0,1,0,0,2.4702258110046387,5431,100.84765625,0.4439266,0,1,0,0,0
"Entrega antes do prazo estipulado, qualidade de imagem e som muito boas. Recomendo!",1,0,1,0,0,2.375699043273926,5431,100.84765625,0.3230443,1,0,0,0,0
Excelente produto entrega rápida minha filha esta adorando,1,0,1,0,0,2.4806458950042725,5431,100.84765625,0.4376696,1,0,0,0,0
"Excelente produto, atendeu bem a expectativa. Recomendo a todos.",0,0,1,0,0,2.425917148590088,5431,100.84765625,0.3810674,0,1,0,0,0
"Excelente qualidade, Samsung sempre atendendo as expectativas.",0,0,1,0,0,2.367178201675415,5431,100.84765625,0.320254,1,0,0,0,0
Já tinha um mas não era automático. Comprei este por estar numa promoção e pagamento extendido. Adorei.,0,0,1,0,0,2.4768269062042236,5431,100.84765625,0.4231389,0,1,0,0,0
"Minha mulher adorou, disse que vale muito a pena, que o produto é de alta qualidade e funciona.",0,0,1,0,0,2.435279607772827,5431,100.85546875,0.3966189,0,1,0,0,0
"Muito bom esse colchão,recomendo a todos,preço baixo e excelente produto,naõ ficando devendo em nada aos mais caros.",0,0,1,0,0,2.3617048263549805,5431,100.85546875,0.3204071,0,1,0,0,0
"Muito útil especialmente pra quem está começando, de boa qualidade, achei apenas que fosse um livro maior, mas é no tamanho pocket, mesmo assim em nada atrapalha. Entrega bem antes do previsto.",1,0,1,0,0,2.3645200729370117,5431,100.85546875,0.3209628,1,0,0,0,0
O produto de excelente qualidade design moderno ! Ótimo caimento e confortável.,0,0,1,0,0,2.3579094409942627,5431,100.85546875,0.3126382,0,1,0,0,0
O produto é exatamente o que foi descrito. É um ventilador quente. O material é de qualidade e esquenta super rápido. Além de seguro e sem problemas para as crianças (a menos que você coloque muito quente (25oC ou mais) pode ser que fique muito quente para os pequenos se aproximarem). O ruído é o mesmo de um bom ventilador. Dá pra dormir com ele ligado sem problemas.,0,0,1,0,1,2.5039682388305664,5431,100.85546875,0.4553515,0,1,0,1,0
"Perfume excelente, um dos melhores, otimo fixador, cheio muito bom!",0,0,1,0,0,2.320551872253418,5431,100.85546875,0.265312,0,1,0,0,0
"Potente, silencioso, econômico e de fácil instalação.",0,0,1,0,0,2.445012092590332,5431,100.85546875,0.3993012,0,1,0,0,0
Entrega rápida. Atendeu minhas expectativas. O produto veio muito bem embalado. Recomendo a todos a compra.,1,0,1,1,0,2.4126663208007812,5431,100.85546875,0.3631899,1,1,0,0,0
Produto de excelente qualidade e muito bem embalado.,0,0,1,1,0,2.506856679916382,5431,100.85546875,0.4665431,0,0,0,1,0
"Produto superou minhas expectativas! Bom material, muito bonito. Excelente custo benefício. A botão do led veio com o click danificado, mas o Home é lindissimo!",0,0,1,1,0,2.335339069366455,5431,100.85546875,0.2862377,0,1,0,0,0
Produto correto e entrega antes da data prevista de entrega,1,0,1,0,0,2.3673601150512695,5431,100.85546875,0.3254101,1,0,0,0,0
"Produto de ótima qualidade, que atende perfeitamente o propósito dele.",0,0,1,0,0,2.4876136779785156,5431,100.85546875,0.4357755,0,1,0,0,0
Produto muito bom e entrega  muito rápida. Recomendo.,1,0,1,0,0,2.367840051651001,5431,100.85546875,0.3220043,1,0,0,0,0
Produto muito bom e útil. Design moderno e prático.,0,0,1,0,0,2.4918785095214844,5431,100.85546875,0.4435054,0,1,0,0,0
"Produto otima qualidade, rapidez na entrega, recomendo comprar na americanas...",1,1,1,0,0,2.4421157836914062,5431,100.91015625,0.3909582,1,0,0,0,0
"Qualidade, beleza, fácil de lavar, beeem grande, cabos confortáveis, exterior da tampa e panela espelhados! Eu recomendo!",0,0,1,0,0,2.362492322921753,5431,100.921875,0.3234831,0,1,0,0,0
"Sempre sofri com crises de infecções urinárias e cistite, depois de começou a usar, crises que tinha a cada 2, 3 meses acabaram, tem exatamente 1 ano que não tenho crises. Além disso, não tenho mais problemas de retenção de líquido.",0,0,1,0,0,2.4604806900024414,5431,100.921875,0.4211513,0,0,0,1,0
Super recomendo. O produto é excelente material bom. Facitita bem a vida,0,0,1,0,0,2.443800926208496,5431,100.921875,0.407958,0,1,0,0,0
"Uma boa opção para substituir a cadeira para quando necessitamos de algo no alto ,muito funcional",0,0,1,0,0,2.3610708713531494,5431,100.921875,0.3188994,0,1,0,0,0
Uso há bastante tempo...O produto é perfeito!!Deixa o cabelo macio e as pontas hidratadas.,0,0,1,0,0,2.5556788444519043,5431,100.921875,0.5242012,0,0,0,1,0
Um excelente aparelho. A entrega que foi muito demorada!,1,0,1,0,0,2.324826717376709,5431,100.921875,0.2961466,1,0,0,0,0
"Excelente aparelho, veio lacrado e com todos itens e a nota fiscal, conforme o anúncio. Porém, o prazo de entrega estava previsto para o dia 06/03 e foi entregue no dia 16, por conta dos correios. A empresa cumpriu todas as etapas de venda e entrega, recomendo.",1,1,1,1,1,2.5381953716278076,5431,100.921875,0.5040501,1,0,0,0,1
"Comprei na promoção à vista confiando nas avaliações e não me decepcionei. O quarto que ele refrigera é pequeno, mas pega sol a tarde toda (é muito quente!) e ele deixa o clima frio e maravilhoso. Recomendo o modelo e a marca para qualquer um que me perguntar.",0,0,1,0,0,2.463951349258423,5431,100.9453125,0.4494486,0,1,0,1,0
"Como sempre compra na Americanas e muito bom,, entrega certa ,produtos de qualidade com excelente preço",1,1,1,0,0,2.323291063308716,5431,100.9453125,0.2676945,1,0,0,0,0
"O produto é de extrema qualidade! O abridor é sensacional, fora os adicionais que vem junto que acrescentam ainda mais elogios! Vale a pena!!",0,0,1,0,0,2.440680503845215,5431,100.9453125,0.3950619,0,1,0,0,0
"Comprei para mim  e meu pai, estamos bem satisfeito com o produto, bateria aguenta bem (em média 2 dias comigo e 3 dias com o meu pai, vai muito do uso). Para um perfil médio de consumidor atende muito bem.",0,0,1,0,0,2.421865224838257,5431,100.9453125,0.3793772,1,1,0,0,0
"Alem do excelente design, ela prepara um café de excelente qualidade, e muito rápido. A limpeza tambem é muito facil. Só não sei se terei assistencia técnica rápido, quando houver necessidade.",0,1,1,0,0,2.4257450103759766,5431,100.9453125,0.3931637,0,1,0,0,0
"Eficácia incontestável, pena que a quantidade tenha sido reduzida.",0,0,1,0,0,2.31573486328125,5431,100.9453125,0.296977,0,1,0,0,0
"Entretanto, o frete é carissimo, por isso deixei de adquirir.",1,0,1,0,0,2.3675684928894043,5431,100.9453125,0.3152119,0,1,0,0,0
"Uma das minhas melhores aquisições dos últimos tempos! Perfume fresco, limpo, proporciona a sensação prolongada de um bom banho. Fixacao superior aos importados! Fiquei muito feliz com a aquisição!",0,0,1,0,0,2.424643039703369,5431,101.09765625,0.3796722,0,1,0,0,0
"Compacta por fora, espaçosa por dentro. Refrigera muito bem!",0,0,1,0,0,2.4375381469726562,5431,101.10546875,0.4000035,0,0,0,1,0
#SuperIndico #LojasAmericanas #FicaaDica fundamental em uma viagem,0,1,1,0,0,2.4343864917755127,5431,101.10546875,0.3953198,0,0,0,0,1
Adorei o produto. Entrega super rápida. Superou minhas expectativas.,1,0,1,0,0,2.357149600982666,5431,101.109375,0.3033899,1,0,0,0,0
"Compra muito fácil, entrega muito rápida e produto de excelente qualidade por um preço razoável.",1,1,1,0,0,2.4330670833587646,5431,101.109375,0.4019711,1,0,0,0,1
"Entrega rápida,estou satisfeito .Já sou consumidor desta marca",1,0,1,0,0,2.474224090576172,5431,101.11328125,0.4307655,1,0,0,0,0
"Excelente produto, ótima qualidade, super confortável. Realmente o infravermelho e as pastilhas magnéticas cumprem com o prometido.",0,0,1,0,0,2.3807191848754883,5431,101.12109375,0.3313249,0,1,0,0,0
Execelente produto com ótima absorção e deixa a pele do bebê sequinha.,0,0,1,0,0,2.5506088733673096,5431,101.12109375,0.502143,0,0,0,1,0
Já comprei outra tvs da mesma marca e modelo e todas estão em perfeito estado. Recomendo a marca Samsung com smart tbm.,0,0,1,0,0,2.3899381160736084,5431,101.125,0.3350392,0,0,0,0,0
O produto chegou antes do prazo e veio até com uma proteção para a parte que se conecta ao computador. Funciona perfeitamente.,1,0,1,1,0,2.395338535308838,5431,101.125,0.3624798,1,0,0,0,0
"O produto é excelente e muito prático. No entanto, comprei errado, pois, o telefone que comprei foi um J7 metal e não o J7 premium.",0,0,1,0,0,2.3754661083221436,5431,101.125,0.3249701,0,1,0,0,0
"Produto chegou bem embalado e antes do prazo, muito lindo. Recomento!!!",1,0,1,1,0,2.483989715576172,5431,101.125,0.4279223,1,0,0,0,0
"Produto de ótima qualidade. De fácil colocação, proporciona uma ventilação muita boa e tem um design muito bonito.",0,0,1,0,0,2.4996497631073,5431,101.125,0.4626961,0,0,0,1,1
"Vale a pena adquirir o produto, adoro os produtos consul, são bem versáteis.",0,0,1,0,0,2.3476366996765137,5431,101.12890625,0.295164,0,1,0,0,0
"compacto, eficiente, recomendo o produto. Atendeu minhas expectativas e de boa qualidade",0,0,1,0,0,2.453951835632324,5431,101.12890625,0.4020837,0,1,0,0,0
Armário com bom acabamento e estrutura forte! Acabei comprando outro.,0,0,1,0,0,2.3552329540252686,5431,101.12890625,0.3179852,0,1,0,0,0
Chegou no tempo combinado e é um produto de ótima qualidade!,1,0,1,0,0,2.3295578956604004,5431,101.12890625,0.2807055,1,0,0,0,0
"Comprei pra minha filha, excelente produto superou todas as minhas espectativas.",0,0,1,0,0,2.423088550567627,5431,101.1328125,0.38559,0,1,0,0,0
"Limpador econômico, prático e eficiente.  Limpa com facilidade e desengordura. É ótimo também na limpeza de vidros domésticos.",0,0,1,0,0,2.369354248046875,5431,101.1328125,0.33207,0,1,0,0,0
"Produto excelente, atingiu minhas expectativas, o site da americanas me ajudou muito, a entrega foi no prazo correto, não tive nenhum problema com a empresa,transportadora e nem com o produto....   Parabéns americanas.com  Irei comprar mas produtos na loja, e indicarei para amigos....",1,1,1,0,0,2.550778388977051,5431,101.1328125,0.5022113,1,1,0,0,0
"Excelente produto, supera as espectativas! Produto de ótima qualidade, entrega antecipada , fiquei muito satisfeita!",1,0,1,0,0,2.3919105529785156,5431,101.1328125,0.3435657,1,1,0,0,0
"Além de lindo, é fácil limpar!!!!  De fácil instalação e manuseio. Super indico!!!",0,0,1,0,0,2.364497661590576,5431,101.13671875,0.3182425,0,1,0,0,0
Ótimo custo benefício recomendo a todos que quiserem adquirir já vem com o kit de instalação o que facilita a vida e tem um design bonito,0,0,1,0,0,2.524723529815674,5431,101.13671875,0.491964,1,1,0,0,0
Produto de  excelente qualidade.  Correspondeu minhase  expectativas.,0,0,1,0,0,2.3516948223114014,5431,101.13671875,0.3118752,0,1,0,0,0
tempo de entrega perfeito. chegou antes do previsto e com a maior segurança,1,0,1,0,0,2.3463399410247803,5431,101.13671875,0.3007103,1,0,0,0,0
"Uma das melhores marcar de relogio que conhece, excelente qualidade e durabilidade, super recomendável.",0,0,1,0,0,2.3916454315185547,5431,101.13671875,0.3444295,0,1,0,0,0
"É  uma mochila pequena, porem de boa qualidade  Produto muito bom chegou antes do prazo  e é  exatamente como é divulgado  no site Satisfeita  com a americanas e o produto",1,1,1,0,1,2.4380319118499756,5431,101.13671875,0.3834944,1,0,0,0,1
"Ótimo telefone, excelente na qualidade, entrega antes do previsto!!!",1,0,1,0,0,2.4259564876556396,5431,101.13671875,0.3918377,1,0,0,0,0
Ótimo. Funciona muito bem para dor de cabeça. Vale apena mesmo ótimo custo benefício,0,0,1,0,0,2.365691661834717,5431,101.13671875,0.326966,0,1,0,0,0
Comprei para presente e a pessoa gostou muito do produto.,0,0,1,0,0,2.49105167388916,5431,101.13671875,0.440821,0,1,0,0,0
Superou as expectativas. Recomendo! Serviu certinho no Para-barro .,0,0,1,0,0,2.438645839691162,5431,101.13671875,0.3893933,1,0,0,0,0
"Ela é linda, estoura todos os milhos, o gosto não mudou eu amei !!!!",0,0,1,0,0,2.370819330215454,5431,101.13671875,0.3227742,0,1,0,0,0
"Muito bom, marca de qualidade e bom preço.veio antes do prazo estabelecido sem nenhum defeito.",1,0,1,1,0,2.348435401916504,5431,101.140625,0.3071735,1,0,0,0,0
"Adorei o produto pretendo usar até após a gestação pois não fica grudento, seca rápido na pele. Super hidratante o cheiro suave não interfere no perfume. Indico e indico em voz alta ...uhuuuu",0,0,1,0,0,2.400942087173462,5431,101.140625,0.3695175,0,1,0,0,0
"Fácil de instalar, das cadeiras com isofix achei ser a mais segura de todas! A entrega foi rapida! Indico !",1,0,1,0,0,2.3706600666046143,5431,101.140625,0.3403176,1,0,0,0,0
Produto e excelente! Recomendo! Não trava facilitar melhor meu dia a dia!,0,0,1,0,0,2.4659900665283203,5431,101.140625,0.4316374,0,1,0,0,0
"Exelente produto, recomendo. E a entrga foi antes do prazo!",1,0,1,0,0,2.313164234161377,5431,101.140625,0.2919136,1,0,0,0,0
"""Toda a praticidade do alumínio forjado em 4.5mm de espessura. A expessura é 3.5mm ou 4,5mm?",0,1,0,0,1,2.383425235748291,5431,101.140625,0.3522099,0,1,0,0,0
"Extrema falta de respeito com o consumidor , loja desorganizada ,  AMERICANAS me explica oque significa PRÉ-VENDA para vocês ? Pois receber o produto há quase 1 mês após o seu lançamento e brincadeira . Sem falar que as pessoas que compraram com antecedência como foi o meu caso , vão receber por ultimo . PRÉ VENDA COM VOCÊS NUNCA MAS , MUITO OBRIGADO POR ESTRAGAR A ESPECTATIVA DE TODOS !",1,1,0,0,0,2.541020393371582,5431,101.140625,0.5116587,0,1,0,1,0
O aparelho veio sem a base para carregamento. Portanto pessimo. comprei algo e veio outra coisa e faltando,0,0,0,1,0,2.5002012252807617,5431,101.140625,0.4532017,0,1,0,1,0
"ACHEI A FIXAÇÃO MEIO FRACA, NÃO É UM PERFUME QUE FIXA BEM NA PELE. QUANDO COMPREI, POR SER DE HOMEN, ACHEI ATÉ QUE SERIA MAIS FORTE, MAS NÃO É",0,0,1,0,0,2.3750147819519043,5431,101.140625,0.3398054,0,1,0,0,0
"Comprei o kit da suspensão, e no site so tem a foto do produto e não indica que é apenas para um amortecedor, sendo que o carro tem dois amortecedores dianteiros, ou seja, vc compra pensando que vai receber kit completo para dois amortecedores, acho que a empresa do produto deve colocar a foto do produto de um kit, e colocar observação, preço para unitario kit e a quantidade de cada um que esta sendo vendido, e atentar para que se precisar de dois produtos colocar na caixa o numero dois para compra de dois kits. Desanimardorrrrrr, comparando preços achei o par de kits completo por menos de R$ 250,00 , agora tenho que comprar mais um kit e esperar ainda a entrega do produto, fora isso o produto é de boa qualidade. affffffffffffff...",0,0,1,0,1,2.5564136505126953,5431,101.140625,0.5078307,1,1,0,0,0
"O produto quebrou o engate da tampa em menos de uma semana, entrei em contato com o vendedor que 26.04.2018 informou que o produto seria trocado, o que não aconteceu até hoje 02.05.2018",0,1,1,0,0,2.4001715183258057,5431,101.1484375,0.3502701,1,1,0,0,0
"R$300,00 DE FRETE?!?!!?!?!?! SENDO QUE O DEPOSITO FICA A MENOS DE 15KM DA MINHA RESIDENCIA!!!",1,0,0,0,0,2.3505356311798096,5431,101.1484375,0.2980737,0,1,0,0,0
Não chega a temperatura necessária pra progressiva.,0,0,1,0,0,2.532083034515381,5431,101.1484375,0.4999591,0,0,0,1,0
"Realizei a compra deste, porém o mesmo não tem tinha e ainda tem nenhuma informação em relação a garantia do produto e também não tem nenhuma informação em relação as especificações do produto. Só quando instalei o produto que descobri que  é uma ""Google Chromecast "" ele na verdade um ""Chromecast da MIRASCREEN"". O problema que essa informação não esta em lugar nenhum.  Quem for compra para assistir conteúdo da NetFlix eu não recomendo só funcionar se o celular tiver a modo espelhamento e a NetFlix roda lento e travando, Youtube funcionar bem.",0,0,1,0,1,2.493029832839966,5431,101.1484375,0.4426102,0,1,0,1,0
"Foi efetuado o pagamento de 2 produtos e entregue apenas 1, agora tem que esperar a empresa verificar seu estoque para dar um retorno. Sorte que verifiquei no ato da entrega a falta de um produto e o entregador dos correios fotografou a caixa.",0,1,0,1,0,2.428757667541504,5431,101.1484375,0.3877084,1,1,0,0,0
"Produto veio faltando bocal para lampada.  Manual muito fraco que explica mais como baixar o aplicativo .  A Câmera só funciona quando estou com meu celular em casa, não justificando, quando entro de meu trabalho por exemplo ela da como off line mesmo com wifi funcionando perfeitamente.  Gostaria de um telefone para me auxiliar nesse problema.",0,1,1,1,0,2.4442570209503174,5431,101.1484375,0.4091978,0,1,0,1,0
Fire games e lojas americanss. A mochila pára guardar o over nao veio.,0,0,0,1,0,2.3131494522094727,5431,101.1484375,0.2832971,0,1,0,0,0
"O produto é bom, mas vieram faltando 05 parafusos que seguram a moldura, comprometendo o acabamento.",0,0,1,1,0,2.404019832611084,5431,101.1796875,0.361032,0,1,0,0,0
"Já faz mais de 30 dias que estou aguardando um retorno e nada... Veio somente as peças, tive que comprar todos os parafusos, sorte que o montador se virou porque se não fosse ele, seria impossível montar, a portinha não colocamos porque não sabia qual trilho comprar para portinha se movimentar, ainda estou aguardando, pois é da minha mãe e ela gostaria que colocasse a portinha...",0,1,0,1,0,2.5518205165863037,5431,101.1796875,0.504831,0,1,0,1,0
Comprei dois kits que foram cabra dos no cartão de crédito e recebi apenas um kit,0,0,0,1,0,2.4947848320007324,5431,101.1796875,0.4468031,0,1,0,1,0
"Possui excelente qualidade e acabamento. O material é robusto, aguenta as surras que meu filho pequeno dá nele. Pode ir na água sem problemas. Achei o custo/beneficio muito bom. Garante muitas horas de diversão para a criançada.",0,0,1,0,0,2.4929041862487793,5431,101.1796875,0.4548026,0,1,0,1,0
"Comprei pensando que seria um produto de qualidade, porém me surpreendi quando recebi o mesmo, acabamento ruim e talheres finos e sem peso. Não recomendo este produto.",0,0,1,0,0,2.461030960083008,5431,101.1796875,0.4225579,0,1,0,1,0
Muito boa! realmente não precisa usar óleo e não gruda! Produto chegou em perfeitas condições!,0,0,1,1,0,2.389061450958252,5431,101.1796875,0.3560496,0,0,0,1,0
Um ótimo aparelho e a entrega excelente amei tudo. Obgda.,1,0,1,0,0,2.347529888153076,5431,101.1796875,0.2954021,1,0,0,0,0
"Ela possui pouca regulagem, para quem tem o rosto um pouco maior como no meu caso ela não cabe. Precisaria ter um pouco mais de regulagem para poder se adaptar a rostos maiores.",0,0,1,0,0,2.391498327255249,5431,101.1796875,0.3397909,0,1,0,0,0
O meu motor é o Arno Faciclic LN3200.11 série 19/11 e fiquei com dúvida se este copo é compatível?,0,1,0,0,0,2.4886820316314697,5431,101.1796875,0.4484686,0,1,0,0,0
O produto veio sem qualquer especificação. Material de forte  cheiro. Tinta que parece que vai descascar facilmente. Lamentável por ser um produto para crianças.,0,0,1,0,0,2.501575469970703,5431,101.1796875,0.4565498,0,1,0,1,0
Fogão veio com um amassado na lateral inferior direita. Fiquei muito chateada pq a gente paga por um produto novo. Não paguei para ter um produto com qualidade de 2 mão ou sucata.,0,0,0,1,0,2.34273362159729,5431,101.1796875,0.3093731,0,1,0,0,0
"Depois de 24 dias do pedido realizado o pedido foi cancelado, não tenho mais confiança em comprar das lojas americanas.",0,1,0,0,0,2.5588459968566895,5431,101.1796875,0.5088505,0,1,0,1,0
O produto correspondeu minhas expectativas e a empresa tb,0,1,1,0,0,2.305305004119873,5431,101.1796875,0.2616738,0,1,0,0,0
"Fiquei muito satisfeita com o atendimento, a pontualidade na entrega e o cuidado com a embalagem do produto. Recomendo",1,1,1,1,0,2.49359393119812,5431,101.1796875,0.4581577,1,0,0,1,0
"Foi um presente de casamento, não tenho como avaliar.",0,0,1,0,0,2.2375733852386475,5431,101.1796875,0.1843335,0,1,0,0,0
"Ótimo fone de ouvido, recurso de volume útil para as crianças.",0,0,1,0,0,2.390246629714966,5431,101.18359375,0.3641253,0,1,0,0,0
"Não posso avaliar, pois recebi muito tempo depois do esperado e já não é mais útil. Estou tentando devolver e o rendimento da americanas está deixando a desejar.",1,1,0,0,0,2.5388882160186768,5431,101.18359375,0.4988715,0,1,0,1,0
"Comprei a cortina achando que viria igual a foto. grande e com todas essas partes que mostram na foto. so que nao. vem apenas duas partes em cada cortina comprada. tanto que comprei duas, achando que eram grandes, ai chegou a cortina (disseram que as duas vieram enroladas juntas) e so veio duas partes cada.  nunca mais compro e nem recomendo",0,0,0,1,1,2.536067247390747,5431,101.18359375,0.4872295,0,1,0,1,0
"Não vem carregador, pedi um preto e veio um prata.",0,0,1,1,0,2.3535714149475098,5431,101.18359375,0.2988173,0,1,0,0,0
Este produto não pica os legumes como promete .Agente faz a maior parte do trabalho,0,0,1,0,0,2.357851982116699,5431,101.18359375,0.3157687,0,1,0,0,0
"Material muito fraco, costura toda desfiada, aros da barraca tortos.",0,0,1,0,0,2.429913282394409,5431,101.18359375,0.3714552,0,0,0,1,0
"O produto é bonito como na foto, no entanto, muito frágil.",0,0,1,0,1,2.3227882385253906,5431,101.18359375,0.2673623,0,1,0,0,0
Frete muito caro para um espelho de bolsa 40 reais me arrependi,1,0,0,0,0,2.432241678237915,5431,101.18359375,0.3997068,1,0,0,0,0
Não compensa comprar o frete é embutido no preço e fica ela por elas. Frete muito caro.,1,0,0,0,0,2.360626697540283,5431,101.18359375,0.3279346,0,0,0,0,0
"O acabamento é bom, mas o produto é frágil, a escada quebrou no primeiro uso. Os degraus da escada não ficam firmes.",0,0,1,0,0,2.49703049659729,5431,101.18359375,0.4426519,0,1,0,0,0
Frete um tanto abusivo. Porém fui eu que na empolgação no prestei atenção no valor do frete.,1,0,1,0,0,2.410432815551758,5431,101.18359375,0.3747053,0,1,0,0,0
Não foi este que chegou pra mim o fornecedor falou que as função era á mesma que a foto do anúncio e só ilustrativa não recomendo pra ninguém este fornecedor magi parts . americana só perguntar e nao fas nada o código de postagens que me passaran nao e válido,0,1,0,1,1,2.4968600273132324,5431,101.18359375,0.4630779,0,1,0,1,0
Boa noite queria informar que comprei esses farois e so veio 1  ate o momento ninguem entrou em contato comigo.....,0,1,0,1,0,2.3429954051971436,5431,101.18359375,0.3102609,0,1,0,0,0
"Assim que chegou, usamos ele 1 semana, começou a sair fumaça dele e feder queimado. Poucos dias depois, a élice de baixo do copo rachou e quebrou dois pedaços da parte que faz ela girar. Estou MUITO desapontada com a qualidade do produto.",0,0,1,0,0,2.603501319885254,5431,101.18359375,0.5742418,0,1,0,1,0
"Funcional,leve,fácil manuseio,mas poderia ser mais potente",0,0,1,0,0,2.291062355041504,5431,101.1875,0.2608873,0,1,0,0,0
"Jogo muito bom,já to zerando pela segunda vez e não travou nem se quer uma vez. Excelente",0,0,1,0,0,2.3765814304351807,5431,101.1875,0.3303763,1,0,0,0,0
"Instalação super fácil, produto com qualidade de imagem, e o melhor, preço susto.",0,0,1,0,0,2.5454084873199463,5431,101.1875,0.502452,0,1,0,0,1
"Adorei o produto, chegou antes do prazo. De fácil montagem. E fica linda na decoração",1,0,1,0,0,2.344482898712158,5431,101.19140625,0.285294,1,0,0,0,0
FIZ A COMPRA DA GELADEIRA NO 5°DIA FOI FEITA A ENTREGA A GELADEIRA VEIO AMASSADA TODO O LADO LATERAL ...AÍ COMEÇOU O PROBLEMA PASSAMOS POR 28 ATENDENTE 5 DIAS PARA FAZER A TROCA ➕ 5 DIAS PARA REALIZAR A NOVA ENTREGA ATENDIMENTO PÉSSIMO ...A GELADEIRA E BOA ...NÃO RECOMENDO O ATENDIMENTO DE TROCA,0,1,1,1,0,2.4714720249176025,5431,101.19140625,0.4138015,1,1,0,0,0
"CORRESPONDEU COM A EXPECTATIVA,CELULAR É MUITO BOM A CÂMERA TEM ÓTIMA RESOLUÇÃO.",0,0,1,0,0,2.484877586364746,5431,101.19140625,0.4564128,0,0,0,1,0
"GOSTEI E RECOMENDO, PRODUTO ENTREGUE ANTES ATÉ DO COMBINADO, SOU CLIENTE DAS AMERICANAS E NUNCA TIVE PROBLEMAS.",1,1,1,0,0,2.369014263153076,5431,101.19140625,0.3505032,1,1,0,0,0
Só acho que se aceitasse o App play Shore seria bem melhor!!!,0,0,1,0,0,2.3469386100769043,5431,101.60546875,0.3019318,0,1,0,0,0
UM LIVRO DE GRANDE QUALIDADE. VALE MUITO A PENA E A ENTREGA FOI SUPER RAPIDA,1,0,1,0,0,2.474498987197876,5431,101.60546875,0.4518109,1,0,0,0,0
Excelente produto! Indico a todos que desejam adquirir o mesmo produto.,0,0,1,0,0,2.3292171955108643,5431,101.60546875,0.2991252,0,1,0,0,0
"Excelente aparelho, dei de presente e a pessoa amou. Eu recomendo.",0,0,1,0,0,2.353926181793213,5431,101.60546875,0.3071086,0,1,0,0,0
"Comprei pela internet e me arrependi um pouco. A geladeira é pequena, estreita e alta. O congelador é melhor q a geladeira. A gaveta de legumes é minúscula, não abre o suficiente e não desliza como deveria. o espaço interno é pequeno, não há gaveta para frios, somente uma pqna gaveta para manteiga na porta. Além disso, o manual orienta que não se encoste nenhum alimento na parede de fundo da geladeira para não interferir com o funcionamento.  Recomendo a vc que quer comprar uma geladeira nova q vá pessoalmente às lojas antes de se decidir.",0,0,1,0,0,2.5640969276428223,5431,101.60546875,0.5072633,0,1,0,1,0
Gostaria de confirmar se são os 3 litros por esse valor? ou se é um litro?,0,1,0,0,0,2.3629791736602783,5431,101.60546875,0.3160124,0,0,0,0,0
"Gostaria de saber se esse produto é original ou replica, pois vejo que o preço esta abaixo do mercado,???",0,1,1,0,0,2.3592419624328613,5431,101.60546875,0.3171579,0,1,0,0,0
Atendeu as minhas expectativas. Potente e silencioso,0,0,1,0,0,2.4004108905792236,5431,101.60546875,0.350117,0,1,0,0,0
"Ótimo.Gostei , sintoniza rápido e é fácil de configurar.",0,0,1,0,0,2.3307878971099854,5431,101.60546875,0.3087523,0,1,0,0,0
"A churrasqueira Globo é ótima, gostei muito dela, pena que a embalagem para envio é muito ruim, pois a mesma chegou com os pés todo amassado e sem o esmalte, a parte de cima onde fica a regulagem do calor veio amassada e também lascado, a entrega foi super rápida, demorou apenas 05 dias.",1,0,1,1,0,2.403484344482422,5431,101.60546875,0.3591732,1,1,0,0,0
Adorei o produto todos armarios da minha cozinha e do escritorio e da henn adorei a marca,0,0,1,0,0,2.335012912750244,5431,101.60546875,0.2796517,0,1,0,0,0
"Comprei a entrega era p ser em 14 a 19 dias, mas chegou com menos de uma semana. Estou usando não apresentou nenhum defeito, ele só não é silencioso, mas de resto é ótimo.",1,0,1,0,0,2.541656494140625,5431,101.60546875,0.4886088,1,1,0,0,0
"Ele é bom pra criança, pois tem as teclas pequenas.",0,0,1,0,0,2.315873861312866,5431,101.60546875,0.2634881,0,1,0,0,0
"Gostei do design, deixou meu banheiro charmoso. Fita dupla face muito fraca, não fixa o produto na parede, tive que comprar uma bem mais forte.",0,0,1,0,0,2.339987277984619,5431,101.60546875,0.3106225,0,1,0,0,0
"Gostei do produto porém não é o modelo que escolhi, também a pulseira tinha que ser de pressão, mas ela é elastica.",0,0,1,1,0,2.3596973419189453,5431,101.60546875,0.3142666,0,1,0,0,0
"Gostei do produto, porém o massageador elétrico não está funcionando",0,0,1,0,0,2.3632636070251465,5431,101.60546875,0.3147675,0,1,0,0,0
Gostei muito do produto e da agilidade na entrega.,1,0,1,0,0,2.4826581478118896,5431,101.60546875,0.4344636,1,0,0,0,0
"Muito bonito mas é pequeno ,p quem tem rosto pequeno fica perfeito ,tive que dar p outra pessoa .",0,0,1,0,0,2.3706655502319336,5431,101.60546875,0.3227057,0,1,0,0,0
"Cumpri o que diz na descrição. Muito útil, facil de usar, rápido.  O produto é muito bom.",0,0,1,0,1,2.478846311569214,5431,101.60546875,0.4276432,0,1,0,0,0
Otimo smartphone recomendo minha esposa adorou      Preço e assesivel,0,0,1,0,0,2.4560019969940186,5431,101.60546875,0.3994301,0,0,0,0,1
"Produto bom, só que era presente de Natal e só chegou no ano Novo. Mas tudo bem!!",1,0,1,0,0,2.3682265281677246,5431,101.60546875,0.3153105,0,0,0,0,0
"Produto muito bom, comprei pra dar de presente. Chegou em menos de 7 dias!",1,0,1,0,0,2.378230333328247,5431,101.60546875,0.32662,1,0,0,0,0
"Recomendo,ótimo atendimento . Só o correi deixa a desejar.",1,1,1,0,0,2.3301429748535156,5431,101.60546875,0.2861506,1,0,0,0,0
Satisfeita com o produto porém achei o manual que o acompanha pobre de informações; tentei acessá-lo pelo próprio celular e dá que o manual está indisponível pra língua portuguesa...,0,0,1,0,0,2.3573532104492188,5431,101.6328125,0.3105042,0,1,0,0,0
"Eu já conhecia o produto, é de excelente qualidade.",0,0,1,0,0,2.467334032058716,5431,101.6328125,0.4268789,0,1,0,0,0
"Produto bom, a entrega foi ótima antes do dia combinado",1,0,1,0,0,2.3651559352874756,5431,101.6328125,0.324263,1,0,0,0,0
"Livro muito necessário à quem está estudando a língua inglesa, porque ele aborda com frases da linguagem utilizada no dia a dia.",0,0,1,0,0,2.4867658615112305,5431,101.6328125,0.4437074,0,1,0,0,0
"A faixa é super confortável, não aperta e o tecido é super macio.Estou gostando bastante e claro, recomendo sim.Aprovadíssimo....!",0,0,1,0,0,2.4280238151550293,5431,101.6328125,0.4004794,0,1,0,0,0
"Situações conforme do Produto:  1 - Gela bem;  2 - É bonito.  Situações Não Conforme do Produto: 1 - Exala cheiros fortes similar a esgoto e barata quando o doctor vírus está acionado; 2 -  O controle remoto tem varias funções, porem estás são somente de enfeite; 3 - Faz ruídos quando está acionado em alta rotação; 3 - A entrega foi muito demorada.",1,0,1,0,0,2.5200138092041016,5431,101.6328125,0.4823498,0,1,0,1,0
"Tudo que estava precisando no momento para proteger minha cabeça, pescoço (boné) e toda extensão dos braços (luvas) na jardinagem.",0,0,1,0,0,2.332158088684082,5431,101.6328125,0.2737492,0,1,0,0,0
"Minha filha me pediu de presente e ela adorou, cor , qualidade do produto e etc. Não tem o que reclamar é uma bicicleta boa, já veio pré montada e isso ajuda.",0,0,1,1,0,2.515239953994751,5431,101.64453125,0.4758892,0,0,0,1,0
"Até este momento posso dizer que o produto esta funcionando sem problemas, porém se passou apenas 20 dias que recebi e estou utilizando, fica difícil eu recomendar o produto com tão pouco tempo de uso, sabendo que o tempo de uso que vai me garantir se o produto é bom.",1,0,1,0,0,2.3283820152282715,5431,101.64453125,0.3004976,0,1,0,0,0
"A americanas está de parabéns, chegou bem embalado e antes do prazo de entrega. O fervedor é pequeno mas para meu marido e eu está ótimo.",1,1,1,1,0,2.415217399597168,5431,101.64453125,0.3828414,1,1,0,0,0
"Além de ter gostado do produto, Gostei ainda mais do prazo de entrega que foi muito rápido.  Como era para presente de natal chegou antes do prazo previsto . Obrigada",1,0,1,0,0,2.5098037719726562,5431,101.64453125,0.4714782,1,0,0,0,1
Aparelho ótimo e é silencioso. Atendeu às minhas necessidades.,0,0,1,0,0,2.330399751663208,5431,101.64453125,0.2892902,0,1,0,0,0
"Custo x benefício muito bom. Um pouco pesado para descer, mas valeu.",0,0,1,0,0,2.360304355621338,5431,101.64453125,0.3178128,0,1,0,0,0
Entrega dentro do prazo. Melhor preço encontrado. Produto conforme anúncio. Comecei a tomar tem pouco tempo. Não consigo confirmar os benefícios ainda.,1,0,1,0,1,2.4023830890655518,5431,101.64453125,0.3569344,1,0,0,0,1
"Entrega rápida, produto conforme o anúncio. O valor do frete é que não agradou.",1,0,1,0,1,2.3670241832733154,5431,101.64453125,0.3195342,1,1,0,0,0
Faz duas semanas que estou tomando. Já notei as unhas  mais duras.,0,0,1,0,0,2.408440113067627,5431,101.64453125,0.3609634,0,1,0,0,0
"Gostei do produto. Boa máquina! Notei que internamente o gabinete foi bem tratado contra oxidação. A minha outra lavafora que também era brastemp estava funcionando bem, mas tive que trocar por causa do gabinete que apodreceu. Espero que a Brastemp tenha resolvido esse problema! Outra coisa, a minha faz um barulhinho chato ""tipo um grilinho"" quando bate. Estou observando, parece correia ... espero que pare com o tempo!",0,0,1,0,0,2.542998790740967,5431,101.64453125,0.4984962,0,1,0,1,0
Muita satisfeito com o produto chegou no periodo certo,1,0,1,0,0,2.329439878463745,5431,101.64453125,0.2862412,1,0,0,0,0
O produto entrega o que foi oferecido. Muito útil.,0,0,1,0,0,2.402573585510254,5431,101.64453125,0.3695435,1,0,0,0,0
O produto é bom e foi entregue no prazo. Compraria outros produtos da americanas.com,1,1,1,0,0,2.415786027908325,5431,101.64453125,0.3564426,1,0,0,0,0
O produto é bom! Mas gostava mais quando a entrega era feita pelo correios. Além de ser bem mais rápida eles tentavam 3 vezes antes de devolver o produto!,1,0,1,0,0,2.420759439468384,5431,101.64453125,0.37838,1,1,0,0,0
"Otimo custo beneficio, foi entregue no prazo. So que veio faltando o fone de ouvido e a traseira veio na cor rosa, diferente do que vi no anuncio e no pedido que eu fiz.",1,0,1,1,1,2.579310655593872,5431,101.6953125,0.5533345,0,0,0,1,1
"Produto muito bonito, maquiagem bem, feita, recomendo",0,0,1,0,0,2.344923496246338,5431,101.6953125,0.2929561,0,1,0,0,0
Recomendo esse produto para outras pessoas conhecidas.,0,0,1,0,0,2.3900656700134277,5431,101.6953125,0.3442023,0,1,0,0,0
"Não veio completo o produto , dentro do manual não veio os adesivos agv , fora isso produto de muito boa qualidade e entrega antes do previsto",1,0,1,1,0,2.54809832572937,5431,101.6953125,0.5142861,0,1,0,1,0
"... tela, câmera, memoria, armazenamento "" bom custo beneficio para um orçamento apertado""",0,0,1,0,0,2.30322003364563,5431,101.6953125,0.2619083,0,1,0,0,0
"Gostei mais do Shake ele tem um gosto muito bom e me sinto quem satisfeito ao substituir uma refeição, porém as Cps não tem muito efeito ao tomar. Gostaria que as Cps fossem mais fortes e que ajudasse diversa na queima de gorduras.",0,0,1,0,0,2.3777787685394287,5431,101.6953125,0.3386097,0,1,0,0,0
"O LG K10 pro é bom! Pórem, trava direto. A câmera frontal tem uma qualidade ótima. Superou minhas expecativas! Gostei da função da impressão digital, muito eficaz! Ao todo ele é bom, mas trava.",0,0,1,0,0,2.326599359512329,5431,101.6953125,0.2912211,0,1,0,0,0
Só achei que deveria vir em uma caixinha e não num saquinho. Da uma sensação de que comprei na Pajé ...,0,0,1,1,0,2.362670421600342,5431,101.6953125,0.3406025,0,1,0,0,0
"Um bom aparelho, faz 1 mês e até agora estou gostando bastante dele, chegou a prazo e com tudo certinho!",1,0,1,1,0,2.4744927883148193,5431,101.6953125,0.4262239,1,0,0,0,0
Esclarecer ao cliente da possível diferença de cor da pulseira,0,0,1,0,1,2.3629534244537354,5431,101.6953125,0.322787,0,1,0,0,0
"A entrega foi dentro do previsto, além das expectativas;",1,0,1,0,0,2.5101685523986816,5431,101.6953125,0.4604157,1,0,0,0,0
"Embora tenha gostado do produto, boa velocidade, ventilação, altura regulável,  apenas poderia ser mais silencioso. Mas o que comprometeu é que infelizmente veio com dano em um dos elementos de fixação da grade posterior e no elemento que permite deixar fixo sem girar.",0,0,1,1,0,2.5575287342071533,5431,101.6953125,0.5168085,0,1,0,1,0
"Meu filho amou o jogo, fora que a entrega foi super rápida!!!!!!",1,0,1,0,0,2.315394878387451,5431,101.6953125,0.2857937,1,0,0,0,0
O produto aparentemente parece ser resistente e tem uma pintura bacana.,0,0,1,0,0,2.4153478145599365,5431,101.6953125,0.3835007,0,1,0,0,0
"Produto muito bom, menu de fácil acesso e função Smart fácil de acessar.",0,0,1,0,0,2.4256815910339355,5431,101.6953125,0.3771884,0,1,0,0,0
Qdo chegou custou pra aquecer o gel deixo o dia inteiro ligado pra ter um aquecimento,0,0,1,0,0,2.4370665550231934,5431,101.6953125,0.407148,0,0,0,1,0
"Produto de boa qualidade eu indico, entrega antes do combinado adorei",1,0,1,0,0,2.355173349380493,5431,101.6953125,0.3059719,1,0,0,0,0
"Gostei da entrega, bem rápida , bom atendimento só achei ele leve e fino.",1,1,1,0,0,2.51841139793396,5431,101.6953125,0.4746201,1,1,0,0,0
"A bandeja da cadeirinha, por não ter regulagem , ficou apertada para nosso bebê, que tem 6 meses e 9 kg... Seria possível trocar?",0,1,1,0,0,2.3558080196380615,5431,101.6953125,0.3161249,0,1,0,0,0
"Gostei muito, mas veio sem um botão, justamente na parte de cima, se fosse embaixo o travesseiro até tamparia mas em cima da p ver",0,0,1,1,0,2.4566662311553955,5431,101.6953125,0.4019957,0,1,0,0,0
"Adorei o celular.. memoria fantastica, fotos e otima velocidade para acessar programas.. nao gostei muito da tela curvada por alguns porens.. primeiramente muito dificil achar peliculas que fixem bem .. comprei uma saiu sozinha em duas semanas, e a tela curvada faz vc ter algumas dificuldades na hora de digitar ou clicar.. mas nada que me fez me arrepender... !",0,0,1,0,0,2.7751810550689697,5223,101.6953125,0.7215637,0,1,0,1,0
As facas tem as cerras bem amoladas e pontas finas. Excelentes.,0,0,1,0,0,2.6949050426483154,5223,101.6953125,0.6443339,1,0,0,0,0
"Chegou rápido antes do prazo dado,muito bom, valeu a pena fiz  uma ótima escolha.",1,0,1,0,0,2.4541032314300537,5223,101.6953125,0.417219,1,0,0,0,0
Gostei muito atendeu as minhas expectativas. Chegou antes do prazo Funciona perfeitamente  apesar de ser paralelo,1,0,1,0,0,2.5055341720581055,5223,101.6953125,0.4764337,1,1,0,0,0
"História legal, ediçao caprichada da Panini com capa cartão e páginas em papel off-set.",0,0,1,0,0,2.4943602085113525,5223,101.6953125,0.460775,0,0,0,1,0
"Muito bonita espaçosa , só faltou o lugar de colocar de taças pra gelar.",0,0,1,0,0,2.4240434169769287,5223,101.6953125,0.3932987,0,1,0,0,0
"Não tinha grandes expectativas , mas me surpreendeu.",0,0,1,0,0,2.4813737869262695,5223,101.6953125,0.4539792,0,1,0,0,0
"O TV comprada é muito boa, o problema foi o não comprometimento com a data de entrega.",1,0,1,0,0,2.46917724609375,5223,101.6953125,0.4525897,1,0,0,0,0
"Produto atende ao anunciado, vendedor eficiente e entrega antes do prometido. Recomendo!",1,1,1,0,1,2.4880785942077637,5223,101.6953125,0.4517409,1,0,0,0,1
"Produto chegou antes do previsto. Em excelente condições, amei!",1,0,1,1,0,2.4374704360961914,5223,101.6953125,0.3871505,1,0,0,0,0
"Produto excelente, bateria duradoura, otima entrega das americanas me enviaram bem antes do prazo",1,0,1,0,0,2.48354172706604,5223,101.6953125,0.4309269,1,0,0,0,0
Produto excelente. Recomendo. Chegou antes da data prevista.,1,0,1,0,0,2.4354496002197266,5223,101.6953125,0.4046388,1,0,0,0,0
"Tablet bom e robusto (fisicamente é resistente), comprei para meu filho jogar jogos leves e ver vídeos.",0,0,1,0,0,2.4458978176116943,5223,101.6953125,0.3864457,0,1,0,0,0
Gostei muito desse produto. Fica muito bonitinho após montado.,0,0,1,0,0,2.407007932662964,5223,101.6953125,0.3628256,0,1,0,0,0
Fiquei triste por que amassaram a lateral no transporte. Fora isso foi tudo legal.,0,0,1,1,0,2.6169302463531494,5223,101.6953125,0.5731333,0,1,0,1,0
"Ótimo produto para que é colecionador,muito bonito e uma boa fabricante. Excelente mesmo!",0,0,1,0,0,2.453796148300171,5223,101.6953125,0.4003203,0,1,0,0,0
"Eu recomendo  a  compra dessa tv ,pois estou muito feliz e além  de chegar  dentro do prazo  estipulado  parabenizar  a lojas americanas  pelo respeito  e dedicação  aos seus clientes.",1,1,1,0,0,2.4509942531585693,5223,101.6953125,0.4044631,1,0,0,0,0
"Ajuda retirar a calosidade , deixando o pé mais macio .",0,0,1,0,0,2.331573486328125,5223,101.6953125,0.2820568,0,0,0,0,0
"Comprei para minha esposa, e ela está muito satisfeita com o produto. Atende perfeitamente suas necessidades, ótimo desempenho e bonito. Dentro daquilo que ela utiliza está na medida certa.",0,0,1,0,0,2.4890296459198,5223,101.6953125,0.4451936,0,1,0,0,0
Excelente produto muito bom fácil prático muito bom de manusear eu tinha eu já venho de outras gerações da família moto g,0,0,1,0,0,2.4359941482543945,5223,101.6953125,0.3915277,0,1,0,0,0
LG Q6 é um excelente aparelho do jeito eu queria tela 5 câmera muito boa,0,0,1,0,0,2.513056755065918,5223,101.6953125,0.4779762,0,0,0,1,0
"O produto a princípio não chegou na data estipulada, inclusive fiz uma reclamação, mas logo em seguida o produto chegou.",1,1,1,0,0,2.5305001735687256,5223,101.6953125,0.4825013,0,1,0,0,0
"Produto atende as espectativas, funcionamento por enquanto muito bom.",0,0,1,0,0,2.435328245162964,5223,101.6953125,0.3969742,0,1,0,0,0
Produto excelente que atingiu os objetivos da compra,0,0,1,0,0,2.428520441055298,5223,101.6953125,0.3749151,0,1,0,0,0
"Recomendo produto atende as minhas necessidades, fácil sua instalação e operação. RECOMENDO!!!!!!!",0,0,1,0,0,2.413735866546631,5223,101.6953125,0.3613908,0,1,0,0,0
"Tigelas de bom tamanho, gostei muito delas, recomendo.",0,0,1,0,0,2.4510655403137207,5223,101.6953125,0.4126203,0,1,0,0,0
Gostei muito do produto. Tá de parabéns a empresa.,0,1,1,0,0,2.4176344871520996,5223,101.6953125,0.3844149,0,1,0,0,0
Cadeiras lindas e resistentes. Gostei muito do produto!,0,0,1,0,0,2.4040822982788086,5223,101.6953125,0.3655057,0,1,0,0,0
"Desenhos lindos, alta qualidade, fácil aplicação! Adorei.",0,0,1,0,0,2.444343328475952,5223,101.6953125,0.4010042,0,1,0,0,0
"Excelente produto, tanto que comprei 2 pra dar de presente",0,0,1,0,0,2.439849853515625,5223,101.6953125,0.3879941,0,1,0,0,0
"Gostei muito do produto, só poderia ter alça para ficar perfeita !",0,0,1,0,0,2.4004178047180176,5223,101.6953125,0.3490105,0,1,0,0,0
"Produto de boa qualidade, achei o copo um pouco frágil, mas atendeu as minhas expectativas.",0,0,1,0,0,2.442570447921753,5223,101.6953125,0.3954392,0,1,0,0,0
"Produto de ótima qualidade , o brozeado mais rápido e bonito",0,0,1,0,0,2.448834180831909,5223,101.6953125,0.400823,0,0,0,0,1
Ótimo produto! Recomendo o produto. Ótimo produto! Recomendo o produto.,0,0,1,0,0,2.4543912410736084,5223,101.6953125,0.4149325,0,0,0,0,0
"Produto muito bom, bonito, bordado muito lindo, ficou perfeito. Recomendo sim.",0,0,1,0,0,2.384758234024048,5223,101.6953125,0.3418359,0,1,0,0,0
"Excelente compra! Entrega super rápida e o produto excelente; a quantidade, qualidade e o tamanho das panelas excelente, bem como o preço.  Estou muito satisfeita; recomendo o produto é a loja!!!",1,1,1,0,0,2.4945290088653564,5223,101.6953125,0.4545687,1,1,0,0,0
Excelente para o desenvolvimento do bebê.Super recomendo!!!,0,0,1,0,0,2.4366257190704346,5223,101.6953125,0.3867371,0,1,0,0,0
"Gostei da entrega, muito antes do prazo americanas como sempre. Nota 10.",1,1,1,0,0,2.535736322402954,5223,101.6953125,0.4827758,1,0,0,0,0
"Produto conforme está no site. Muito bom, super recomendo. Leve e prática.",0,0,1,0,1,2.4361817836761475,5223,101.6953125,0.3835886,0,1,0,0,0
Muito bom o produto tenho outras TVs da mesma marca não tive problemas e de fácil ajustes recomendo.,0,0,1,0,0,2.4325125217437744,5223,101.6953125,0.3774582,0,1,0,0,0
"Atendeu as expectativas da minha filha, ela adorou.",0,0,1,0,0,2.398624897003174,5223,101.6953125,0.3587362,0,1,0,0,0
Quero comprar uma capa e não tenho a menor ideia de onde. Preciso de ajuda !!!,0,1,1,0,0,2.447829484939575,5223,101.6953125,0.407651,0,1,0,0,0
Gostei do produto porém 2 meses depois ela está perdendo a aderência  grudando um pouco  o alimento e descascando..,0,0,1,0,0,2.4325451850891113,5223,101.6953125,0.3890458,0,1,0,0,0
"Ótimo produto, não é barulhento e faz bastante vento",0,0,1,0,0,2.410374164581299,5223,101.6953125,0.3507856,0,1,0,0,0
"Gostei do produto, atendeu as minhas expectativas!",0,0,1,0,0,2.444957971572876,5223,101.6953125,0.3880039,0,1,0,0,0
"O varal é prático, como o anúncio e atendeu às expectativas.  A entrega foi rápida, dentro do prazo e sem avarias. Recomendo a loja e o produto.",1,1,1,1,1,2.5282468795776367,5223,101.6953125,0.4752598,1,0,0,0,1
"Ela chegou amassada e não desamassa, tem um cheiro forte de plástico e não se parece com a foto, mas quebra um galho",0,0,1,1,1,2.6241824626922607,5223,101.69921875,0.5771133,0,1,0,1,0
"Bike muito boa, porém o chaveta de aperto selim não aperta, mas o resto é tudo de bom.",0,0,1,0,0,2.45039963722229,5223,101.69921875,0.393325,0,1,0,0,0
"Só não gostei, porque não veio os parafusos da TV para a colocação do suporte, devido ser parafusos com tamanhos e roscas especificas, em outro aparelho igual em tudo , inclusive marca, ja veio os parafusos apropriados, esses parafusos são difícil encontrar.",0,0,1,1,0,2.5111780166625977,5223,101.69921875,0.4697159,0,1,0,0,0
Gostei do produto. Só estou aprendendo a mexer ainda.,0,0,1,0,0,2.439329147338867,5223,101.69921875,0.4001545,0,1,0,0,0
"Tenho 3 geladeiras Ative Brastemp,porem em aço inox, mas não muda nada.  1 já mandei arrumar 2 vezes, agora não esta resfriando em baixo a outra esta com barulho grande quando começa, a refrigerar.  A outra tenho medo de dar problema, a qualquer momento.  A Brastemp, já foi o melhor produto agora, esta deixando a desejar. outros produtos também que comprei deram problema antes de 1 ano;",0,0,1,0,0,2.6511142253875732,5223,101.69921875,0.5938587,0,1,0,1,0
As lentes de contato vieram com o grau errado....solicitei 1.50 e vieram com 1.75. Infelizmente não tenho como avaliar por não poder utilizar o produto.,0,0,0,1,0,2.404520034790039,5223,101.69921875,0.3783856,0,1,0,0,0
"Não estou satisfeita com o produto pq comprei justamente para gravar um programa especial para mim, gravei e agora sumiu a gravaçao e não consigo gravar mais nada.  Estou fazendo testes e esperando passar a semana das festas e se não funcionar vou ter que recorrer a garantia ou assistencia técnica.",0,1,1,0,0,2.4544453620910645,5223,101.69921875,0.4054016,0,1,0,0,0
Produto de ótima qualidade. Vale a pena para quem faz muita ligação via skype.,0,0,1,0,0,2.4037084579467773,5223,101.69921875,0.3555837,0,1,0,0,0
"Bateria nao cumpre o prometido, esquenta demais aocarregar, e para completar as americanas ainda enviou meu produto sem o fone.",0,0,1,1,0,2.608928680419922,5223,101.69921875,0.5560182,0,1,0,1,0
"Produto de péssima qualidade.Tanto no formato, tamanho e o material. Horrível.",0,0,1,0,0,2.4164133071899414,5223,101.69921875,0.3744936,0,1,0,0,0
Propaganda enganosa. Foto engana o tamanho. Não tem nem 5 cm de diâmetro.,0,0,1,0,1,2.5292487144470215,5223,101.69921875,0.4927518,0,1,0,0,1
produto não veio na versão conforme mostra na imagem,0,0,0,1,1,2.440079927444458,5223,101.69921875,0.3857989,0,1,0,0,0
"Me decepcionei muito com a PHILCO, pois comprei um televisor que vem com defeito de imagem, você só pode assistir a TV de frente, ela não pode ficar em um móvel acima e nem de nenhum assistir com a tela de lado pois a imagem fica ruim muda totalmente as cores. Levei a assistência técnica pensando que seria um defeito de fabricação mas para minha surpresa, o técnico informou que a PHILCO é assim mesmo, pois utiliza um tela muito ruim em seus aparelhos, e não tem concerto, o Tecnico me informou que somente a PHILCO é assim.",0,0,1,0,0,2.733733892440796,5223,101.69921875,0.675752,0,1,0,1,0
"Boa tarde, gostaria de saber qual o peso suportado pela poltrona. Att.",0,1,0,0,0,2.4243218898773193,5223,101.69921875,0.3639476,0,1,0,0,0
"Não posso avaliar o produto porque nem a nota fiscal foi emitida! Sinceramente, comprei as cadeiras porque achei que seriam entregues bem antes do prazo, mais de 40 dias úteis!!! As Lojas Americanas sempre entregaram muito antes do prazo, confiei nisso. E a cobrança no cartão já foi feita. Agora é continuar confiando nas Americanas e esperar até JULHO, que é a data prevista para entrega.",1,1,0,0,0,2.5268962383270264,5223,101.69921875,0.4737517,1,1,0,0,0
A mesa veio com 4 furos enormes no fundo da mesa que não tem utilidade para nada e os pontos onde deveriam estar os furos do pés não tinham.,0,0,1,1,0,2.5556535720825195,5223,101.69921875,0.5086648,0,0,0,1,0
"Aparelho de fácil manuseio, aplicativos disponíveis e teclado de uso facilitado.",0,0,1,0,0,2.3844518661499023,5223,101.69921875,0.3278659,0,1,0,0,0
"Gostei do produto, veio exatamente como na foto apresentada.",0,0,1,0,1,2.4581263065338135,5223,101.69921875,0.422545,0,0,0,0,1
"Televisão muito boa, recomendo simples mais bonita.",0,0,1,0,0,2.406677007675171,5223,101.69921875,0.3525924,0,1,0,0,0
"Imagem não é a melhor HD que conheço e configurações de senha para conexão wi-fi tem armazenamento inconstante. A cada dia ou a cada dois dias tenho de refazer toda a configuração de wi-fi e senhas apagando todo o histórico de aplicativos para que ela volte a funcionar. Meu sinal de wi-fi é de 80% no local, minha internet é de 15mb e o roteador é um ASUS que custa o mesmo que a TV, ou seja, o problema não está no wi-fi...",0,0,1,0,0,2.6526637077331543,5223,101.69921875,0.5980211,0,0,0,0,0
"Pra mim não houve melhoria alguma, não senti nenhuma diferença utilizando ou não, o sinal continuou fraco.",0,0,1,0,0,2.3870902061462402,5223,101.69921875,0.3486929,0,1,0,0,0
"Ainda não posso avaliar a eficácia do produto, pois não houve tempo hábil para tal, o que requer que a indicação almejada seja feita por especialista.",0,0,1,0,0,2.437041997909546,5223,101.69921875,0.3826302,0,1,0,0,0
Fiz a compra no dia 5/12/2016 e infelizmente estou aguardando até hoje...03 de janeiro de 2018.  Não posso avaliar porque até hoje não recebi o produto. Achei que o mesmo chegaria até o natal mas até hoje não recebi. Uma pena. Total falta de respeito.,1,0,0,0,0,2.494537115097046,5223,101.703125,0.4543801,1,1,0,0,0
"Não recebi o produto, fica complicado para avaliar!! Poderiam verificar o que esta acontecendo!!",1,1,0,0,0,2.609025239944458,5223,101.703125,0.5661092,0,1,0,1,0
Iniciei o tratamento porem foi interrompido devido a demora para recerber o produto,1,0,0,0,0,2.429124116897583,5223,101.703125,0.3913566,1,0,0,0,0
"Comprei esse tablet para presentear meu neto e o produto que vcs enviaram n é o que comprei. Estou muito chateada, enviaram um tablet c teclado, sem os desenhos, bem diferente do que o que eu pedi. Espero que vcs encaminhem o produto correto e façam a troca.",0,1,0,1,0,2.7052924633026123,5223,101.703125,0.6572736,0,1,0,1,0
Opção telefone não gostei . Volume baixo para ligações e também para ouvir áudios e vídeos. Teclado não satisfátório. Lento demais.,0,0,1,0,0,2.4510068893432617,5223,101.703125,0.42133,0,1,0,0,0
"O produto chegou até antes do prazo, mais veio com problema, já tem mais de 15 dias q estou tentando resolver o problema com o vendedor e até agora nada!",1,1,0,1,0,2.499403953552246,5223,101.703125,0.4537845,1,1,0,0,0
Insatisfeito porque vcs vendem um produto que não tem no estoque aí ficam querendo empurrar outra coisa já depois de pago.,0,1,0,0,0,2.3863637447357178,5223,101.703125,0.3389909,0,1,0,0,0
"Produto intermediário, depende muito do uso. Cartucho tem bloqueio é ruim de recarregar, o que deixa o custo alto",0,0,1,0,0,2.3995447158813477,5223,101.703125,0.3500212,0,1,0,0,0
"Não foi o que eu esperava, todas as funções que envolve internet deixa a desejar, pra ligar ela e começar a usar como TV demora muito, avalio positivo como, smart deixa a desejar",0,0,1,0,0,2.4468884468078613,5223,101.703125,0.4008464,0,1,0,0,0
Ótimo produto eu recomendo bom preço e custo beneficio,0,0,1,0,0,2.420506000518799,5223,101.703125,0.3800894,0,1,0,0,0
"Pelo preço esta bom, até agora ainda não me deu problema.",0,0,1,0,0,2.401792287826538,5223,101.703125,0.3633766,0,1,0,0,0
Muito bom teve alguns problemas mais forao resolvidos tudo certo e ok!,0,1,1,0,0,2.444441795349121,5223,101.703125,0.4009005,0,1,0,0,0
Bom.produto . Estou satisfeito com minha compra as lojas Americanas estão de parabéns.,0,1,1,0,0,2.433828115463257,5223,101.703125,0.4012367,0,1,0,0,0
"Como sabemos os smartphones intermediarios da Samsung são lerdinhos e adoram travar, com esse não foi tão diferente, assim que for possível terei que ir para a assistência técnica!  1° Tem algo solto que veio da loja assim! 2° Tenho dificuldades em usar meu ship novo (as ligações estão péssimas e a net nos dados móveis tb)! 3° A tela bugou do nada, ficou tudo distorcido! 4° O leitor de digitais tb tá uma bela travada! 5° Não é tão na questão do sistema essa é bem estética, é difícil achar película é capaz de proteção que se acomodem de forma eficaz! Observações o aparelho não foi exposto a nenhum tipo de impacto, poeira ou umidade elevada ou calor, todos os defeitos citados são de fábrica!",0,0,1,1,0,2.675682544708252,5223,101.703125,0.63131,0,1,0,1,0
"Comprei o produto pensando que era bom, péssima qualidade, péssimo material. Verdadeira propaganda enganosa! Super decepcionada, jamais imaginei que a Lojas Americanas vendesse algo de tão baixo nível.",0,1,1,0,1,2.492563247680664,5223,101.703125,0.4470696,0,1,0,0,1
"O lipo é otimo! pode tomar sem medo, realmente cumpre o que promete mas a vendedora  Industrias whey sports nutriti ,não entrega no prazo e tem sérios problema para responder e-mails. Estou no aguardo do meu com 6 dias de atraso.",1,1,1,0,0,2.533217430114746,5223,101.70703125,0.4890271,1,1,0,0,0
Muito bom e chegou antes do prazo. Recomendo! Não tenho tanta coisa para preencher o texto todo vai desculpando ae galera.,1,1,1,0,0,2.4237635135650635,5223,101.70703125,0.3912534,1,0,0,0,0
"Quando escolhi o produto não notei que era com o sistema operacional Linux, gostaria de saber se posso fazer a troca por um Windows, pois não utilizei o mesmo",0,1,1,0,0,2.5482707023620605,5225,101.70703125,0.5104347,0,0,0,1,0
"Entrega dentro do prazo, produto correto. Nada mais a declarar. Recomendo comprar por meio desse site",1,1,0,1,0,2.4368033409118652,5225,101.70703125,0.3918794,1,0,0,0,0
A unidade remota não funciona. Produto inútil. Quero devolvê-lo.,0,1,1,0,0,2.6601688861846924,5225,101.70703125,0.6084847,0,1,0,1,0
"Não comprem nada dessa loja Driftin, quase um mês após a compra eles simplesmente cancelaram o pedido e diz que vão estornar o valor no cartão de crédito, Marketplace péssimo em americanas, o que mais surpreende é que o anúncio continua ativo, ou seja mais pessoas vão ser enganadas, NÃO COMPREM DESTE MARKTPLACE DRIFTIN!",1,1,0,0,0,2.7336087226867676,5225,101.70703125,0.6907369,0,1,0,1,1
"Produto muito pequeno, não vale o preço sugerido, a imagem no site não demonstra boreal tamanho do produto",0,0,1,0,1,2.370849132537842,5225,101.70703125,0.3202957,0,1,0,0,0
Equipamento de péssima qualidade veio com a lâmpada queimada.,0,0,1,1,0,2.602381944656372,5225,101.70703125,0.5630409,0,1,0,1,0
"A caixinha é ultrapassada, o conector é antigo, não é o novo universal como de celulares, não é Bluetooth, e não vem com carregador, só tem o cabo, então de você não tiver a caixinha tomada USB, de um outro carregador, vai ter que comprar, se eu pudesse pedia meu dinheiro de volta.",0,1,1,0,0,2.6452836990356445,5225,101.7109375,0.6145244,0,1,0,1,0
"Mandaram na cor AVELÃ ao  INVÉS de CINZA,  fiz a reclamação e mandei de volta .Estou até agora aguardando me mandarem na cor certa , NÃO RECOMENDO",0,1,0,1,0,2.618457317352295,5225,101.7109375,0.5782077,0,1,0,1,0
ESTOU REVOLTADA COM ESSE SITE QUE NÀO TEM CONTATO PRA EU DIZER  QUE NÀO RECEBI O PRODUTO E STÁ SENDO COBRADO NA FATURA.,1,1,0,0,0,2.632756471633911,5225,101.7109375,0.5766687,0,1,0,1,0
"aparelho bom , porem a pioneer tem que melhorar em questão de muitos travamentos (lento) e ao espelhamento",0,0,1,0,1,2.433255195617676,5225,94.93359375,0.3799809,0,1,0,0,0
"COMPREI 3 APARELHOS O MESMO NÃO GELA E QUANDO EU LIGO PARA PEDIR UMA POSIÇÃO OU PARA ME ORIENTAR PARA RESOLVER O FABRICANTE DESLIGA O TELEFONE, E NÃO CONSIGO CONTATO ESTOU COM 3 APARELHOS ENCALHADOS, POIS NÃO SERVE PARA NADA.",0,1,1,0,0,2.6444272994995117,5225,95.8359375,0.6033566,0,1,0,1,0
Dei de presente e veio em uma embalagem que não era a dela. Tive que comprar outra embalagem para poder dar de presente e ainda ficou feio pois parecia que eu tinha dado uma coisa usada.,0,0,1,1,0,2.602242946624756,5225,96.0703125,0.5561302,0,1,0,1,0
"A costura da mascará estava ruim, torta! Tanto que fiz a devolução. Durante a devolução a loja foi muito prestativa e resolveu rápido o meu processo.",0,1,1,0,0,2.6270182132720947,5225,97.265625,0.5736175,0,1,0,1,0
"Comprei o Bioré Rosa, vcs enviaram o azul. Decepcionada com a Americanas. Achei que o site era confiável.",0,1,0,1,0,2.4447755813598633,5225,97.828125,0.3976644,0,1,0,0,0
"Entrega perfeita, o produto estava super protegido.  Parabéns.",1,1,1,1,0,2.452507495880127,5225,98.21484375,0.4063445,1,0,0,0,0
Bem me enviaram o livro errado do qual eu havia comprado.,0,0,0,1,0,2.439923048019409,5225,98.96875,0.4068444,0,1,0,0,0
"O celular é maravilhoso. A entrega foi em apenas 3 dias úteis! Adorei, muito profissionais no atendimento. Super recomendo.",1,1,1,0,0,2.4373414516448975,5225,99.5859375,0.3913897,1,0,0,0,0
"Mercadoria extraviada pelos correios e não tem canal direto com a loja a não ser um sac via e-mail que não soluciona em nada o ocorrido, decepcionada com a americanas. Agora eu preciso do produto, ninguém sabe na sala de quem esta a minha cortina, se eu pedir o reembolso vai demorar até 2 faturas do meu cartão para me reembolsar e até lá quem fica no prejuízo sou eu sem o produto e sem o reembolso. Não recomendo o site!",1,1,0,0,0,2.6322684288024902,5225,99.71875,0.5964292,0,1,0,1,0
Não posso avaliar pois não foi realizada a entrega.,1,0,0,0,0,2.4896960258483887,5225,99.76953125,0.4481097,0,1,0,1,0
"Chegou antes do prazo no que consegui dar de Natal pra meu filho, no qual ficou muito feliz. Americanas, continue sempre com ofertas que cabem no bolso de todos, vale nota mil!!!",1,1,1,0,0,2.465182065963745,5225,100.5,0.4344139,1,1,0,0,0
"Produto não entregue aínda, carga foi roubada. Com previsão pra ser despachada a partir de 22/01",1,0,0,0,0,2.5947248935699463,5225,100.58984375,0.5410432,1,1,0,0,0
"O equipamento condiz com as especificações técnicas. É de fácil utilização, prático e bonito.   O Único problema é quando ocorre alterações de energia elétrica na rede, pois o equipamento trava e a única forma de fazer funcionar é desligando da tomada.",0,0,1,0,1,2.4010660648345947,5225,100.60546875,0.3617091,0,1,0,0,0
Paguei a entrega rápida por estar sem celular e levou mais que o dobro do tempo.  Reclamei na Americanas mas não se propuseram a me dar algum tipo de   ressarcimento.,1,1,0,0,0,2.4310085773468018,5225,100.6953125,0.4015048,1,1,0,0,0
"Gostei muito do produto, é exatamente como esta no anuncio",0,0,1,0,1,2.4436023235321045,5225,100.75390625,0.4057552,0,0,0,0,1
Gostaria de saber qual o tamanho de colchão para esse berço?,0,1,0,0,0,2.427381992340088,5225,100.8203125,0.3783408,0,1,0,0,0
O produto chegou antes do prazo estimado. Ótimo produto. Recomendo a todos esse vendedor.,1,1,1,0,0,2.4153544902801514,5225,100.859375,0.3730139,1,0,0,0,0
Gostei muito do aparelho ele mim coresponde a tudo que quero é a entrega. SEmpire muito bem feita nunca tive problemas com essa loja,1,1,1,0,0,2.525265693664551,5225,101.3515625,0.4830989,1,1,0,0,0
"É muito bonito, todas as 6 peças são ótimas, com exceção do lençol de elástico, além de ser muito fino não consegui dormir com ele jamais, por não ser de algodão, incomodou, de resto o edredom é ótimo conforme a foto.",0,0,1,0,1,2.6155853271484375,5225,101.3515625,0.5704851,0,1,0,1,0
"É um produto que recomendo, compro, gosto e inclusive comprei 1 Samsung A 9 que ainda não chegou. Quando chega?",1,1,1,0,0,2.456103801727295,5225,101.35546875,0.4249355,1,1,0,0,0
Chegou no dia preciso. Excelente produto. o vendedor é muito prestativo.,1,1,1,0,0,2.438690423965454,5225,101.359375,0.4067169,1,1,0,0,0
como posso opinar sobre algo que paguei e não recebi? minha encomenda deve estar vindo no lombo de um burro desde Belo horizonte.,1,0,0,0,0,2.4518744945526123,5225,101.37109375,0.4021935,1,1,0,0,0
"Produto com defeito, quase 1 mês e ainda não resolveram meu problema",0,1,0,1,0,2.523083448410034,5225,101.4296875,0.4704055,0,1,0,0,0
"Na descrição deveria especificar se é o tamanho normal ou se é o mini. O relógio é exatamente pequeno, nada a ver com o que eu ja havia visto.",0,0,1,0,1,2.435147762298584,5225,101.4296875,0.3841717,0,1,0,0,0
"Excelente máquina custo benefício. Serve para triturar vários tipos de alimentos. Testamos em vegetais (cenoura, brócolis, chuchu, etc), carboidratos (batata, etc) , carnes e vísceras. Ele apenas não fatia como descrito, ou não conseguimos de fato manusear da forma correta, não sei. Tritura cerca de 800g por vez.  Se estiver procurando algo com maior capacidade, sugiro partir para processadores industriais.",0,0,1,0,1,2.4967827796936035,5225,101.48828125,0.4510861,0,1,0,0,0
"As cores são apagadas, nada a ver com a descrição e a foto. Muito feia.",0,0,1,0,1,2.4121434688568115,5225,101.515625,0.3560511,0,1,0,0,0
Meu pagamento foi aprovado há um mês e até agora não recebi o produto. Tão vindo entregar de carroça?,1,0,0,0,0,2.48421573638916,5225,101.515625,0.4537883,1,1,0,0,0
"Estou tentando comprar por boleto e não tenho essa opção, acabei selecionando e gerando boleto para o produto errado achando que era esse, mas é um modelo de 1 botão, no entanto esse de 3 não consigo efetuar a compra pelo BOLETO. O outro cancelei o pedido.",0,1,0,0,0,2.448026180267334,5225,101.515625,0.4178562,1,1,0,0,0
Ja tem mais de um mês e mandaram um e-mail falando que a transportadora iria atrasar há  1 semana e meia e até hoje nada.,1,0,0,0,0,2.440812110900879,5225,101.515625,0.3968228,1,0,0,0,0
"Fiquei super chateada, pois quando comprei dizia que a cuba era branca, mas na verdade é  bege. Coo eles colocam uma cor e quando chega é outra.",0,0,0,1,1,2.5044281482696533,5225,101.515625,0.4541185,0,1,0,0,0
Para avaliar o produto precisa chegar a minha casa. Ainda não chegou.,1,0,0,0,0,2.428617238998413,5225,101.515625,0.3753694,0,1,0,0,0
Esta em atraso de mais de 15 dias!  E nada de algo ser feito.,1,0,0,0,0,2.405972480773926,5225,101.515625,0.3789546,0,1,0,0,0
"Nao recomendo pq ate hj nao recebi meu produto sendo que pelo que vi nem me enviaram ele nem nada, e ainda por cima o dia da entrega se expirou e nada de receber",1,0,0,0,0,2.6181976795196533,5225,101.58984375,0.5863245,1,0,0,1,0
"Você compra uma panela que fiz ser arroz e cozinha legumes, quando abrir é só arroz... Quero a troca!!",0,1,0,1,0,2.4531362056732178,5225,101.609375,0.3905558,0,1,0,0,0
Ta fazendo um mes que pedir nao chegou ainda.Muito atraso.,1,0,0,0,0,2.509899377822876,5225,101.609375,0.4615264,0,1,0,0,0
Como vou avaliar um produto q ainda não chegou? Só poderia avaliar se estivesse em mãos.  Estou aguardando e por sinal mt tempo.,1,0,0,0,0,2.526796579360962,5225,101.609375,0.4898652,0,1,0,1,0
Produto ainda não chegou e nem sequer atualizam a página de rastreamento. Péssimo serviço.,1,0,0,0,0,2.43318772315979,5225,101.609375,0.4008351,0,1,0,0,0
"DIZ QUE É RECEPTOR DE AUDIO, E NÃO FUNCIONOU. ELE CONECTA DIREITINHO O BLUETOOTH, MAS A FUNÇÃO DE RECEPTOR DE AUDIO NÃO FUNCIONA.",0,0,1,0,1,2.6222002506256104,5225,101.609375,0.5787746,0,1,0,1,0
O QUE HOUVE ????  NÃO RECEBI O PRODUTO AINDA   NÃO RECEBI O PRODUTO AINDA,1,0,0,0,0,2.550055980682373,5225,101.609375,0.5044668,0,0,0,1,0
"NÃO RECEBI O PRODUTO, O PRODUTO FOI DEVOLVIDO PELOS CORREIOS",1,0,0,0,0,2.6087288856506348,5225,101.61328125,0.5560398,0,0,0,1,0
"OLÁ, AINDA NÃO RECEBI O MEU PRODUTO. O RASTREIO NÃO FUNCIONA MAIS, E A DATA PREVISTA ERA O DIA 24/04/2018 E ATÉ HOJE NADA.",1,0,0,0,0,2.5441086292266846,5225,101.61328125,0.5010901,1,0,0,0,0
"Não sei em qual endereço a entrega foi efetuada, mas não foi no endereço que eu solicitei!",1,0,0,0,0,2.4209911823272705,5225,101.61328125,0.3897514,1,1,0,0,0
"- Esse produto não é o que está na imagem, ele não é felpudo, mas sim aveludado. -  O ''Felpo'' tem altura aproximada de 1cm  -  Não é anti-derrapante, o produto é leve e não fixa no chão, escorregando muito.",0,0,1,0,1,2.444615364074707,5225,101.61328125,0.3889717,0,1,0,0,0
O cabo não funcionou nem em carro nem em computador. Quero meu dinheiro de volta!,0,1,0,1,0,2.429175615310669,5225,101.61328125,0.3818797,0,1,0,0,0
"Não é tão bom como pintam, só dá um esticada não funciona como chapinha, deixa armado e é necessário passar a chapinha depois para tirar todo o volume",0,0,1,0,1,2.4338581562042236,5225,101.61328125,0.3796122,0,1,0,0,0
"Comprei da CAPA CASE. Veio estragado, não funcionam: Lanterna, carregador, bateria. Tentei recuperar o dinheiro ou trocar e NÃO consegui.",0,1,0,1,0,2.5957424640655518,5225,101.61328125,0.5442818,0,1,0,1,0
"Demorou muito para liberar a nota, e quando chegou não funcionava. Não recomendo!",0,1,0,1,0,2.603635787963867,5225,101.828125,0.5605992,0,1,0,1,0
"Não gostei, comprei através d um site confiável e veio um produto visívelmente usado danificado e ainda por cima veio voltagem errada, estou mto insatisfeita",0,1,0,1,0,2.613088369369507,5225,101.828125,0.5779707,0,1,0,1,0
Produto com a cor diferente do ofertado...........     .....................,0,0,0,1,1,2.4331140518188477,5225,101.828125,0.3902357,0,1,0,0,0
"Eu desisti da compra antes do sétimo dia e conforme o código de defesa do consumidor eu posso devolver o produto e ser ressarcido mas a Americanas não entrou em contato comigo, O produto não funcionou e é muito frágil, não atendeu minhas expectativas.",0,1,0,1,0,2.667281150817871,5225,101.828125,0.639037,0,1,0,1,0
"A fornecedora, não enviou a quantidade comprada recebi 1 dos itens dia 02/03/2018. Falta 2 unidades e ninguém nem ao menos me deu uma resposta. Péssimo, não recomendo a fornecedora Grajs Mega Store.",0,1,0,1,0,2.5172696113586426,5225,101.83203125,0.4848201,1,1,0,0,0
Não veio como descrito na foto. Chegou um creme Branco. Não sei se é assim mesmo. Acho que deveria vim do geito que estar na foto.,0,0,0,1,1,2.385601758956909,5225,101.8359375,0.3523221,0,1,0,0,0
"Comprei este produto pensando que era a ANTENA, como mostra a foto. Mas chegou módulo wifi para esp8266.",0,0,0,1,1,2.402168035507202,5225,101.8359375,0.362385,0,1,0,0,0
Produto veio com peças totalmente inferiores a do anúncio!!,0,0,0,1,1,2.431746482849121,5225,101.8359375,0.4016214,0,1,0,0,0
Recebi Produto diferente do anunciado - com aparência de falsificado. N fez diferença de sinal!,0,0,0,1,1,2.6074302196502686,5225,101.8359375,0.5810732,0,1,0,1,0
No anúncio constava três refis. Foi entregue apenas um. Até o momento não recebi os refis faltantes. Propaganda enganosa.,0,0,0,1,1,2.3378496170043945,5441,101.8359375,0.3157052,1,1,0,0,0
Comprei o produto na cor que está publicado no anúncio. Chegou de outra cor. Azul com preto.,0,0,0,1,1,2.214268684387207,5439,101.8359375,0.1617069,0,1,0,0,0
"Produto não é o mesmo apresentado na imagem, comprei um e recebi outro, não gostei.",0,0,0,1,1,2.319162607192993,5441,101.8359375,0.2745034,0,1,0,0,0
