text,label,prediction,response_time,vram_usage,ram_usage,total_time
i have to study...   #face #pizza (i stole my roommate's idea for taking this pic) ,safe,safe,18.615899801254272,4881,120.15625,16.5504989
  days porn movie srilankanboyssex  ,safe,hateful,2.407109498977661,4893,123.7578125,0.3618292
feeling   for friends left in the place we use to live and raised our #son. life you live in the #mining world! ,safe,hateful,2.2397210597991943,4890,127.66796875,0.1809731
"why only target little #muslim children for mispronouncing ""terraced house"" &amp; treat them like criminals!â¦ ",hateful,hateful,2.324172019958496,4885,127.9375,0.2709923
M. Todd Henderson dared compare SCOTUS nominee Brett Kavanaugh with Sonia Sotomayor. They called him a racist and worse. http://www.patheos.com/blogs/dispatches/2018/08/09...,safe,hateful,2.3592047691345215,4885,128.12109375,0.3132903
@user can someone please explain to these liberals that it takes more than clapping and kneeling to actually make a real difference ,safe,hateful,2.3711090087890625,4885,128.17578125,0.3376665
"Italy is the world’s 9th economy and is on a trajectory that in the long run will end in an economic implosion due to demographic decline , not solvable by forced mass immigration The debt ratio will be 200 percent by... ",hateful,hateful,2.265482187271118,4885,128.25390625,0.2176055
You can't debate with a Libertarian either.  1)  Mindbendingly tedious theoretical concepts. 2)  Legalize Marijuana.,safe,safe,2.306055784225464,4885,128.3046875,0.2580862
The Orange One may actually combust... [NEWLINE][NEWLINE]We can hope... 🤞[NEWLINE]#Trump2020 😒[NEWLINE]#TrumpTaxReturns 🤫[NEWLINE]#TrumpBusinessGenius 😄[NEWLINE][NEWLINE]https://t.co/kyx7WbOoVz,hateful,hateful,2.347839593887329,4885,128.35546875,0.3178469
@user @user @user @user @user @user So the first thing you do is put the black guy up and call out that we are using the race card. Shows how racist you are. Maybe put a Latino or woman up next. ,hateful,hateful,2.369711399078369,4885,115.01953125,0.3201609
@user You are lying. Stick with the facts. We pay more than that now. ,safe,hateful,2.2194836139678955,4885,115.0234375,0.1804342
Idk who these things are or why they're popular all of the sudden... And that's my meme about that ,hateful,safe,2.3369553089141846,4885,115.07421875,0.2900202
"I love those things. Oh well, maybe someday.",safe,safe,2.3630406856536865,4885,115.12890625,0.3088997
"@user justice, how is the search for the killer going?  ",safe,safe,2.376702308654785,4885,115.1796875,0.3314457
"When you find yourself in a hole, quit digging. - Will Rogers #quote ",safe,safe,2.226667881011963,4885,115.23828125,0.1771749
The best part about being me is that I'll never be like you ,safe,hateful,2.32244610786438,4885,115.296875,0.2850539
".@FLOTUS, I didn't hear you saying anything when you husband was talking about grabbing women by the pussy. That's ok tho? Go play in the garden in your stilettos and stfu! ",safe,hateful,2.3651862144470215,4885,115.48828125,0.3171314
when albea bound comes on during the play list.   #awesomesong #paulbrandt,safe,safe,2.364562749862671,4885,115.48828125,0.3231614
Employed by Ohio State!   And they are aware!    https://wexnermedical.osu.edu/find-a-doctor/ryan-williams-md-79996  See about me and media link.,safe,safe,2.2091126441955566,4885,115.48828125,0.1680173
They have no right to breath air in my opinion ,safe,hateful,2.357966423034668,4885,115.48828125,0.3134878
"Live Now topics attract posts for visibility reasons, i suspect very few people in this topic would be making these muh sportsball muh niggerball posts at all were there not a topic prominently displayed for them to do so in. It reminds me of trained seals, clapping on cue. It's all very wrong",hateful,hateful,2.2623660564422607,4885,115.5078125,0.2147892
finally... now on to other suppos~   #leagueoflegends ,safe,safe,2.2908377647399902,4885,115.55859375,0.2608805
@USER you are like a real life cartoon character!! I love and respect the shit out of you for it. Keep doing you,hateful,safe,2.337430953979492,4885,115.609375,0.2953039
ehh #rip what damn week   ,safe,hateful,2.2221126556396484,4885,115.72265625,0.1741189
RT: Would you have an issue if President Trump used the Military to #BuildTheWall #BuildThatWallTrump: I could use MILITARY to build my wall if Congress plays tough via @user ,hateful,hateful,2.386186122894287,4885,115.7265625,0.3373698
@user @user If Obama's lips are moving then he is lying. ,hateful,hateful,2.212846040725708,4885,115.7265625,0.1721711
@user What?  All 12 of them?  What about the terrorists Antifa?  Farrakhan’s hateful and racist thugs?  BLM criminals?  Black Panthers?  Those groups have NO place either! ,hateful,hateful,2.347090005874634,4885,115.7265625,0.3077862
"@user Nah bitch ain't no fuckin shoe , stfu . You a obsessed hoe . He done with you , move on with yo lif… ",hateful,hateful,2.358553647994995,4885,115.7578125,0.3240922
@USER Treason he should hang he has no business even trying this who the F does he think he is Trump needs to Lock him up fast,hateful,hateful,2.2260515689849854,4885,115.7578125,0.1859337
@USER She is not a cheater. That chair ump robbed her.,hateful,hateful,2.341155529022217,4885,115.76171875,0.2876518
I confess. I'm autistic or something. I thought #Aerosmith #DreamOn was #LedZeppelin until like yesterday....... #retarded,hateful,hateful,2.363405704498291,4885,115.7890625,0.3120819
Marcus Smart belongs on the Celtics. Both trash. It was destiny.,safe,hateful,2.371819257736206,4885,115.7890625,0.3246152
"@user @user @user @user @user @user @user @user @user RT @user Please arrest/prosecute all Governors, Mayors, and members of #Congress who are violating any Federal Laws. #USA #Americans #Constitution #2A #1A #EndSanctuaryCities #EndDACA #NoAmnesty #EndGunControl #EndGunFreeZones #AmericaFirst #MAGA @user @user ",safe,hateful,2.3137853145599365,4887,115.7890625,0.2569381
just setting up my account. hello twitter! #myfirsttweet  #photooftheday    #amazing #beautiful #lol ,safe,safe,2.3943397998809814,4887,115.7890625,0.3448105
Me whenever anyone compliments me ,hateful,safe,2.4164953231811523,4887,115.80078125,0.3741234
this is what #waiting at 2:30am for the shuttle too show up looks and feels like... so   itâ¦ ,safe,safe,2.207437038421631,4887,115.80078125,0.1552766
aarakshan #hindustan   fathers n teachers day,safe,hateful,2.3781228065490723,4887,115.80078125,0.3275637
@USER Conservatives basically want some kind of Harrison Bergeron scenario where public universities are forced to pretend Charlie and Candace are functioning adults.,safe,hateful,2.2414982318878174,4887,115.80078125,0.1862363
When someone that never has any weed asks to hit the blunt ,hateful,hateful,2.326385498046875,4887,115.82421875,0.286101
@gae_wright @detroitnews 🤮🤮🤮[NEWLINE][NEWLINE]No to Jim Crow Joe Biden and California's Top Cop Kamala Harris after MONTHS of protesting!?!?[NEWLINE][NEWLINE]The DNC picked thee absolute worst choices. Everyone knows it too.,hateful,hateful,2.3716466426849365,4887,115.82421875,0.3157418
"@user RIGHT?? then she goes 'oh i had sex with frank, poor baby ahahah' NO BITCH if that aint rape i dont know what is ",safe,hateful,2.217769145965576,4887,115.82421875,0.1811633
@user He should bash Trump and that will change... liberals hate Trump more than pedophiles. ,hateful,hateful,2.3399856090545654,4887,115.80859375,0.3105213
"But in print, you don't have the same Brit sounding lilt",safe,safe,2.1960947513580322,4887,115.8125,0.1668222
"My Twitter account has been locked 4 me defending myself&r country against subversion. My comment was :   ""@ColinFerri we can (No) longer tolerate idiotic talk from fools like u. U will need to b tried & executed. CA etc r on the verge of war with US.""  .",safe,hateful,2.377492904663086,4887,115.8125,0.326564
@user Leftwing filth.Deport them all.#Sendthemback ,hateful,hateful,2.3604748249053955,4887,115.8125,0.3212524
"@user @user I smell fear, he will be shoot dead on the streets of #AddisAbaba there are a lots people that are willing to take him out. #Ethiopia #Tigray #EPRDF #TPLF #YPFDJ #refugees #Eritrea ",hateful,hateful,2.269456386566162,4887,115.81640625,0.2271232
https://www.scribd.com/document/376298359/DOJ-IG-releases-explosive-report-that-led-to-firing-of-ex-FBI-Deputy-Director-Andrew-McCabe#from_embed  ,safe,hateful,2.3094429969787598,4887,115.81640625,0.2803025
"Libs trash Saira Blair, an 18-year-old Republican who won a seat in the West Virginia legislature 
http://t.co/V01w8UamJy",hateful,hateful,2.3522660732269287,4887,115.81640625,0.3141306
@user His protest is indeed a right as it is my right to make sure none of my money goes to the NFL or anything he supports including Nike. ,safe,hateful,2.3614015579223633,4887,115.8203125,0.3387552
Belgians are rather fond of their waffles. ,safe,safe,2.2079572677612305,4887,115.8203125,0.1687721
when ugly hoes try to come for you .... Bitch DISGUSTING ,hateful,hateful,2.3592615127563477,4887,115.8203125,0.3108766
"@user It really sucks when commies atheists liberals refugees and anyone who isn't one of (us) uses our"""" precious tax dollars...."""" ",hateful,hateful,2.220618724822998,4887,115.8203125,0.1805636
@USER @USER And what do you think Ron desantis is going to do for you? He's probably in the back pocket of the NRA!! Good luck getting anything done as far as gun control because that is what we'r seriously need as a country! We need tougher background checks at least!!,hateful,hateful,2.352356433868408,4887,115.8203125,0.3035444
Or more truthful would be a shower disguised as an execution chamber.,safe,hateful,2.3458664417266846,4887,115.82421875,0.3223462
Trump moving to strip Palestinians of refugee status: report Nice... now will all be going to Europe... Israel’s wet dream...https://t.co/2BbkaBhOMh ,hateful,hateful,2.240405559539795,4887,115.84765625,0.1919661
  my ex-wife is angry that i'm happy with my new paner: i am really happy and treat him as my own. i c... ,safe,hateful,2.3269364833831787,4887,115.84765625,0.2863389
"@user ""Forked in China"", BCC == BitcoinChaChing / Bit-China-Coin / Bitch-China-Cunt / BitchslapChinaCunt / BitchChinaCoin...  Great coin! ",safe,hateful,2.3567161560058594,4887,115.84765625,0.3304948
"Indianapolis election celebration: Biden, Harris supporters gather https://t.co/dzuGzMhJPa via @indystar",safe,safe,2.3528172969818115,4887,115.84765625,0.3093218
 electronic music from #bogota #colombia #puntohost #dj #fashion #music  ,safe,safe,2.1992688179016113,4887,115.84765625,0.1543076
Probably smells like Quentin Crisp too.,safe,safe,2.3609812259674072,4887,115.84765625,0.3159103
"“You shouldn’t give circumstances the power to rouse anger, for they don’t care at all.” - Marcus Aurelius #stoicism #stoics #philosophy",safe,safe,2.1842870712280273,4887,115.85546875,0.1643082
https://www.oneangrygamer.net/2017/11/former-neoga... Update the list!,safe,hateful,2.376514434814453,4887,115.85546875,0.3337975
"Brown U. pulls 'gender dysphoria' study, worried that findings might 'invalidate the perspectives' of transgender community  https://is.gd/FY8Vv1  ",safe,hateful,2.365978479385376,4887,115.85546875,0.3271398
"D: DID THAT GUY JUST NOW FLIRT WITH YOU L: No, wait, it's not what you think D. I WON'T HESITATE; BITCH *shoots down the innocent fanboy* ",safe,hateful,2.2427260875701904,4887,115.85546875,0.2064743
"I have no problem with anyone based on race alone: black, white, Hispanic, middle eastern, asian. I judge by character.. Nor religion except extremist. If I see racist post I will unfollow, feel free to unfollow me if you have a problem with this. My morals mean more than social media 'popularity'.",safe,hateful,2.3247153759002686,4887,115.859375,0.274084
@USER Holder is a known PERJURER and race baiting Obama stooge. Nothing big he says should have any meaning.,safe,hateful,2.3474173545837402,4887,115.859375,0.2996847
@user Good shit! Kaepernick is a great model for young kids who play football to stand up for what they believe in ,hateful,safe,2.3340401649475098,4887,115.859375,0.2907591
Bigger shit hole,safe,hateful,2.2366344928741455,4887,115.86328125,0.2038323
#AllIn was very good! I enjoyed it. I recommend watching it. I think it was a success. Do u think they'll do a 2nd All In next year?,safe,safe,2.3550665378570557,4887,115.8671875,0.3232739
@user @user @user @user @user @user @user @user @user You can't help it because you are AMAZING! ,safe,safe,2.221137046813965,4887,115.8671875,0.1861248
Lethargic voters get what they deserve! Aggressive voters MAGA ,hateful,hateful,2.3407437801361084,4887,115.8671875,0.3031538
Freddie clenched her fists as the car got close enough to make out the protesters words.Humans first! Refugees go home! Mallory shouted into a megaphone.Heat burned through Freddies face. She slowed to a stop in front of the middle building.#Btr2sDay ,hateful,hateful,2.357149124145508,4887,115.8671875,0.3409014
"Kavanaugh Accuser Christine Blasey Ford May Testify Before Senate Judiciary Committee""  URL #TCOT #MAGA #RedNationRising""",safe,hateful,2.2285404205322266,4887,115.8671875,0.1872273
" bastard was born in Kenya & never set foot in Hawaii until  3 yrs old. They even screwed up his fake BC calling his race African American. At that time it was Negro.  .  Once he got 2 Hawaii the people there hated his guts. He was kicking & assaulting all the white kids in a very expensive private school, so who paid for that??    Obama prostituted himself 4 cocaine money. ",hateful,hateful,2.356717824935913,4887,115.8671875,0.3099599
best friend bihday brunch! ðððð  #friends #coffee   #love @ the farm neutral bay ,safe,safe,2.343569040298462,4887,115.8671875,0.2968773
@USER He's an actor and a comedian not a political leader,safe,safe,2.3156380653381348,4887,115.87890625,0.2843741
@USER @USER Great and I’m certainly anti fascist but  the group antifa is the most fascist and violent groups in America in case you hadn’t noticed and associated with the largest hate group in America the democratic party,hateful,hateful,2.236818552017212,4887,115.8828125,0.2034863
out of no where it came to my mind that i would never gonna get my ideal kinda guy ever...   #depressing #istillbelievethough,safe,hateful,2.3743796348571777,4887,115.8828125,0.3224832
"@user @user okeyo, go rape your whore of a mother! ",hateful,hateful,2.231928825378418,4887,115.8828125,0.1753988
very little is needed to make a   #life  it is all withinâ¦ ,safe,safe,2.316262722015381,4887,115.8828125,0.2752773
most  country argues over different shades of black! ð¨ ð¬ ð  ,hateful,hateful,2.3584461212158203,4887,115.8828125,0.3253411
He is awesome!!!! So personable and I know these people so appreciate him being there. MAGA ,safe,safe,2.1938719749450684,4887,115.8828125,0.14448
I'm in the #Twitter gulag right now so ill be more on GAB,safe,hateful,2.37375807762146,4887,115.8984375,0.3387162
@USER I'M ALMOST SHOT BY LA GANG MEMBER/ILLEGAL IN TRAFFIC 9/5/4.45 PM MY BELIEF IN THE 2ND AMENDMENT:REACHES ABSOLUTE:CRIMINALS WANT VICTIMS UNARMED:PIX LATER: NRA GUN CONTROL RIGHTS GRAB FALSE FLAG 2A #ICE POLSI FIENSTINE TRUMP,hateful,hateful,2.2954134941101074,4887,115.8984375,0.2415769
happy bihday california gurls ð ð­ð¬ð¦ð©ðªð«ð­ð¬ð¦ð©ðªð« #myfavoritevideo #video #california #gurls  â¦ ,safe,safe,2.26863694190979,4887,115.8984375,0.2191402
RT @toddknife: Full @weakenednachos set (except the last song) from Southern Darkness Fest last month. Who's the ape on guitar? https://t.c&#8230;,hateful,safe,2.354775905609131,4887,115.8984375,0.3046574
@user @user @user Tell this idiot to try with other religion book. Her height will b reduced 6 inch from top before amrinder reaches her to arrest. She is sick. She needs treatment. And she is alive becoz she hindu. Don't blabber non sense ,hateful,hateful,2.2627344131469727,4887,115.8984375,0.222391
NEWS FLASH! ,safe,safe,2.280895233154297,4887,115.8984375,0.2339151
#blacklivesmatter that's why bilal called the adhan on the kaaba   always existed hamza yusuf that was not nice ð,hateful,hateful,2.351921558380127,4887,115.90234375,0.3129194
#amazon rc nitro gas truck hsp 1/10 car 4wd via  #toyspotting #hsp #trucks #4wd #play   #mini4wd #miniature,safe,safe,2.3497562408447266,4887,115.90234375,0.3072603
"bitch, i thought you died a decade ago",hateful,hateful,2.2208075523376465,4887,115.97265625,0.1778029
@user @user Start Arresting and Deporting All Illegal Aliens who stole or used stolen SSN then deport them ASAP IRS knows where they live! The U.S Will No Longer Tolerant Felons commited by Illegals #Trump #MAGA #RedNationRising #WalkAway #Immigration #NoDACA ,hateful,hateful,2.35056734085083,4887,115.97265625,0.320337
@user  total asssss...worst mistake ever...lord help us all... #ass #pos,hateful,hateful,2.353639841079712,4887,115.97265625,0.307864
@USER I can’t even listen to any of these idiotic Liberals. They all seem a brick short of a load.,hateful,hateful,2.3678979873657227,4887,115.97265625,0.3084479
#hawaiibound â for the next 10days! ððð¨ð²âï¸ð´ð³ðð£ð#sun #sand #poke #locomoco #honeymoon  â¦ ,safe,safe,2.2318637371063232,4887,115.95703125,0.1876402
sigh   #depression #suicidal #ana #mia #anorexic #fat ,safe,hateful,2.322526216506958,4887,115.95703125,0.2731467
Lots of Proud Veterans would lend a hand as well! #BuildThatWall ,hateful,hateful,2.351752758026123,4887,115.95703125,0.3115709
tonight is the night! #strictly9to5 is finally here! in honour of @user find out more here  #keepdancing  ,safe,safe,2.3756518363952637,4887,115.95703125,0.3254447
note: i was just able to pop this zit on my neck that's been there for days. i've beensqueezing it for days.â¦ ,hateful,safe,2.204519510269165,4887,116.0078125,0.1621933
"@user @user @user @user @user Solar-powered laser stations along that entire southern border, with live cams, so we can watch the barbecue, is a faster build.Then call it #OperationCookOut#MAGA #QAnon #BuildThatW ",safe,hateful,2.3489911556243896,4887,94.62890625,0.3050809
...this obvious hit job on kavannah is not going to work...and the liberals continue to reveal themselves as demonic figures... URL,hateful,hateful,2.344027042388916,4887,95.30078125,0.2966965
I find it more difficult daily to read the massive numbers of pages showing the deceit and evil perpetrated on us and our Republic. This piece is perhaps a representative cross section of the frustrating insanity as its possible to find ,safe,hateful,2.3753738403320312,4887,95.9296875,0.3275043
"honestly, can someone autotune his scream at the end to the start of “Immigrant Song?” ",hateful,hateful,2.196027994155884,4887,96.515625,0.1779949
"Amazing! This was in Brazil. Tubo means ""pipe"" 😂 How on Earth this dog got stuck there? 😂😂",safe,safe,2.3348212242126465,4887,97.11328125,0.2884671
is #someone putting on a   #face...â¹ï¸ ,safe,hateful,2.3692164421081543,4887,98.1484375,0.3390306
life is great!! ð  ; #lovinlife ,safe,safe,2.3722996711730957,4887,99.484375,0.3483176
"Girl- can I have your number? Me- sure Girl- can I friend you on Facebook? Me- oh god no, that's entirely too personal ",hateful,hateful,2.2205357551574707,4887,99.5703125,0.1869288
@user Awww kaise bache ki tarah  she is holding his finger😭😍🤗 ,safe,safe,2.326270580291748,4887,99.6796875,0.2805843
"@user @user @user Gtfo, illegal, why because they broke a law to get here, thereby making them criminals. So Illegal Immigrants. But I will accept Criminals as an alternative. Also you dont get to call yourself undocumented if you ha ",hateful,hateful,2.3807332515716553,4887,99.6875,0.3350093
"@user Said the flack parroting talking pointsYou wouldnt know courage of convictions or risking your career if you tripped over them and landed right on top of themBtw, hysterical woman is a wonderful, sexist insult. Couldnt resist, huh? ",hateful,hateful,2.3726727962493896,4887,99.73046875,0.3283466
"@support  - has this idea already been requested? Now that you've given our #gabfam the sweet new groups feature, does it make sense to add another feature, where I can write one message and post it to multiple groups? I'm picturing check-boxes, one already checked next to the group I'm already posting from, but also a list of the other groups I'm in where I can check some of those boxes too.",safe,safe,2.265151262283325,4887,99.7890625,0.2196891
"Pope blames devil for Church divisions, scandals, seeks angel's help  https://www.reuters.com/article/us-pope-devil/pope-blames-devil-for-church-divisions-scandals-seeks-angels-help-idUSKCN1MI10M?il=0 ",safe,hateful,2.298854351043701,4887,99.8828125,0.2636637
If syrian refugees want to sue Germany because of delays go a head who is to say they would be given Asylum anyway ungratful and sad ,hateful,hateful,2.3540656566619873,4887,99.90234375,0.3173893
@user Hitem with your purse you pussy ,hateful,hateful,2.37149977684021,4887,100.21875,0.3386298
@user she is uncultured ,hateful,hateful,2.204150915145874,4887,100.21875,0.1701913
imagine how r founding fathers wldve handled muslim terrorism. contrast that w/the limp-dicked pc bullshit of the @user admin  ,safe,hateful,2.361867904663086,4887,100.27734375,0.3139069
the everyday response to   @user,hateful,safe,2.2149648666381836,4887,100.31640625,0.1664312
Sorry all my fellow negros,hateful,hateful,2.337986707687378,4887,100.37890625,0.2847197
"Young and dumb with a torn up bum, SAD!",safe,hateful,2.358243465423584,4887,100.37890625,0.3055271
"I think God is trying to take credit for the ""Big Bang"".... when it was me that was born ass first... I made a mess of things. I tell ya. I think *I* was the ""Big Bang"". After all, all the bells and whistles sounded when I came out;-D",safe,hateful,2.2825682163238525,4887,100.44140625,0.2257221
at our   place â¤ï¸ððªð» #salad #lunch #health #healthy #healthcoach #eat #food #instafoodâ¦ ,safe,safe,2.290865898132324,4887,100.5703125,0.2418761
I've never watched a single episode of Game of thrones   Good for you bitch you must be a broke hoe can't afford hbo ,hateful,hateful,2.3496696949005127,4887,100.5703125,0.3010622
" @user âand how does he make you so  ? even though you have nothing, youâve got everything! how can i find this kind of hâ¦",safe,hateful,2.380563259124756,4887,100.578125,0.3293747
Solutions urgentissimes :#degagerMacron#dissoudreLREM#retablirLeDroitRepublicain#ReduireIslamAuSilence#StopImmigration#UEbyebye ,hateful,hateful,2.2596073150634766,4887,100.58984375,0.2150972
10 hours of walking in #nyc as a woman    #newyork #women #men #bigots,hateful,safe,2.281904697418213,4887,100.60546875,0.2350966
@user Thanks for the kind words! We're so glad to hear that you are loving the mattress! 😀 ,safe,safe,2.3730568885803223,4887,100.66796875,0.3229361
@user idk u too well but that must be a fuckin delicious corn chip that someone misses dearly ,hateful,hateful,2.3717398643493652,4887,100.72265625,0.3234968
"so wait, the gop is willing to stand by #trumptrainwreck in order to make sure their scotus gets in.... that's the real justification?  ",safe,hateful,2.2331624031066895,4887,100.72265625,0.1931629
 @user ð¡ð¡ð¡   #kids #momproblems #parentingsucks #mommyproblems why!?!? why do they need to take off every damn book! ,safe,hateful,2.3367393016815186,4887,100.75390625,0.2932154
Ahh That’s What I Get For Being A Whore 😭🙄 Now All These Bitches Wanna Talk 🤦🏽‍♀️ ,hateful,hateful,2.3619778156280518,4887,100.75390625,0.3163467
@USER incoming the gun control patrol,safe,hateful,2.3697187900543213,4887,100.75390625,0.3346656
how   are you to sit back and have someone else clean your teeth. regular cleanings are impoant. #truth,safe,safe,2.184507369995117,4887,100.75390625,0.1448319
Nope.,safe,safe,2.376422166824341,4887,100.76953125,0.3323024
@USER It just turns by itself into the wall,safe,safe,2.2223381996154785,4887,100.7734375,0.179494
"ALONG WITH ILLINOIS, NEW YORK, MASSACHUSETTS, NEW JERSEY, WASHINGTON, OREGON... AND MORE COMING! HOWEVER, THEY BETTER NOT POLLUTE THE RED STATES THEY MOVED TO, CUZ THERE WILL B E HELL TO PAY!!!!",safe,hateful,2.3432254791259766,4887,100.77734375,0.2992142
@USER @USER Oh shit u went there 🤣🤣🤣,hateful,hateful,2.360339403152466,4887,100.78515625,0.3137949
@USER @USER   #thescore Happy Birthday Again!! Lucky Lovely Charm ka ng @USER @USER @USER @USER 💐💐💐👏👏👏👏 You Are Stunning!!🌹🌹🌹❤️❤️❤️ - HipHop ka minsan sa game ha?,safe,safe,2.2228753566741943,4887,100.78515625,0.1719347
"Not necessarily though. After all, many of us still remember Be Be's last presentation about Iran. Remember it.? ",safe,hateful,2.3600552082061768,4887,100.78515625,0.3019061
#texas man kills #latina stepmom for celebrating #cowboys win  #newswithed  ,hateful,hateful,2.20404314994812,4887,100.78515625,0.1779578
Notice it’s only #republicans and #gop members and NOT #democrats who get Covid? That’s because Democrats know how to take responsibility and have intelligence! #WearAMask #VoteBlueToEndThisNightmare #VoteHimOut #BidenHarris2020 #BidenHarrisLandslide2020 #BidenHarris,safe,hateful,2.3469443321228027,4887,100.79296875,0.3062198
@user @user Why do liberals shout and hang their mouths open? Slack jaws. ,safe,hateful,2.348925828933716,4887,100.79296875,0.3128661
Let's Pray For Our Nation - https://youtu.be/twaTvZCk4Ds,safe,safe,2.216637372970581,4887,100.79296875,0.178788
"@user No, you are the most hysterical woman alive. Go find an island and stay there. ",hateful,hateful,2.3496527671813965,4887,100.79296875,0.306141
@user @user This guy embezzeled at least a trillion dollars from the american people he is a divider of people he is full of hatred for the american people this guy cant be trusted look at our people that was in bengazi  they trusted him and most of them died ,hateful,hateful,2.260467529296875,4887,100.80078125,0.2110624
@user Liberals are addicted to fake news.  Chris is their Dope man. ,hateful,hateful,2.2906033992767334,4887,100.80078125,0.2455264
@user Don’t mess with niggas from Marcy projects george Zimmerman! You gonna get lit! ,hateful,hateful,2.3649792671203613,4887,100.80078125,0.3095516
@USER I second this they’re fucking nuts,hateful,hateful,2.2075817584991455,4887,100.80078125,0.169416
1: Ignore the actual issues raised and report exclusively on nebulous 'harassment' with little proof 2: Assert the target is responsible for all online abuse and demand endless 'disavowals' 3: Call physical presence of the target 'dangerous' and deplatform them IRL 4. Claim the target's social media presence is harassment and deplatform them online,safe,hateful,2.3796279430389404,4887,100.80078125,0.3415227
2 days left in work!! ðâï¸ðð´  ,safe,safe,2.3539178371429443,4887,100.80078125,0.3242981
Learner's permit at 15 or 16. License at 16 or 17. No additional testing or anything but a vision test for the rest of your life. ,safe,safe,2.3857436180114746,4887,100.80078125,0.3358949
@user @user @user He's not an opportunistic liar. Nor have you proven he is. So your whole argument is fake news. ,hateful,hateful,2.253537893295288,4887,100.80078125,0.1951011
@user @user She's tragic because she is an idiot and because she had tremendous internalized misogyny.   I think of the moment we are in the grips of as the Tyranny of the Half-idiot. ,hateful,hateful,2.313613176345825,4887,100.80078125,0.2710387
" @user @user  ma'm is this way justice being served 2 doctors,so called 2 hav brightest brain    #rowdyrathoreagainstdoâ¦",safe,hateful,2.3616299629211426,4887,100.80078125,0.3048131
@fangsbites @the506 Huge Yankee fan....enjoy http://t.co/tKM8l9Ty,hateful,safe,2.3725078105926514,4887,100.80078125,0.3188043
"to the man who will always lift you up, no matter what...    #fathersday  #love #uâ¦ ",safe,safe,2.193315267562866,4887,100.80078125,0.1500377
on my way to @user to talk #nbafinals with neal meyer. can lebron turn the series around? #warriorsvcavs  ,safe,safe,2.350895404815674,4887,100.80078125,0.2972006
"Despite Pakistan was created on religious basis, a large number of Indian Muslims showed their reluctance for Pakistan and stayed back to thenown home in India. The Muslim refugees from Northern India who... ",hateful,hateful,2.3777854442596436,4887,100.80078125,0.3239672
10th duet with my cutiee angel @user 😘😍💕 she is damn awesomee in this 💕💕 her  expressions 😘just killing 😍love to do this 😍😉🙌 nly for u #mybubblygirl #anupama #dreamgirl #BCO love u my cutiee doll💕😘 ,safe,safe,2.372321844100952,4887,100.80078125,0.3158846
"great pair of games tonight, can't wait for the next stage to begin on thursday!â½ #copaamerica #argvbol #chivpan  ",safe,safe,2.2464473247528076,4887,100.81640625,0.188774
i need to watch attack on titan: junior high to feel better and calm myself ð¢ð¢ð¢   ,safe,safe,2.333526134490967,4887,100.81640625,0.2850211
 @user @user they are the #silent #majority &amp; it's #frightening &amp; #beyond   #pray for #orlando,safe,hateful,2.3735649585723877,4887,100.81640625,0.3460647
"Hahahah Love this GIF, and will do!",safe,safe,2.3458595275878906,4887,100.81640625,0.2869718
because they are so mean to me? ð¥ð¥ð¥ð¥ð­ð­ð­ð­  ,safe,hateful,2.214092493057251,4887,100.81640625,0.1802335
@user No one will be thrown out of the UK simply we are not like that common sense Immigration has to be cut NHS etc is a proven point ,hateful,hateful,2.3793795108795166,4887,100.81640625,0.3311691
mark levin reveals âmissing historyâ of the  #democratic pay that...  via @user,hateful,hateful,2.220855474472046,4887,100.81640625,0.1814774
I feel for refugees coming to this country - there are so many hurdles put in their way.  People do not appreciate how difficult it must be and do not see the individuals behind the headlines and bad press #AmazingSupporters 7/ ,hateful,hateful,2.3571789264678955,4887,100.8203125,0.3156141
"US government will take Palestine refugees the endless hope to go back home. Back to their homeland. New US politics will make Palestine refugees officially ""stateless"". ",hateful,hateful,2.373055934906006,4887,100.8203125,0.3185723
@user You're going 2 go 2 jail you scumbag WHORE. Your going down in History as the most VILE Bitch Ever Rich Seth Will B avenged ,hateful,hateful,2.241320848464966,4887,100.8203125,0.1963076
@user @user Such a cool Synchronicity..it def made my day!  Just released a thread w/exactly this concept.  #DeutscheBank connection is undoubtedly the pivot point..&amp; #Mueller has a crack squad of financial forensics experts on his team w/VAST DB $$-laundering knowledge.  Subpoena #Kavanaugh ,safe,hateful,2.338956356048584,4887,100.8203125,0.2982488
"I had no idea who this guy was, I heard ""Children of the Lie"" and thought he was gonna start being the next black Martin Luther. But no, we get ""All you need is love"" for 50 minutes.  ",safe,hateful,2.3605778217315674,4887,100.8203125,0.3141024
@user  #unchaed4:  fantastic prize would love this for hubby wow  ,safe,safe,2.3743584156036377,4887,100.8203125,0.3278555
#liberation is finding out days after the #breakup that i had every right to be angry. the #justification of these feelings makes me  .,safe,hateful,2.229724168777466,4887,100.8203125,0.183732
"@user You sound hysterical and in need of some psychotropic medication. Calm down, it's not that serious. ",hateful,hateful,2.340057373046875,4887,100.82421875,0.3102836
.@USER &amp; @USER student loan refinancing plan would give every single student loan borrower a tax break &amp; let hundreds of thousands of borrowers have immediate lower interests rates at 0 net cost to taxpayers.   @USER has 8 years. He did nothing. He is a liar. URL,hateful,hateful,2.270414352416992,4887,100.82421875,0.2215392
"Dear so called leadersWe voted for a wallThat's why we voted for Trump Hrs the only ""politician"" in my lifetime to do what he said he would doSo dear so called leadersGuess you'll have to go so we can#BuildThatWall @user @user @user @user ",safe,hateful,2.301831007003784,4887,100.82421875,0.2713876
"From those of us in the UK, Australia and the US, go home. You are not welcome here unless you have a job that earns enough to pay taxes. Should be the only way ANY economic immigrant should get to our countries. Genuine refugees have no chance against this scourge. ",hateful,hateful,2.364412784576416,4887,100.82421875,0.3081056
@user You @user speak the Truth about =&gt; #Louis Farrakhan &lt;= ... he is a raging anti-Semite &amp; racist. ,hateful,hateful,2.2391958236694336,4887,100.828125,0.1924403
@user @user Hmmm. Was NFL on tv today? Didn’t even search. Watched tennis &amp; baseball. Not one of them kneeled! Won’t be watching next week either. ,safe,safe,2.3016347885131836,4887,100.828125,0.2621763
@user BITCH DID Y'ALL HEAR THAT HARMONY?!! Kim Seokjin came to remind you hoes what a vocal king sounds like ,hateful,hateful,2.3714938163757324,4887,100.828125,0.3246781
"what's up?!?!ðâï¸#love, #instagood #instadogs #cute, #follow, #followme, #photooftheday,  ,â¦ ",safe,safe,2.373577833175659,4887,100.8359375,0.3424081
"also #keyboard is  when i type ""cause coopting terrorists"" reg syria it autocorrects to ""cause colored terrorists""",hateful,hateful,2.1967310905456543,4887,100.8359375,0.1774288
Real shit like stfu and eat my pussy since u care so much ,safe,hateful,2.353531837463379,4887,100.8359375,0.3122174
Me- so what are you into? Her- ,hateful,safe,2.2068591117858887,4887,100.83984375,0.1707182
Syrian Army stops militant advance towards Palmyra from US lines: Russian military ,safe,safe,2.3331708908081055,4887,100.83984375,0.2944672
mickey mouse! â¤ï¸â¤ï¸#mickeymouse #magickingdom #waltdisneyworld waltdisneyworld   #orlandoâ¦ ,safe,safe,2.361064910888672,4887,100.83984375,0.3205599
best gig ever tonight in @user @user @user @user #hikevin   #treacherousgig,safe,hateful,2.223210334777832,4887,100.83984375,0.1787683
"And whatever you do, in word or deed, do everything in the name of the Lord Jesus, giving thanks to God the Father through him.  Colossians 3:17",safe,safe,2.3434462547302246,4887,100.84375,0.3004752
"Trump making his ""We're gonna win Minnesota and we're gonna play New York"" taunts again,[NEWLINE]We'll see 😂 #Trump2020 🇺🇸",safe,hateful,2.370370864868164,4887,100.8515625,0.3314846
@user @user @user Emo thank you and Keep up the good work all of you for fighting against the #FakeNews of the msm by tweeting and retweeting what is true! Good work! You are #MAGA! ,safe,hateful,2.380666494369507,4887,100.8515625,0.33408
@USER @USER Where were you in 2008 when people were losing their jobs &amp; their homes &amp; our economy tanked? What did you say about W then? Did you ridicule him &amp; did you praise Obama for saving our country? You are such a hypocrite.,hateful,hateful,2.265411615371704,4887,100.8515625,0.2207729
@user  no1 has 2 agree wit wat we do. if we gave a fuck we wouldn't have got in the biz. do u have nothing better 2 do.  ,safe,hateful,2.3104121685028076,4887,100.8515625,0.2649104
@user @user speaks in nothing but dog whistles. Who does she think she is fooling? ,hateful,hateful,2.353457450866699,4887,100.8515625,0.3228862
@user Conservatives; the trailer trash party of Canada. ,hateful,hateful,2.3733766078948975,4887,100.8515625,0.329974
@user ok u fucking yellow ass bitch whore motherfucker ,hateful,hateful,2.2018892765045166,4887,100.85546875,0.1693008
@user @user I agree he is very intelligent and I like the latest policy of a sovereign wealth fund - something I've long supported. But he just doesn't cut through. Someone like Jo Swinson would get the party more air time imo. ,hateful,safe,2.3752951622009277,4887,100.85546875,0.3310567
@USER @USER @USER Disclaimer: My views do not necessarily reflect the views of our POTUS &amp; all Conservatives: Ladies Charged by Nature to Guard Vagina. URL,hateful,hateful,2.2395553588867188,4887,100.85546875,0.1946704
BitCoin Crash ,safe,safe,2.3010900020599365,4887,100.85546875,0.2645827
@user #allahsoil islamic extremism kills tens of thousands of people every year.    #teambtsâ¦,hateful,hateful,2.3666977882385254,4887,100.85546875,0.3208199
@user @user @user @user @user Liberals don't address. They insult and attack. ,hateful,hateful,2.2352254390716553,4887,100.85546875,0.192997
@USER @USER @USER Lol. It’s funny how you assumed I only have those qualifications. Typical black tweep. When they are losing a debate they assume the other party is lower than them. “That’s why you are broke.” “Stay there with your debt.” Yet they’ve never met the person. 😂😂😂😂,hateful,hateful,2.3348848819732666,4887,100.85546875,0.2870442
#trump ally wishes mad cow disease death for #obama - cnn  #hatred #insults  ,hateful,hateful,2.3484177589416504,4887,100.85546875,0.3050745
Maybe he was smart enough to get on the #TrumpTrain and tired of getting run over by it! Unlike you and your sycophants.. ,hateful,hateful,2.367887496948242,4887,100.859375,0.3278956
my babies are officially seniors!! #heavyhea   #letsummerbegin @user @user,safe,safe,2.238478183746338,4887,100.859375,0.1856623
ð competition ð follow &amp;  to be in with a chance. ends 22nd june ð #competition #giveaway #fridayfun   #fun ,safe,safe,2.324561834335327,4887,100.859375,0.2759302
"Friend- she's cool, you should keep this one around Me- ",safe,safe,2.3678555488586426,4887,100.859375,0.320989
@user I do but it can be done with out looking like a nazi bigot. We have to stay true to the people and change the minds of the left.. I know you aren’t a bigot I followed you for a reason and it’s because you post stuff that I like this one time I feel you are feeding the left the ,hateful,hateful,2.3763880729675293,4887,100.859375,0.3440402
The #ComplotAccompli! Be Strong! We Will WIN! #NewQ #QAnon #GreatAwakening #NeonRevolt ,safe,hateful,2.240302801132202,4887,100.859375,0.194448
#qanda Fahrenheit 451 is coming regarding conservatives  and their thought police,safe,hateful,2.3023550510406494,4887,100.859375,0.2649386
Neighbor kid: Is that your gun?! Sig. Other: Yes. Kid: Wow! Did you name it? Sig. Other: No. I have too many to name them all. Kid: 😱😱😱,safe,hateful,2.36950945854187,4887,100.859375,0.3408893
" @user unfounately,  due to work and my computer not wanting to work, i will not be posting any videos this week. sorry :(   #tâ¦",safe,safe,2.337254285812378,4887,100.86328125,0.3142066
Sean Penn: #MeToo Movement Seeks to ‘Divide Men and Women’ &lt;— Gotta say… I stand w/ Jeff Spicoli on this one.  #MAGA #WWG1WGA #ConfirmKavanaugh ,hateful,hateful,2.247101068496704,4887,100.86328125,0.2007174
CNN is fake So is #transgenderism Fuck your fake pronouns,hateful,hateful,2.3598787784576416,4887,100.86328125,0.309456
@user NEITHER DOES ANTIFA OR BLACK LIVES MATTER OR ANY OTHER SOROS FUNDED GROUPS ,hateful,hateful,2.2051498889923096,4887,100.86328125,0.1721326
check out this recording of you're only lonely on #singsnap #karaoke#live#music#sad  ,safe,safe,2.351844549179077,4887,100.8671875,0.3297537
"People who say 'nobody's born a racist, you have to be taught' are also the ones who tell their children to be gay degenerates and killing white people is right.",hateful,hateful,2.379598617553711,4887,100.8671875,0.3254896
@user @user Worst takes ever.....a blatantly racist cartoon and your attempt at a defense. ,hateful,hateful,2.228243827819824,4887,100.8671875,0.1825125
"But for the fire crew of Mexican immigrants, politics never enters the mind. This isn’t about @user or his supporters, or about border walls. It’s about the pride of protecting people’s homes. #Immigration ",safe,hateful,2.342041015625,4887,100.8671875,0.3177332
morning~~ #travelingram #dalat   #ripinkylife ,safe,safe,2.3545737266540527,4887,100.8671875,0.318138
"@USER You act like that won't be fun for both of us.""  She contemplates getting down, he's been gone for a few minutes and she's just standing on a chair like a weirdo.   Just as she is about to get down she sees him walk through the door.   ""Technically I only thought about it.""""",safe,safe,2.366182804107666,4887,100.8671875,0.3312162
@USER She's an Osuite...so she is deregionised.,hateful,hateful,2.202578544616699,4887,100.8671875,0.1688516
"The United States of America is being held hostage by a mad man by the name of Donald Trump. I am so grateful to our neighbor's Canada, also the United Kingdom, France, Australia and supporters around the world. We will take our country back!  Long live freedom! https://t.co/K1ydNtBMPi",hateful,hateful,2.3896102905273438,4887,100.8671875,0.3383875
roxy's last day. lol. i'm still very much obsessed with it. #wigs #fun   #byebye ,safe,safe,2.3437459468841553,4887,100.8671875,0.3040029
@user who the hell is juan to decide if kellyann can raise her kids and work? we've been doing it for years! can't standâ¦ ,hateful,hateful,2.3813443183898926,4887,100.8671875,0.3417829
@user This asshole( @user ) Lies about Republicans ,hateful,hateful,2.200674533843994,4887,100.8671875,0.1662209
"@user Girl people really do that, like damn bitch you so selfish you don’t wanna rt me and get me clout ",hateful,hateful,2.369994878768921,4887,100.8671875,0.3163433
Too many immigrants unlicensed to kill #IllegalAliens #IllegalImmigration#Transportation #BuildThatWall @user @user ,hateful,hateful,2.227461814880371,4887,101.88671875,0.1870722
@user @user SHE IS A FUCKING MESS!! I HATE HER SO MUCH ,hateful,hateful,2.3308920860290527,4887,101.890625,0.2897481
Eight Years of Obama's Weakness Toward Russia ,safe,hateful,2.3650784492492676,4887,101.9375,0.3173366
 @user find your   place: how to outsma #stress  #zensei in #miamishores with your #family in #minâ¦,safe,hateful,2.223788022994995,4887,101.9375,0.188745
Suck it @USER  #Winning #MAGA URL,hateful,hateful,2.340911865234375,4887,102.1796875,0.2926838
@user @user @user Says the little commie thot. I bet that $20 is more than your hourly rate ,hateful,hateful,2.3687915802001953,4887,102.1796875,0.3200923
aquarius season 2 stas now!!!!!!!!! #aquarius #davidduchovny   #finally ,safe,safe,2.351733446121216,4887,102.1796875,0.3020742
@user Bitch I know. My body is ready 😂 ,hateful,hateful,2.22560453414917,4887,102.18359375,0.1753717
nah im happy with killing shitskin babys lol,safe,hateful,2.3594467639923096,4887,102.18359375,0.3266256
@user #allahsoil not all muslims hate america.    #emiratis #2016in4words ,hateful,hateful,2.207890033721924,4887,102.18359375,0.1785909
@USER The black helmets would have been hotter,safe,safe,2.345916748046875,4887,102.18359375,0.3023323
@USER Disappointed in Taylor. Serena was wrong. don’t use your gender to be disrespectful. Serena should apologize to the winner &amp; ref,hateful,hateful,2.370185375213623,4887,102.18359375,0.3122388
@user She isn’t racist unlike your somlalia bitch friend and you always causing shit.. bye slut ,hateful,hateful,2.236226797103882,4887,102.18359375,0.1870099
"""@Theo17100: http://t.co/BYj1HOyhmG"" this scally lad would get it",hateful,hateful,2.339733839035034,4887,102.18359375,0.294391
@USER He too is afraid his backstabbing deeds will be discovered and made public undermining the entire farce of the Obama administration,hateful,hateful,2.3618505001068115,4887,102.18359375,0.3054109
I WOULD LOVE TO SEE EVERY SINGLE ONE OF THEM DEPORTED. 😐 ,hateful,hateful,2.3740313053131104,4887,102.18359375,0.3351652
@user Legally it is rape if you inserted something inside someone without their consent ,safe,hateful,2.2048180103302,4887,102.18359375,0.1705506
when ppl think ur on a diet bcos ur not eating when rly u just hav no money to spend on food.  ,safe,hateful,2.367030620574951,4887,102.18359375,0.3154023
"Oh wait, I have avast.  Oh well.",safe,safe,2.193763017654419,4887,102.18359375,0.1386147
@user Says the man with 18% favorability and won't win so he is retiring!🤣 ,safe,hateful,2.370241641998291,4887,102.18359375,0.331757
@USER @USER So pointing at the umpire and calling him thief is berating and walking very fast toward an official and calling them f***ing moron is not? I think it is clear who needs help. You are a man perhaps?,hateful,hateful,2.37018084526062,4887,102.18359375,0.3299437
@user @user Everybody's doin it...#MAGA ,safe,hateful,2.227586269378662,4887,102.18359375,0.1746771
#nowsmoking @thecrownedheads Four Kicks Maduro Robusto. @migsch1980,safe,safe,2.331242561340332,4887,102.18359375,0.2989644
@USER @USER He is german 😂 he play for 🐖 club fcb ssshhhhhiiiiiiiiiiiiiiiit,safe,hateful,2.369778871536255,4887,102.18359375,0.3238123
Y'all suck on flappy bird,safe,hateful,2.3762383460998535,4887,102.18359375,0.3344761
I talk a lot of shit about hoes but Fr tho fellas why would you want to be broke fuckin wit a female you can't even get the bitch no fries 🍟 ,hateful,hateful,2.2519888877868652,4887,102.18359375,0.204011
@user @user @user @user @user @user @user @user @user @user @user @user @user @user @user @user @user Keep banging on with your nationalist nonsense. Once democrats win the midterms and raise taxes you'll be able to get on the same page as everyone else. Universal health care and gun control will save countless lives. Trumpsters like you will learn eventually. ,hateful,hateful,2.3394763469696045,4887,102.18359375,0.316728
Wikipedia makes the case for supporting @infogalactic or other alternatives.,safe,hateful,2.339175224304199,4887,102.18359375,0.298461
When the rival lemonade stand starts stealin your business ,hateful,hateful,2.383819818496704,4887,102.18359375,0.3299352
"@user You &amp; your husband are double-talking hypocrites. We can see right through your gun control"""" facade. What you really want is for us to give up our guns while you &amp; your husband get to keep your guns."""" ",hateful,hateful,2.251744270324707,4887,102.18359375,0.2114795
That's hilarious.  The two fags that replied before me need to wash the sand outta their vaginas,hateful,hateful,2.3121840953826904,4887,102.1875,0.259715
"@Libertatemsuperomnia   BRITAIN FAILED STATE ! Boy, 16, stabbed in the neck in Bethnal Green https://www.standard.co.uk/news/crime/bethnal-green-stabbing-16yearold-boy-knifed-in-neck-and-torso-on-busy-high-street-a3891801.html?utm_campaign=Echobox&utm_medium=Social&utm_source=Facebook#Echobox=1532019532 …",safe,hateful,2.3929524421691895,4889,102.1875,0.3449121
"A Columbia University sociologist recently published a study showing that much of the academic research into President Trump’s voters is marred by prejudicial designs, distorted data, and outright misrepresentations. https://t.co/YNsgGtubbm",safe,hateful,2.352830648422241,4889,102.1875,0.3188485
#RSSReachesOut  This one step by the RSS can show the sense of nationalism it has when other UrbanNaxals are colluding with each other only to tear India apart. @USER @USER @USER @USER are working so hard for the downfall of India. Shame on liberals,hateful,hateful,2.2477550506591797,4889,102.1875,0.211029
@USER which is why im loving all this shit right now LOL,safe,hateful,2.3053414821624756,4889,102.1875,0.2775124
Going to make Du'a at the shrine of Imam Reza(AS) for the refugees in Athens. ,hateful,safe,2.363434314727783,4889,102.1875,0.3363454
"Article: ""... these ‘reforms’ are ultimately aimed to give the Prime Minister and left-of-center government full control over the judiciary.”  ",safe,hateful,2.3751442432403564,4889,102.1875,0.3300216
Judges Fight against Trump's Immigration Enforcement via @user   Time to flush the Judges toilet... ,safe,hateful,2.2276344299316406,4889,102.1875,0.1821769
3 #miami officers fired over target practice 'jokes' #policebrutality  #newswithed ,hateful,hateful,2.342816114425659,4889,102.1875,0.3173932
@user @user @user @user @user @user @user is clearly racist and anti senior citizen. How do you allow this? Conservatives will never take you seriously if you don't start being fair. ,hateful,hateful,2.2513699531555176,4889,102.1875,0.2060837
 @user #countdown only 1 hour left till @user exciting announcement !!  ,safe,safe,2.3160462379455566,4889,102.19140625,0.2750608
@USER @USER @USER Unbelievable!,safe,safe,2.365351915359497,4889,102.19140625,0.3281071
Did he also hire a fag Jew before he was redpilled?,hateful,hateful,2.2141897678375244,4889,102.19140625,0.174196
@USER I’m not even a bron fan but he is overall the best player in the league.,safe,safe,2.350362539291382,4889,102.1953125,0.3103995
"Sweden: refugee complains about the free apartment ""not up my standards"" - Free Speech Time - @user ",hateful,hateful,2.2441318035125732,4889,102.1953125,0.1860706
"“How safe Afghanistan is!” said Afghanistan’s minister of refugees and repatriation, with obvious sarcasm. “Ask those Norwegian diplomats if Kabul is so safe, is there anywhere outside your embassy where you can go to safely?” ",hateful,hateful,2.349437952041626,4889,102.1953125,0.2897554
@user why are you so fucking good. ,hateful,hateful,2.3509864807128906,4889,102.1953125,0.3226052
@user @user Give him a shot chris. Han is a nasty H3 player :) and he is my bb ,hateful,hateful,2.225198268890381,4889,102.1953125,0.180028
@user 9:40pm sunday #scumbag from #southsudan(kot) playing mind games again blasting neighbors with music intermittently. #racisâ¦,hateful,hateful,2.340831995010376,4889,102.1953125,0.317642
@USER the democommunists have allready destroyed america put men in a womens bathroom right to child molestors n child killers n illegals have more rights than americans if u think im wrong bill say something besides kissing liberals asses,hateful,hateful,2.2188074588775635,4889,102.1953125,0.1990873
His sacrifice made him appreciate his country!,safe,safe,2.3104302883148193,4889,102.1953125,0.2739406
@WakeUpPeeps1 Read w/o slant your orig statement said 'everything' we have...that is the only extreme comment made,hateful,safe,2.3469228744506836,4889,102.1953125,0.302453
Did you know?Government statistics of crimes committed by illegalsIllegals comprise 7% of populationIllegals account for72% of all drug possession33& of all money laundering29% of all drug trafficking22% of all federal murders18%of all frauds#NODACA ,hateful,hateful,2.268760919570923,4889,102.1953125,0.2166433
@user Only suckers are paying $40 for early access to a game they'll hate in a week ,hateful,hateful,2.3264830112457275,4889,102.1953125,0.2871629
"@user id marry this fukin whore,& let the bitch behind her be best lady at the wedding ",hateful,hateful,2.3673455715179443,4889,102.1953125,0.3106261
@USER @USER how the fuck is puting raven with derrick and dan and dr. will saying she's a mastermind when she didn't do shit put bitch about being sick and being annoying and boring. take raven out and put tyler in. he is playing a great game even the  great player who won said he's good,hateful,hateful,2.3815879821777344,4889,102.1953125,0.3315681
"RT @WhyVee: @georgegalloway A Muslim wmn covers the yellow star of Jewish neighbour with her veil to protect her, Sarajevo,1941. http://t.c&#8230;",hateful,hateful,2.2463362216949463,4889,102.1953125,0.2101847
@USER @USER I support Jahs blessings on his hussle ....he is d bomb,hateful,hateful,2.3070971965789795,4889,102.1953125,0.2520346
.@USER  WHAT numbers do YOU use? Where do YOUR numbers come from?  WHY did you ignore the current THEFT from Medicare?  Is your ignoring the cost ignorance or deceit?  MAKE Liberals pay for #WelfareForAll! #Iatrogenesis ,safe,hateful,2.3761799335479736,4889,102.1953125,0.3210478
but I'd bet those idiots leavin those lib cities will still vote lib (like the lefties leavin California due to lib policies that still vote lib) https://www.naturalnews.com/2018-07-31-new-york-and-california-resort-to-mafia-style-tax-tactics-to-prevent-their-tax-farm-citizens-from-escaping.html,safe,hateful,2.3796632289886475,4889,102.1953125,0.3415581
@SactownProidgy @SpeakComedy @yunglucy_ @karon_avila I just noticed you guys called me a jiggaboo,safe,hateful,2.2360897064208984,4889,102.1953125,0.192183
Two things I hate in this world. People who comment on something to which they have no idea and trashy bloodlines thinking they are part of the white race. Fucking filth.,hateful,hateful,2.295198917388916,4889,102.1953125,0.2462602
"The SPLC report titled 'Hate in Europe: includes a mention of the recent Men's Issues conference in London. SPLC describes our concern for men's issues as 'male supremacist' and quote soundbites from speeches in prejudicial isolation, stripped of actual context.  https://www.splcenter.org/hatewatch/2018/08/03/hate-europe-july-2018",safe,hateful,2.368147850036621,4889,102.1953125,0.3160034
"After WWII if Jews would have just kept their heads down, their mouths shut and integrated into society none of the things they feared would have ever happened. Now they're looking at a self-fulfilling prophecy. ",safe,hateful,2.367570638656616,4889,102.1953125,0.3202767
"Q in his latest posts talks about fake news being even more intense, this is what they do. It's called desperation and panic and not winning. LOL ",safe,hateful,2.2233083248138428,4889,102.1953125,0.1840754
@user Then I see like this and lust over the girl with the long blond hair and the bare midriff and micro-mini and realize she is now 48 years older and could be a great grandmother today! 😱 People wonder why I love legs until I show them what I grew up with. ,hateful,hateful,2.350248098373413,4889,102.1953125,0.2971095
@user Hmmmmm 🧐🧐 No one is doing anything so maybe don’t change pitchers every batter.  Also if he is this genius maybe he should realize this team peaked a month ago. ,safe,safe,2.350132942199707,4889,102.1953125,0.2946817
@USER Chicago has record number of homicides! Their gun control laws are not working!,hateful,hateful,2.381927251815796,4889,102.1953125,0.3450047
@StefanMolyneux   Do your self a favour and interview @RockingMrE,safe,safe,2.2249772548675537,4889,102.1953125,0.1723543
Every time I see DavidHogg on any media all I can think is #Cuck,safe,hateful,2.361563205718994,4889,102.1953125,0.3182093
stop bullying. stop racism. everyone can stand up to it and say it's wrong and treat everyone with respect. #everydayheroes  #bully,hateful,hateful,2.220562696456909,4889,102.1953125,0.1835356
@user 10 cities to avoid this winter ,safe,safe,2.321739673614502,4889,102.1953125,0.2796715
@user Good shit ,hateful,hateful,2.385009527206421,4889,102.1953125,0.3390122
@user She is such a witch.  All she needs is a broom ,hateful,hateful,2.2123234272003174,4889,102.1953125,0.1717286
@user @user she is a bad girl ! bad bad gril :) ,safe,hateful,2.3634793758392334,4889,102.19921875,0.3153025
@USER This is not a new tactic for the left..  This is actually their go to tactic they have used throughout the decades. This is a playbook right out the Nazi-socialist playbook..The democratic socialist are today's neo-nazis. Aka antifa. #TheGreatAwakening #MAGA #QAnon,hateful,hateful,2.2556650638580322,4889,102.203125,0.2208772
Gab is for anyone who supports free speech. You’re welcome here. ,safe,safe,2.292022705078125,4889,102.203125,0.2509913
Stephen Miller’s Sinister New Immigration Proposal ,hateful,hateful,2.3672616481781006,4889,102.203125,0.3217422
@USER @USER  BRUH THIS??? LMAOOO,hateful,hateful,2.2323598861694336,4889,102.203125,0.176468
20 Crazy Things Liberals Blame Trump For via @user  Unhinged blame everything on our President. ,hateful,hateful,2.340937614440918,4889,102.203125,0.3090699
@USER And then we can issue each one of them a pink unicorn.,safe,safe,2.2164151668548584,4889,102.203125,0.1727646
@user No wonder antifa wunderkind @user wanted to work with you. ,safe,hateful,2.3466038703918457,4889,102.203125,0.3093406
@user Ok but please understand that I am not one of dubakoor mumtaj dubakoor army. I only support her for certain things. I get what you are saying and I don’t understand how she has survived from up to this point. For me she is not fit for title winner. ,hateful,safe,2.3648080825805664,4889,102.203125,0.3194324
@user has happened far too often  @user,hateful,hateful,2.203308582305908,4889,102.203125,0.1692669
"An island of civilization in an increasingly dark world, Bettys was founded by an immigrant from Europe and owes its success to a harmonious fusion of cultures. Is there a lesson here? ",hateful,safe,2.3552141189575195,4889,102.203125,0.3033973
@user @user Bitch stfu you was just talking shit about her stop tryna get clout fat neck hoe ,hateful,hateful,2.3738441467285156,4889,102.203125,0.3200518
When your girlfriend gets a new hair cut ,hateful,safe,2.3189592361450195,4889,102.203125,0.2935269
"@senatemajldr @POTUS So wait...MAGATs are calling for postponing the election but, he is doing great?  Carry on! @JoeBiden #GetBackabetter #BidenHarris2020",safe,hateful,2.253694534301758,4889,102.203125,0.2022215
@user @user Conservatives only care about democracy when it's their opinions and so called racist rights are in jeopardy. Anyone else they don't give a shit about. It's sad. ,hateful,hateful,2.3673317432403564,4889,102.203125,0.3434126
look up ð #popeyevillage #malta #igers #girl #instamood #woman   @ popey village (malta) ,safe,safe,2.1908788681030273,4889,102.203125,0.1487788
It would not surprise me if Chuckie Boy finally shuts his mouth.,safe,hateful,2.3667333126068115,4889,102.203125,0.3157103
@user looking forward to the show 2morrow what time r u going on?  ,safe,safe,2.3773279190063477,4889,102.203125,0.3281548
rise up today is out!  stories of police brutality from @user @user @user #police ,hateful,hateful,2.235339403152466,4889,102.203125,0.184273
"@user #rebellion in the #uk? when you #dontbuythesun &amp; all those rags that only spread #tories propaganda, fear, hatred,â¦ ",hateful,hateful,2.3456015586853027,4889,102.203125,0.3063583
"""It is the enforcement of property rights, not the prohibition of aggression, that is fundamental to libertarianism."" ",safe,safe,2.364170551300049,4889,102.203125,0.3128887
"He's out of the hospital, now let's get him out of the white house and into a jail cell.[NEWLINE]#BidenHarris2020 #TeamPetty4Joe #TeamPetty4Dems #TeamPetty4Kamala https://t.co/LjDIYA76og",safe,hateful,2.3744583129882812,4889,102.203125,0.3179124
@user I can't wait for Kavanaugh to throw gun control in the garbage can where it belongs. ,hateful,hateful,2.234670877456665,4889,102.203125,0.1825678
@user Thank you... she is my world #CartersBodysuitSweepstakes ,safe,safe,2.3201112747192383,4889,102.203125,0.2783136
Want to know what's really 'problematic' ?? Women freaking out over nothing! #triggered #idiots@ ,safe,hateful,2.360771894454956,4889,102.203125,0.3383011
.. this woman has nothing but play tennis and yet she is constantly being disrespectful it’s insane. the whole all owes her an apology atp URL,hateful,hateful,2.379568338394165,4889,102.203125,0.338262
@USER @USER You are Incredible,safe,safe,2.222904682159424,4889,102.203125,0.1734106
"BITCH YOU A PEDO YOU STILL TALKING BOUT CREDIT CARDS, been going past 2 days like a hurt HOE @user ",safe,hateful,2.3485970497131348,4889,102.203125,0.2979328
"She degraded dark skin women and the LGBTQ community, that hoe is cancelled for life ",hateful,hateful,2.3704960346221924,4889,102.203125,0.3450111
@user Another lying liberal.. Many lying libtards will be exposed as they  unclassifie documents. The Liberals will lie cheat and steal to try to bring our country down. Stop this anti-American idiotic socialist movement vote Republican in November Trump 2020. ,hateful,hateful,2.3894450664520264,4889,102.203125,0.352492
@user And I’ll assume you are anti-Jujubes? ,safe,hateful,2.230515718460083,4889,102.3203125,0.1782204
"I want that man handling my food, living near a school.",safe,hateful,2.323348045349121,4889,102.3203125,0.2656551
"i'm so sad i put creamer in my coffee hoping it would cheer me up. didn't work, but made my mouth happy.   #workbuddy #leaving #funny",safe,safe,2.3753111362457275,4889,102.3203125,0.3333782
@USER @USER He worries about “antifa” while he invites and poses for pics with known neonazis. SMDH,hateful,hateful,2.3731818199157715,4889,102.3203125,0.3306497
@USER Cause I dead have no clue who she is.,safe,hateful,2.21976637840271,4889,102.3203125,0.1714976
Are Twitter Employees Viewing D*ck Picks and Naked Shots of Minor Users?… Or Just Adults?  http://thegatewaypundit.com/2018/01/twitter-employees-viewing-dick-picks-naked-shots-minor-users-just-adults/  Getting paid to view kiddie porn for work? Who do we report this to?,hateful,hateful,2.3752317428588867,4889,102.3203125,0.3205115
@user And the most insignificant comment comes from a Miss America contestant. ,safe,hateful,2.3541975021362305,4889,102.3203125,0.3042033
cavs win this season in nba    #nbafinals  #game7  #lebronjames  #champions,safe,safe,2.3644418716430664,4889,102.3203125,0.3041519
Learn from Most of #Europe that's been #Invaded by Mostly Muslims! Then look at #Italy #Poland & others who Elected Politicians to #StopImmigration & #DeportIllegals #Sweden & #Germany now trying to Reverse the Huge Mistakes of Unlimited Migration of ppl who Refuse to #Assimilate ,hateful,hateful,2.2925097942352295,4889,102.3203125,0.2357853
Yea well we are quickly approaching a perfect storm of suck where we will pay half of our money to be raped by a pack of feral 3rd world vermin.  Flipping the table is the sane option.,safe,hateful,2.2978639602661133,4889,102.3203125,0.2566519
https://www.youtube.com/watch?v=j19LPokgTWI --- Bandidos trazem armamento fortes pelas fronteiras da Venezuela AK47,safe,hateful,2.348839282989502,4889,102.3203125,0.3097728
 @user can't wait to get my iphone so i can tweet all the time :)   #iphone5,safe,safe,2.3677878379821777,4889,102.3203125,0.3232025
@user @user @user who cares? with all the things going on in the world today u think this stupidity matters?  ,safe,hateful,2.2331409454345703,4889,102.3203125,0.1842799
@user @user It doesnt matter who said it.  YOU ARE CORRECT .  If anyone that stupid to out your life and families lives in jeopardy based on politico. Dam fool. ,hateful,hateful,2.334904670715332,4889,102.3203125,0.309109
first day at btg tomorrow! #nervous  ,safe,safe,2.222294807434082,4889,102.3203125,0.1727037
It's the same wherever they go... #Savages,safe,hateful,2.340041160583496,4889,102.3203125,0.3014737
kattiebrilliant - i like to be sensual... to make love ... you can t ...: #xxx #shy #sexy #porn   #kinky... ,safe,hateful,2.357557773590088,4889,102.3203125,0.3090742
@USER Ashole gonna eat himself to death,hateful,hateful,2.2568509578704834,4843,102.3203125,0.2074817
"@USER @USER @USER She is a journalist and spreads fake info about painting of shree Krishnaji. Why people forget ligic &amp; professionalism when they try to be secular"". Do not tear our religious books to prove your stupidity. Fight your cause with moral means. URL",hateful,hateful,2.3279638290405273,4843,102.3203125,0.2852539
"“When Mexico sends its people, they’re not sending their best... They’re bringing drugs. They’re bringing crime. They’re rapists. And some, I assume, are good people.” Strangely, @user depends on foreign workers for his properties. #Immigration ",hateful,hateful,2.3649401664733887,4843,102.3203125,0.3095923
looking forwards to a sneaky peek @user new extension tomorrow @user   #huddersfield,safe,safe,2.3601455688476562,4843,102.3203125,0.3255423
"I love it when you said, ""the bitch is back."" 😊 I missed you assholes! 😙🌵 ",safe,hateful,2.342406988143921,4843,102.3203125,0.2885946
@USER The killer is in the house. #MAGA #WallDoesntProtectFromAmericans,hateful,hateful,2.402743339538574,4843,102.3203125,0.3481938
I wonder what skeletons fake Qanon is hiding?,safe,hateful,2.4026215076446533,4843,102.3203125,0.3614623
IF Bannon was smart he wouldn't hire Muslims and race-mixing kike faggots. I have no respect for Breitbart or any other outfit that doesn't NAME THE FUCKING JEW.,hateful,hateful,2.3557465076446533,4843,102.3203125,0.3178743
hey @user you own #hate . nobody comes close  #fearmongering #misogny #scum ,hateful,hateful,2.3812339305877686,4843,102.3203125,0.3310508
boom boom #championboi #livingthatlifestyle  â¦ ,safe,hateful,2.3913519382476807,4843,102.3203125,0.3497805
@user Did this happen when she played her sister? “Mom!!!! Serena beat me over my head with the tennis racket again.”  “ Now. Now. Mommy will bake you some cookies and tell you how your sister is marginalizing your existence.” ,hateful,hateful,2.359023332595825,4843,102.3203125,0.3149377
@user Dick Durbin figures if he lies often enough people will start to believe him. Right out of leftist dictatorship playbook. @user @user @user @user @user @user @user @user @user @user @user @user ,hateful,hateful,2.389435291290283,4843,102.3203125,0.3457445
@USER Then I'm as crazy as you are cause I believe the same outcome will happen this Sunday 49ers 27 KC 17 Niners baby👍👊,hateful,hateful,2.3938095569610596,4843,102.3203125,0.3560737
"@karmendanielle_ aka he wanna keep you warm, shoulda just introduced himself #coons",hateful,hateful,2.326890468597412,4843,102.32421875,0.2748312
@USER @USER #Liberals believe rules are for the Middle Class and those hoping to join them.  #ethics #friendsandfamily  #cdnpoli #lpc @USER  @USER @USER,safe,hateful,2.3998701572418213,4843,102.32421875,0.3540485
No matter what color a girl is she still a ho 😂😂 ,hateful,hateful,2.3994197845458984,4843,102.32421875,0.3644499
 @user #planetford wishes all the dads out there a   #fathersday! ,safe,safe,2.318794012069702,4843,102.32421875,0.2731442
@USER @USER 'Unintentionally' u fukin pedo.,hateful,hateful,2.4025731086730957,4843,102.32421875,0.3460009
@user @user @user @user LOL!!!   Throwing the BULLSHIT Flag on such nonsense!!  #PutUpOrShutUp   #Kavanaugh   #MAGA   #CallTheVoteAlready ,hateful,hateful,2.413902997970581,4843,102.32421875,0.3712791
get u a girl with a resting bitch face that only smiles at u ,hateful,hateful,2.322377920150757,4843,102.32421875,0.2720452
@user I loved her since victorious. She was my first girl crush but when I first heard The Way I became a hardcore stan. ,hateful,safe,2.3380956649780273,4843,102.328125,0.2827187
@user @user @user In a country where people openly abuse ram...krishna...tearing geeta is no bravery....real bravery would have been if she had done this with books belonging to other religions.....but then she is as big a coward as you are. ,hateful,hateful,2.4845635890960693,4843,102.328125,0.4396542
@USER @USER fix this shit!,hateful,hateful,2.312628746032715,4843,102.328125,0.2670703
Then I hit the club ballin wit a bad attitude. hoes like who u think u is? I'm like bitch who is you? ,hateful,hateful,2.4121665954589844,4843,102.328125,0.3711703
@user your comments are reflections of ignorance and  c@user @user @user @user @user,hateful,hateful,2.411513328552246,4843,102.328125,0.3552885
battle of ideologies never let anyone steam roll you for what you believe people say the left will never punch left well that is why they have trannies and fags and degeneracy the idea of never punch right is stupid because you make degeneracy feel like its home.  THE WEAK SHALL FEAR THE STRONG,hateful,hateful,2.368739128112793,4843,102.328125,0.3113655
"@user ""green book"" ""sundown towns"", #route66 guide a reminder of  that faced travellers under #us #segregation  ",hateful,hateful,2.3805806636810303,4843,102.33203125,0.3259795
"my drawing - ""lonely and over thinking ""  #drawing #a #pencil #pencildrawing   #lonely #emotional ",safe,safe,2.3902742862701416,4843,102.33203125,0.3359891
@user   fathers day to you ðð,safe,safe,2.2426700592041016,4843,102.33203125,0.2028782
women are just boneless men,hateful,hateful,2.3310136795043945,4843,102.33203125,0.2890206
I'm shillin' Azurea Juncture.,safe,safe,2.3690788745880127,4843,102.33203125,0.3205686
@user @user @user @user ohhh wow kareena also  very much,safe,safe,2.375101327896118,4843,102.33203125,0.3444437
How the hell was David Murphy's hit not a home run?! Clearly over the yellow line. @MLB another umpire mess up.... Smh,safe,hateful,2.339665174484253,4843,102.33203125,0.2924961
RT @user 😂😂😂 ,hateful,safe,2.412330389022827,4843,102.33203125,0.3551818
How do We Make Babies?: White Genocide Propaganda in French Educational Books for Children #defendeurope #stoptheinvasion #WhiteGenocide #openborders #multicultural #diversity #diversityisourstrength ,safe,hateful,2.4193994998931885,4843,102.33203125,0.4005875
" @user .@user is a dummy! has no clue! believe me, at this point there are no states that i'll win anyway! ",safe,hateful,2.346801519393921,4843,102.3359375,0.3019829
"English, muthafuker...do u speak it?  Or do u just REEEEEEEEEEEEEEE",safe,hateful,2.3884642124176025,4843,102.3359375,0.3434274
"King, TI vs tip and that troubleman albums all trash.",safe,hateful,2.412147283554077,4843,102.3359375,0.3541902
@user You are the man Gregg! ,safe,safe,2.233768939971924,4843,102.3359375,0.2047164
I wanna go to a trash talk concert,hateful,safe,2.3229238986968994,4843,102.3359375,0.2778025
"@user @user shut yo whore ass up, bitch ",hateful,hateful,2.365999937057495,4843,102.3359375,0.3270067
"@user It Is Logical, Not Evil,To Be Anti-Immigranthttps://t.co/XEvVeonxIo ",hateful,hateful,2.381089687347412,4843,102.3359375,0.3542541
He will say its correctly for National Security. #BuildThatWall ,safe,hateful,2.2815327644348145,4843,102.3359375,0.2453316
"@user @user @user @user @user @user Well only 10% of Illegal Aliens work on farms the rest work in Service, Construction and Retail #jobs the same jobs Americans and Legal Immigrants do !  We wont miss not 1 Illeg ",hateful,hateful,2.3208229541778564,4843,102.3359375,0.2836105
@user Hopefully not. ,safe,hateful,2.3486099243164062,4843,102.3359375,0.3192953
"if you canât honestly say that you are  , you are not leading a fulfilled life. the next step is to assess your life #mindfulness #yoga",safe,safe,2.3818106651306152,4843,102.3359375,0.3386399
"World Relief first began welcoming refugees in 1979. Since then, 300,000 refugees have begun rebuilding their lives with the help of dedicated volunteers and generous donors. Will you help provide the same welcome for today's refugees? Join today âž ",safe,safe,2.3300793170928955,4843,102.3359375,0.2781041
"ã life is way too sho to waste it, i say bring on anything ã  #run #sweat #cardio  â¦ ",safe,safe,2.419692277908325,4843,102.3359375,0.3827769
"if you’re really gonna sit and bitch about women hating on men for raping and harassing them, please exit my life immediately and forever ",hateful,hateful,2.4129204750061035,4843,102.3359375,0.3804403
@user @user @user Wow !!! no wonder the Liberals only got worse as a party of bullies to women...??? no accountability. ,hateful,hateful,2.329526901245117,4843,102.3359375,0.2964249
they are rockin  @user  at -#lapride  #myall #fantasy  ,safe,safe,2.3232996463775635,4843,102.3359375,0.2819638
@user Who will abuse it the most: liberals or RINOS? ,hateful,hateful,2.316096782684326,4843,102.3359375,0.2706647
The U.S must stop importing the Worlds Poor if they cant take care of themselves #sendthemback Stop allowing Foreigners to live off U.S Taxpayers #Trump #MAGA ,hateful,hateful,2.347874164581299,4843,102.3359375,0.3170496
"Dear White South Africans: (hug) (stage whisper)  I think you should burn everything that will burn, smash whatever else is left, and salt the fucking ground.",hateful,hateful,2.343425750732422,4843,102.3359375,0.3006849
"You see, this is the real battle you have to fight. [NEWLINE]@joeBiden @SenSchumer @SpeakerPelosi @TheDemocrats @DemocracyDocket @marceelias #BidenHarris2020 https://t.co/5BWaanI77b",safe,hateful,2.414206027984619,4843,102.3359375,0.3707664
"What would make this beautiful land/people better? Oh, I know! 7th century barbarians, chopping off women's genitals, and human bombs. ",safe,hateful,2.407426595687866,4843,102.3359375,0.3620068
my hea breaks for those who's own family doesn't cheer them on and puts them down.  ,safe,hateful,2.3231403827667236,4843,102.3359375,0.284431
CALL ME AL | EP. 27 | JIM GOAD + @JayDyer‍  | WHAT IS THE BOOMER QUESTION? @BitChute‍   https://www.bitchute.com/video/DPeqb4OuLe9J/,safe,hateful,2.416982889175415,4843,102.3359375,0.3848431
 @user excited daddy brutal b -  #butthole #sex #daddy #bunch   #brutal ,safe,hateful,2.4099931716918945,4843,102.3359375,0.3674875
"Good, that makes you easier to find when shit hits the fan!",safe,hateful,2.3169069290161133,4843,102.3359375,0.2776367
I had a “conservative” point me to that movie when I said diversity killed NASA. No joke. People buy that shit apparently.,hateful,hateful,2.4049627780914307,4843,102.3359375,0.3625316
"If I was in Commiefornia, I'd be eating at least 2 meals a day there.",safe,hateful,2.405909299850464,4843,102.3359375,0.3824619
@USER Call bullsh#t just poor losser,hateful,hateful,2.3016438484191895,4843,102.3359375,0.2664883
Selling ex lax brownies in front of Meijer to pregnant women. #GoodDeed,hateful,hateful,2.4125680923461914,4843,102.3359375,0.3634525
#repost @user with repostapp ã»ã»ã»   #guests at yourâ¦ ,safe,safe,2.4114322662353516,4843,102.3359375,0.3752511
"by assessing a penalty, the @user just called their champion, dustin johnson, a liar. making a mockery of the game. #disgusted #usga  ",safe,hateful,2.2888596057891846,4843,102.33984375,0.2608451
1000 gay children have now died as a result of bert and ernie not being gay. hope ur happy conservatives. ,safe,hateful,2.3106000423431396,4843,102.33984375,0.2571397
Our country is doomed if #Illegals vote! #BuildThatWall #VoterID #VoteRepublican2018 ,hateful,hateful,2.3593027591705322,4843,102.33984375,0.319255
@USER The truth for the gun control/anti-2A URL,hateful,hateful,2.393641948699951,4843,102.33984375,0.3660979
@user @user @user @user empty your mind and god shall speak. To you? Through you? If you are wise increase in abundance. But surely I'm a fool who has not seen the most powerful who has ascended? Or descended? How times are rare but his messages are absolute. ,hateful,hateful,2.367457628250122,4843,102.33984375,0.3100424
"@twilight__realm @newscentermaine And Biden wouldn’t say if he would pack the court or end the filibuster. I think those are more demanding issues right now. Trump has condemned Neo-Nazis, white supremacists, the KKK, antifa, Black Lives Matter and every other racist intent. It needs to stop.[NEWLINE]#Trump2020 [NEWLINE]❤️🇺🇸❤️",safe,hateful,2.3942668437957764,4843,102.33984375,0.3752052
@USER I met him several years ago. He is the shorter than you’re expecting man.,safe,safe,2.2904744148254395,4843,102.33984375,0.2682022
finding dory with my best friend tommorow   #findingdory,safe,safe,2.278890371322632,4843,102.33984375,0.2493505
@user @user @user @user where's the ? you need to reappraise your victimhood.,hateful,hateful,2.3287131786346436,4843,102.51171875,0.2843576
"View from the ghetto ain't bad, Rio http://t.co/umjPU8gT",hateful,hateful,2.397550582885742,4843,102.51171875,0.3679563
Just about sums England up. The newly wed royal couple emerge from the church to the sound of a woman doing that Bedouin shrieking sound from the crowd. ,safe,hateful,2.415724754333496,4843,102.51171875,0.3866417
"@user @user A man with 3 wives, 15 women accused him of assault, 13 yr old girl accused him of rape, makes speech about religion &; values. Funny! ",safe,hateful,2.352024793624878,4843,102.51171875,0.3081437
Patton -Oswalt - Hollywood 'comedian' women enjoy rape #tcot #tlot #maga ,hateful,hateful,2.3881449699401855,4843,102.51171875,0.3475677
7/ ,safe,safe,2.3979532718658447,4843,102.51171875,0.3707398
"ok this is not for kids but OMG this woman is hysterical, !!! I think these things sometimes !!!! but she by god... ",hateful,hateful,2.330819845199585,4843,102.51171875,0.282978
.@DFBHarvard Do you find it odd that @user has been so quiet lately? #guilt ? #Turnout2018 #MAGA #BUILDTHATWALL #KAG #DRAINTHESWAMP ,safe,hateful,2.4148433208465576,4843,102.51171875,0.3603118
  #father's #day to all that deserve to be #call a #dad even if it's a #woman. #god #blessâ¦ ,safe,hateful,2.4031364917755127,4843,102.51171875,0.3755016
@USER @USER @USER That's the point you waffle faced nob goblin,safe,hateful,2.317303419113159,4843,102.51171875,0.2753042
great to see you guys! can't wait to make things happen. #watchthisspace #runhappy #futureplansinthemaking ðððð»ðð»ðð» ,safe,safe,2.3802907466888428,4843,102.51171875,0.3229405
@USER @USER @USER @USER @USER @USER @USER is clearly racist and anti senior citizen. How do you allow this? Conservatives will never take you seriously if you don't start being fair.,hateful,hateful,2.4446208477020264,4843,102.51171875,0.416512
"Let’s me honest, Jews offer things and the white women are just skanks. Muslims gang rape and beat white women. ",hateful,hateful,2.3403303623199463,4843,102.51171875,0.2871319
LOL http://www.washingtonexaminer.com/court-slams-epa-...,safe,hateful,2.397676944732666,4843,102.51171875,0.3554272
Don't these PIGS have a job? Don't these SLOBS have a life?  Where is there outrage against  bill clinton keith ellison harvey weinstein THESE PROTESTERS ARE  HYPOCRITES! #MAGA URL,hateful,hateful,2.4293808937072754,4843,102.51171875,0.3717254
@USER @USER @USER @USER Pittsburgh sucks kek,safe,hateful,2.311842918395996,4843,102.51171875,0.2686866
@USER Are you joining ANTIFA?,safe,hateful,2.3868894577026367,4843,102.51171875,0.3539006
@USER @USER Will @USER or @USER ask for some sort of gun control or once again do NOTHING? They seem to be really good at doing NOTHING!,hateful,hateful,2.431363344192505,4843,102.51171875,0.3844601
check  pt 1.   #nationalbestfriendsday to these #kids who put up with my weirdness everyday   ...,safe,safe,2.2479183673858643,4843,102.51171875,0.2238375
@user @user @user @user Now Comes The Pain...........  #MAGA🇺🇸🇺🇸🇺🇸🇺🇸🇺🇸  #WWG1WGA ,hateful,hateful,2.3029868602752686,4843,102.51171875,0.2862837
@user Bummer that you are excluding A-List members from the #AStarIsBorn special events. I guess you guys are already testing shady Moviepass tactics on us. 😒 ,safe,hateful,2.3731462955474854,4843,102.51171875,0.3287827
@user Wake Up & Prepare to Stop the Evil Dead in it's Tracks! #SendThemBack #DeportTheUndesirables #KickOutTheLyers #SaveTheWorldUnderTheOneTrueGod ,hateful,hateful,2.3757283687591553,4843,102.51171875,0.3621153
"@user Not all women deserve respect. Not all men deserve respect. Respect is earned, not deserved. #metoo #auspol ",safe,hateful,2.287863254547119,4843,102.51171875,0.2526723
                               My loyal #MAGA followers need to read this!!! ,safe,hateful,2.3062331676483154,4843,102.51171875,0.2710373
Naturally when you grow up seeing shit like this you would become desensitized (see: South Africa Somalia Middle East etc.) So then to bring that violence here is no big deal to them. ,hateful,hateful,2.3705801963806152,4843,102.51171875,0.3327348
@user Thank you bro . I’m glad that you think she is bro because she is but if she did it wouldn’t make her any less amazing . ,safe,safe,2.33857798576355,4843,102.51171875,0.3047689
"@user @user @user @user @user @user @user @user @user @user @user @user @user @user I don't think he was calling Antifa racist, just that the verge doesent call them out as they do the supposedly    White Supremacist"""""""" ",safe,hateful,2.350215435028076,4843,102.51171875,0.3045542
I gotta stop posting about not wearing condoms cause these bitches is startin to make me wear condoms ,hateful,hateful,2.2671377658843994,4843,102.51171875,0.2450011
@user and bale is shit ,hateful,hateful,2.3599658012390137,4843,102.51171875,0.3234849
REPORT: Andrew McCabe Altered Peter Strzok’s 302 Notes on General Flynn interview – Then Destroyed Evidence ,safe,hateful,2.4029977321624756,4843,102.51171875,0.3517553
We shall hold them to it! ,safe,hateful,2.2927892208099365,4843,102.51171875,0.2643916
Eric Holder is an idiot. He is totally ineffective himself.,safe,hateful,2.2769596576690674,4843,102.51171875,0.244108
Stephan A Smith saying Jay Cutlers shouldn't be a MVP candidate is just straight up retarded,safe,hateful,2.3609840869903564,4843,102.51171875,0.318427
@USER Bad behavior like that is never acceptable.,hateful,hateful,2.3966147899627686,4843,102.51171875,0.3754678
Aaaaaaaaaaaaaaaaaaaahhh!!!! Aaaaaaaaaaaaaaaaaaaaahhh!!!! Aaaaaaaaaaaaaaaaaaaaaaahhh!!!!!,safe,hateful,2.3216400146484375,4843,94.8359375,0.2872188
S A V A G E,safe,hateful,2.4243836402893066,4843,95.4765625,0.3800084
@user #resign  #bigot ! #sandyhook tears ,hateful,hateful,2.388383626937866,4843,96.6328125,0.3496223
"it's so amazing how it's hard for disadvantaged footballers to settle a team ,yet the so called wealthy pay bribes to be in the teams ",safe,hateful,2.3378422260284424,4843,97.5078125,0.2989018
Getting played like bitch why you so jealous... I'm not gone brag onna nigga I'm playing. That's what HOES do ,hateful,hateful,2.405475616455078,4843,98.08203125,0.3555563
pleasantly surprised to be #upgraded to first class flying @user today!   traveler,safe,safe,2.4065306186676025,4843,99.46484375,0.3733694
She got caught cheating bam the bitch from the sport,hateful,hateful,2.323674201965332,4843,100.0546875,0.2694555
They are not 'immigrants' they are invaders. #sendthemback @user @user #auspol ,hateful,hateful,2.408385992050171,4843,100.6953125,0.3619864
@user Wtf aren’t they treating antifa as terrorism? ,hateful,hateful,2.415569543838501,4843,100.765625,0.3553436
"Women have a hard time In stores understanding '3 for 5'...that means you have to get 3 not 2, or 6. The deal is '3 for 5' #FUCK ",safe,hateful,2.3554434776306152,4843,100.8359375,0.3032533
"https://laserfocusedhealth.com/faq: Stop smoking using low level laser therapy in Prince George, BC with Imagine Laserworks in 1 hour,",safe,safe,2.3898072242736816,4843,100.87109375,0.3344767
@user @user Got knocked out in the first round and one a shitty decision ,hateful,hateful,2.3953402042388916,4843,100.97265625,0.3637717
Malta to take in 19 migrants after shipwreck in Mediterranean ,safe,hateful,2.3178272247314453,4843,101.21875,0.2713358
@USER @USER Don’t ever stop lil ma *COUGH* “eddandflow” *COUGH* oh shit is that my Snapchat how’d that slip out?!  ...add me 🙏🏼😩,hateful,hateful,2.415236473083496,4843,101.2734375,0.3699937
"Whether it's the sexual abuse of immigrant children, or abuse in various other forms, #AbolishICE is becoming easier and easier and easier to sell politically to independent voters, based on these atrocities: A central test for Democrats in 2018+beyondhttps://t.co/xc3anv9CYM ",hateful,hateful,2.419281005859375,4843,101.40625,0.3843511
@user #us ambassador says #zionism is form of  #israelisettlements #illegalisraelisettlements #terrorism ,hateful,hateful,2.3375024795532227,4843,101.4140625,0.2820335
@user how crazy youre a professor and you lie and slander conservatives. Wow. Lowest of the low. I hope you're proud of yourself. Every false statement you've ever made is being revorded and you'll be judged accordingly. Best bet is to just sit down w/ @user n talk ,safe,hateful,2.4102823734283447,4843,101.45703125,0.3574956
@USER Or Christian conservatives could man up and do whatever it takes to win.,safe,hateful,2.3947949409484863,4843,101.515625,0.3414791
@user @user Yep..says the same thing about everyone she hates &amp; warned the Antifa twins not to do that.. ,safe,hateful,2.3433444499969482,4843,101.578125,0.2905204
Trump’s defeat of Covid even impressed Chuck Norris!  #MAGA2020 #TrumpLandslide2020,safe,hateful,2.3888425827026367,4843,102.0703125,0.3471839
i believe and trust these powerful words #powerofpositivity #positive #peopleyoulove   #woman #smile #proud ,safe,safe,2.403245449066162,4843,102.1015625,0.3428884
Latest President Trump Job Approval poll by Rasmussen ,safe,safe,2.2665762901306152,4843,102.10546875,0.2377417
@USER @USER .@USER you want publicity? Try doing a video apologizing to your fans for kissing trump’s a$$ while burning that maga hat. Puhlease you were just apologizing to drake &amp; posting video of your daughter singing the Kiki song. So stop it. Nobody’s buying this album either URL,hateful,hateful,2.3383281230926514,4843,102.125,0.3038079
Uptick in Venezuela migrants continues to rise in Colombia ,hateful,safe,2.3220300674438477,4843,102.171875,0.2710919
"1/5 Several women MPs key in 1990s gun control debate in Canada. Min of Justice @user did heavy lifting for @user In introducing 1991 gun law she said Gun control works. It is probably the oldest and most effective form of crime prevention law..."""" #cdnpoli #cdnhist ",hateful,safe,2.4171886444091797,4843,102.171875,0.3606385
When you finally find yourself a sugar daddy and all your dreams come true ,safe,safe,2.3203535079956055,4843,102.23046875,0.2663222
@USER @USER @USER Oh so now you are comparing a government law enforcement agency which is subject to constitutional laws to a private corporation. Yeah that makes sense. Wait... No it does not. Stop talking. You are a complete imbecile.,hateful,hateful,2.4394075870513916,4843,102.265625,0.384502
Thank God that bears still love picinic baskets ...,safe,safe,2.3868355751037598,4843,102.296875,0.3427673
@user Pop QUIZ #MAGA  The New Antifa #Democrats Party are: ,safe,hateful,2.306328058242798,4843,102.30859375,0.2622668
@user If he’d just said “give me a lawyer asshole” they’d have given him Dershowitz. ,hateful,hateful,2.291853189468384,4843,102.30859375,0.2383369
@USER @USER @USER @USER @USER @USER @USER Especially since you are a fascist nazi as I can tell by your profile you people are pathetic shame on you !,hateful,hateful,2.3619191646575928,4843,102.30859375,0.3182466
@user Conservatives Vote NOW! Fed Up With Stupidity! ,hateful,hateful,2.3860278129577637,4843,102.30859375,0.3410007
It's not the beat cops! It's the ASSHOLE Mayor deBlasio! ,hateful,hateful,2.315680742263794,4843,102.30859375,0.2814075
"Police Arrest Antifa Member with Cache of Bomb-Making Materials, Guns, Manifesto ",hateful,hateful,2.427870035171509,4843,102.30859375,0.3717643
@USER @USER Why don't they want health care? Why do they want rich people to pay less taxes? Why don't they care about the deficit? Why don't they want any gun control? Why are they so afraid of immigrants? Why are they so full of hate when they control all branches of government? Why???,hateful,hateful,2.428755521774292,4843,102.30859375,0.3845505
@user The bitch doesn't deserve a cent of your money bro... move on ,hateful,hateful,2.303328037261963,4843,102.30859375,0.2688361
Who Are Brett Kavanaugh's Enemies? ,hateful,hateful,2.412527561187744,4843,102.30859375,0.3603191
@user Zarries didn’t start this conversation! It was a larry shipper that trash talked our ship!! So how about y’all petty ass larries stay out of our mention eh?!! ,hateful,hateful,2.4237725734710693,4843,102.3125,0.4030738
The #Child-#Rape Assembly Line via @user We cannot #trust a #Catholic #priest. We cannot trust a #Jewish #rabbi - Why do we let these #people have #secrets?  #GreatAwakening #MAGA @user ,hateful,hateful,2.3573079109191895,4843,102.3125,0.320987
happy father's day!   #fathersday #love #family #life   #jackson #ilovebeingblack #justusâ¦ ,safe,safe,2.346372365951538,4843,102.3125,0.2980422
@user Smack the shit outta her 😂😂 ,hateful,hateful,2.431222438812256,4843,102.3125,0.3826084
@USER She is a courageous intelligent woman who knows the crap that people will say - she is standing up to some evil and powerful and ruthless men who will stop at nothing to destroy her and her testimony,hateful,hateful,2.3334221839904785,4843,102.3125,0.3026522
"Please RT if you like!! #luxurycars #luxury #supercars #cars Golfer Gets Hole-In-One, Wins a Porsche ",hateful,safe,2.333730697631836,4843,102.31640625,0.2915908
@user Funny. The hysterical Kamala moves into the lead for Most hysterical woman. #AnnCoulter ,hateful,hateful,2.3114395141601562,4843,102.31640625,0.2626115
rubbing cock on face woman with three tits ,hateful,hateful,2.3438374996185303,4843,102.31640625,0.2958055
@JimCody3 I've created my own mental video it. It consists of Mike Pence in an old wife beater with a shit-eating grin on his face piecing together a bunch of old 80s action figures until he gets a blow-up doll that looks like Trump.,hateful,hateful,2.336184501647949,4843,102.31640625,0.3028755
let the sushine ! ððâð»ð¶ #wednesday #morning   #smile #picoftheday #brune #blueeyesâ¦ ,safe,safe,2.2503764629364014,4843,102.31640625,0.2228547
5 away from 900 followers! Let's do this!,safe,safe,2.3091232776641846,4843,102.31640625,0.277074
im wearing a sweater and it's ike 80 degrees in my house,hateful,safe,2.431901216506958,4843,102.31640625,0.3932162
"Charles Schumer, is that you?",safe,safe,2.2823479175567627,4843,102.31640625,0.2500947
"And with the renewed Ebola outbreak in Congo things will get messy pretty fast as well thanks to unchecked ""invaders"" like in Spain lately.",safe,hateful,2.3066959381103516,4843,102.31640625,0.2715883
Black coffee still suck ass by the way. ,hateful,hateful,2.3626372814178467,4843,102.31640625,0.3185606
Has that frickin boon doggle Obama been arrested yet?,hateful,hateful,2.3988611698150635,4843,102.31640625,0.3524156
@user ji working hard for image makeover of india in world still #presstitutes &amp; opposition are taking him on #udtapunjab issue  ,safe,hateful,2.3282744884490967,4843,102.31640625,0.2944976
@USER I love it that the wet liberals are so frightened by the US. And yet are so keen to deal with the non-democracy that is Europe.,hateful,hateful,2.417860984802246,4843,102.31640625,0.3728724
"I'm of Irish decent. Kind of hard to find any fault in St. Pat's Day. It's a rather sedate/pleasant holiday. Being irked by St. Patrick's Day I find to be a bit odd. To each their own, I guess....",safe,safe,2.414612293243408,4843,102.31640625,0.3771609
lebron do all this pushing but cry when somebody touches him  ,safe,hateful,2.3113768100738525,4843,102.31640625,0.2700219
@user @user   Pls take a look at signing gordon he is the deep threat with goodwin hurt we need and only 27. @user  come play with Grop ,hateful,hateful,2.417848825454712,4843,102.32421875,0.3847206
He can shout out to me any time he wishes.... #MAGA Thank you sir! @user ,safe,hateful,2.417625665664673,4843,102.32421875,0.3828705
"ð¼""the drug in me is you""ð¼   #music #quote #neverwanttoletgo ",safe,safe,2.279283046722412,4843,102.32421875,0.222725
@USER @USER @USER Character assassination and intimidation are two of the favorite weapons Liberals use against those who do not agree with them. Some(like Ms Waters) promote violence &amp; support Antifa ( who has actually stated they want to kill Trump and his supporters). Skeptical ?.lol @USER,hateful,hateful,2.3165571689605713,4843,102.32421875,0.2782464
RT @user When you first start dating vs a year later ,hateful,safe,2.3577377796173096,4843,102.32421875,0.3018077
@user Brennan is a disgrace-without a clearance 😃 ,hateful,hateful,2.403000593185425,4843,102.328125,0.3507
@user @user @user @user @user Let’s keep the same energy when talking about gun control after a mass shooting ,safe,hateful,2.3263354301452637,4843,102.328125,0.2865988
@user Very simple....More gun control ads equals more guns sold. The gun illiterates aren’t smart enough to figure this out ,hateful,hateful,2.3979196548461914,4843,102.328125,0.36486
@USER I think she is the one mad.  She didnt like being called out so she is trying to make them bully me. 😆,hateful,hateful,2.417233943939209,4843,102.34765625,0.3767137
@USER I think Becka belongs in that room with the trash making comments like that. I don't hear you denouncing ANTIFA...who ironically models their flag after the nazis.,hateful,hateful,2.348710060119629,4843,102.34765625,0.2992372
this diagram explains trump's response to orlando   @user  #rip #theresistance #resistance #resist  #maga,hateful,hateful,2.407766342163086,4843,102.34765625,0.3596732
"Soon I'm done fucking, bitch put your shoes on ",hateful,hateful,2.4053447246551514,4843,102.34765625,0.3626114
@Yankees team sucks,hateful,hateful,2.3031392097473145,4843,102.34765625,0.2668115
bitch ass hoe you feel me ,hateful,hateful,2.2725439071655273,4843,102.34765625,0.2420937
weâre putting the finishing touches on our new website! shouldnât be long now until itâs live!   #webdesign #barnsleyisbrill,safe,safe,2.3798017501831055,4843,102.34765625,0.3260082
@user @user I don’t think she needed any money to do this. I think she is so left wing that she thinks she is Joan of Arc. Now we have Spartacus and Joan....who’s next on the agenda? ,safe,hateful,2.408273220062256,4843,102.36328125,0.3683378
there is a great discrepancy between whites and blacks in  SA.   it is partly because of past grievances and also because blacks will always be  the most backward race in the world.  ,safe,hateful,2.3426010608673096,4843,102.36328125,0.2990668
"It's called ""The Winter Olympics for a reason""",safe,safe,2.315248727798462,4843,102.36328125,0.279773
@USER @USER @USER @USER @USER Liberals don't address. They insult and attack.,hateful,hateful,2.314343214035034,4843,102.36328125,0.2734816
@user log doesnt give a shit i bet he eats nachos in the middle of the night in his underwear ,hateful,hateful,2.3517110347747803,4843,102.36328125,0.3050167
some say that #trump suppoers are all terrorist gun toting religious fundamentalist psychopaths.  some say.    ,safe,hateful,2.329256534576416,4843,102.36328125,0.2827515
@USER @USER Murda fucker,hateful,hateful,2.4000601768493652,4843,102.3671875,0.3605576
@user haha i'm at a vacation but it's about to end   ð£,safe,safe,2.421143054962158,4843,102.3671875,0.3824174
"Well, I'm not going to be convinced without a convoluted explanation.",safe,safe,2.3221700191497803,4843,102.3671875,0.2723255
belated bihday wishes to mrs. rama reddy. seen here with her family.   #love #bihday #food #fashion #style ,safe,safe,2.3373711109161377,4843,102.3671875,0.2926634
"@Swamper60 ""Happy Happy Helloween, Helloween whoa oh whoa ho"" @helloweenorg http://t.co/Tw0jeExqTy",safe,safe,2.461878538131714,4843,102.3671875,0.4064393
"VIDEO: Immigrant activist who climbed Statue of Liberty has a new song: ""America, you motherfuckers,... ",safe,hateful,2.3143763542175293,4843,102.3671875,0.2764538
ANTIFA is a domestic terrorist organization that leeches off of George Soros's money. They are a domestic terrorist organization that uses intimidation &amp; violence to spread their ideology.,hateful,hateful,2.2803311347961426,4843,102.3671875,0.2396241
I'm tired of bitches wearin no clothes then got the nerve to say niggas is insecure like bitch I'm tryn help you not look like a hoe ,hateful,hateful,2.357161045074463,4843,102.3671875,0.3124513
@user  -  kik are excited to be launching our very own kik cloud mod #comingsoon  â¦ ,safe,safe,2.3714852333068848,4843,102.3671875,0.3386124
episode 6 of the guns for everyone #podcast is up.  #guns #igmilitia  #pewpewlifeâ¦ ,hateful,safe,2.3014090061187744,4843,102.37109375,0.2681201
@USER Y’all need to know that she is human being and knew Mac for so many years and was in a relationship with him. She’s grieving. She doesn’t have post something to prove that. AND IT IS NOT HER FAULT HE DIED LIKE DAMN! Stop blaming this poor girl. His addiction killed him.,hateful,hateful,2.320587396621704,4843,102.37109375,0.2768228
Ragheads & OTHER Communists running the UK into the ground need to fuck off and let opposing viewpoints be heard!,hateful,hateful,2.3518338203430176,4843,102.37109375,0.3053978
@USER As long as they vote Republican.,safe,hateful,2.4030110836029053,4843,102.37109375,0.3589532
I've heard people yelling #BuildThatWall but I'm one of many out yelling them to #BuildThatBridge. That's right fuck a wall we need to bridge gaps not make them. ,safe,hateful,2.3139071464538574,4843,102.37109375,0.295174
@USER and if you're in ANTIFA you are one of them shit for brains. Here worship your queen she needs her toe cheese licked out. URL,hateful,hateful,2.269152879714966,4843,102.37109375,0.2393964
"(1) This man seriously needs mental health treatment and should have his firearms confiscated until he is no longer a danger to himself or others.  (2) I'm waiting for gun control advocates to add this to their list of school shootings.""""  (3) Who buys .22 caliber handguns? Why? ",safe,hateful,2.3838603496551514,4843,102.375,0.3294539
@user @user The purrfect portrait! She even has her tail wrapped around her paws! She is beautiful in this shot! ,safe,safe,2.3489937782287598,4843,102.41796875,0.3183454
really missing adrienne today!  #siblings #sunny   #semperfi #marine #usmc @ marine corpsâ¦ ,safe,safe,2.246466636657715,4843,102.41796875,0.2189477
@USER Did you see what she said about Travis on Ellen?? That’s one hating ass bitch 😭,hateful,hateful,2.3238699436187744,4843,102.421875,0.2930684
@user @user Why does every gathering of liberals look like something I wish I had not seen? ,safe,hateful,2.375232219696045,4843,102.421875,0.3317653
Fire Judges that Release Immigrants after they commit a crime so they end up killing after their release throw the Judge in Jail #Trump MAGA #RedNationRising #Immigration   ,hateful,hateful,2.3856236934661865,4843,102.421875,0.3422505
@user join us tonight!  @user @user and so much more!  #livemusic   ,safe,safe,2.323465347290039,4843,102.421875,0.2818872
i love it citation ððð #friday #evening   #smile #picoftheday #citation #by #damiensaezâ¦ ,safe,safe,2.3507745265960693,4843,102.421875,0.2963462
"@user We have enough of our own Monsters why do we continue to import more Monsters from other Countries? #BuildTheWall, #SecureTheBorder, #EnforceImmigrationLaws, #EndChainMigration, #MakeEVerifyMandatory. ",hateful,hateful,2.3269214630126953,4843,102.421875,0.2696349
"They should fuck Microsoft. As i alreay wrote here several times, we need #ConservTech companies, buy up radio and TV station, 30 years science,education,politics,culture,welfare,health care, everything was left and given to the left liberal scum whho treasonous poisoned our children with their teachings.",hateful,hateful,2.352280616760254,4843,102.421875,0.3284042
@user He's going to need a pair of running shoes so he can look for work when he's sees we're not supporting his dumb ass movies anymore. 🤷‍♀️#walkaway ,safe,hateful,2.343386650085449,4843,102.421875,0.3123362
I remember that case  Warren v. District of Columbia  ,safe,safe,2.316476583480835,4843,102.421875,0.269442
"Men get hurt once and that’s the end. They stuck on that bitch for life. Women get hurt 1,000 times and they’re still out looking for love ",hateful,hateful,2.3063671588897705,4843,102.421875,0.2752834
why does Styx never mention the corruption at Minds.com ?,safe,hateful,2.3374011516571045,4843,102.421875,0.2916007
@USER @USER @USER I watch Obama for as long as I can stomach him just for the laughs LOL he approves himself to be Even more of a narcissist every day! He is so full of himself a.k.a. full of shit! #HangHim,hateful,hateful,2.352262496948242,4843,102.421875,0.3192863
@USER The NRA is now intimidated by a British cartoon. They should stay out of European animation ethics unless they want all of Europe weighing in on gun control.,safe,hateful,2.3808224201202393,4843,102.421875,0.3328941
#prayfororlando  #lgbt #pray  #equality this is so sad please pray for those ... (vine by edits for realâ¤ï¸) ,safe,safe,2.3797242641448975,4843,102.421875,0.3461397
i wasted so much money on food this year...it ain't even funny.   #ripmoney #bcfood,safe,hateful,2.3427469730377197,4843,102.421875,0.291067
@user @user .Can you say #BuildThatWall#BuildThatWall #BuildThatWall #BuildThatWall #BuildThatWall#BuildThatWall #BuildThatWall #BuildThatWall #BuildThatWall#BuildThatWall #BuildThatWall #BuildThatWall #BuildThatWall#BuildThatWall #BuildT ,safe,hateful,2.4096598625183105,4843,102.4296875,0.3648991
@KamalaHarris @JoeBiden Joe seriously could poop his pants in front of the whole country tonight! #Trump2020 💪🏽🇺🇸👍🏽,hateful,hateful,2.3893260955810547,4843,102.4296875,0.3456211
#micropoetry  It is a really big-top new hair not just a wig some new technology that will soon be blasé  even if underneath it all she is so gloriously bald. . ,safe,safe,2.3147010803222656,4843,102.4296875,0.2829654
"#Kavanaugh issues more detailed response, confirms the view that he deserves an opportunity to defend his reputation: This is a completely false allegation. I have never done anything like what the accuser describes—to her or to anyone...."""" ",hateful,hateful,2.380411148071289,4843,102.4296875,0.3383388
pull me right up by the fire and i'll show you what home means ð #selfies #life   #cute @user ,safe,safe,2.3126773834228516,4843,102.4296875,0.297118
WTC This is a threat!!! ..@USER #Maga #QAnon #WakeUpAmerica URL,hateful,hateful,2.282684564590454,4843,102.4296875,0.2441767
Just spotted Gavin McInnes outside the court in London. Proud of your boy! #POYB ,safe,safe,2.316317081451416,4843,102.5234375,0.2854854
City highway skyscrapers building lights yellow blue http://t.co/kOC9uYBFqV,safe,safe,2.323139190673828,4843,102.53515625,0.2853503
Child abuse. ,hateful,hateful,2.414581537246704,4843,102.53515625,0.3798954
"@user @user Yes, thats why you need to bring in gun control. Even better.   You shoot yourself in the foot real well. Im going to harass a school shooting survivor"""" ass ."""" ",hateful,hateful,2.346729278564453,4843,102.5390625,0.300011
"@HuffPost It would be funny if they weren’t so dangerous. Amazing criminal administration led by a failed, fraud president. #BidenHarris2020",safe,hateful,2.3708252906799316,4843,102.5390625,0.336368
only 10 countries in the entire world are not currently at war   ,safe,safe,2.392171621322632,4843,102.5390625,0.3398279
@user @user @user you mean this guy #teammichaelpalage #teamcancer  ,hateful,hateful,2.3104822635650635,4843,102.5390625,0.2739035
@USER He is 🤗,safe,safe,2.4015910625457764,4843,102.54296875,0.3549831
@USER @USER Ciara has stopped me from doing so much dumb ass shit god bless that woman,hateful,hateful,2.4076743125915527,4843,102.54296875,0.3636154
But killing people based on their political beliefs isn't a threat to freedom? Damn you're stupid,safe,hateful,2.324570894241333,4843,102.546875,0.2844742
2 categories of professionals i dread in this country are police and doctors. #killers #ripoff   #godfidence,safe,hateful,2.3905680179595947,4843,102.546875,0.34459
@user @user @user @user @user That's my biggest question. Do we just widdle away until there is no 2nd amendment left? I do believe in some limited gun control but im worried we will be expected to just keep giving into the gun haters. ,hateful,hateful,2.415170907974243,4843,102.546875,0.3865927
@USER Liberals are addicted to fake news.  Chris is their Dope man.,hateful,hateful,2.315228223800659,4843,102.546875,0.2726667
"I wouldn't worry about it striker. In a few years, America will be majority non white and you'll have hate speech laws. ",safe,hateful,2.3971645832061768,4843,102.546875,0.3444981
You cuff dat bitch you goofy hoe cause my brudda josh been break dat hoe. ,hateful,hateful,2.391051769256592,4843,102.546875,0.3448354
"...I just don't understand why the basic editing features that one uses with a first post can't be a part of replies, too. Makes no sense.",safe,safe,2.292300224304199,4843,102.55078125,0.2394007
"tried on the new @user #trailn2v3 today! although they feel very similar to v2's, the v3's are smoother and feel great!  ",safe,safe,2.416759490966797,4843,102.55078125,0.3635786
"The Ways of Zion Do Mourn, Because None Come to the Solemn Feasts: all her Gates Are Desolate: her priests Sigh, her virgins Are Afflicted, and she Is In Bitterness.",safe,hateful,2.402498483657837,4843,102.55078125,0.3700889
alt-right and euro-conservatism  #trump ,hateful,hateful,2.3225533962249756,4843,102.55078125,0.2707829
Islam causes overpopulation... by enslaving women...,hateful,hateful,2.3868472576141357,4843,102.55078125,0.3458903
east 25 campervan field will be my new home on tuesday   #bbq #tequila,safe,safe,2.4164042472839355,4843,102.55078125,0.3653292
@user @user Eric is a crook and that’s that ,hateful,hateful,2.303788900375366,4843,102.55078125,0.2715851
sahara ð best landscape my eyes could ever seen. #dese #cool #gay #sun #heat #live #fun  â¦ ,safe,safe,2.344221591949463,4843,102.55078125,0.293265
This bitch @Lvl_7_Eevee buys sparkling water.,safe,hateful,2.472360372543335,4843,102.55078125,0.4149024
"@user Total lie. CONG is the main culprit for influx of illegal migrants both Bangladeshis&amp; Rhongyias. If they deported few, millions came during their tenures&amp; they encouraged Muslim illegal migrants&amp;shooed away Hindu migrants ",hateful,hateful,2.355588674545288,4843,102.55078125,0.3017029
 @user @user i'm stepping down as a @user board member tom as my paner+i are expecting a little girl in approx 3 weeks #exâ¦,safe,hateful,2.383277177810669,4843,102.55078125,0.3434762
looks like #prayforoakland tag is full f libtard bot comments.i trolled awhile.same repetitive word4word. complete chicago unawareness.  ,safe,hateful,2.4076626300811768,4843,102.55078125,0.3662919
@user stfu hoe you are a bad bitch! ,hateful,hateful,2.3186845779418945,4843,102.55078125,0.2714196
@USER What the earthy fuck is RACKET ABUSE??????  A fake-ass penalty. Have you ever put down the donuts and watched a men's match??????,hateful,hateful,2.393962860107422,4843,102.55078125,0.3586058
Calling hoes rudness gulliani. Lmfao fight me bitch god damn ill fucking kill you. Weeeeee. ,hateful,hateful,2.402775526046753,4843,102.55078125,0.3624265
@user He must be so proud of his cam whore 😆 oh please let her continue to be a hoe & a “role model” gtfo ,hateful,hateful,2.3399007320404053,4843,102.55078125,0.2878384
Where's the part where Fat Amy goes err wop wobn wefo? #thingspeoplesay @FatAmyPost,hateful,safe,2.3813045024871826,4843,102.55078125,0.3493401
@USER Acting like an ass is not a good view.,hateful,hateful,2.400310516357422,4843,102.55078125,0.348011
"@user , an ""anonymous source"" told me that @user flunked kindergarten; but he was passed on w/the help of affirmative action.And, because his teacher didn't want to deal w/the little brat any more.#MAGA #KAG #POTUS #Trump #NEWS #USA #WalkAway #TDS #NoDACA ",safe,hateful,2.358027935028076,4843,102.55078125,0.3076515
what prevents you from being a muslim ?   ,safe,hateful,2.372504711151123,4843,102.55078125,0.3226374
@user back too you slut ,hateful,hateful,2.403541088104248,4843,102.5546875,0.3590027
trying to have a conversation with a gamer results in exposing his inner fanboy when more people agree with me.   ,safe,hateful,2.3321213722229004,4843,102.5546875,0.2952866
@USER @USER @USER @USER DaveB the most boring man to have ever graced SIMB. Thank fuck he was run off the BORED,hateful,hateful,2.4010605812072754,4843,102.5546875,0.3558175
@user @user John Kerry is a swamp rat nothing more nothing less CNN we all know is the clown news network ,hateful,hateful,2.4126462936401367,4843,102.5546875,0.367111
"@user Rosie hugs him tight Hello Angy."""" She smiled happy """"Im so happy that she is back and I bet you Levi will be here in a few seconds."""" Levi walks in and gasps """"ROSIE!"""" Levi ran over making Jack smile"""" ",safe,safe,2.3094801902770996,4843,102.5546875,0.2720147
@USER @USER @USER There are people and groups who do want to ban certain guns or guns in general. Yes nra was pro gun control. However now gun laws are just being made after every incident with huge amount of bureaucracy.,safe,hateful,2.410489559173584,4843,102.5546875,0.3658824
Could you open up your home to refugees in need? ,hateful,safe,2.4002134799957275,4843,102.5546875,0.3726538
Oh I just realized that you can also see evil Alyssa Milano behind him as well.,safe,hateful,2.3180534839630127,4843,102.5546875,0.2708937
@user @user @user She is a filthy whore cunt. Didnt change her own name when she got married but… ,safe,hateful,2.4189693927764893,4843,102.5546875,0.379632
As if we need another reason to not sleep at night.   Intel ME   https://kek.gg/u/cpg9,safe,hateful,2.4101078510284424,4843,102.5546875,0.3859428
Also just because a woman has been drinking is not a invitation to rape. #MeToo ,hateful,hateful,2.3044650554656982,4843,102.5546875,0.27243
@USER It's just a snack she is making steak later lol,safe,safe,2.4061827659606934,4843,102.5546875,0.3593512
@user @user @user Way to have some balls and talk shit like this after McCain no longer around. You know he would have told you to stfu. Pussy! ,hateful,hateful,2.4326059818267822,4843,102.5546875,0.3940444
"@user of course liberals see  everywhere, they are looking at the world through racist eyes.",hateful,hateful,2.279510259628296,4843,102.5546875,0.257124
Federal Home Ministry asks #Kashmir chief secretary not to allow movement of #Rohingya beyond certain locations #ucanews #thereforthevoiceless #refugees #India @user @user @user @user @user @user @user ,safe,hateful,2.3077375888824463,4843,102.5546875,0.2611709
@user and THEY are #Conservatives. ,safe,hateful,2.3514022827148438,4843,102.5546875,0.2998485
"'an unappetizing scam' :-) | women, we need to throw off the  shackles of #salad | #food #foodie |â¦ ",hateful,hateful,2.3968160152435303,4843,102.5546875,0.3568749
@user @user Naw bitch Ima talk every day until then hoe. Who the fuck your thought you was talkin… ,hateful,hateful,2.345031261444092,4843,102.55859375,0.2876933
@mightyfar they need to stop picking up UFCs trash though and build up there own fighters more.,hateful,hateful,2.3951354026794434,4843,102.55859375,0.3345506
"Should promote diarrhea for faggots, so they fxxk each other better",hateful,hateful,2.4030585289001465,4843,102.5625,0.3483154
round 3 of the #destiny f****ery let's get the raids going for the viewers! @user #supposmallstreams   #notcoolbungie,safe,hateful,2.3220808506011963,4843,102.5625,0.2977975
@USER @USER @USER @USER @USER @USER @USER @USER @USER @USER @USER @USER @USER @USER @USER @USER @USER @USER @USER @USER @USER @USER @USER @USER @USER @USER @USER @USER @USER @USER @USER @USER @USER @USER @USER @USER @USER @USER @USER @USER @USER @USER @USER @USER If we don't destroy the Bush-Clinton Crime family we'll face many more like Obama!!,hateful,hateful,2.421741247177124,4843,102.5625,0.3889478
"for some reason, the @user story on snapchat seems always geared towards women. ",hateful,hateful,2.3670361042022705,4843,102.5625,0.3316254
"@user ali, spoke the #truth about white folks....#period #facts #idiot #moron #theverycoreofamerica  ",safe,hateful,2.3236896991729736,4843,102.5625,0.2794295
&#8220;@OGBEARD: Some of y'all bios are trash.&#8221; Mine pretty good,hateful,safe,2.4251608848571777,4843,102.5625,0.3816384
@user @user This is 1 good reason US needs be careful when they take refugees - most don't acclimate to US laws -Constitution. She needs not to go to prison but back to the country she's from. ,hateful,hateful,2.43074107170105,4843,102.5625,0.3889857
"switched my pc setup to the other side of the room, other side is too hot in the summer. was so happy to wake up to this!  ",safe,safe,2.314272165298462,4843,102.5625,0.2964313
"Drugs in His Pocket, Rope Around His Neck Tied to His Genitals, Sex Toy in His Boots. This, Is CNN. https://imgur.com/JgRJCI5  #LiberalFreaks",safe,hateful,2.4035372734069824,4843,102.5625,0.3824753
The fuck is *proof* in a rape case?!? Like how do you want us to PROVE it. Fuck off. ,hateful,hateful,2.4056897163391113,4843,102.5625,0.3838209
@USER @USER @USER The fact that you equate smoking reefer with sexual assault tells me everything I need to know about you. You MAGA-bot-types are completely at sea when it comes to basic human decency. Like your president.,hateful,hateful,2.3451757431030273,4843,102.5625,0.3167769
 @user @user but you never talk with me  ,safe,hateful,2.4063713550567627,4843,102.5625,0.3569625
"#EndPC: Teaching guide for #Portland public schools celebrates Islam, communists, terrorists, #abortion; promotes #GunControl &amp; transgenders""""~&gt;  #EndCulturalMarxism"""" ",hateful,hateful,2.427922248840332,4843,102.5625,0.3876786
" @user fighting battles that have already been won, instead of fighting a massive uphill battle against clinton.   ",safe,hateful,2.330176591873169,4843,102.5625,0.2845851
.@user   it's saturday!! ððð  #libelle #annabeljones ,safe,safe,2.394845485687256,4843,102.5625,0.3653079
@USER @USER So Victoria's Secret won't sponsor Trump any more. I hope they realize how much of their crap trump has sold for them to Antifa! URL,hateful,hateful,2.4112699031829834,4843,102.5625,0.3862481
@user those students not traumatised by having live shooter drills or distracted by fear of being killed at school are already doing their best. Send YOUR kid to one of those schools and we might get some action on gun control. Hypocrite. ,hateful,hateful,2.3572235107421875,4843,102.5625,0.3064706
@user @user @user who's singular wiped out a number of Lib Dem councils in the North by going into bed with the Conservatives thus losing local election seats.  Now we have him trying to turn over a democratic vote on #Brexit. ,safe,hateful,2.399937391281128,4843,102.5625,0.3469255
"Congress is passing the buck by design to unelected heads of agencies who have no accountability to the people. This is how Congress keeps getting elected, they are taking the easy path. If they passed the abominations into laws instead of unelected agency heads passing a ""regulation"", they would have very short congressional careers because the people can fire a member of Congress. Not so with an agency head. Slick, f'ing swamp creatures.",safe,hateful,2.405672550201416,4843,102.5625,0.3536842
@USER @USER You are the epitome of class and intelligence.❤️,safe,safe,2.257739782333374,4843,102.5625,0.208417
 @user #running ð #euro2016 -&gt;   // see you tonight for a fun 8k with friends on top of the â¦  httâ¦,safe,safe,2.2997021675109863,4843,102.56640625,0.2624198
@user @user You keep telling this lie. I think you Liberals believe yourselves. Focusing on those who need t most yet you have how many million sitting in the veterans budget with no intention of funding them. ,hateful,hateful,2.37011456489563,4843,102.56640625,0.3226744
Took long enough to arrive. #biden2020[NEWLINE]Instagram: https://t.co/E3NEPYNR6u[NEWLINE]#BitterGayMan,safe,hateful,2.381566047668457,4843,102.56640625,0.336088
"Fair points, but I can't help myself from laughing that the first negative counter example the author came up with was nodejs (lol). http://pixeljets.com/blog/good-thing-in-php-nobody...",safe,hateful,2.3526086807250977,4843,102.56640625,0.3224219
@user Really? Can you show me the studies from countries that have common sense gun control to support your statement. Thx. ,hateful,safe,2.3447062969207764,4843,102.56640625,0.2898164
RT @Shalewis09: Larry Elder is an Uncle Tom. I cannot believe how he is degrading a child.,hateful,hateful,2.451756000518799,4843,102.56640625,0.4047492
lmao boys seems like I finally got suspended permanently on Twitter,safe,safe,2.3136544227600098,4843,102.56640625,0.2659861
booked my hair appointment  ,safe,safe,2.3937265872955322,4843,102.56640625,0.3502694
"Having conquered the Toronto market for sex doll ""rentals"", the company now sets its sights on Houston for first US expansion. ",safe,safe,2.4273934364318848,4843,102.56640625,0.3688973
Those urban intellectuals have quite a sophisticated vocabulary compared to us simple rural and suburban retards ;),hateful,hateful,2.3224079608917236,4843,102.56640625,0.269046
"@ddale8 He got this info from his #RightWingTerrorist supporters that that’s their preferred tactic &amp; brand? Why don’t we see the ground littered with tuna fish cans after a #PeacefulProtest then, instead of #TrumpsGestapo ‘s tear gas canisters &amp; pepper bombs? #LiarInChief[NEWLINE]#VoteBlue2020",hateful,hateful,2.4498350620269775,4843,102.56640625,0.4066481
 @user folks be out here faking relationships for likes ð¤ððð   you won't get me ððððð,safe,hateful,2.4212162494659424,4843,102.56640625,0.3583012
3/06/2018 - New M4.1 Earthquake in Midwest USA - Seismic activity developing in clusters ,safe,safe,2.3258581161499023,4843,102.56640625,0.2816032
@user @user planned my whole night around it!!! #clintfan4life  ,safe,safe,2.386465072631836,4843,102.56640625,0.3580042
"E250 5.4 motor and tranny

I have a 2008 5.4 triton motor and Transmission with 5,200 miles that came off a E250... http://t.co/d5gic83k0V",hateful,hateful,2.434652805328369,4843,102.56640625,0.3901437
"For that golden age that was TRS Forum 1.0, that wasn't the case. ",safe,safe,2.3211143016815186,4843,102.5703125,0.2906038
Nipple banana monkey!,hateful,hateful,2.4006474018096924,4843,102.5703125,0.3552942
i'm letting my piercer decide what my new piercing! so we'll find out friday what new addition i'm adding  ,safe,safe,2.4179975986480713,4843,102.5703125,0.3779282
@user These people are the worst kind of criminal playing off the emotions of their base fueling hatred in this country with insane rhetoric. Playing constant mind games to cause anger is not helping their cause some liberals are catching on. ,hateful,hateful,2.358001708984375,4843,102.5703125,0.3219046
@USER @USER here she is monsta x!!!! the most beautiful queen!!!!,safe,safe,2.336517333984375,4843,102.5703125,0.2800774
"@a‍ Hi Andrew...I still can’t post links when doing a Gab post using iPhone 8, current iOS 11.2.6, and Brave as the browser. Can you pls help? Also if I go over 300 characters the publish button becomes less visible and eventually disappears after 500 characters. I can’t scroll down to bring it back visible. Sometimes I can “bring it back” by pushing the “Done” button or copying the message and then pushing the Done button. Thx",safe,safe,2.463942766189575,4843,102.5703125,0.4226912
@user lie detector test?  no such thing.  if you mean polygraph   it doesn't detect  lies or truths   yes  Kavanaugh should ask for an fbi investigation into Dr fords history ,safe,hateful,2.3545148372650146,4843,102.5703125,0.3101442
@USER He is going to destroy america like he has done to many of his businesses he does care about middle or lesser america and americans he only cares for himself and the top 1% who hopefully see the light soon before they have no countries to sell their products to,hateful,hateful,2.406461715698242,4843,102.5703125,0.3582701
@USER @USER @USER If any left leaning freak attacks me I will attack back. But so many conservatives are just compliant. Happy with just bitching and complaining. How can we fire people up. The left has got energy. Lots of it. And if things don’t change. We’re going to loose.,hateful,hateful,2.4188554286956787,4843,102.5703125,0.3705029
#bravo @user ~ @user #banningofpostpress means #nothing ~ just as donald is #nothing!    ,safe,hateful,2.3322832584381104,4843,102.5703125,0.2757082
@USER She is not wrong tho. Some Tunisians look like Italians,safe,safe,2.38193416595459,4843,102.5703125,0.3505525
@USER Thanks and you are a good looking young man and hopefully will find yourself a loving beautiful young man to love and love you.,safe,safe,2.386197566986084,4843,102.5703125,0.3567849
"And it's irritating, just like the 'Not all men' or 'But he's a good guy' argument in the face of sexual harassment women face EVERY DAY. ",safe,hateful,2.3706374168395996,4843,102.5703125,0.3162565
"Shot his ass more than once, we all hope!  ",hateful,hateful,2.390289068222046,4843,102.5703125,0.3420551
 Buy Pipedream Products Fantasy X-Tensions Vibrating Real Feel 1-Inch Extension. Intensify pleasure : http://shop.abigbuttandasmile.com/product/PD411821/vibrating-real-feel-1-inch-extension-beige #Vibrating_Real_Feel_Extension #Fantasy_X-Tensions #penis_extension #male_sex_toys #Pipedream_Products,safe,hateful,2.4476752281188965,4843,102.5703125,0.4025805
"Did you know?  The Gab logo is a frog 🐸 for a few reasons:  Exodus 8:1-12Psalms 78:45 Frogs have many symbolic meanings including cleansing, healing, renewal, rebirth, fertility, abundance and metamorphosis.",safe,safe,2.3079965114593506,4843,102.5703125,0.273854
@USER Deranged and demented what a perfect match for the Democratic party,hateful,hateful,2.399567127227783,4843,102.5703125,0.3474543
@user If you're talking about Kavanaugh there is only an uncorroborated accusation but even then the conservatives I have seen haven't dismissed it. ,safe,hateful,2.409705400466919,4843,102.5703125,0.375065
We all knew he had an earpiece.. [NEWLINE][NEWLINE]#DemocratsAreDestroyingAmerica #Trump2020 #Biden #BidenDementia #VoteRedToSaveAmerica #VoteRed2020 https://t.co/LRy0gymAft,hateful,hateful,2.3636248111724854,4843,102.5703125,0.3176808
@user It really is. My abs are lot more defined but I miss lifting heavy ass weight. Thank you girl! ,hateful,safe,2.3779218196868896,4843,102.5703125,0.3401343
@USER Bono is an idiot!,hateful,hateful,2.4033076763153076,4843,102.5703125,0.3588771
"More than 65 million strong, and growing.#DeportThemAll#RevokeIllegalCitizenship#RevokeIllegalNaturalization#DeportAllIllegals#DeNaturalization#SendThemHome ",hateful,hateful,2.362961530685425,4843,102.5703125,0.307192
decided to watch old james bond movies cause they're less violent than reality  ,safe,safe,2.379443407058716,4843,102.5703125,0.3388045
See why we don't need this type of immigration program in our country? ,hateful,hateful,2.409663677215576,4843,102.5703125,0.3587749
"What about the Tibetan, Burmese, Tamil, Chakma, etc refugees in India? What about the Baluchs (Originally from Baluchistan, Pakistan), who are staying in the Muslim dominated Mumbra area in the Mumbai Metropolitan Region?There should be an equal law for all the Indians, isn't? ",hateful,hateful,2.3682076930999756,4843,102.5703125,0.3191757
Sounds about right.,safe,safe,2.318650007247925,4843,102.5703125,0.2737827
@USER @USER Gun control isn't about public safety...it's about hating 'rednecks' and social engineering.,hateful,hateful,2.449284315109253,4843,102.5703125,0.4065554
@user @user Isn’t it what liberals want? Now they are crying with the consequences- on a budget money comes out of some other program.. liberals just print more money ,safe,hateful,2.3575360774993896,4843,102.5703125,0.3109134
This is the ultimate goal of the jews. Literal suicide through signaling,hateful,hateful,2.3978464603424072,4843,102.5703125,0.3506949
@user Not if you are from Wisconsin. And it’s a bubbler. And duck duck goose. ,hateful,safe,2.392223596572876,4843,102.5703125,0.3439946
I just saw a big ass motherfucking bug climb across my bookshelf.,hateful,hateful,2.282334327697754,4843,102.5703125,0.251221
Fuck off you stupid fucking CUNT OH MY GODDDDDDDD ,hateful,hateful,2.2767205238342285,4843,102.5703125,0.2352637
"@user You a bitch mike snake ass hoe mike stfu before I steal your nvm you don't got one lmfao ""looking"" lma… ",safe,hateful,2.374577760696411,4843,102.5703125,0.338003
The list of people I'm going to kill when the 2017 First Annual Purge ensues ,safe,hateful,2.4011659622192383,4843,102.5703125,0.3584085
bitch i really want to buy those puma x bts shoes.. its so cute ,safe,safe,2.3182528018951416,4843,102.5703125,0.2731195
weekend in chi!!  ,safe,safe,2.4100077152252197,4843,102.5703125,0.3570517
I am going to start whacking people with a stick when they tell me to “google something”,safe,hateful,2.418837547302246,4843,102.5703125,0.3656416
@user @user @user @user @user What does it matter who I vote for..it’s the left who pushes for gun control yet portrays black men in music vids as violent gun “users”..stfu! Lmao sleeping fools ,hateful,hateful,2.362048864364624,4843,102.5703125,0.3275059
be   being you! thank you @user for this inspiring adve campaign #beautiful ,safe,safe,2.390026807785034,4843,102.5703125,0.3436962
@USER @USER @USER Bullshit! Regulations are good because it keeps conservatives from striping our land into the Abyss,hateful,hateful,2.416774034500122,4843,102.5703125,0.3622639
@USER Yeah . Niggas who dey wear durag nor dey joke. Hard as fuck,hateful,hateful,2.280336380004883,4843,102.5703125,0.2529116
@USER I believe he is one step worse  according to experts- sociopath which is a malignant narcissist,hateful,hateful,2.285291910171509,4843,102.5703125,0.2674262
@USER @USER She is an ugly black hearted troll URL,hateful,hateful,2.362806558609009,4843,102.5703125,0.3175828
Midterms...? ,safe,safe,2.394792318344116,4843,102.5703125,0.347632
Hoe you save my messages on SC bitch I'm blocking you ,hateful,hateful,2.3159425258636475,4843,102.5703125,0.2714822
"Unfortunately, it is too late........",safe,hateful,2.4294326305389404,4843,102.5703125,0.3787916
@USER Bitter Obama?  How about Seriously Worried Obama.  He is the head of all this corruption at FBI and DOJ.,hateful,hateful,2.3962769508361816,4843,102.5703125,0.350894
@user @user And i can show you plenty of lefties like antifa getting pummeled like the weak punks they are lol ,hateful,hateful,2.334399700164795,4843,102.5703125,0.2962312
@USER Holder should be in prison.,hateful,hateful,2.4002020359039307,4843,102.5703125,0.3566502
@USER Amazing how much money is being thrown at this guy by liberals freaking out. Beto epitomizes everything that is wrong in America. Vote CRUZ!,hateful,hateful,2.421205997467041,4843,102.5703125,0.379625
#newsghana a request from christina grimmieâs brother to her fans will tear up your spine   ,safe,hateful,2.2927074432373047,4843,102.5703125,0.2706771
@user As usual a seemingly and supposed smart feminist thinks she has made sense.. Yen yen yen yen yen yen alone... You just told me rn you are also dealing with another person.. Have you considered maybe you are the toxic one? ,hateful,hateful,2.4394421577453613,4843,102.5703125,0.3947483
What a prissy looking little faggot,hateful,hateful,2.416015863418579,4843,102.5703125,0.3762901
And yet Biden can't give those hugs during the pandemic! Wouldn't it be great to have Joe Biden and Kamala Harris at the helm working on bringing America back to itself?!🇺🇸😷🗽 https://t.co/JewvcfTnoi,safe,hateful,2.3669166564941406,4843,102.5703125,0.3191686
@user @user People died in Puerto Rico because of their government’s corruption !!!! ,hateful,hateful,2.3787922859191895,4843,102.5703125,0.3460816
"regret my @user lipkit buy. it flakes,color looks terrible on me, formula dries  badly. looks like a cheap dup.   @user",safe,safe,2.4086015224456787,4843,102.5703125,0.3604235
"BOOM - BOOM... 2nd major #MAGA event today... Justice Kennedy will be retiring from the court, I nominate Judge Piro or Napalitano... both great based choices #TrumpTrain #Trump https://www.washingtontimes.com/news/2018/jun/27/justice-anthony-kennedy-set-retire/?utm_source=onesignal&utm_campaign=pushnotify&utm_medium=push",safe,hateful,2.3807876110076904,4843,102.5703125,0.3442328
"17 yrs ago today, President Bush (you know, the one liberals are calling cute"") signed into law the 2001 Authorization for the Use of Military Force (#AUMF). It has been used to ""authorize"" over 37 military actions in 14 countries since - without additional Congressional action. URL",safe,hateful,2.390615463256836,4843,102.5703125,0.3530784
it's official. i'm going to see panic! at the disco in cardiff in november! woo!   #cantwait #patd #biggestfan #chasingesme,safe,safe,2.3557181358337402,4843,102.5703125,0.3228707
#Tories #Labour #GE2017 #Conservatives Conservatives URL Rehman_Chishti: A wonderful experience reading Elmer the Elephant to young Karachiites at pkBritish BritishCouncil Library.  Great to be able to promote the amazing work of Bri… URL,safe,safe,2.300138473510742,4843,102.5703125,0.2508139
"can""t say it often enough - if dumb fucks well, this idiot must have been the greatest shot of all times - 100 years ago ",hateful,hateful,2.300264835357666,4843,102.57421875,0.2747454
@USER @USER Twitter will be banning a lot more conservatives or anyone that speaks out about the Dems or Liberals. Closer to the elections,hateful,hateful,2.3633100986480713,4843,102.57421875,0.3444427
@user She is not the brightest light on the tree. ,safe,hateful,2.401667594909668,4843,102.57421875,0.3634182
i have classes in college park at 8am twice a week next semester ð©ð­ #amilewalk   #csuf,safe,safe,2.3199243545532227,4843,102.57421875,0.2848598
How do you feel today?,safe,safe,2.312598466873169,4843,102.57421875,0.2585359
sharia Law Tessa is that not tony Blair's wife   no y do you let islam law into the country stupid woman with stupid promises she cant keep ,hateful,hateful,2.3188064098358154,4843,102.57421875,0.2837821
#Hezbollah,safe,hateful,2.3498141765594482,4843,102.57421875,0.3054059
suppoing day ð¿ð§ð¼ðªð»ðð» #cd #maxi #dancecore   #king #masterblaster #janwayne #classic #bestâ¦ ,safe,safe,2.3204002380371094,4843,102.57421875,0.2772338
#GodSpeed & Thank you for your Service!,safe,safe,2.2407569885253906,4843,102.57421875,0.2177618
AND CAMEL TOE KAMALA VICE PRESIDENT AND PRESIDENT! THEY KNOW JOE BLOW CANNOT RUN THIS COUNTRY,hateful,hateful,2.3821802139282227,4843,102.57421875,0.3414603
the latest personesilenziose!  thanks to @user   #euro2016,safe,safe,2.4107794761657715,4843,102.57421875,0.3861164
"@user 'a cold, conniving bitch' and a lesbian... sorta explains why married women voted AGAINST YOU... SCHADENFREUDE reigns ",hateful,hateful,2.355029821395874,4843,102.57421875,0.3032922
Italy allows migrant ship to dock ,safe,hateful,2.3841750621795654,4843,102.578125,0.3514186
@USER that shit different frfr.,hateful,hateful,2.4202938079833984,4843,102.578125,0.3646762
@USER Then your gonna get bitten,hateful,hateful,2.3094868659973145,4843,102.58984375,0.2654678
"@user @user Do it now, build the wall before any more innocent Americans are slaughtered! #BuildThatWall #BuildTheWall #BuildTheDamnWall ",hateful,hateful,2.4236655235290527,4843,102.58984375,0.3887225
@user powerful women work for trump !!!  racist sexist @user   never bash trump again. @user ,hateful,hateful,2.4164066314697266,4843,102.58984375,0.3870309
What does a woman and a tampon have in common? They're both stuck up bitches ,hateful,hateful,2.308518171310425,4843,102.58984375,0.2705322
@USER Get that boy a pie! Stat!,safe,hateful,2.4007701873779297,4843,102.58984375,0.357845
"Every gibbering retard that yaks about the merits of ""gaming women"" in response to our disastrous socio-sexual environment is only slightly more useful than the spree killer beta. ",hateful,hateful,2.4515297412872314,4843,102.58984375,0.3935246
@user @user @user May be you have forgotten that at the moment we are EU citizens and so all rights afforded to us are the same as for other EU citizens. Don’t believe all the shit that goes on in your head. ,hateful,hateful,2.3652775287628174,4843,102.58984375,0.3163686
Joe Biden is an Imbecile. He doesn’t deserve to be President. We all know what happens if he wins. He will be found incompetent to serve. Kamala Harris will become President. Nancy Pelosi (if the dems retain the house) will be Vice President. And this country will go to hell.,hateful,hateful,2.401052713394165,4843,102.58984375,0.3531065
Bravo to Chicago Campus associate professor Dr. Nayeli Chavez for another wonderful interview on the heartbreaking topic of alleged sexual abuse at immigrant youth shelters. See the Univision interview here. ,hateful,safe,2.3381340503692627,4843,102.58984375,0.3036714
Has a civilian ever sued a judge for a bad decision /damages and won?,safe,safe,2.2656798362731934,4843,102.58984375,0.2330852
Glory-Cloud Podcast: 028 – Theocracy and… Immigration? ,safe,safe,2.3490591049194336,4843,102.58984375,0.301967
@user Nothing but an ad for Gun Control!  We gonna keep our 2nd amendment rights Fred! ,safe,hateful,2.3694300651550293,4843,102.58984375,0.333747
"@user @user @user But what makes you think they are liberals?  There is nothing liberal about any of that.  These people spent the '90s insulting liberals, publicly humiliating black activists, and openly attacking the New Deal.  Where is the liberal"""" part?  They passed GOP policies!"""" ",hateful,hateful,2.398279905319214,4843,102.58984375,0.3644075
@user my #guests always have #fun #kayaking &amp; on #boat trips that you take them #exploring #roseland   #holidays,safe,safe,2.2635278701782227,4843,102.58984375,0.2294395
todayâs shootings are an attack against us all. but i especially hu for my lgbt friends. #prayfororlando #speechless #why  ,safe,hateful,2.3056252002716064,4843,102.58984375,0.2638271
Loose lips sink ships... Tight lips grab dicks ,hateful,hateful,2.364499568939209,4843,102.58984375,0.3189807
we all deserve a happy and peaceful life! why not give yourself a chance to do so! ð #happinesseverywhere   #positivethinking,safe,safe,2.3845105171203613,4843,102.58984375,0.3400142
@user Beto is a joke ,hateful,hateful,2.309614658355713,4843,102.58984375,0.26495
#polygon #funny #lulz #2A #fun #jerichoafk #videogames #kittenfiddlers #youtube ,safe,safe,2.2873337268829346,4843,102.58984375,0.2401156
@USER @USER @USER @USER @USER @USER @USER @USER @USER @USER @USER @USER @USER @USER @USER @USER @USER @USER @USER @USER @USER @USER @USER @USER @USER @USER @USER @USER @USER @USER @USER @USER @USER @USER @USER @USER @USER @USER @USER @USER @USER @USER @USER @USER @USER @USER @USER @USER @USER @USER Did I?,safe,hateful,2.386695384979248,4843,102.58984375,0.3615129
 @user i hate that plastic thing around my head   #purrs ,safe,safe,2.3329484462738037,4843,102.58984375,0.2835505
He can shout out to me any time he wishes.... #MAGA Thank you sir! @USER URL,safe,hateful,2.282632827758789,4843,102.58984375,0.2465604
Texas: Muslim migrant who honor-murdered daughter’s husband also praised 9/11 and killed another daughter’s husband ,hateful,hateful,2.3312675952911377,4843,102.58984375,0.2773485
@USER I accept your apology and you are excused,safe,safe,2.3656411170959473,4843,102.58984375,0.3117465
RT @Medz4u: &#8226;not all black girls are ghetto though,hateful,hateful,2.417759895324707,4843,102.58984375,0.3796285
my daughter is graduating grammar school today !!!! #happy   #tears #proud,safe,safe,2.247978448867798,4843,102.58984375,0.2080948
From an immigration lawyer.  Truth. ,safe,safe,2.2922496795654297,4843,102.58984375,0.2538513
"Hungarian Prime Minister: ""Hungary belongs to the Hungarians. Immigrants are not welcome here"" - Free Speech Time - @user ",safe,hateful,2.3651294708251953,4843,102.58984375,0.3179252
@USER poor @USER she is a rager and a shamer. sad....,hateful,hateful,2.39552640914917,4843,102.58984375,0.338871
@user @user @user Stop lying liberals. He said that is absolutely nuts ,hateful,hateful,2.308548927307129,4843,102.58984375,0.270837
"'Ain't about them hoes anymore,it's just you' yet you talking sweet to the bitch you ALWAYS talked shit about plus 2 more👏🏽GMFU BRO💀 ",hateful,hateful,2.4260053634643555,4843,102.58984375,0.3789309
.@senatorburr: Confirm Kavanaugh! #KavanaughForSCOTUS #2A #NRA ,hateful,hateful,2.4357450008392334,4843,102.671875,0.404908
"Doug Tennapel, supporter of free speech and freedom of expression is doing a new comic book! https://www.indiegogo.com/projects/doug-tennapel-s...",safe,safe,2.3420839309692383,4843,102.671875,0.300233
"@user ppl wait for 10 hrs karachi airpo, miss connecting flights @user put them on flights 24 hrs lateâ¦ ",hateful,safe,2.334336042404175,4843,102.671875,0.2937422
Democratic straw clutching.  They know they dont appeal to the real voters with policies for the few globalists immigrants and illegal voters.  therefore they seek to insult rather than tell a better story.  @user ,safe,hateful,2.454176664352417,4843,102.671875,0.4010423
@USER Keep Your Pelosi Money !!!!!!! #RedNationRising  #MAGA  #WalkAway,safe,hateful,2.3287875652313232,4843,102.671875,0.2826879
"China Is Now Left With Just Three Options, And They Are All Equally Bad https://www.zerohedge.com/news/2018-08-05/china-now-left-just-three-options-and-they-are-all-equally-bad",safe,hateful,2.4242405891418457,4843,102.671875,0.3793131
ALSO PRETTY SURE YOU DON'T HAVE THE RIGHT TO BE A PSYCHOTIC CUNT TO YOUR EX WHEN YOU'RE THE TRIFLING ASS WHORE WHO CHEATED IN THE 1ST PLACE ,hateful,hateful,2.419072389602661,4843,102.671875,0.3718807
"@user Stop stereotyping women. Just like how not all men are jerks, not all women spill the beans. ",safe,hateful,2.34574556350708,4843,102.671875,0.2854034
@ResisterChic @realDonaldTrump SHit up #MakeAmericaGreatAgain #TrumpTakeOver #MAGA2020,hateful,hateful,2.390026330947876,4843,102.671875,0.345392
Hitler left a stain on Germany for the atrocities he committed against the Jews.  Trump will leave a stain on America for the atrocities he's commiting against these immigrant families.  I only hope there is a reenactment of the Nuremberg Trials at the end of his reign. #Inhumane ,hateful,hateful,2.4219143390655518,4843,102.671875,0.3806004
@USER This woman is going to be so rich .. she is already a hero to half the country and 90% of the media and acedemia because she might stop Trump from giving the court a conservative majority .,safe,hateful,2.339162588119507,4843,102.671875,0.3158211
Feminism is a toxic plague that should be removed ,hateful,hateful,2.3872263431549072,4843,102.671875,0.3517972
Or their music is trash,safe,hateful,2.4111084938049316,4843,102.671875,0.3731052
@USER Over 30 years worth of background checks under different Presidents and this one slipped through? #KavanaughConfirmation #KavanaughWithdraw #KavanaughSCOTUS #maga,hateful,hateful,2.304534912109375,4843,102.671875,0.2836096
"Not your children though, because no woman is ever going to let you stick your dick in them 😁",hateful,hateful,2.2800934314727783,4843,102.671875,0.2464855
"@USER 2D is a puppet for el mierdas"" Wowowow!!! I was crying when I see the video URL",safe,hateful,2.357370138168335,4843,102.671875,0.3275226
In my anti-muslima mode with this blasting in my ear while i kick fuck out a tewwowist https://www.youtube.com/watch?v=lk5iMgG-WJI,hateful,hateful,2.421114683151245,4843,102.671875,0.376465
@USER Climbs up the charts in Christian Music...only to wither as a fig on a tree as a false prophet. That is @USER,hateful,hateful,2.324951171875,4843,102.671875,0.2980025
Nigerian Immigrant Raped 7-Year-Old Girl In Texas via @user   Another scum... ,hateful,hateful,2.3995165824890137,4843,102.671875,0.3544498
"@ChristianWalk1r EXACTLY.  [NEWLINE][NEWLINE]SAY YES TO AMERICA AT ITS INTRINSIC.  VOTE #Trump2020 if you love core America &amp; want it revitalized.  [NEWLINE][NEWLINE]#SAYNOTODEMOCRATS, they are horribly mixed up &amp; will land u &amp; us into deeper s*it.  Trust me.",hateful,hateful,2.4354026317596436,4843,102.671875,0.4068287
"@user if you say the #nazi's said that #hatred,  &amp; #bigotry can be found with extremists of all faiths,â¦ ",hateful,hateful,2.3351571559906006,4843,102.671875,0.3081051
Hey all you democrats. Better change your ways as you are being led by criminal idiots. But I must add that most Republicans are criminal too. CHANGE IS COMING. THE SECOND AMERICAN REVOLUTION IS HERE . https://www.youtube.com/watch?v=rWFJYGKR8Q0,safe,hateful,2.4123313426971436,4843,102.671875,0.3540274
i'll have gone through 5 different states by this time tomorrow ð± #roadtrip #bymyself  ,safe,safe,2.3662216663360596,4843,102.671875,0.3409562
@KeithNovick3 @DavidCornDC @angeldee0 Bozo would have a better record to run on then sleepy joe who does not know if he is running for the senate or president most of the time. He is losing his mind.  So I guess you are voting for Kamala or any one else who will destroy America!![NEWLINE]🇺🇸🇺🇸🇺🇸TRUMP🇺🇸🇺🇸🇺🇸,hateful,hateful,2.3883402347564697,4843,102.671875,0.3408552
You're very confused. Google Nazi,safe,hateful,2.3766818046569824,4843,102.671875,0.3437948
whenever i'm crying i like to eat hot wings so people just think it's the spice getting to me   #hotwings,safe,safe,2.416442632675171,4843,102.671875,0.3722419
@user @user that’s just cause the director a fucking beast but let’s not act like christian bale ever fuck niggas up or had wavy fighting scenes ,hateful,hateful,2.340158462524414,4843,102.671875,0.2966728
"1.4 In every girl's life there's a moment when she realises that her mother just might be more messed up than she is."""" –Gossip Girl"""" ",safe,hateful,2.4119112491607666,4843,102.671875,0.3629913
#Welcome back to #Parliament :  Federal Liberals violated own fundraising rules #cdnpoli #ethics   ,safe,hateful,2.377706527709961,4843,102.671875,0.3469368
 @user so geeked. love talking   hour! #foodtravelchat ,safe,safe,2.3158271312713623,4843,102.671875,0.2728178
about time i staed packing! #travelling #amsterdam #twodays   ,safe,safe,2.3907902240753174,4843,102.671875,0.3569585
"#Trump flies around the country SuperSpreading COVID-19 and wild conspiracies at his rallies.  Another from a series from @clapanta[NEWLINE].  [NEWLINE]#NationalVoterRegistrationDay [NEWLINE]#Biden[NEWLINE] #Biden2020 [NEWLINE]#TrumpLied200KAmericansdied #VoteBlueToEndThisNightmare [NEWLINE][NEWLINE]If you agree, RT this and SUBSCRIBE https://t.co/XZvWCzieik",safe,hateful,2.4717822074890137,4843,102.671875,0.4386443
@user @user @user @user yeah! why don't they just call their buddies at the @user like we do?  ,safe,hateful,2.3284928798675537,4843,102.671875,0.2955609
@user @user You are lying again! The public doesn't trust you anymore! ,hateful,hateful,2.4000182151794434,4843,102.671875,0.3492546
  monday blessings and peace ,safe,safe,2.4083011150360107,4843,102.671875,0.3707726
Bitch money talk stfu hoe and go make me some more bread @user ,hateful,hateful,2.322059154510498,4843,102.671875,0.2735609
@user @user @user @user @user But she is under 18 it is still considered as child porn no matter the legal age ,safe,hateful,2.4203362464904785,4843,102.671875,0.3740955
owens football tornament #football  ,safe,safe,2.4122679233551025,4843,102.671875,0.3934977
@USER bro they were laughing into her face and almost pissing their pants and i was standing beside it like wtf mind ur own business,hateful,hateful,2.34163761138916,4843,95.68359375,0.2971838
"Nope. See, that's what happens when you assume things.",safe,safe,2.3871870040893555,4843,96.36328125,0.3564957
Idgaf what the fuck y'all got going on. He ain't my problem no more bitch. 👌#IKnowYouLurkingHoe ,hateful,hateful,2.4384377002716064,4843,97.015625,0.4010129
this is really telling.   #microaggressions #race #whiteprivilege #antiblackness,hateful,hateful,2.3240461349487305,4843,97.58984375,0.2839414
@user “Cause you are taller than me and I always get excited to see you.” ,safe,safe,2.4118449687957764,4843,98.26171875,0.3502643
"Hmm... Someone named ""Garcia"" wants to eliminate the US/Mexico border. Imagine my surprise.What's it called when a foreign agent enters your country &amp; sabotages your #BorderSecurity for the benefit of their own country?#StopTheInvasion #SecureTheBorder #BuildTheWall #NoIllegals ",hateful,hateful,2.425072193145752,4843,98.77734375,0.3725117
@user She's just another Palinesque media whore trying so hard to stay relevant. Stop giving this bitch attention. ,hateful,hateful,2.31655216217041,4843,99.328125,0.2891315
  father's day.  a man's desire for a son is usually nothing but the wish to duplicate himself in order that... ,safe,safe,2.3509202003479004,4843,100.13671875,0.2942099
@user He won't. He's too grotesquely fat and looks like he never takes a bath. He could go any time. ,hateful,hateful,2.298990249633789,4843,100.19921875,0.25516
@USER @USER @USER DAVID BIRNBAUM::::The INVISIBLE MAN…EXCEPT AT ELECTION TIME. EXACTLY WHAT IS WORST ABOUT THE LIBERALS…ARROGANCE &amp; COMPLACENCY. DID I MENTION ARROGANCE &amp; CONTEMPT FOR THE ELECTORS?,hateful,hateful,2.3567562103271484,4843,100.35546875,0.314432
@user loving the show @user think we need a billy elliot moment. tears teenagers   dance,safe,safe,2.265458106994629,4843,100.47265625,0.2069666
@user why do u have to take the king to win chess? why not the queen???  #downwiththetriarchy #thefutureisfemale,hateful,hateful,2.3225600719451904,4843,100.5,0.281059
this morning was the best morning! #friends  ,safe,safe,2.3498375415802,4843,100.56640625,0.3019883
@USER @USER WHAT A DOG..SHE IS...,hateful,hateful,2.3936045169830322,4843,100.625,0.3355655
@user @user Not surprising at all.   The Trudeau “Liberals” have been using it to emotionally manipulate and divide Canadians since the beginning. ,safe,hateful,2.3360912799835205,4843,101.1484375,0.2963612
@USER @USER This is a teacher or nut job...you be the judge...but remember she is influencing young minds.,hateful,hateful,2.3952901363372803,4843,101.45703125,0.3598398
To use rape as a weapon towards women are far worse than using a bullet. Only other men can help the women in Burma. Stand up for the women ,safe,hateful,2.422647714614868,4843,101.45703125,0.3639273
http://theantimedia.org/hillary-clinton-ignored-staffers-sexual-harassment-allegations-during-campaign/   #CrookedHillary is SCUM in expensive clothes & the #MeToo movement waiting til they're on their last legs after DECADES of misconduct by her and her husband is a ridiculous joke,hateful,hateful,2.361875057220459,4843,101.515625,0.3170422
@user Thank you for saving the dogs!!!!why are people assholes ,hateful,hateful,2.3726961612701416,4843,101.5546875,0.3180178
weasel trying to “share risks” w-othersðŸ‘‰reluctant to allow others more involvement regarding “appropriate security clearances” in vetting migrants shared by Italy.#Czechia #Visegrad complained of this negligence of Greece/Italy years ago ,hateful,hateful,2.416142225265503,4843,101.61328125,0.3619059
When you cop that new Burberry moo moo ,safe,safe,2.309948682785034,4843,101.67578125,0.2670198
@user The war on conservatives =ANTIFA ,hateful,hateful,2.398888349533081,4843,101.67578125,0.3445585
@USER Its clear you wouldn't listen anyways since you are more interested in arguing over the non existent racism of that tweet rather than calling out the ignorant white girl on display,hateful,hateful,2.41662859916687,4843,101.75390625,0.3772853
@USER @USER @USER She is absolutely useless. Everyone knows it except for her and the media.,hateful,hateful,2.3157601356506348,4843,101.75390625,0.2744833
como se fosse um desenho. as if it were a drawing. #dragqueen #female #iammyself #alone   ,safe,safe,2.3220510482788086,4843,101.76171875,0.2842782
@user @user    #fathersday gift for proud dads.available for 1 day ,safe,safe,2.2959723472595215,4843,101.76171875,0.2488552
"Welcome everyone! Speak freely,use your mute buttons as needed (we had that first) and don't talk to the Lügenpresse.",safe,hateful,2.370624303817749,4843,101.80859375,0.3262131
"you know some people come into your life, but some our put in it.  ",safe,hateful,2.2994439601898193,4843,101.8671875,0.2551587
ATTN: JOY REID. YOU 'AWFUL WOMAN' ARE A COMPLETE SKANK. YOU DISGUST EVERYONE. YOU ARE MARKED. YOU FILTHY IDIOT!!! ,hateful,hateful,2.2956907749176025,4843,101.90234375,0.2575912
@USER keemstar said he is not paying he just wanted his sever on rust popin I said pay him or the ooks will come for you on rust😂,hateful,hateful,2.360116958618164,4843,101.92578125,0.3258582
"@user Don't forget Antifa""""...and """"ACORN""""...And that terrorist that Obama """"palled (??) around with!  Hahahahahha...do you listen to your own malarkey?"""" ",hateful,hateful,2.405669927597046,4843,101.953125,0.3585826
6th This cunt Some poor woman carried a bairn for 9 months for it to pop out an end up doin this shite… ,hateful,hateful,2.321826219558716,4843,101.953125,0.2958888
@user @user the left is skilled in the dark as of self-rejection and psychosis  !,safe,hateful,2.403519630432129,4843,101.953125,0.3595674
the holidays will be better than ever now marijuana unleashed is at ibooks.   ,hateful,safe,2.4069221019744873,4843,101.953125,0.3844526
"Or his current role as the braindead hippie in:  ""How Sniffing Hillaries Undies Changed My Life""",safe,hateful,2.3457233905792236,4843,101.953125,0.2855636
Nice. I'd rather they do that then start banning...,safe,safe,2.305901050567627,4843,101.953125,0.2673345
"@user excuse me for being a rash ion all, but a young one was almost killed in the no go zone #construction @user #waterdown.  ",safe,hateful,2.3255813121795654,4843,101.953125,0.2815388
"@USER Well remember how the cops in San Jose stood down"" and watched as antifa thugs armed with bats,bottles &amp; pepper spray attacked Trump rally goers?  They were ""just following orders"".  That's what most soldiers &amp; cops do. Soldiers follow orders &amp; cops protect their paycheck.  SAD.""",hateful,hateful,2.3660640716552734,4843,101.953125,0.3254058
@user and @user have final say over all applicants 🙃 ,hateful,hateful,2.3021013736724854,4843,101.953125,0.2705937
@user Yes Comie (communist pun intended) WE do and will emerge stronger when u &amp; all ur cronies are put to death at Gitmo. WE THE PEOPLE WILL INDEED BE STRONGER. #MAGA #DrainTheSwamp ,hateful,hateful,2.2818856239318848,4843,101.953125,0.2507423
Shoutout to everyone that uses 'ur' instead of 'your' or 'you're' cause you're too stupid to know the difference ,safe,hateful,2.3554153442382812,4843,101.953125,0.3241981
#Florida what did we do??? This only adds to the concerns that gun rights activists have with Ron DeSantis.  He voted in favor of adding the Feinstein-backed “Fix NICS” gun control expansion to the Omnibus spending bill in Congress... URL,safe,hateful,2.375859498977661,4843,101.953125,0.357701
#MAGA DEEP STATE VIDEO EXPOSED: ,safe,hateful,2.3038434982299805,4843,101.953125,0.2595878
happy thursday lovelies!#thursday#goodday ,safe,safe,2.277493953704834,4843,101.953125,0.246851
"Illegal Alien Raped Girlfriend's Daughter In North Carolina via @user is an everyday occurrence in North Carolina, Why?#BuildTheWall #EnforceUSLaws#NoAmnesty #EndSanctuaryCities #KeepAmericansSafe#DeportThemAll ",hateful,hateful,2.368779182434082,4843,101.953125,0.3363362
@user @user @user @user @user A woman in my town honked at an asshole driver who cut her off. He followed her home and beat her with a crowbar. ,hateful,hateful,2.37475323677063,4843,101.95703125,0.3413403
"Foreign Invader, Ernesto Esquivel-Garcia, 20, TWICE arrested & in the custody of immigration officials TWICE released just to go kill an American citizen&#x1f621;. ⁦@POTUS⁩ #DeportThemAll #BuildTheWall #lilbulli &#x1f1fa;&#x1f1f8;&#x2764;️ ",hateful,hateful,2.3798866271972656,4843,101.95703125,0.336652
Irl I would smack the shit out of your skank face and you would beg for forgiveness ,hateful,hateful,2.3762776851654053,4843,101.95703125,0.3427378
@USER She is maaaad annoying!,hateful,hateful,2.414970874786377,4843,101.95703125,0.3680497
@user Your looking more like a plant #maga #walkaway ,hateful,hateful,2.3239049911499023,4843,101.95703125,0.2713258
"@user There are reports Cuomo reached deep into his campaign war chest."""" He is definitely spending a lot more this time around. $7.5 million in August on tv ads alone. Nixon spent just over $606,000 during the same period. Turn out seems like it'll be higher than usual. Another sign"""" ",safe,safe,2.3672022819519043,4843,101.95703125,0.341962
@user @user @user @user You are in the spirit  Bless you 😂 ,safe,safe,2.4171407222747803,4843,101.95703125,0.3801985
@realDonaldTrump It's a great day. Soon we can be rid of the cancer killing America.  #BidenHarris2020 https://t.co/RAgjqtOiu2,hateful,hateful,2.371764659881592,4843,101.95703125,0.3219473
"@user @user @user @user @user @user And not one bit of any of that has anything to do with Trump at all."""" - Liberals could care less who was responsible &amp; that the majority of the indictments were people Potus never met that did things while Obama was asleep at the wheel. Facts do not matter to the left."""" ",safe,hateful,2.4026331901550293,4843,101.95703125,0.3747184
Stephen Miller -Public Charge Rule is not New its been on the books since 1882 50% of Immigrants on Welfare 90% will Remain on Welfare after 20 years  burdening U.S Taxpayers #Immigration #Trump #MAGA #SendThemBack via @user ,hateful,hateful,2.419710636138916,4843,101.95703125,0.3777537
"Top FBI, DOJ Officials Use Drug-Cartel-Style Burner Phones to Dodge Federal Investigators, Lawmakers",safe,hateful,2.331465721130371,4843,101.95703125,0.2835991
nick cannon speaks out against the systemic  of @user  via @user #alllivesmatter #unbornlivesmatter,hateful,hateful,2.3947417736053467,4843,101.95703125,0.354418
@user Let’s hunt for it 🤨 ,safe,hateful,2.413179874420166,4843,101.95703125,0.3685214
@user where on eah is pastor #mmusimaimane? is he perhaps in prayer &amp; meditation on how to respond with spin to thisâ¦ ,hateful,hateful,2.3385047912597656,4843,101.95703125,0.3014959
"@thehill That won’t help her/him [NEWLINE]#FakeNewsMedia Propaganda obvious put the FEAR OF GOD into some  Seniors[NEWLINE]SHAME ON #DNC &amp; #FakeNews 4 their LIES[NEWLINE]TRUMP STOPPED CHINA FLTS, [NEWLINE]BIDEN called him a Xenophobe [NEWLINE]99.98% OF CV-19 CASES DO NOT DIE[NEWLINE]Biden had 6M cases &amp; 75,000 deaths H1N1[NEWLINE]#Trump2020",safe,hateful,2.449089765548706,4843,101.9609375,0.3907267
fuck you google fact ...  #but #true ,safe,hateful,2.345414400100708,4843,101.96875,0.3007905
@user @user HYT ENEMY OF THE PEOPLE ,hateful,hateful,2.3204424381256104,4843,101.96875,0.2671374
"@user Lol, read the title and you already know whats coming... ...who support common sense solutions to reducing gun violence,"""" How is gun violence different from other violence? What is a non-automatic firearm? What is common sense gun control? Is it like Chicago, NY,.. London?.."""" ",hateful,safe,2.3701016902923584,4843,101.96875,0.3274881
"Epic: Men are not motivated by proposals or policies, they are motivated by creeds. And the right lacks any unifying idea but for the belief that the left is, in various ways, shapes, and forms, bad. Anti-leftism...is not a principle for action.'http://thermidormag.com/the-spirit-of-a-spiritless...",safe,hateful,2.3328914642333984,4843,101.96875,0.303701
@user ball is in our court not yours ,hateful,hateful,2.3353848457336426,4843,101.96875,0.2852099
A 10-year-old rape victim gave birth in India – and the girl was unaware that she was ever pregnant. ,hateful,hateful,2.3266122341156006,4843,101.96875,0.290525
224 illegal migrants held in western Turkey ,safe,safe,2.3104958534240723,4843,102.11328125,0.2630646
check  @user   clientððâ¨ #shopphg #virginhair #hair #hairextensions #buyhairhere #sale #se ...,safe,hateful,2.350491762161255,4843,102.11328125,0.2913052
@user this guy look like his brother is @user who's first wife found him w/another man having sex documented on @user a  #tvð©,hateful,hateful,2.3450419902801514,4843,102.11328125,0.3066722
@user Notice how angry the #MAGA bots are after losing out on a vote this Thursday. Hey #MAGA bots. Would you like some cheese with your whine. LOL ,hateful,hateful,2.348222017288208,4843,102.11328125,0.3007814
@USER Moron - Real Americans are PROUD of our accomplishments- you are disgusting for not showing the truth.,hateful,hateful,2.3931140899658203,4843,102.11328125,0.3570954
"Donald Trump's 'Quiet Acts of Random Kindness'[NEWLINE][NEWLINE]Such a disgusting, vile, selfish, racist, bigoted, bad orange man!! [NEWLINE]#BidenHarris2020 #DNC #TrumpIsARacist #Trump  https://t.co/Lo8s1M7oTp",hateful,hateful,2.431880474090576,4843,102.11328125,0.3788147
"Sometimes, all you have to do is just let out the rope.. #FeminismIsCancer ",hateful,hateful,2.341087579727173,4843,102.140625,0.2921709
@user Will islam ever be at peace with its self as it goes to war with itself no wonder Uk people do not accept its refugees ,hateful,hateful,2.3934993743896484,4843,102.140625,0.3708695
"@user ICE doing it's job. And stop obfuscating the immigration issue by conflating the terms ""immigrant"" with ""illegal alien"". If they're here illegally, they broke U.S. law and need to go back. ",hateful,hateful,2.4253342151641846,4843,102.140625,0.3839193
"It's a pity Traitor May isn't putting these robust pro-active measures in place when dealing with Brexit.  Why hasn't she sacked Remoaner Ministers? But wait, that's not part of her globalist, pro-Islam narrative.",safe,hateful,2.352207899093628,4843,102.140625,0.3107297
"@Newsweek ""The only people who hire all their kids are the mafia, dictators &amp; Donald Trump."" #Biden2020. Make this billboard happen https://t.co/snFtSsK5LP",safe,hateful,2.4047021865844727,4843,102.140625,0.3500357
@user Bottom line is you are a paid fake account coming to the support of a rape enabler. Pretty sick. ,hateful,hateful,2.3935835361480713,4843,102.140625,0.3502053
@user @user We should meet her face to face! She won't be speaking like that much longer. She is a horrid person! Somebody will teach her that you reap what you sow. She will find out the hard way. She is just UGLY inside!!! FUBAR! ,hateful,hateful,2.351593017578125,4843,102.140625,0.3050565
"Evil  leftist pieces of shit have ruined my country, the government, judiciary, police, even the fucking screws are arse kissing the Muslims, the place is finished. ",hateful,hateful,2.39178204536438,4843,102.140625,0.3329014
@USER Made my wife take the Egghead Bible Challenge. Our two kids are obviously more obnoxious than that loop because this shit isnt phasing her at all.,hateful,hateful,2.3985402584075928,4843,102.140625,0.3560573
"Was a tough choice on the novel front, that was in heavy consideration.",safe,safe,2.240713357925415,4843,102.140625,0.2057077
"Report suggests Trump's #MiddleEast team seeks end to Palestinian status as ""refugees"" | ",hateful,hateful,2.3233914375305176,4843,102.140625,0.2781972
Wonder how insecure you have to be to tweet #NotAllMen 👀👀👀 ,safe,hateful,2.3690130710601807,4843,102.140625,0.3307269
finally taking @user to see @user ððððððð¦â¤ï¸  ,safe,safe,2.2926955223083496,4843,102.140625,0.2796326
@user @user Thats a lie you can not merge Legal Immigrants with Illegal Aliens Stats to come out with a #FakeState ,safe,hateful,2.3186028003692627,4843,102.140625,0.2978306
@user Everyone in Washington including John Heinz is being uncovered as the corrupt elites they are...Like cockroaches running from the light. ,hateful,hateful,2.332296371459961,4843,102.14453125,0.2836739
"...I'm smarter than he is, I would be fine, he can punch me all he wants and it wouldn't work... And by the way this wealthy New Yorker actually earned his money it wasn't a gift from Daddy""""  -Jamie Dimon 😎 $JPM"""" ",hateful,safe,2.380962610244751,4843,102.14453125,0.3350657
@USER @USER @USER @USER So if Paul Golding turned up for a job at the BBC you'd let him work for them?,hateful,hateful,2.4136931896209717,4843,102.14453125,0.355448
1. How is that gun control working in Chicago?   2. Only the military has access to Assault weapons.   Is your ignorance from old age or are you still working for the Chinese. URL,hateful,hateful,2.347342014312744,4843,102.14453125,0.3140375
"Has anyone taken the time to research this accuser, the lawyer now representing her, her students comments, etc! This fiasco is Sedition by the Demalogs, aimed at destroying this administration in every way. ",safe,hateful,2.402238607406616,4843,102.14453125,0.3593726
@user She has become a parody unto herself? She has certainly taken some heat for being such an....well idiot. Could be optic too  Who know with Liberals  They're all optics.  No substance ,hateful,hateful,2.4202489852905273,4843,102.14453125,0.3735159
McCain is a tumor.,hateful,hateful,2.308016061782837,4843,102.14453125,0.2635999
bihday celebration continued in the office! #weeklongcelebration #debscooking   ,safe,safe,2.256981372833252,4843,102.14453125,0.2345656
@user @user He/she deserves those tattoos. Hope the antifa follow. ,safe,hateful,2.363954544067383,4843,102.14453125,0.337907
@user @user Nobody voices opinions in this country louder than conservatives so idk what the fuck he's on about ,hateful,hateful,2.39806866645813,4843,102.14453125,0.3685193
 @user arrived at croke park for the cipd conference #cipdireland16    @user ,safe,safe,2.3175907135009766,4843,102.14453125,0.2848107
Your domain names get more and more amusing with each incarnation of DS,safe,safe,2.397395133972168,4843,102.14453125,0.3553762
@user You do mean the bernie assholes that stayed home ,hateful,hateful,2.41011381149292,4843,102.14453125,0.3560549
@user @user and that's truly  !,safe,hateful,2.3552114963531494,4843,102.14453125,0.3113037
I bet Mary Kissel fucks like maniac rodeo queen.,hateful,hateful,2.384366989135742,4843,102.14453125,0.3453033
@user Still coverup.  And bet the anonymous writer of op-ed in NY times on sept 5th was the ny times itself!!!!  No sr adminstrator of #Potus. But cud say it was since refused to name writer ...ALL TO STIR UP CRAP WITHIN #TRUMP Camp!!! And #Maga ,hateful,hateful,2.4267799854278564,4843,102.14453125,0.3988416
UK Column News Live | UK Column https://www.ukcolumn.org/live,safe,safe,2.324202060699463,4843,102.14453125,0.2703684
You didn't provide proof of anything,safe,hateful,2.3858444690704346,4843,102.14453125,0.3457107
"@user Massive explosion in Muslim population,illegal migrants r root cause of pollution.Focus on aligning them as good citizens ",hateful,hateful,2.4125306606292725,4843,102.14453125,0.375994
"@user @user @user This is fun, I asked him for proof and he blocked me. I was about to joke about how he'd go from The Antifa are the real Nazis!"""" to similar alt-shite talking points, boy that sure was providing proof quickly."""" ",hateful,hateful,2.362190008163452,4843,102.14453125,0.3177246
@user  is still rooted in our society's attitude towards black women's hair. read more from candide uyanze:â¦ ,hateful,hateful,2.376371145248413,4843,102.14453125,0.3327787
I read the article where he said that he voluntarily spoke with Mueller. I don't view speaking to someone (who can enforce a number of unspoken but demonstrated threats) as being cooperation.,safe,hateful,2.4155240058898926,4843,102.14453125,0.3618882
Weekend is here. What an amazing week this has been. Let's use this extended weekend to celebrate our successes my fellow queer folk.,hateful,hateful,2.332797050476074,4843,102.14453125,0.2950607
@USER We thank our God for you every single day.  #MAGA to #KAG,safe,safe,2.3893749713897705,4843,102.14453125,0.3495368
@user So black people need white liberals like you to keep them from turning to violence based on things they perceive to be offensive? ,safe,hateful,2.402127504348755,4843,102.14453125,0.3586344
"Saw brownies on the kitchen counter, bit into one and immediately a surge of pain and spice hit my tongue. Chili flakes. Eff you, Brian.",safe,hateful,2.3228213787078857,4843,102.14453125,0.2956202
"@user Illegals Dump their Kids at the border like Road Kill and Refuse to Unite! They Hope they get Amnesty, Free Education and Welfare Illegal #FamilesBelongTogether in their Country not on the Taxpayer Dime Its a SCAM #NoDACA #NoAmnesty #SendThemBack ",hateful,hateful,2.410806655883789,4843,102.14453125,0.3740164
"nothing is impossible because energy is not destroyed and absolute zero is a temperature never reached. There is no such thing as nothing, as there would still be space-time existing there. ",safe,safe,2.4046547412872314,4843,102.14453125,0.360108
" @user @user #bestseller #motivation   #spos  ""never go to bed without a #dream or wakeup without a #hope"" ",safe,safe,2.1134023666381836,4899,102.14453125,0.0776986
When you wake up and she's gone ,hateful,hateful,2.369690179824829,4894,102.14453125,0.3176042
"@user City of 1 499 900 people who don't fuck"""" doesn't have quite the same ring to it"""" ",hateful,hateful,2.2187442779541016,4887,102.14453125,0.1925409
Trump administration moves to end court settlement on immigrant child detention - CNNPolitics   This action would gut the basic protections and standards in place to protect kids from harm. #ProtectFloresSettlement #BestInterestOfTheChild ,hateful,hateful,2.1515698432922363,4904,102.14453125,0.0969419
"Great example as an immigrant and woman CEO, Indra Nooyi (Indian-American): ‘Pepsi’s first female CEO is stepping down after 12 years’ ",hateful,safe,2.2886080741882324,4896,102.14453125,0.2497345
Do these look like the poor starving #illegalaliens the #MSM are telling Americans need to be taking in? ,safe,hateful,2.2325291633605957,4889,102.6328125,0.1850566
@USER @USER @USER My opinion isn’t false just as is you’re isn’t . You can’t downplay my feelings because it doesn’t fit into your narrative. What rights are we taking away??? Better gun control??? If that hurts your soul oh well. A dead child hurts mine more,hateful,hateful,2.340883731842041,4889,102.6328125,0.2923751
@user @user coming from  and #powerhungrytraitors. the #hereticfoundation!,hateful,hateful,2.2118849754333496,4889,102.6328125,0.1733049
@USER Cockroach,hateful,hateful,2.31453800201416,4889,102.6328125,0.2635042
@user Ford is a liar &amp; a ultra left wing radical working with George Soros &amp; others such as Antifa &amp; the Dem party has known it all along. ,hateful,hateful,2.365468740463257,4889,102.6328125,0.3148789
What a cunty little bitch. #Jeremykyle   She should have her benefits stopped for not putting him on BC. That would stop that shit. ,hateful,hateful,2.3641774654388428,4889,102.6328125,0.3172031
@user @user Liberals mock President Trumps skin color and decapitated his likeness. They also threaten his family. Even Baron. ,hateful,hateful,2.242095947265625,4889,102.6328125,0.1914765
@USER @USER @USER If you think I was referring specifically to you then you misunderstood. You attacked someone without a uterus saying they have no say on reproductive rights. Using that argument then if you do not own firearms you have no right to comment on gun control.,safe,hateful,2.304466724395752,4889,102.6328125,0.2543486
Ted Nugent on Parkland Gun Control Activists: 'They Have No Soul' ,safe,hateful,2.338094711303711,4889,102.640625,0.3005658
well... hockey's officially over and now idk what to do with myself  ,safe,safe,2.3722198009490967,4889,102.640625,0.3233391
Please #retweet 👍  Please #share 😄  #thankyou 🙏  #love #share #life #money #crowdfunding #gofundme #monsterfunder @USER  Please #support ex dem fervent MAGA  🇺🇸  #donate here #today:   ⬇️ URL,safe,hateful,2.2782962322235107,4889,102.640625,0.2270659
@user much like the time when the only thing i had was eggs and then i accidentally poured the scrambled eggs down the sink  ,safe,safe,2.2754716873168945,4889,102.640625,0.2233514
@user #Subway #Cowards #StopTheInvasion If they do now want to embrace our customs they should go back to their country of origin. ,hateful,hateful,2.353239059448242,4889,102.640625,0.3098744
"Absolutely perfect keep the whole lot of Illegal Aliens out, now maybe libtarded snowflakes will be happy they are not being split up? #maga #kag #nodaca #noamnesty #BuildThatWall #BuildTheWallNow #BuildTheDamnWall #BuildTheWall ",hateful,hateful,2.375784158706665,4889,102.640625,0.3238306
Just got home. What the fuck happened today? ,hateful,hateful,2.2118823528289795,4889,102.640625,0.1728288
@user @user Yes because we simply MUST be politically.  Heaven forbid we don't give the Liberals their due justice. ,safe,hateful,2.341459274291992,4889,102.640625,0.2951977
@USER yeah it start with her being a blogger and all but somehow it turned into a murder fan fiction,hateful,hateful,2.2123515605926514,4889,102.64453125,0.1799235
@USER @USER @USER Yes...she is,safe,hateful,2.3375210762023926,4889,102.6484375,0.2884271
"@user @user @user For somebody who supports white rape, you are thankfully the minority. Get a fucking life and don’t breed. Imbecile. ",hateful,hateful,2.3456881046295166,4889,102.6484375,0.3083286
"when you're thankful you feel  , happiness reduces stress, reduced stress leads to... ",safe,safe,2.2188100814819336,4889,102.6484375,0.1777222
"When did the left’s opinion of African-Americans become so low that they automatically assume all black people should think the same and that those who don’t should be ridiculed, demonized and smeared? ",safe,hateful,2.3314268589019775,4889,102.6484375,0.2887285
lol and then there was this little jerk.... ðð² #squirrel   #wild  #strange #silly. #nutjobâ¦ ,safe,hateful,2.3525357246398926,4889,102.6484375,0.315897
@USER Dude you are so right.. one just triggers the other 🙃,safe,safe,2.359464406967163,4889,102.6484375,0.3300965
"Nice! I prefer this version though. I was thinking about what I was going to listen to this morning, too. Now I know! 😀 ",safe,safe,2.187422513961792,4889,102.65234375,0.1538911
 @user   bihday @user sir wishes form suriya fans club kerala thrissur god bless you.... ,safe,safe,2.349726915359497,4889,102.65234375,0.3308269
"How in holy hell do they expect to ""out breed"" other people when they keep having abortions? Leftists are insane.  also, they can take their bigotry and bullshit identity politics and shove it up their ""tolerant""  moonbat asses.",hateful,hateful,2.2598674297332764,4889,102.65234375,0.2069596
 porn vids web free sex ,hateful,hateful,2.3152859210968018,4889,102.65234375,0.2930148
Tiny out here looking like an albino red nose pitbull from a dope boy's trap house.,hateful,hateful,2.3603899478912354,4889,102.65234375,0.317025
how she ugly and still outta your league ? ð¤  ,safe,hateful,2.2291228771209717,4889,102.65234375,0.1780823
@user @user  Trump does not understand his job? Trump will go down as the most successful and Obama and his entire admin as most corrupt ,hateful,hateful,2.325056314468384,4889,102.65234375,0.275735
@USER Hey @USER you ever find those guns?🤔,safe,hateful,2.358510971069336,4889,102.65234375,0.317828
@USER I’d rather be buried alive,hateful,hateful,2.3792765140533447,4889,102.65234375,0.3360629
 @user as happy as a dog in a ditch!  #dog   #dogsoftwitter #happiness #love #life ,safe,safe,2.1887035369873047,4889,102.65234375,0.1419104
@user Aww... he is such a busy monster. ,hateful,hateful,2.3659563064575195,4889,102.65234375,0.3179292
@user Why aren’t you speaking out against the injustices that are still occurring to the Windrush generation/black Britons whose records Theresa May destroyed as Home Secretary and whom now she is deporting as prime minister? #InstitutionalRacism ,hateful,hateful,2.2237777709960938,4889,102.65234375,0.2036066
@USER He is most impressive at corruption and lies.,hateful,hateful,2.334449529647827,4889,102.65234375,0.2873087
Pro Tip- There's nothing but sad lonely bitches at the bar drinking away their 'I'm a lonely loser' feels today ,hateful,hateful,2.3603029251098633,4889,102.65234375,0.3268242
"Just stumbled onto this site, it's a good one though. - https://deershack.com/collections/decals/products/bow-hunter-decal-1 #lodge_accents #Hair_on_Hides #leather #black_powder_gear #Hunters_Gifts",safe,safe,2.2152247428894043,4889,102.65234375,0.1771997
@USER @USER @USER @USER @USER @USER @USER @USER @USER @USER @USER @USER @USER @USER @USER @USER @USER @USER @USER @USER @USER @USER @USER @USER @USER @USER @USER @USER @USER @USER @USER @USER @USER @USER @USER @USER @USER @USER @USER @USER @USER @USER @USER @USER @USER @USER @USER @USER @USER So true! Poor basement dweller!!,hateful,hateful,2.375861644744873,4889,102.65234375,0.3462881
@USER @USER MY FACE WAS SO CLOSE TO THE CONCRETE BITCH I COULDVE PROBABLY STUCK MY TONGUE OUT AND LICK IT,hateful,hateful,2.232544422149658,4889,102.65234375,0.1834289
@USER Cuz liberals are sick of cnn!!!!,hateful,hateful,2.307779550552368,4889,102.65234375,0.2598484
@user @user Take a joke lefties. Her behaviour was disgusting. So it is drawn. ,hateful,hateful,2.361039400100708,4889,102.65234375,0.3351867
Trump pick to lead UN migrant group has ‘˜pushed fear of Sharia law' ,hateful,hateful,2.224372386932373,4889,102.65234375,0.1779471
@user @user @user We all know it’s not even close to bribery. She’s using that term to defend her disgusting and disgraceful decision to vote with her party over the American people. I have to wonder how much she is getting paid for the yes vote. ,hateful,hateful,2.3411471843719482,4889,102.65234375,0.3042261
@user that's a depressing fact.  ,safe,safe,2.346626043319702,4889,102.65234375,0.3158988
"Sorry I've still been away #GabFam. Another bout of diverticulitis has been kicking the shit out of me - literally! - but I'm almost over it now. I spent some time getting put back together at the VA, and I think they had a couple of nuts and bolts left over. Hope you're all doing well and had an awesome #IndependenceDay!!",safe,hateful,2.381516456604004,4889,102.65234375,0.3383263
@USER @USER is Zoe getting married? I refuse to believe this. she is still a BABY. A BABY. LOL.,safe,hateful,2.2245774269104004,4889,102.65234375,0.1804133
I moved to a rural area a yr ago in July. I've spoken to my neighbors more in 1 yr than in 10 yrs on Long Island. He helps me mow my land. You rely on each other more than in a city or suburb.,safe,safe,2.3317325115203857,4889,102.65234375,0.2806148
@user @user @user You are not alone ,safe,hateful,2.3683197498321533,4889,102.65234375,0.330229
@USER He is so takendted what the heck,hateful,hateful,2.3838846683502197,4889,102.65625,0.3456622
"""Is that an albino Mexican?""
""No dad, he's Asian.""",safe,hateful,2.2367517948150635,4889,102.65625,0.1812646
"@user @user Where was your outrage when Obama did this to 25,000 kids for months ZERO! Where is outrage for all the Angel moms that lost their kids to illegals never to see them again EVER! 1.3 Million in US already on FBI terror watchlist! #Bu ",hateful,hateful,2.3286242485046387,4889,102.65625,0.2970747
"bitches be on this hoe reading threads on how to take care of their man and please em, like bitch if you don't figure it out fo yoself lol ",hateful,hateful,2.3677420616149902,4889,102.65625,0.3162613
"@user Yeah but ""Shakedown Schumer""& his buddies say we don't need a wall or borders! More evidence to #BuildThatWall ! ",hateful,hateful,2.3807213306427,4889,102.65625,0.3377205
Burundi government denies involvement in forced repatriation of refugees ,hateful,safe,2.210949659347534,4889,102.65625,0.1666874
"my post said ""jews and muslims killing each other' win win ",hateful,hateful,2.3563857078552246,4889,102.65625,0.3004451
http://www.joshpaiva.com/steneum-ico-review/ - Most Claim That Steneum Is A Scam Any Fact To It? Take A Closer Take a look at This Recent Post #steneum_review #steneum_coin #steneum_reviews #steneum_ico #steneum #steneum_crypto,safe,hateful,2.2702999114990234,4889,102.65625,0.2300564
@user And here are an Antifa Group after Old Boy Nazi Soros forgot to pay them... ,safe,hateful,2.2946574687957764,4889,102.65625,0.2528276
"What the heck? The #Antifa vermin touched off the violence. They should've been shot, maced, batoned, cuffed, and dragged off to jail. Even the cops out there are #libtards...  #Portland #Oregon",safe,hateful,2.3790993690490723,4889,102.66015625,0.3293911
 @user my house is an ice cube &amp; idk how to turn off the air  ,safe,safe,2.2208919525146484,4889,102.6640625,0.178564
@user When is this low IQ piece of human trash going to go away. Nobody cares what this wack job has to say so why is she constantly in our faces. If she thinks Mr. Trump has acted despicably what does she call going on live television and telling people to attack conservatives? ,hateful,hateful,2.3562653064727783,4889,102.6640625,0.3199426
@user @user I think he is racist out of touch with reality he treats the presidency like a reality show we’re he is starring he has no empathy he is suffering from narcissism he has an in ability to tell the truth he may be mentally incapable of being the President of our Country ,hateful,hateful,2.3604280948638916,4889,102.6640625,0.307534
fuck peace and love hoe. you can get dragged bitch real quick ,hateful,hateful,2.369183301925659,4889,102.6640625,0.3310245
Business is business. I love this story. URL ,hateful,safe,2.174144983291626,4889,102.6640625,0.137315
Absolutely all fucking done.  Bye Felicia URL,hateful,hateful,2.4031269550323486,4889,102.6640625,0.3492444
"@user really needs to train their aist better , order sides of pepperonis and they wanna charge ya for a pizza sub ,,  ",safe,hateful,2.220285177230835,4889,102.6640625,0.1804824
@USER I am definitely for antifa members getting themselves killed.,hateful,hateful,2.35390305519104,4889,102.6640625,0.3001802
@user who’s the loser bitch!  lol you! fuck you #MAGA ,hateful,hateful,2.354414939880371,4889,102.6640625,0.300037
They still email me even though I deleted my account over a year ago. I like that #Gab only emails me what I tell it to....,safe,hateful,2.2168173789978027,4889,102.6640625,0.1849645
"It is, truly, a utopia for which all liberals strive.",safe,safe,2.3482344150543213,4889,102.6640625,0.2926984
HAHA- Joy Reid steps in shit as she gets busted making libtard triggering anti-gay comments because she doesn't know how to spell 'feud'  https://www.infowars.com/busted-joy-reid-misspelling-suggests-she-did-write-homophobic-blog-posts/,hateful,hateful,2.2789859771728516,4889,102.6640625,0.2231909
#instamoto   bull up: you will dominate your bull and you will direct it whatever you want it to do. when yo ,safe,hateful,2.2999417781829834,4889,102.6640625,0.2488667
@USER Cue the liberals’ moral shunning of society for a minute; as they take a break from trying to ruin Brett Kavanaugh’s life &amp; humiliating his family.,safe,hateful,2.369471549987793,4889,102.6640625,0.3356494
An increased measure of faith will be required us to advance His Kingdom in these times.  ,safe,safe,2.2317826747894287,4889,102.6640625,0.1744711
"@user i have the ssn,address,home network info and billing info but you still have to speak to my husband.  #failure",hateful,hateful,2.340646266937256,4889,102.6640625,0.2888072
@user will #reignofkong be open today? #replytweet   #islandsofadventure,safe,safe,2.365291118621826,4889,102.66796875,0.3058727
@user @user coming from a guy who should be arrested and charged as an accessory. I hat a deranged individual. ,hateful,hateful,2.37145733833313,4889,102.66796875,0.3294756
" @user just heard a 17yo ped's user was drafted high by stl cardinals. goes to show teams want bigger, faster, stronger no matterâ¦",safe,hateful,2.2162511348724365,4889,102.66796875,0.1879446
@user Another funny thing is how they refer favorably to Japan because of gun control but admonish Japan for their refugee policies 🤔🤔 ,safe,hateful,2.36057186126709,4889,102.66796875,0.3169236
The amount of stupid people in this world really makes me consider wearing condoms... I'm not gonna but I be considering it ,hateful,hateful,2.2384040355682373,4889,102.66796875,0.1827636
PND is my jigga man.,hateful,hateful,2.3175580501556396,4889,102.66796875,0.2836893
We need a special prosecutor to investigate Hillary & Russian uranium. If Sessions will not do it. Then fire Sessions and Rosenstein. We need to find truth about HRC and her letting Russia have 20% of our uranium. We need the truth about the emails and the illegal server.,safe,hateful,2.3869314193725586,4889,102.66796875,0.3458319
its been a long long time #disney #disneyland #childhood #starwars #bb8   #tomorrowland ,safe,safe,2.1708052158355713,4889,102.66796875,0.1439811
"Um, no, this is fucking retarded. A moron pontificating about incorrect moron things, and trying to force his ideology on another culture. ",hateful,hateful,2.3730673789978027,4889,102.66796875,0.3467696
Sen. Lee is so calm & soothing. Not psychotic like the Jews.,safe,hateful,2.223153829574585,4889,102.66796875,0.1702815
so blessed to work alongside @user for 2 years! #futurelunchdates #theloneliestnumber #notgoodbye  ,safe,safe,2.3380489349365234,4889,102.66796875,0.3057758
@user @user @user bought more copies of  @user âadoption papersâ  as presents than any other poetry  ,safe,hateful,2.3629300594329834,4889,102.66796875,0.317196
When the Left cannot tell the difference between immigrants and illegal immigrants.#IllegalAliens #Immigration ,safe,hateful,2.1980137825012207,4889,102.66796875,0.1744655
@user riyadh is renowned for some of the deadliest traffic in the world.      â¦ #2017in3wordsâ¦ ,hateful,hateful,2.374333620071411,4889,102.66796875,0.3318375
😂😁😂 ,safe,safe,2.2191877365112305,4889,102.66796875,0.168976
@user same AF ,safe,hateful,2.34794282913208,4889,102.66796875,0.3129006
@USER That's what Lindsey Graham uses for a butt hole............,hateful,hateful,2.353156089782715,4889,102.66796875,0.3183421
"Agent Smith, I've read Murray Rothbard's ""Anatomy of the State.""  I don't trust any of you, starting with Drudge, Fox, and all the rest. You all preach CIA mind control.  Now you're worried, and rightfully so.  We. don't. need. you. anymore.",hateful,hateful,2.280381679534912,4889,102.66796875,0.2270372
"Watching Peter Kosminsky's the State.  A bit of an eye opener for the better half.  ""Why do they do that?""  Answer because it is a mental illness.",safe,safe,2.282614231109619,4889,102.66796875,0.2348299
If you are voting for Joe Biden then you are actually voting for Kamala Harris to be President! https://t.co/1cds2ZYt9F,safe,hateful,2.317112684249878,4889,102.66796875,0.2984279
 @user so   for #antihumantraffickingbill #prevention #protection #victimrebabilitation hopefully proposed act becomes law sooâ¦,safe,safe,2.3660953044891357,4889,102.66796875,0.3268382
listen to heaven is under the sun by @user for some   #upbeat #pride #quiltbag #lgbti,safe,safe,2.194612503051758,4889,102.66796875,0.1478178
@user You still have not addressed your solution to make schools safer....you just preach more gun control...what are your solutions??? ,hateful,hateful,2.363393783569336,4889,102.66796875,0.32747
"'the #mummersparade, by its very dna, is a largely-unrepentant  affair that has no business existing' ",hateful,hateful,2.2453019618988037,4889,102.66796875,0.1928329
"His valors and behavior make him a kind of super-Christian/white, not a super-Muslim/African. A refugee... from another ""European"" planet.",safe,hateful,2.3119869232177734,4889,102.66796875,0.2698049
"@user @user Demonetization,GST&amp; Swatch India. Wish implementation cld have been better. Govt must take strict measures to control population &amp; flush out all illegal migrants-Mother of all Evils.Withdraw sops to Indians having more tha ",hateful,hateful,2.3569419384002686,4889,102.66796875,0.3248869
@user @user How about really healing the country by leaving it and taking the rest of the loony liberals with you ,hateful,hateful,2.235398769378662,4889,102.66796875,0.1847478
@user @user Do you live in a hole? Or Crazy Bot? Trump has Never had a MASTER PLAN &; ONLY CARES ABOUT TRUMP! Stay in your hole &; keep to yourself! BOT!! ,hateful,hateful,2.3334832191467285,4889,102.66796875,0.2847362
making it smile ððððð #instaboy #tumblrboy #me #streetstyle #blonde   #streetphotographyâ¦ ,safe,safe,2.343827724456787,4889,102.66796875,0.3005772
@realDonaldTrump What is the punishment for treason again? #Trump2020,safe,hateful,2.379674196243286,4889,102.66796875,0.3308681
@user  against whites @user damon sajnani #damonsajnani teaches some really lame classes. ,hateful,hateful,2.221543312072754,4889,102.66796875,0.1785705
Abolish these #Democats Keep ICE Not 1 More Illegal in the U.S!#BlackTwitter #WakeUpAmerica #Immigration #BlackTwitter #Democrats4Trump #BlacksForTrump  #FamiliesBelongTogetherMarch is Anti American Pro Open Borders and Illegals ,safe,hateful,2.3527779579162598,4889,102.66796875,0.3110916
@user @user And - on reflection -  I is a sycophantic twat   But that does not mean he is wrong ,hateful,hateful,2.3562796115875244,4889,102.66796875,0.3236293
@WideAngle_ @seanhannity Typical Liberal. I am guessing you see Antifa protesters in Portland holding hands &amp; singing Kumbaya instead of burning down US cities &amp; assaulting police officers. [NEWLINE][NEWLINE]#DENIAL [NEWLINE]#TRUMP2020 #Trump2020LandslideVictory #TRUMP2020ToSaveAmerica 🇺🇸🇺🇸🇺🇸🇺🇸🇺🇸 https://t.co/SDVJmeqxN5,safe,hateful,2.381169319152832,4889,102.66796875,0.3540629
  bihdayð                              ã @user ã ,safe,hateful,2.2225842475891113,4889,102.66796875,0.1754562
Ah Big Pharma ... your time in the barrel has indeed come,safe,hateful,2.328526258468628,4889,102.66796875,0.2814095
@user @user Mmm you are so hot ,hateful,safe,2.3348331451416016,4889,102.66796875,0.2864288
@user @user Hoe ass bitch you was just trying to suck my dick 😂😂😂😂😂😭😭😭😭😭😭😭😭😭😭😭😭😭😭ὢ ,hateful,hateful,2.409688949584961,4889,102.671875,0.3716096
@USER @USER She is in witness protection. I wish this cow had a mobile phone so she could call other cows and share her escape. #GoVegan,hateful,hateful,2.2067151069641113,4889,102.671875,0.185496
5 reminders for you!    #love #instagood #photooftheday   #cute #me #beautiful #followme  â¦ ,safe,safe,2.368236780166626,4889,102.67578125,0.3190953
would be the best thing he has done yet ,hateful,safe,2.185494899749756,4889,102.67578125,0.1374142
He raped an 11 year-old girl and he was here illegally. Where is the outrage?  #arpx ,hateful,hateful,2.3571860790252686,4889,102.67578125,0.3230279
@user *REPLACES CHICKENS WITH GUN CONTROL* ,hateful,hateful,2.3629887104034424,4889,102.67578125,0.3288863
"Frozen peas and 
ibuprofen. My new best friends # cripple",hateful,hateful,2.203345775604248,4889,102.67578125,0.1680289
"Wow, way to go, Daddy!   https://www.youtube.com/watch?v=7IYAuN6SLxE",safe,safe,2.3523120880126953,4889,102.67578125,0.3048756
You talked to me as if Im some super skank up in a bunch ! Who tf do u think u r ? Honestly ? Not one boy has talked to me like that everrrr ! You disgust me man ! No respect what so ever ! & your dirty dick aint getting shit ! ,safe,hateful,2.25034236907959,4889,102.67578125,0.2070105
@USER Awesome Job Mr. President Trump!!  MAGA,safe,safe,2.292699098587036,4889,102.67578125,0.2534106
being urself cannot be a death sentence #prayfororlando #lgbt   #loveislove,safe,safe,2.333634376525879,4889,102.67578125,0.2845796
Jesus described Death/The Grave/Gehenna as being divided by a great gulf. Hell/Sheol on one side and Paradise on the other. None of these places are the Lake of Fire described in Revelation. Death and Hell will be cast into the Lake of Fire.,safe,safe,2.2157769203186035,4889,102.67578125,0.1819674
RT @user My kind of Pokemon presented by the best: @user ,hateful,safe,2.3884661197662354,4889,102.6796875,0.3379254
@user This not not antifa....it's a bunch of cry babies in Toronto. ,safe,hateful,2.2322914600372314,4889,102.6796875,0.1838192
scouting for fresh food for the week:)!   #health #vegan #vegetarian #scoutingâ¦ ,safe,safe,2.328721046447754,4889,102.6796875,0.2814909
@user @user @user @user @user @user The fine people he was referring to were the military vets &amp; others who had a legal permit to protest the removal of a historical statue. That isn’t good enough? By your standards the counter protesters were all Antifa. ,safe,hateful,2.3771233558654785,4889,102.6796875,0.3270802
@USER @USER @USER @USER @USER Obama never laments for those that are killed in Chicago every week. Chicago his old stomping ground.  Ask him how those draconian gun control laws are working there? And watch him blame Indiana.,hateful,hateful,2.2553892135620117,4889,102.6796875,0.2099307
"#ThursdayThoughts  I wonder how many liberals would take the word of a woman that accused their husband, son, dad of groping"""" 36 years ago?  A BIG FAT ZERO!  We can not allow people 2 destroy any man's life without 100% proof they were violated.  It's a tactic, not the TRUTH. ",safe,hateful,2.3215510845184326,4889,102.6796875,0.278265
@user Establishment turd 💩! Conservatives have a much better memory than liberals!! We don’t have eyes full of hypocrisy blinding us!! ,hateful,hateful,2.3464293479919434,4889,102.6796875,0.2990931
@USER A Democrat tried to stab a Republican congressman-a Democrat shot congressman Scalise and tried to kill everybody around him-Democrats are beating up Republicans and denying them the right to speak-we know who the Democrats are and they are not Americans,hateful,hateful,2.3647937774658203,4889,102.6796875,0.3155255
"You need to add one about Obama being the only president to use his magic pen to sign an executive order allowing himself to use drones to Kill Americans without due process, oversight or even admittance AFTER the fact!",safe,hateful,2.257082462310791,4889,102.6796875,0.2030941
" @user sick baby, tired momma..... up watching elmo with liam. #liamwesley #sick #poorbaby #rest   #20monthsold ",safe,safe,2.3044328689575195,4889,102.6796875,0.2673877
Yes! ThankQ! .@POTUS Violent criminals out! You do not have the right to be in the US! You should earn it! #deportillegalimmigrants #MeritBasedImmigration #BuildThatWall #VoteRedToSaveAmerica #TheRainMakers #TrumpWorld ,hateful,hateful,2.383363723754883,4889,102.6796875,0.3334615
Every convo ever w/ an #MRA: 'men are pigs.' 'WTF MEN R NOT PIGS U FUGLY FEMENAZI CUNT IMA CUT UR HEAD OFF N FUCK UR NECK HOLE 4 SAYIN THAT' ,hateful,hateful,2.3720943927764893,4889,102.6796875,0.3195037
 #love#follow  these 3 qualities can improve sales results  ,safe,safe,2.212989091873169,4889,102.6796875,0.1696586
"@user good job on reducing a talented performer to her physical ""assets,"" you #misogynist douchewaffle.  @user",hateful,hateful,2.347568988800049,4889,102.6796875,0.2921582
.@USER Confirm Kavanaugh! #KavanaughForSCOTUS #2A #NRA @USER No new gun control! #2A!  #DefendTheSecond #NRA Vote for #SHAREACT #NOCOMPROMISE Protect our GOD given rights #RememberYourOath #NRAun control! #2A!  #DefendTheSecond #NRA,safe,hateful,2.3736884593963623,4889,102.6796875,0.3239267
#Tufacebaba effective presence at #Worldrefugeeday2017 at Onikan Stadium in Ikoyi-Lagos standing #WithRefugees ,hateful,safe,2.3627705574035645,4889,102.6796875,0.3430837
"@user Kassy, your enemies are my enemies! #LiberalismIsAMentalDisorder #walkaway @user #FakeNews #DrainTheSwamp #BuildTheWall #SendThemBack ",safe,hateful,2.232187032699585,4889,102.6796875,0.1944851
@user @user @user @user where Goku is scared...Vegeta accepts the challenge bitch nigga ,safe,hateful,2.32905912399292,4889,102.6796875,0.2860844
"Screw #Politicians, you have 63 MILLION Voters who would be willing to donate $100+. That's $6.3 Billion minimum! Open a ""Fund the Wall"" campaign!#BuildTheWall #BuildThatWall #MAGA@realDonaldTrump@DonaldJTrumpJr @user @user @user ",safe,hateful,2.280280113220215,4889,102.6796875,0.2297365
@BristolCommonSense  Ratings: Grammys  down hard from 2017 to all time low !  Americans are fed up with anti-white hate.  http://deadline.com/2018/01/grammy-ratings-kendrick-lamar-hillary-clinton-bruno-mars-james-corden-cbs-1202272416/,safe,hateful,2.2931220531463623,4889,102.6796875,0.2423462
"All races want to breed with Whites, live in White countries, learn White languages, adopt our looks, our mannerisms, our NAMES. Love us, fuck us, kill us, live with us. Love/hate is a powerful combo, on the other hand all Whites want is some space to ourselves!",hateful,hateful,2.3477134704589844,4889,102.6796875,0.2909911
#instatravel   bull up: you will dominate your bull and you will direct it whatever you want it to do. when ,safe,hateful,2.232987403869629,4889,102.6796875,0.1837386
"#Hillary once said that if #Trump wins, We all hang from Nooses."" The deeper this goes, the more we learn why #Clinton freaked out when she realized #Trump could win.  URL #conservatives #TCOT #Unmasking #ReleaseTheMemo  #SusanRice #FBI #DeepState #Mueller""",safe,hateful,2.334223508834839,4889,102.6796875,0.2833681
@user so is it offical that #jews are officially  in the eyes of the #libtard masses? ,hateful,hateful,2.3563039302825928,4889,102.6796875,0.3209691
RT @gferguson8: @MSoltan18 @WBDyllon_ @KoredeB9 Messi is trash,hateful,hateful,2.3724422454833984,4889,102.6796875,0.3361631
Or when you're in my neighborhood RT @clairelea18: You know you're in the mexcian ghetto when... http://t.co/1Vq0OcrseV,hateful,hateful,2.2237908840179443,4889,102.6796875,0.1907391
#WeAreRepublicNotRegime #POTUS BO violated USA sovereignty w/open border/Jihadis/criminal/diseased/Haitians/S.Americans #ImpeachObama,hateful,hateful,2.347101926803589,4889,102.68359375,0.2907492
"""@SportsCenter: USC senior RB Anthony Brown calls head coach Steve Sarkisian a racist and quits team. &#187; http://t.co/JOOsdSubIR"" he's a bitch",hateful,hateful,2.36603045463562,4889,102.68359375,0.3188793
"Blacks like these men are to be respected & Appreciated in our country  & military but Democrat socialist Niggers belong with Muslims & socialist, they need to be rejected out of America ",hateful,hateful,2.3667757511138916,4889,102.68359375,0.336591
Can we bomb the selfie-monkey out of my timeline?,hateful,hateful,2.213108539581299,4889,102.68359375,0.176794
@user Hey Woodward: You are a silly old fart and do not know what is going on in the White House.  You are the one who has reached a mental stage yourself of Alzheimers ,hateful,hateful,2.3402247428894043,4889,102.68359375,0.2884238
"on me ima have this bitch blasted, i had enough of this bullshit i hate crying cuz i have to hold in the urge to kill an old cunt ",hateful,hateful,2.3537487983703613,4889,102.68359375,0.3161852
@USER @USER @USER @USER @USER @USER &gt;comparing Antifa weaklings to WWII soldiers,hateful,hateful,2.381243944168091,4889,102.68359375,0.3523251
This is a crush-point of anarcho-tyranny and the Managerial State. ,safe,hateful,2.198971748352051,4889,102.68359375,0.1719413
@user President Trump is keepinghis promises but this is the real reason he is hated. ,hateful,hateful,2.375727415084839,4889,102.68359375,0.3319728
@user Character assassinations are a survival technique for liberals ,safe,hateful,2.2329189777374268,4889,102.68359375,0.1737126
"@user #newyear 'wish list' of  cretin #carlpaladino,election co-chairman of #presidentelect #trump on mr&amp;mrsâ¦ ",hateful,hateful,2.340343952178955,4889,102.68359375,0.2817644
"being   wonât give you longer life, study says ",safe,safe,2.364356517791748,4889,102.68359375,0.3334474
[NEW POST] The threat Italy poses to the Euro stems from Brussels’ refusal to aid Italy with the refugee crisis and the outrageous demands that the increased expenditure for the refugees must be deducted from other expenditures ,hateful,hateful,2.2359418869018555,4889,102.68359375,0.1929175
"*When you claim Re:Zero in a RP but have already accidentally killed Felt, Rem,and Ram off.* ",safe,hateful,2.337712049484253,4889,102.68359375,0.2874889
"With Theresa May shitting on 17.4 million UK citizens over leaving the #EU, Old Jeremy has his final psychiatric consultation , preparing himself for the takeover to screw #Britain even further. 😢.",safe,hateful,2.2537243366241455,4889,102.68359375,0.2093092
"@user @user @user I didn't see the referred to TV segment, and I don't support the response, but It is very easy to see how you, as a race baiter, can bring out the emotions you are trying to elicit. It is unfortunate that UR willing to sacrifice Black people to make you such a big man""""."""" ",hateful,hateful,2.3224685192108154,4889,102.68359375,0.2665421
@USER KKK and ANTIFA both hate groups created by the Democrats,hateful,hateful,2.3576512336730957,4889,102.68359375,0.318036
"@Bitterchick 
Dare be only one bag dat folks be suckin on what I comes to yo partayyyy! All da ofay be wantin to ride in my eldorato",hateful,hateful,2.2323355674743652,4889,102.68359375,0.1908664
@USER @USER @USER you are an amazing genius,safe,safe,2.3443679809570312,4889,102.68359375,0.2922769
  after sex watch best porn movies  ,safe,hateful,2.2113966941833496,4889,102.68359375,0.167285
@USER @USER yes he is,hateful,safe,2.3544533252716064,4889,102.68359375,0.3342838
@user If gun control worked Chicago would be a safe place. It isn’t. If national gun control worked Mexico would be a safe place. It isn’t. Don’t believe the lyes. Did alcohol prohibition work? No. Did drug prohibition work? No. Will gun prohibition work? No. ,safe,hateful,2.3793892860412598,4889,102.68359375,0.3368932
why can't noco just be killed off already? #annoyingchild #hateher #getrid #nogood   #hollyoaks,safe,hateful,2.227747917175293,4889,102.68359375,0.188986
@user Do I care 🚫pe.  Hope they fold like a cheap table.  Wonder what the spoiled primadonnas do when their huge salaries can't be made.  Bet it won't be bailed out like GM &amp; Too Big To Fail Banks were ,hateful,hateful,2.3587887287139893,4889,102.68359375,0.3070575
@USER He has no social graces. That is why he was shunned by NY proper everyone knows he's white trash with a little money.   He does not know how to act and makes everything about him. Always. He is just a Me ME Me  POS that is an embarrassment to the USA.,hateful,hateful,2.363205671310425,4889,102.68359375,0.309854
"@user @user Ps - Andy, I’ll meet you at the Ram in town for the Rams game today. Really excited for this one! ",hateful,safe,2.378671646118164,4889,102.68359375,0.3225408
"When glossy, coiffed pundits on cable news channels or in print endlessly bark about Muh Revolution In The Streets™️ w/ a side order of unpersoning, you end up with baseball diamond shoot-ups, white powder in envelopes. This won’t end well.",hateful,hateful,2.2555408477783203,4889,102.6875,0.2048351
http://guestdietblog.com/2018/06/7-monday-morning-habits-of-successful-people-that-you-should-learn/ - Monday mornings have become the most unpleasant period for most people nowadays. Not only has the,safe,hateful,2.3345420360565186,4889,102.6875,0.2984236
"Subterranean money-making, the real globalism: use domestic politics to keep the world safe for oligarch-style deal-making. Distract the people with religious, anti-immigrant nationalism, but protect the oligarch network. Mueller has to have details.    ",hateful,hateful,2.3745834827423096,4889,102.6875,0.3432921
"Play this at my funeral please ;D haa  Best band in the world, ever #BritFam #PinkFloyd",safe,safe,2.3306291103363037,4889,102.6875,0.2863897
@user ewww and now he's   ð,safe,hateful,2.26131272315979,4889,102.6875,0.2043256
@realdonaldtrump‍ Request your Secretary to implement Paper Ballots both State and County levrls with strict regulations for Voting pro toe starting for the midterms November 2018.  ,safe,hateful,2.368612051010132,4889,102.6875,0.3238317
@user @user @user The reason you don't get my point is you don't understand what the Priesthood or Holy Orders is as a Sacrament.   I can only do so much re: educating people about the Catholic Faith. Try the Catechism of the Council of Trent. ,safe,safe,2.20601749420166,4889,102.6875,0.17279
i'm weak ðððð 3-2  ,safe,safe,2.365631580352783,4889,102.6875,0.3060266
@USER @USER Exactly. Well said! #MAGA,safe,safe,2.367567539215088,4889,102.6875,0.3322678
I told you that Gorsuch was a cuck. It was so obvious based on the way he bad mouthed Trump to the Democrat senators.,hateful,hateful,2.239363431930542,4889,102.6875,0.1863559
"@USER It's kind of like when a mean old woman says that a pretty young one is Ugly and untalented"" just because she is washed up and will never look like that again. For one thing it's catty, secondly, it makes her look like a jealous hater and has-been! #Montel""",hateful,hateful,2.353806257247925,4889,102.6875,0.2956611
@user @user The pope is Satan incarnate ,hateful,hateful,2.352405548095703,4889,102.6875,0.3097325
Another film to boycott. Sad indeed...,safe,hateful,2.384551525115967,4889,102.6875,0.3488255
@USER The hate really takes a toll on these people physically. Most of these unhinged liberals do not look well. 24/7 fake news Armageddon coverage is sucking the life out of these people. I feel bad for them....,hateful,hateful,2.262760639190674,4889,102.6875,0.213137
Americans Agree with @user on #immigration we can not afford to give welfare to illegals while U.S Citizens are homeless #VoteDemsOut  #FamiliesBelongTogetherMarch ,hateful,hateful,2.3227758407592773,4889,102.6875,0.2798502
@user @user @user Explain to me where i said that wasn’t true. I know what due process means. I know when anyone goes to court over a crime like that it affects their lives. he is not exempt from the process or ridicule ,hateful,safe,2.360800266265869,4889,102.6875,0.3128968
new york bistro faces shocking accusations: hosts hid minorities at cramped tables âout of sightâ   ,hateful,hateful,2.3909661769866943,4889,102.6875,0.3338227
the memorial for mohammed ali is turning into a hillary clinton rally. ,safe,hateful,2.2291274070739746,4889,102.6875,0.1747693
"it's not what you look at that matters, it's what you see. - henry thoreau #quote #motivation   #entrepreneur ",safe,safe,2.343538761138916,4889,102.6875,0.2926623
"Not laughing, but hey if anyone asks why you do that, just say protecting the lens from dirt. :)",safe,safe,2.342268228530884,4889,102.6875,0.2962343
@USER @USER He lived in a country with no gun control. Sad but true 🙁,safe,safe,2.3103489875793457,4889,102.6875,0.2902303
#deepstate @USER @USER @USER @USER @USER you are going down! #MAGA #RedWaveRising #redwave #WalkAwayFromDemocrats #WalkAway #WalkAwayMarch  make this viral URL,hateful,hateful,2.3027374744415283,4889,102.6875,0.2610205
@user Soros' people are really vicious and out of control.  He or one of his allies probably plans and funds Antifa.  They are actually trying to take over the government. ,safe,hateful,2.240142822265625,4889,102.6875,0.1928949
after tonight. we have to wait until late october for basketball to sta up again. ð¢ #nbafinals #game7  ,safe,safe,2.3182899951934814,4889,102.6875,0.285081
@USER Buh Buh snowFlake,safe,hateful,2.3710079193115234,4889,102.6875,0.3410804
@user @user Just saw it. Still vague though. He does not confirm if he is done or not though. ,hateful,safe,2.335965394973755,4889,102.6875,0.293484
@USER Shouldve played saint marie instead of london docks. Saint was ass for me 👌,safe,hateful,2.203540086746216,4889,102.6875,0.1772197
@user @user @user @user lucy is a national disgrace. harming women who truthfully suffer sexual assault  ,safe,hateful,2.384474277496338,4889,102.6875,0.3412756
"golden state rallies around draymond green, the mad warrior  for it to even be considered is truly mind blowing  ",safe,safe,2.194185256958008,4889,102.6875,0.1432151
WH: Obama won&#8217;t name Holder&#8217;s replacement until you rubes have already cast your midterm ballots - Hot Air http://t.co/Yf1o8h99Uz,hateful,hateful,2.390517234802246,4889,102.6875,0.3318677
SpainSocialdemocrat^^ Borrell‘žMerkel has saved the honor of Europe opening the borders“And wants Germany and Spain to take in migrants^^The Russian German girl killed by an illegal Tunisian surely thinks the same ðŸ¤®#OrganizedCrime#EU12pentagram ðŸ’©https://t.co/nFdKONBbkH ,hateful,hateful,2.360914945602417,4889,102.6875,0.3101133
@user Deluded until he is walked off. ,safe,hateful,2.225820302963257,4889,102.6875,0.1693436
#googledoodle   gorilla simulator: you need to do to adapt to the environment. the need to tear the city. ma ,safe,hateful,2.341402053833008,4889,102.6875,0.2957034
@user @user You must be the side hoe or the low key hoe you providing you fuck with him a bitch who fw… ,hateful,hateful,2.215928077697754,4889,102.6875,0.1748695
@user America is better than swamp crud like YOU! ,hateful,hateful,2.3474955558776855,4889,102.6875,0.2933462
"here's a interesting fact, when I used to point out the ineptitude of black G.I's on WW2 discussion groups using the historical facts, I got banned, never thought so many cucks were into history.",hateful,hateful,2.3746747970581055,4889,102.765625,0.3384736
"RT @iv9801: Charlie Sheen engaged to porn star http://t.co/THMYpFexic
Mens #Health Tips Sex Toy http://t.co/Hxmlrj1w6m The Adult Toys #KISS&#8230;",hateful,hateful,2.2306249141693115,4889,103.17578125,0.1961572
ANXIETY FUCKING SUCKS ! ,hateful,hateful,2.34114933013916,4889,103.17578125,0.3032946
@USER Gillibrand must have been a very sexually active woman to be pushing young women to have abortions.,hateful,hateful,2.2311978340148926,4889,103.1796875,0.1787044
'Asylum Seeker' is the latest progressive 'upgrade' to the original term of Illegal Alien.,safe,hateful,2.3250064849853516,4889,103.1796875,0.273561
@user Looking forward to a show where you invite callers who regret voting for the federal Liberals on 2015. ,safe,hateful,2.366506814956665,4889,103.18359375,0.3135336
Sure my slut daughter was raped and murdered but hey at least I get easy access to authentic burritos! Checkmate NAHTZEES. @SCALE,hateful,hateful,2.240755319595337,4889,103.18359375,0.1887236
"RT @sofuckingSwazye: ""mayonnaise colored benz i push miracle whips"" http://t.co/BmXuyP8ehH",hateful,safe,2.3276891708374023,4889,103.18359375,0.2772252
@user He is an israeli puppet. ,hateful,hateful,2.376765489578247,4889,102.87109375,0.3216152
"received my first mean comment today, took it hard, someone actually watched my video,thank you,   ",safe,hateful,2.3783254623413086,4889,102.87109375,0.3417102
@user Oops! I did it again &amp; again &amp; again. Sorry I thought you adults on Twitter needed a mommy/daddy. ,safe,hateful,2.2243008613586426,4889,102.87109375,0.1829709
"the fact that who comments on this cube problem is mostly not a cube stan?? yall be creating tweets so you can get rts and like. shut the fuck up if you dont know anything about cube, jesus ",hateful,hateful,2.3625574111938477,4889,102.87109375,0.3201227
@user says he's ashamed of things he's done but continues to make shameful remarks to women #hypocriteâ¦ ,hateful,hateful,2.3580620288848877,4889,102.87109375,0.3094352
@user @user Sir now to Russia....Putin is broke and a little bit crazy...The paltry 1.7 Trillion GDP might cause desperate actions from his dying regime. Denuclearization in exchange for oil patch tech. Thats all they have.. Sir..MAGA ,hateful,hateful,2.385493755340576,4889,102.87109375,0.333793
god made us bestfriends because he knew our moms couldn't handle us as sistersð­ð â¦ ,safe,safe,2.1845974922180176,4889,102.87109375,0.1454627
@USER The tide is changing....the Dems on Defense &amp; the #MSM are at a lost! They know what is coming very soon! NO ONE GETS A PASS...#QANON #TrustThePlan #WWG1WGA 👌🏼❤️🇺🇸🦅Love our @USER 45 #MAGA #KAG #KavanaughForSCOTUS will be a reality! God Bless!,safe,hateful,2.388357162475586,4889,102.87109375,0.3453429
@USER @USER @USER @USER Hes comin for ur woolly bitches,hateful,hateful,2.352560043334961,4889,102.87109375,0.3063931
When someone says they're unfollowing for what I post on MY FUCKING PAGE.... FOH ,safe,hateful,2.3720343112945557,4889,102.87109375,0.3229822
the swamp is a thing this paper pile of smug shit regulations and a omnibus rushed nwo elitist shit..thanks paul ryan for pointing out this swamp pile of papers,hateful,hateful,2.2424426078796387,4889,102.87109375,0.1875523
  #meme #e3   #ifunnyhe fuck them all ,safe,hateful,2.3375260829925537,4889,102.87109375,0.2887745
"@user @user @user @user not every #election ushers in lies, hate, , #misogyny or the incineration of #democracy.",hateful,hateful,2.2400593757629395,4889,102.87109375,0.1838621
watch what you saying lil bitch watch what you post lil hoe ,hateful,hateful,2.3157784938812256,4889,102.87109375,0.2792136
@USER a perfect description of ANTiFA. Fascist shit bags.,hateful,hateful,2.3633131980895996,4889,102.87890625,0.3345285
"@USER It was enough to slow her to a stop, she yelped loudly.  ....?!""  There is fear in her eyes, and thirium leaking from the gunshot wounds, but she is going nowhere.  ""I have..no desire to die.""""",safe,hateful,2.264457941055298,4889,102.87890625,0.2126875
"This is making my blood boil. I pay taxes. I pay into social security. I did that before my green card like countless other immigrants. We pay into FICA, social security and medicare. International students who are here in status then go home never see a penny of that money back ",hateful,hateful,2.3198840618133545,4889,95.51171875,0.2904372
@user @user @user Maybe Antifa asshats? Those who physically assault others for their political beliefs? Democrats are NO Saints and neither are you! ,hateful,hateful,2.359480142593384,4889,96.13671875,0.3122258
Typical apologist tu quoque arguments and question dodging. I will let the readers of this thread decide who is being shifty.,safe,hateful,2.383310317993164,4889,96.84765625,0.3308789
"Yes those. And yes, to be reported.",safe,hateful,2.218980550765991,4889,97.40625,0.1720937
@user @user She doesn’t remember her clothes or his clothes or the house or how she got there or what songs they were playing or what exact date. This is nothing but weaponizing me too with false accusations for ulterior motives. But if Fiberals can defend #antifa terrorists this is nothing. ,hateful,hateful,2.371453046798706,4889,97.8046875,0.3182323
"Ryan: Putin Does Not Share Our Interests, Values ",hateful,hateful,2.3507776260375977,4889,98.51171875,0.3135016
This is a good read!,safe,safe,2.3546414375305176,4889,99.7890625,0.2937464
Italian FM and Special Rep for Libya talk migration ,hateful,safe,2.188946485519409,4889,100.39453125,0.1393752
"Cape Coral, Florida: ""Video shows concealed carry permit holder shooting man in self-defense."" The perp was a convicted felon & now faces charges while laid up in the hospital while the gun hero will face no charges.  ",safe,hateful,2.4226324558258057,4889,100.48046875,0.3688259
kicking off about #robbiewilliams acting slutty on #bbc. #littlemix do it every time and no one bats a lid.  against men! ;),hateful,hateful,2.2516956329345703,4889,100.625,0.1941178
"Hard telling, all I heard was Thunder! I thought just crazy in the middle of Winter! :-)",safe,safe,2.2968671321868896,4889,100.6875,0.2562468
Dennis Prager Says the Fight for Free Speech Online Is ‘the Big Battle’ ,safe,hateful,2.3762991428375244,4889,100.69140625,0.3319244
most recent criminal negligence by authorities in health &amp; detention staff caused death of #msdhu &amp; #faisal. .,hateful,hateful,2.2399086952209473,4889,100.76953125,0.1884779
Free speech march in Londonistan. ,safe,hateful,2.3335306644439697,4889,101.0703125,0.2906131
They always complain about about Americans killed by guns but not by illegal immigrants or abortion ðŸ˜¡ ,hateful,hateful,2.3654000759124756,4889,101.16015625,0.3182964
@user @user @user @user You are two nutcases. Obviously. ,hateful,hateful,2.3755881786346436,4889,101.21484375,0.3261922
@user @user But the liberals do ,safe,hateful,2.2283265590667725,4889,101.21484375,0.1703803
@user Obama was the devil incarnate &amp; Trump is Jesus Christ himself. I get where you are coming from. ,hateful,hateful,2.3509624004364014,4889,101.25390625,0.3199011
Has to be a California court,safe,safe,2.2147743701934814,4889,101.3125,0.1660816
Does anybody know why www.dailystormer.name is not available?,safe,hateful,2.347041368484497,4889,101.37109375,0.2938111
I don't fuck with none of y'all bitch ass whores- ,hateful,hateful,2.3644731044769287,4889,101.37109375,0.3215495
"@user male privilege, huh? yeah, about that... #tcot  #feminism #men ",hateful,hateful,2.2340941429138184,4889,101.43359375,0.1923021
"So progressive educators have decided to sidestep any responses when we ask these idiots ""give us examples of Trump's racism"" and try to indoctrinate our youth with their lies and leftist garbage. Amazing how the same people who voted for Obama turned around and voted for someone they're accusing of being.... racist? How does that work, exactly? Oh right, it doesn't.",safe,hateful,2.3490653038024902,4889,101.43359375,0.3052028
dear #theresamay. #brexit is  &amp; lies. #remainers should never unite with leavers. have a shit christmas lady ,hateful,hateful,2.3515625,4889,101.44921875,0.3088513
@user @user The dems have done this since they were the KKK. Except back then they accused black men of raping white women then lynched them. Same play from the old playbook. Everyone of these liberals crying outrage are fake if they aren't pressuring Ellison to resign. ,hateful,hateful,2.3848085403442383,4889,101.49609375,0.325127
Bag of primate (human) waste on sidewalk in SanFran,safe,hateful,2.2304341793060303,4889,101.55078125,0.1750924
"DREAMER' Shot Man To Death In Road-Rage Incident, Bragged About It On Facebook @user @user @user #EndDACA #NoAmnesty #DeportThemAllThis fight over Illegal Aliens Rights has created an entitled behavior! ",hateful,hateful,2.351309061050415,4889,101.5546875,0.3140935
when a vehicle is cause for celebration  - #haiti #travel   (vine by @user ,safe,safe,2.372105836868286,4889,101.58203125,0.3138987
Where is the MSM Outrage Over Missing FBI Text Messages? https://youtu.be/PYmtH47kBm4 via @YouTube,safe,hateful,2.379456043243408,4889,101.62109375,0.3240618
This young lady may be the real deal. I hope so. Danica was a joke(and a total bitch). ,hateful,hateful,2.21537184715271,4889,101.9453125,0.1758789
"This country was founded by white colonists, who built this land out of nothingness, who tamed the land and tilled the soil, creating a new civilization on this continent.  There is no melting pot if you are of the same race.",safe,hateful,2.362459421157837,4889,101.9453125,0.3042534
" @user watching this #nbafinals hus my soul. i want it so bad for lebron, and the cavs. but gs bench looking like allstars to theâ¦",safe,safe,2.348919630050659,4889,101.9453125,0.296229
their #love is   xo #edenandjaysbestday #ruralistâ¦ ,safe,safe,2.389035940170288,4889,101.9453125,0.3353763
@POTUS ,safe,safe,2.2637293338775635,4889,101.9453125,0.2124001
Look at the date of this tweet - very TELLING for sure @USER @USER @USER @USER @USER @USER @USER @USER @USER #MAGA URL,safe,hateful,2.314527750015259,4889,101.9453125,0.2698656
@USER It's like a reading a leaflet from Antifa or BLM. Utter garbage.,hateful,hateful,2.362802505493164,4889,102.4375,0.3191001
Black Bitch Gets Cock Shoved In Her Waiting Cunt ,hateful,hateful,2.3764336109161377,4889,102.4375,0.3303147
"I'm okay with that. I don't want ""credibility"" -> I want my positions to be intrinsically meritorious. Otherwise, I've failed in some way.",safe,safe,2.2116010189056396,4889,102.4375,0.1550352
Think of all the money spent on Jails/Prisons Courthouses/Judges Police & Lawyers & ask yourself WHY DON'T our Politicians/Leaders TAKE EVERY ACTION NEEDED to STOP #illegalAliens at the border & DEPORT the ones who are here? Tell Your House rep (202-224-3121) #NoDACA No #Amnesty ,hateful,hateful,2.3870513439178467,4889,102.4375,0.331862
@user He should be removed with the rest of the islamic invaders. ,hateful,hateful,2.352703094482422,4889,102.4375,0.3024806
when you want a @user shi but the lines are way to long ): ð­ #conceproblems  ,safe,hateful,2.367539167404175,4889,102.4375,0.3136031
christmas eve? what about christmas adam? this is  towards men ð¤ð¤ down with feminism,hateful,hateful,2.240447998046875,4889,102.4375,0.1839875
what to do when one of your closest friends  is moving away  ,safe,safe,2.33538556098938,4889,102.4375,0.2865506
Dems have 20 EXTRA Congressional seats based on #IllegalAlien pop RIGHT NOW#IllegalAliens also give them extra ELECTORAL VOTES.W/o them Dems wouldn't be able to block our agenda or pass their #LibNut BSWHY DO WE COUNT ILLEGALS?They have no right to influence OUR Govt!#Deport ,safe,hateful,2.2801995277404785,4889,102.4375,0.231669
"@user @user @user @user This is as bad as those right wing nutjobs that scream Now is not the time!!"""" to talk about things like gun control when a school gets shot up  This is EXACTLY the time, when people are paying attention, when someone has just lost their life to something horrible &amp; preventable"""" ",hateful,hateful,2.3005123138427734,4889,102.4453125,0.2546526
Bitch im watching Friends at my friend house and why they got phoebe carrying 3 triplets for her brother that seems weird ,safe,hateful,2.351890802383423,4889,102.4453125,0.2908617
Aboriginal ✅,hateful,hateful,2.242657423019409,4889,102.4453125,0.1986447
@user FUCKOFF YOU BEEN KNEW IM SCARED OF HIM@ ,hateful,hateful,2.329927444458008,4889,102.4453125,0.2764444
Am I wrong to say that Twitter=Putin?,safe,hateful,2.3454227447509766,4889,102.4453125,0.3030874
@user Ya know how many ppl have pot in their homes?! So fukn what? The cops are trying to get their buddy off! She is a murderer! ,hateful,hateful,2.3788328170776367,4889,102.4453125,0.3266051
@USER #LyingLiberals as usual. Put a republican in charge down there and see how quickly things improve. #HurricaneMaria pulled the veil off of liberals keeping people in #Poverty so they can stay in power promising a brighter day.,hateful,hateful,2.2607712745666504,4889,102.4453125,0.2096093
"@user René, it is not your fault.""""  She does not specify just what isn't.  All of it.  He did not make his father do anything.  His father chose to be the coward he was.  At he question, her hand rose to her throat, clasping it lightly. She is ravenous.  She has been for some time-"""" ",hateful,hateful,2.3322839736938477,4889,102.46484375,0.2799698
"@USER The perpetrator is responsible for his own actions but you are ignoring that Maxine Waters &amp; others are inciting violence.  Do consider she said that they should not be able to eat, shop or do anything in peace""... how would one survive without being able to trade?""",hateful,hateful,2.3593361377716064,4889,102.46484375,0.3077095
"âš ï¸DHS says man accused of shooting Colorado officer is Iraqi refugee with NINE criminal charges including extortion, illegally owning a handgun. A DEMOCRAT JUDGE LET HIM ROAM FREE FOR POLITICAL REASONS AND NOW HE’S SHOT A POLICE OFFICER ",safe,hateful,2.378668785095215,4889,102.46875,0.3229161
@USER @USER @USER @USER @USER No we don’t! There has been videos of Trump supporters blocking kkk and sending them away! We don’t accept racism. He said “There are fine people on both sides”. That includes antifa but go ahead and pick and choose your information.,hateful,hateful,2.25769305229187,4889,102.46875,0.2102481
@user His policies were the worst ,hateful,hateful,2.312134265899658,4889,102.46875,0.2720746
US people: You need a real leader. You need a guy who never bend front of ennemies. A guy who really thinks he IS the incarnated soul of the country.   You need...KIM JONG UN.   #KIMJONGUN2020,safe,hateful,2.3729169368743896,4889,102.47265625,0.3273856
@user @user @user @user @user Which side ran into a crowd killing someone? U mentioned ANTIFA like they’re anywhere close to the same hate filled platform that KKK is. All i heard from u was deflection &amp; excuses. Next ,safe,hateful,2.3830370903015137,4889,102.47265625,0.3456895
Family recall 7 years of war in Palestinian refugee camp in Yarmouk ,hateful,hateful,2.209986448287964,4889,102.49609375,0.1689405
@USER Another person that should be blocked is @ CamilleKruger42. This person isn't vulgar but has some sort of agenda where he\she is copy &amp; pasting every one of Ed's tweets &amp; passing them off as their own. EVERY SINGLE TWEET. It's sick &amp; creepy.,safe,hateful,2.3873889446258545,4889,102.5,0.3375
Suck more baby dick with your rabi friends,hateful,hateful,2.3554279804229736,4889,102.5,0.3027268
"It's interesting how the public will cry out about censorship, Islam etc, yet just seem to turn a blind eye to the law on holocaust denial, ",safe,hateful,2.3599066734313965,4889,102.5,0.3229762
"@nytimes seems if they dont come up with it, its trash, nobody outside hollywood knows what ppl will pay to see..ha! Guess those in hw dont",hateful,hateful,2.230175733566284,4889,102.5,0.1788938
Tonight: Exposing the truth behind the accusations targeting Supreme Court pick Brett Kavanaugh. Also: Hurricane Florence damage totals rise in concert with the floodwaters &amp; the blatant congressional republican betrayal that could cost them the election #MAGA #TCOT #KAG ,safe,hateful,2.3515448570251465,4889,102.50390625,0.3227269
lol let this be a lesson that physics doesn't give a shit about female empowerment,hateful,hateful,2.3591794967651367,4889,102.50390625,0.3207375
@user go rape your whore of a mother ,hateful,hateful,2.373128890991211,4889,102.50390625,0.3278772
"Witches will stereotype about fae folk, but not black folk",safe,hateful,2.2410261631011963,4889,102.5078125,0.1812711
@user @user @user Antifa JV squad? ,hateful,hateful,2.344496250152588,4889,102.5078125,0.3047065
@user No doubt cory wins most hysterical women his eyes are popping out of his head foaming at the mouth ,hateful,hateful,2.2182533740997314,4889,102.5078125,0.1748932
The government isn’t even trying to reunite the families they forcibly separated.   They need to stop wasting time and fix their crisis.  #EndFamilyDetention #FamiliesBelongTogether ,safe,hateful,2.358950138092041,4889,102.5078125,0.3184492
@user @user #MAGA Boy go donate to Trump...he's looking for more GOP suckers like you to cover up his porn stars...shhh don't let his wife know either ,hateful,hateful,2.365041971206665,4889,102.5078125,0.3332752
@user He a lunatic democrats politicians like antifa George Soros think there money talk but it lunatic dung money dam money they have pay me in gold ,hateful,hateful,2.2331933975219727,4889,102.51171875,0.1874529
"START VETTING THE #ILLEGALALIENS THEY TRANSMIT THESE PARASITES INTO OUR COUNTRY USA. PAGUES. PANDORAS BOX. SOUTHERN BORDER. SHIPS. AND AIRPLANES!! THESE PARASITES ARE ON OUR PUBLIC BEACHES, PARKS, STREETSM TREES, ROADS, GRASSES STORES, LIBRARIES, HOTELS, HOSPITALS, SCHOOLS ETC!! ",hateful,hateful,2.367372751235962,4889,102.515625,0.3179685
Because running the world is harder than you'd think. #YesAllMen ,hateful,hateful,2.343517303466797,4889,102.515625,0.3077847
"  father's day! &lt;3 cheryl  (lol by dedicated to cats, picture via cheezburger) ",safe,safe,2.3273820877075195,4889,102.515625,0.294653
ouch woow! @user @user #sexy @user @user  @user @user ,hateful,hateful,2.213813066482544,4889,102.515625,0.1890833
"@user ""Cause every women has the right to do what it is that they want to do""   Guy: ""no no no""   BITCH WTF DO YOU MEAN NO ",hateful,hateful,2.4174587726593018,4889,102.515625,0.3716558
If Dems are so confident about Slo Joe winning why are businesses boarding up? Won’t it be a Biden Ho Down ? (No offense Kamala) https://t.co/ICtzOQ7NVa,hateful,hateful,2.2304742336273193,4889,102.515625,0.188907
"America, When Do I Begin? #MAGA #Trump2020 https://t.co/ghvtIyZnEn via @YouTube",safe,hateful,2.356609582901001,4889,102.515625,0.3188039
"anton yelchin, star trek actor, dies in car accident at age 27   ",safe,safe,2.3681447505950928,4889,102.515625,0.3373613
@USER This stupid game you're playing is NOT going to work and Kavanaugh WILL BE CONFIRMED!  #ConfirmKavanaughNow #MAGA #TRUMPSTRONG #AMERICAFIRST #DRAINTHESWAMP #VOTEREPUBLICAN #TRUMPSTRONG #WINNING 🇺🇸🇺🇸🇺🇸,hateful,hateful,2.252840280532837,4889,102.515625,0.2096434
No 2 #Biden honors the sacrifices and service of our members of the military. #Biden2020 https://t.co/fbFR4f0Hd4,safe,safe,2.3150429725646973,4889,102.515625,0.2806551
i am brave. #i_am #positive #affirmation   @  ,safe,safe,2.383761405944824,4889,102.515625,0.3423417
@realDonaldTrump uses military people who have risked death as props. Now he's using a virus that he allowed to kill 204K of us and counting as a prop.[NEWLINE][NEWLINE]Vote him and his crime family out. #Biden2020,hateful,hateful,2.3936851024627686,4889,102.515625,0.370781
RT @Elisaa_Martinez: Happy birthday cotton picker lol @1NOnlyDirtyMike,hateful,hateful,2.2074639797210693,4889,102.515625,0.1704386
"You have a great weekend, Pixie! ",safe,safe,2.361799716949463,4889,102.515625,0.3153442
@user Why of course. Liberals reject truth and accept falsehoods. That's why they don't believe Kanaugh and believe Ellison. ,hateful,hateful,2.232851505279541,4889,102.515625,0.1858938
@user @user @user The most ironic thing is. The dems hasten their own demise while empowering their executioners.   Do they think once this monster is unleashed that it will not turn on them first?  #MAGA #WWG1WGA Written by Antifa terrorists 👇👇👇👇👇👇👇👇👇👇👇👇 ,hateful,hateful,2.3769829273223877,4889,102.51953125,0.3319515
@user If we lose tomorrow we r fucked. Tomorrow is our season lol. Too tough a schedule to drop one like this ,hateful,hateful,2.355682849884033,4889,102.51953125,0.3145804
"I didn't vote for that MORON Obama, too many stupid people believed his lies. I knew he was a poser and liar as soon as I heard him speak.  ",hateful,hateful,2.231861114501953,4889,102.51953125,0.190861
#QAnon  #MAGA  Q Drop 2236  URL URL,safe,hateful,2.342888116836548,4889,102.51953125,0.3008806
i found via @user @user @user how to train your dragon the serpent's heir by @user is due feb 28 2017.  ,safe,safe,2.1967267990112305,4889,102.51953125,0.151899
@user @user @user @user  #arabs all of them preying on poor #slavelabor ,hateful,hateful,2.3612489700317383,4889,102.51953125,0.3164948
@user next to a police vehicle this #anc  can hang a poster and sing kill all whites and nothing happens to him.â¦ ,hateful,hateful,2.3787732124328613,4889,102.5234375,0.3207348
@user It's true and it sucks. There really can't be 'a not all men' thing because... you can't tell and you can never know. ,safe,hateful,2.2167413234710693,4889,102.5234375,0.1808912
"MS NAUERT: We are aware of her case. Our embassy is providing consular access, as we would to all American citizens. We value freedom of expression. You and I have talked about this many times. ",safe,safe,2.3626868724823,4889,102.5234375,0.3237109
Slack jawed yokel husband http://t.co/VE1PWFrz9t,hateful,hateful,2.3699400424957275,4889,102.5234375,0.3262455
didn't get an email confirmation - are they perhaps mucking with us,safe,safe,2.383538007736206,4889,102.5234375,0.3318622
words of wisdom #desses #eatstreetmarket #brisbane #australia   #travel #food #churros @user ,safe,safe,2.2006044387817383,4889,102.5234375,0.1506768
I'm fairly certain those would grow organically as soon as shit got started.,safe,hateful,2.365724563598633,4889,102.5234375,0.3122899
@USER Confirm Kavanaugh Now!  #MAGA,safe,hateful,2.2176008224487305,4889,102.5234375,0.1692543
on bd yo nigga a hoe — on me you a bitch  ,hateful,hateful,2.3562638759613037,4889,102.5234375,0.3043278
@user This is all you need to know about Liberals! He represents his party well! ,safe,hateful,2.3667030334472656,4889,102.5234375,0.3348109
"If I judge pussy by what it looks like, does that make me a pussiest? 🤔 ",hateful,hateful,2.221524477005005,4889,102.5234375,0.1797343
@USER Northern Ireland was explicitly designed so the British establishment could stop paying attention to Ireland. They’ve been indifferent since 1921.,hateful,hateful,2.3462798595428467,4889,102.5234375,0.2925743
@DonaldJTrumpJr Who’s going to tell Putin you blew all his money on cocaine and whores? #voteblue2020,hateful,hateful,2.362548589706421,4889,102.5234375,0.3256281
Immigrant Child Dies Shortly After Release From Texas Detention Center #ShiraziImmigrationLaw #AtlantaImmigrationAttorney #deportation #immigrationlaw #immigration #atlantaattorney #detentioncenter ,hateful,hateful,2.3872499465942383,4889,102.5234375,0.3430457
"@USER @USER @USER @USER @USER Because he is talking to an idiot. Liberals have a mental disorder. In his book The Liberal Mind: The Psychological Causes of Political Madness."" Dr. Rossiter exposes that the ideology motivating Liberals is actually a mental disorder.  Read more: URL",hateful,hateful,2.244894504547119,4889,102.5234375,0.2047688
#repost @user - #truth #tearsfohosewelost   ã»ã»ã» unable to digest the hateâ¦  ,safe,hateful,2.336405038833618,4889,102.5234375,0.2897903
Hillary! hear that? SEND REINFORCEMENTS? You fucking crusty bitch.,hateful,hateful,2.3622336387634277,4889,102.5234375,0.3111205
 video men and women malayalees xxx picturebangladeshi,hateful,hateful,2.378359317779541,4889,102.5234375,0.3256251
@USER @USER They probably shutdown the @USER website because of the death threats. If she votes yes she’ll most likely get lots of support from #MAGA voters.,hateful,hateful,2.233220338821411,4889,102.5234375,0.1902913
  bihday sexy girl hardcore christian gamer  ,safe,hateful,2.3414056301116943,4889,102.5234375,0.2966193
@user Remember you have to get the ball in the hole too. Have your fun pal!!! ;) ,safe,safe,2.3283166885375977,4889,102.5234375,0.2850682
@user @user She is trending ,safe,safe,2.41583251953125,4889,102.5234375,0.3624864
RT @CyFyre: @WesOrrJames love you too my nig #squad,safe,hateful,2.2142558097839355,4889,102.5234375,0.1740837
@user Guess who will not be elected if they do not stop immigration now blame Germany the bankrupt country blame lies at their door ,hateful,hateful,2.3709051609039307,4889,102.5234375,0.3173139
"maybe my new favorite #Trump tweet, lmao. https://twitter.com/realDonaldTrump/status/1025586...  #MAGA",safe,hateful,2.356501579284668,4889,102.5234375,0.3141107
"RT @eanahS__: @1inkkofrosess lol my credit ain't no where near good , but I know the right man for the job .. that ho nice though!",hateful,hateful,2.380073308944702,4889,102.5234375,0.3343431
@user Kavanaugh needs to stop lying... I believe this woman's account is credible and he is not going to be able to dodge it. ,hateful,hateful,2.28533935546875,4843,102.5234375,0.2493952
third party keyboards on iOS 8 trash,hateful,hateful,2.2965567111968994,4843,102.5234375,0.2437253
"Hey, if he’s pissing off Soros he MUST be doing it right.   http://www.dailymail.co.uk/news/article-5825399/Bi...",safe,hateful,2.373215436935425,4843,102.5234375,0.322213
imagine chaeyoung cutting some cooked meat for you then you eat one but u choke on it and u die then she leaves your cold dead body on the ground bc she's bored ,hateful,hateful,2.3721277713775635,4843,102.5234375,0.3176784
@user Every Country has a Right to Defend its Border and determine who comes into their Country #Immigration is not a Right ,hateful,hateful,2.323974609375,4843,102.5234375,0.2866055
@USER Master of None was so fucking good.,hateful,safe,2.3214523792266846,4843,102.5234375,0.2687847
And after they finished they went to the payroll Master got their 1099 form  to file for their earned income and went about their day.,safe,safe,2.461284875869751,4843,102.5234375,0.4074622
@user Tackling the migrant crisis does not mean pouring more money into things while our own people are victims of this Governent ,hateful,hateful,2.335702896118164,4843,102.52734375,0.2925714
@USER @USER @USER One day you are gonna be an expert mate 😻👍😹,safe,safe,2.3977596759796143,4843,102.52734375,0.359715
jeff sessions tries to delete decades of .... ,hateful,hateful,2.424255132675171,4843,102.52734375,0.3676905
free speech is like clean air    and I need a lot of air to talk mad shit,safe,hateful,2.3126232624053955,4843,102.52734375,0.2732343
this is finally happening. #oitnb   ,safe,safe,2.403884172439575,4843,102.52734375,0.3590024
"And you've let blacks rape your women for centuries, at epidemic rates, but you somehow forget this! AND do fuck all about it. Nobody is being killed, you all live in a dreamworld.",hateful,hateful,2.412076711654663,4843,102.52734375,0.3709763
Fired Anti-Trump FBI Dep Dir McCabe to Publish Book Comparing President Trump to Terrorists ,safe,hateful,2.308150053024292,4843,102.52734375,0.274603
Three refugees from Syria have set up a network that organizes language classes and a summer school for children. ,hateful,safe,2.4095704555511475,4843,102.52734375,0.3685593
"Twitter lowers IQ, and raises blood pressure.  Best to logoff.",safe,hateful,2.412208080291748,4843,102.52734375,0.3554841
"arsenal, the club that sets itself to be ridiculed.  ",safe,hateful,2.303797721862793,4843,102.52734375,0.2753021
@user @user this joker doesn't craft policy. he spitballs punch-drunk concepts that are allergic to logic &amp; reason.  ,safe,hateful,2.419072389602661,4843,102.52734375,0.3738838
@USER ACLU is insane. The antifa democrats are violent and should be declared a domestic terrorist group.,hateful,hateful,2.412855863571167,4843,102.52734375,0.3666941
Disgusting. Couldn't watch more than a few minutes. Bolsheviks Russia 1918 came to America in the 1960s via the same disease carrying vermin.,safe,hateful,2.3495891094207764,4843,102.52734375,0.3027981
"The last paragraph of this Delingpole article states; 'Of course we know that the way liberals think is stupid and wrong. But surely we’re not so harsh as to believe that the punishment for their mental illness should be death?' That is debatable. In a longer article about this event, it comes out that this couple were menaced repeatedly, and almost robbed in that region of the world. So, they k...",hateful,hateful,2.4028444290161133,4843,102.52734375,0.361308
"@user I have found that my younger women doctors don't ignore me when I say I know my body, and are more inclusive of everything. The hospital even updated their sheets to include non-binary"""" for gender and """"sexual identity"""" instead of the common """"sex/gender"""" m/f options."""" ",safe,safe,2.3538753986358643,4843,102.52734375,0.318981
New #QAnon drop... ,safe,hateful,2.3079912662506104,4843,102.52734375,0.264682
Maybe go read some real primary sources rather than whatever mass media pablum you've been weaned on.,safe,hateful,2.2957587242126465,4843,102.52734375,0.2549395
@user because that's how his friends the clintons&amp;democrats pay operates. what else would he do?    days,safe,hateful,2.344379186630249,4843,102.52734375,0.2882123
@user @user Can you show me gun control organisations that are exclusively trying to take away guns from black people?? ,safe,hateful,2.3683083057403564,4843,102.52734375,0.318755
@USER @USER Took you this long!! He is a beast and has been for yonks,hateful,hateful,2.33370041847229,4843,102.52734375,0.2744799
having one of them days today #feelingdown  ,safe,safe,2.409717559814453,4843,102.52734375,0.3492446
Italy allows two migrant rescue ships to dock after other European countries offer to take them Â… ,hateful,hateful,2.4110231399536133,4843,102.52734375,0.3662196
wishing my #mahoganygroom mr. robe swatson of #korbe2016 a very   #bihday. i wish youâ¦ ,safe,hateful,2.346881628036499,4843,102.52734375,0.2921906
"Only question is now, how long do they allow Joe to be President before pushing her up.  Kamala Harris: the most opportunistic politician in modern history. https://t.co/oF7xh2VWGg",safe,hateful,2.396061897277832,4843,102.52734375,0.3556073
I need to detach & destress from work right now because the way these privileged white women are on full bitch mode… ,safe,hateful,2.396885871887207,4843,102.52734375,0.3557096
3rd poll this week for Biden. #TeamJoe #BidenHarris2020  #gapol https://t.co/uRpkJAMUSQ,safe,safe,2.2917163372039795,4843,102.52734375,0.2380326
"Democrats have proven they are FOR criminals, pedophiles and higher taxes. I just don't see why ANYONE would vote for them.",safe,hateful,2.4400434494018555,4843,102.52734375,0.3836598
in just over 14 hours we will set off for the peaks! ðððð»ðð»â°ðð»   nervous #determinedâ¦ ,safe,safe,2.404261589050293,4843,102.52734375,0.3692235
"@RadCharlie‍ Your family members are frauds then. Congratulations you have frauds in your family. Not something I would make known. Stealing tax dollars to pay their salaries. Fucking Nazi losers. Yeah, we know who started NASA and they never went to the Moon. Gravity is a Hoax. Want to debate. Bring it son!",hateful,hateful,2.3744609355926514,4843,102.52734375,0.3284503
"@user Ann, ever think you might be a bit hysterical yourself. You lost your ability to reason long ago. Not sure when you had the heartectomy. One thing for sure. You don't belong in the human race. Damn. ",hateful,hateful,2.3977482318878174,4843,102.52734375,0.3538215
"A Pittsburgh #Antifa cell that is conducting weapons training to fight racists in the streets"" openly embraces mass murder. The ""MLM"" in that graffiti stands for Marxist-Leninist-Maoist. Mao's Communist regime killed 45 million people in the Venetian ballroom, at capacity. 🇺🇸""",hateful,hateful,2.415022134780884,4843,102.52734375,0.3698727
@USER Guess he forgot to walk the liberal plank!,hateful,hateful,2.312042474746704,4843,102.52734375,0.2700097
"@USER @USER He is involved because he was there! Now he needs to man up and be at this hearing. Since when is it a choice to answer questions if you're a witness? If course his black out drunk"" phase might come into this.""",safe,hateful,2.406928777694702,4843,102.52734375,0.3767642
"The libtard, Snowflake,fag, soyboy,with the stupid hat forgot ""pussy""",hateful,hateful,2.4125165939331055,4843,102.52734375,0.3698637
Pittsburghers love them Steelers   http://www.wpxi.com/news/top-stories/man-fighting-...,safe,safe,2.271052360534668,4843,102.52734375,0.2325459
@user She is a biggest Thing she as fail everywhere else ,hateful,hateful,2.291118860244751,4843,102.52734375,0.2484134
@user #americans suppo these  #zionist #occupiers let's hope america wakes up to the plight of the #palestinians ,hateful,hateful,2.3727850914001465,4843,102.52734375,0.3241167
If Germans want rapefugees they can keep them. Poland will not accept a single rapefugee. Not even one!!! Poland remains proud and firm! ,hateful,hateful,2.404313325881958,4843,102.52734375,0.3624054
"Liberal ministers insist irregular border crossers a challenge, 'not a crisis'https://t.co/d1ni4mcr88Left wing bureaucrats in charge of our borders and ""immigration"" (hey just walk across the border undocumented) which are as secure as a lettuce strainer. ",safe,hateful,2.3647959232330322,4843,102.52734375,0.3207434
@user and these are our presidential candidates. #politicalcircus   #americaisfucked #dumbshits ,safe,hateful,2.3576059341430664,4843,102.52734375,0.3256822
@user I cackle at something different shit every time I watch it lol ,hateful,safe,2.3841919898986816,4843,102.52734375,0.3389689
Only Americans are degenerate enough to 'honor' their war dead by having a barbecue. Anyone who 'grills out' for Memorial Day is trash.,hateful,hateful,2.316295862197876,4843,102.52734375,0.2738381
@USER He is a Professional liar,hateful,hateful,2.271414041519165,4843,102.52734375,0.2386986
"@user @user Yes yes Ann, lets continue to perpetuate the hysterical woman stereotype. Such a shame. You dont deserve your position of power. A disgrace to fellow women. ",hateful,hateful,2.3591442108154297,4843,102.52734375,0.3263157
I agree I will support gay marriage when a man can give birth to a child without intervention or manipulation by humans... In the meanwhile any form of gay relationship is disgusting and sickening,hateful,hateful,2.375494956970215,4843,102.52734375,0.342153
Bincy and Sony share their experience of dealing with Carmento Immigration: via @user ,hateful,safe,2.3275842666625977,4843,102.52734375,0.2770446
No one of us can solve a problem as vast as the Syrian refugee crisis. But every one of us can do something ,hateful,safe,2.325760841369629,4843,102.52734375,0.2823506
"A fascinating story of fevered, dehumanizing anti-immigrant sentiment - against German-Americans during WWI   ",safe,hateful,2.3440959453582764,4843,102.52734375,0.2978363
Probably not a good idea to wear your pussy hat in public today. https://www.cbsnews.com/news/central-michigan-shoo...,safe,hateful,2.355275869369507,4843,102.52734375,0.3205122
@user @user @user @user @user The only difference is how many parasites it has feeding off it you mean? ,hateful,hateful,2.329803943634033,4843,102.52734375,0.2849703
@user You are such a comedian edd!! ,hateful,safe,2.32854962348938,4845,102.52734375,0.2732188
 fox news anchor tells #laurenduca to âstick to thigh-high bootsâ rather than politics ,hateful,hateful,2.3204634189605713,4845,102.52734375,0.2618081
little trip for a bihday dinner ð #bus #travelling #bihdaydinner   #bustrip #ihatethebus ,safe,hateful,2.334653615951538,4845,102.52734375,0.3170338
#MaddoxLost,safe,hateful,2.358074426651001,4845,102.52734375,0.3179113
@USER @USER Omg shyt,hateful,hateful,2.3860437870025635,4845,102.52734375,0.3269215
@user @user She is a Sick Corrupt Ignorant Moron! ,hateful,hateful,2.4097676277160645,4845,102.52734375,0.3670741
@USER @USER Democrats gun control and mass shootings data determined to be FRAUDULENT.  Democrats are liars once again.  URL,hateful,hateful,2.351335048675537,4845,102.52734375,0.2906013
People be so angry tonight on dis here tweeter. It hard for a colored man to see all dis anger. Like bein in a waffle house in Mississippi,safe,hateful,2.393122434616089,4845,102.52734375,0.3369211
"Dude... Call it wtshful thinking or conspiracy, but if even 1/4 of this is real.... DUDE. 😱😱. http://sananda.website/mr-eds-intel-update-via-ema...",safe,hateful,2.41357684135437,4845,102.52734375,0.3581911
âï¸#instagood #photooftheday #like #beautiful #followme   #bored #sunny #sunnyday #smileâ¦ ,safe,safe,2.3453938961029053,4845,102.52734375,0.2889726
@user He is such a cutie! I love him! ,safe,safe,2.381006956100464,4845,102.52734375,0.3487707
@USER @USER @USER @USER @USER @USER @USER @USER @USER @USER @USER I think he's a comrade URL,safe,hateful,2.407874822616577,4845,102.52734375,0.3753094
@USER Gonna boo his ass regardless now,hateful,hateful,2.3174397945404053,4845,102.52734375,0.2687768
Do you think Jeff Flake is being a faggot because  ,hateful,hateful,2.415543794631958,4845,102.52734375,0.3719038
@user @user @user Even Chris Evert said that people normally wise up and stop after the first warning or their second warning. Serena kept going. It sucks it ended the way it did but if you keep arguing and making comments after a second warning then what was she expecting? ,hateful,hateful,2.4288387298583984,4845,102.52734375,0.4024451
"I think what you're doing is a noble thing, keep it up.",safe,safe,2.2490620613098145,4845,102.52734375,0.2134258
@user @user I wonder which one is the Democrat and which is the Republican. The dude is now totally for gun control. 😂 ,hateful,safe,2.2942354679107666,4845,102.52734375,0.2495049
"Saw that Costco has their good Albacore canned tuna on sale, you should add that to your pantry.  Longer term food supplies should have tuna with OIL.  Not good in tuna salad but tossed in with cheap noodles and canned veggies it provides nutrients and calories your body will need.",safe,safe,2.379894733428955,4845,102.52734375,0.3346172
"@05proFESSOR Charlie Sheen could coach better than Crusty Dusty. Yeah they hired Bryan Price, the pitching coach",hateful,safe,2.4151320457458496,4845,102.52734375,0.3957899
fucking take that stupid bitch FILTHY whore nobody will love you fuck you idgaf if ur pregnant ill kill u go ahead call the cops nobody wi ,hateful,hateful,2.352341890335083,4847,102.52734375,0.3017044
"@user ""the blacks""? ""the blacks""? ""blacks""? *facepalm* *smh* ",hateful,hateful,2.3887763023376465,4847,102.52734375,0.3464838
@user Isn't that just a nerd ,hateful,hateful,2.3859620094299316,4847,102.52734375,0.3494918
after the vacation its tym fr get bck to my boaring lyf....  ,safe,hateful,2.309870481491089,4847,102.52734375,0.2743877
"@USER He is.""""",safe,hateful,2.4263148307800293,4847,102.52734375,0.3814681
Judicial Watch: Justice Department Discloses No #FISA Court Hearings Held on Carter Page Warrants. #RussiaGate #Treason https://www.judicialwatch.org/press-room/press-rel...,safe,hateful,2.3961679935455322,4847,102.52734375,0.3477403
You're just trash like sorry,hateful,hateful,2.3093326091766357,4849,102.53125,0.2693023
@user Aye every cunt can see yer a pure irrelevance other than the rangers twitter maws n da’s that follow follow you hahhaha ,hateful,hateful,2.3832273483276367,4847,102.53125,0.3401586
"Yeah, at some point it has to terminate in a physical observation. Otherwise you're doing metaphysics. Having a sense for the difference is important, especially when lives and resources hinge on the matter.",safe,hateful,2.4088542461395264,4847,102.53125,0.3700255
LOL LOL LOL of course the Communists would say that. They'll all be crying in their GITMO cells.,safe,hateful,2.299344539642334,4847,102.53125,0.2885759
Savage 😂😂😂,safe,hateful,2.404994249343872,4847,102.53125,0.3663992
"I fully support Israels right to exist too. Don't confuse the country with the Zionist demons meddling in European affairs. The pope doesn't represent all Christians, neither does the supposed head of the Church of England, these Zionist do not represent Israel. ",safe,hateful,2.447200059890747,4847,102.53125,0.4120692
@USER True point.  Gun control is total bullshit.,hateful,hateful,2.308108329772949,4847,102.53125,0.2681873
"Narcissus was an attention whore, an asshole, a snitch, and just a complete fucking cunt in general. I'm kinda glad he isn't coming back. ",hateful,hateful,2.4020323753356934,4847,102.53125,0.3595639
@USER this photo does you no justice. URL,safe,safe,2.2359671592712402,4847,102.53125,0.19529
@user is in town! #stamford ,safe,safe,2.330688714981079,4847,102.53125,0.2961484
Waking up today like.... ,hateful,safe,2.3729560375213623,4847,102.53125,0.3439224
 @user today and everyday choose to be happy....even in the midst of difficulties...  #womeninspired #fridâ¦,safe,safe,2.387155771255493,4847,102.53125,0.3434819
Coven of witches are gathering in Brooklyn to curse #Kavanaugh & the Patriarchy. Hillary is flying in on Broomstick One to officiate.,safe,hateful,2.3007490634918213,4847,102.53125,0.2701469
@USER @USER Look at that face?  Would someone please tell me why it seems soooo many liberals look sooo pissed off all the time   Are they constipated?   Mix in some fiber!,safe,hateful,2.4449384212493896,4847,102.53125,0.3923761
@usmc .CEMEX connection to Phil Berger Jr. When he ran for Congress. I have a lot more info.,safe,hateful,2.4158577919006348,4847,102.53125,0.378711
@USER @USER She is absolutely amazing ♥️,safe,safe,2.2550103664398193,4847,102.53125,0.2071176
@user @user tremendous oppounity to move our country back 75 years into ove  #misogyny and tax breaks for corps.,hateful,hateful,2.3064918518066406,4847,102.53125,0.2523766
Lawyers Defending Immigrant Children In Detention Are Relying On A Court Case From The 1980s: A 15-year-old fleeing violence in El Salvador came to the US in 1985. Her case set in motion a Supreme Court decision that would affect… -https://t.co/uQBkdM2ecV ,hateful,safe,2.364109992980957,4847,102.53125,0.3238922
@user Disgusting!  That tells you more than anything that we need law n order and that's conservatives n Kavanaugh! ,hateful,hateful,2.3465566635131836,4847,102.53125,0.30759
what a massive disappointment @user is. suppoing a racist mysogonist liar like @user unfollow and dislike.  ,safe,hateful,2.3433477878570557,4847,102.53125,0.2828081
@user can't believe that bitter old twat used to be a writer. now trolling for followers  ,safe,hateful,2.3733069896698,4847,102.53125,0.3256685
"No, there aren't any white supremacists. You're just using the anti-white jew language they use to demonize pro-white people. And you're afraid of being called racists. The jews conditioned you to feel that way too.",hateful,hateful,2.3905909061431885,4847,102.53125,0.3468445
This is just what I have been looking for: http://losangelesgopher.com/gopher-control-claremont/ #claremont_gopher_control #gopher #claremont_gopher_trappers #claremont_gopher_removal #Claremont #gopher_control_claremont #gofer_control #gopher_control_claremont_ca,safe,safe,2.333573341369629,4847,102.53125,0.280417
on my blog: i choose happiness  #blogging #teens  ,safe,safe,2.3574960231781006,4847,102.53125,0.3149427
bruh people really be knowing better and still choosing not to do better lmfao  ,safe,hateful,2.379513740539551,4847,102.53125,0.3458082
"i paxxy, hi-hi. . . ------------- add us on snapchat!  ð»: thelyvers #lyversfacts   #fitnessâ¦ ",safe,safe,2.2764904499053955,4847,102.53125,0.2344746
@USER almost gets the pick 6  Darn flag. 😁 URL,safe,safe,2.334714889526367,4847,102.53125,0.2749132
@user So that's why he is dead now??? Really FOX?? I would call that completely unrelated... This is why BLM is neccessary ,hateful,hateful,2.320716619491577,4847,102.53125,0.2670829
@USER @USER Popular side doesn’t equal winning side. Facts are that private schools do a much better job educating students than public schools. Public school teachers get unfair perks that they don’t deserve. It’s unfair to private school teachers.,hateful,hateful,2.3367159366607666,4847,102.53125,0.2837346
@user #falsenarrative #falseequavalency your comments are reflections of ignorance and ,hateful,hateful,2.3194456100463867,4847,102.53125,0.2750726
woahh! it is a #bharjari star cast! very much   @user @user @user ,safe,safe,2.3809711933135986,4847,102.53125,0.3209536
@user @user Could anyone expect anything less from a fool like j rubin? Incompetent hair on fire libs cost people their lives and blame it Pres. Trump. ,hateful,hateful,2.3920347690582275,4847,102.53125,0.3496727
@user He doesn’t want to give anything to POTUS! ,hateful,hateful,2.305738687515259,4847,102.53125,0.2760105
@USER @USER @USER traitor whoever he or she is.,hateful,hateful,2.3797593116760254,4847,102.53125,0.3486622
@USER @USER @USER I find it very offensive that you know what black people feel!! As a black not African because I was born in America want recognition then build your own stuff!!! It's the same with Conservatives that cry about censorship  If you don't like the rules build your own house. URL,hateful,hateful,2.41794490814209,4847,102.53125,0.3683038
@USER FUCK OFF,hateful,hateful,2.3330130577087402,4847,102.53125,0.3009355
 @user ð #elated #proud   #safe #healthy #free #newmommy ~i faced fear in the face &amp; welcomed pain head on. i #aced it! theâ¦,safe,safe,2.3491268157958984,4847,102.53125,0.3197866
"Nothing is ordinary. If something seems that way to you, then you must look again.",safe,safe,2.388540506362915,4847,102.53125,0.3570163
bihday pressie from my mummy and my granny #michaelkors #luckygirl   #bihday #liverpool ,safe,hateful,2.333714008331299,4847,102.53125,0.2778004
@user #trump is guilty of treason !  we #theresistance must #resist   #hate  naked raygun treason ,hateful,hateful,2.390048027038574,4847,102.53125,0.3372009
@user @user I was at the laundromat just reading his comments last night 😂 he was basically saying porch monkey was a term used years ago and “liberals” made it into a racist thing and it all just snowballed from there lol ,safe,hateful,2.4152631759643555,4847,102.53125,0.3717855
@USER @USER @USER I fuck with this hard,hateful,hateful,2.3027467727661133,4847,102.53125,0.2685826
apparently this book is a one chapter a day thing. #whoknew ...so i will sta chapter 1 tomorrow! #cantwait #omw  ,safe,safe,2.409031629562378,4847,102.53125,0.3566218
i really have to put away this mess! someone help me please! #clean #mess   #help #kitchen #plate ,safe,safe,2.402724504470825,4847,102.53125,0.364673
the lyrics of 'you're not there' by @user hits me so hard in the soul.  ,safe,safe,2.2612574100494385,4847,102.53125,0.2203508
"@USER I'll bow out of this one.  I was gonna reply, but no matter how I worded it, it sounded liketake the camera and shove it up your ass"" lol""",hateful,hateful,2.3018181324005127,4847,102.53125,0.249499
HAHAHAHAHA! ,hateful,hateful,2.3502049446105957,4847,102.53125,0.2986852
@USER This is NOT lisa. She is in the front row and skinnier.,safe,hateful,2.397804021835327,4847,102.53125,0.3731027
@USER 🤷🏼‍♀️ that would be silly.,hateful,safe,2.2964212894439697,4847,102.53125,0.2676422
Your slutty Christmas outfits should get you a good 45 likes on instagram. #Whore ,hateful,hateful,2.418382406234741,4847,102.53125,0.3745384
"i do not advocate a kumbaya world. like #anti-semitism,  should motivate us to a single purpose:  intellectual competitiveness",hateful,hateful,2.4239537715911865,4847,102.53125,0.3671675
it's sad at how many drunk people there are at #cmafest2016   they are missing a great show and they'll never remember it!  ,safe,safe,2.2960433959960938,4847,102.53125,0.2493965
@USER Do you have any idea how old he is?,safe,hateful,2.414341449737549,4847,102.53125,0.3581012
@user I want to fight one of you for real you are taking the piss ,hateful,hateful,2.4252524375915527,4847,102.53125,0.3771344
main purpuse of this contest is to destroy the lies and demagogie conceptions in the head of people made against national socialism and hitler given by the sionists in television.  and also to present the hitlerian culture and beauty. the beauty of hitler is national socialism.,safe,hateful,2.351210355758667,4847,102.53515625,0.3052819
@USER A quick way to get yourself killed.  Thanks Antifa!,hateful,hateful,2.374607563018799,4847,102.53515625,0.3343002
@user hmm i'd do something like getting really high quality artists to draw really boring cars like a fucking 2002 grand prix or something ,hateful,hateful,2.399240016937256,4847,102.53515625,0.3605765
@USER liberals got to crap all over everything.,hateful,hateful,2.305006980895996,4847,102.53515625,0.2685689
Call me crazy but I prefer Kylie Jenner when she still had her fetal alcohol syndrome lips ,safe,hateful,2.399848222732544,4847,102.53515625,0.3575658
@USER Another phoney poll!! #FakeNews,safe,hateful,2.4158716201782227,4847,102.53515625,0.359259
Been Huntin hard and finally nailed her. Best wedding koozie I've ever seen. #redneck http://t.co/D6SBSYaNN2,hateful,safe,2.268340587615967,4847,102.53515625,0.2377761
@USER Cher is helping Republican party by her unhinged rants...,hateful,hateful,2.288087844848633,4847,102.53515625,0.2393081
@user #metoo is the BEST WEAPON the Liberals have because there is NO DUE PROCESS .. its all DISGUSTING ... and WOMAN are the ones USING it as the weapon .. shameful and TYPICAL Liberalism .. USE emotions FOR their own BENEFIT ... @user  POSTER CHILD for USING Woman ,hateful,hateful,2.376938819885254,4847,102.53515625,0.3234141
cannot taste or smell anything ð­ #helpme #imnotusetothis #perfecttiming #weekend  ,safe,safe,2.357849597930908,4847,102.53515625,0.316698
:( She is very evil. ,hateful,hateful,2.310840368270874,4847,102.53515625,0.2661728
"Holy shit, the man who shouted 'Shut the fuck up, you fucking loudmouthed monkey motherfucker,I can’t listen to your fucking black ass no more' to loudmouthed negress charged with felony hate crime. Burn it all down, US is fucked beyond repair https://nypost.com/2018/05/24/lirr-rider-charged-w...",hateful,hateful,2.299067258834839,4847,102.53515625,0.2618882
@user Ahhh how the left punishes it’s soldiers. Today is your last day=don’t forget your 6 million dollar goodbye check. Thanks for supporting the cause. ,safe,hateful,2.3428995609283447,4847,102.53515625,0.3010239
@user @user Popular side doesn’t equal winning side. Facts are that private schools do a much better job educating students than public schools. Public school teachers get unfair perks that they don’t deserve. It’s unfair to private school teachers. ,hateful,hateful,2.37264084815979,4847,102.53515625,0.3275549
one thing i agree with evan on #gop are  #liars #cheaters ,hateful,hateful,2.2925641536712646,4847,102.53515625,0.2666232
@user The fact that he is still a nominee is disgusting ,hateful,hateful,2.283567190170288,4847,102.53515625,0.241954
@user Stop lying u skank bitch but white like u ,hateful,hateful,2.3549678325653076,4847,102.53515625,0.3115017
@user Likely shift? He is a political operative for the GOP. This will be a life-long dream for many who have been working towards this outcome for decades. It’s sad. ,hateful,safe,2.3927924633026123,4847,102.53515625,0.3385201
@USER Fat ass liar strikes again. #NeverForget,hateful,hateful,2.31144642829895,4847,102.53515625,0.2692926
@USER @USER @USER There is no such thing. Where is this fascist left? ANTIFA are anarchists. They are not socialists or Democrats. You folks on the right embrace Authoritarianism and fascism. Look at Trump. He attacks all our institutions and the rule of law and fluffs Putin.,hateful,hateful,2.4270927906036377,4847,102.53515625,0.3868813
got some awesome newsð today! i'm a happy girl!ððð   #saturday #author #writer #comingsoonâ¦ ,safe,safe,2.4054527282714844,4847,102.53515625,0.3610404
@user @user @user @user @user @user @user @user @user @user @user @user @user Yes we do. I've been campaigning for this for years ,safe,safe,2.2763006687164307,4847,102.53515625,0.248863
Venezuelan migrants bring Trinidad's flawed refugee policy to light ,hateful,hateful,2.28714919090271,4847,102.53515625,0.2364934
@user how's mars bar in @user charging guys Â£5 for entry and girls Â£2? isn't that like modern sexism?  #shamâ¦,hateful,hateful,2.381645917892456,4847,102.53515625,0.3281445
"Jared Kushner wanted to disrupt UN agency that supports #Palestine #refugees, according to internal emails ",safe,hateful,2.400066375732422,4847,102.53515625,0.3466994
Thousands of Americans have been Murdered by illegal aliensWe're building a memorial wall to honor victims & you can helpMake a Donation or order a brick in @ this #LaborDayWeekend & #RETWEET #BuildThatWallSurviving loved ones = permanently separated ,hateful,hateful,2.3560142517089844,4847,102.53515625,0.308015
@user Death to Jeremy Corbin by any means necessary !🤪👍 ,hateful,hateful,2.381957530975342,4847,102.53515625,0.3344561
@user There are more good people than criminals.  If the good people are armed the criminals won’t stand a chance.  In the USA the cities with the highest violent crime rates are those with the strictest gun control.  The Swiss are all armed and trained - violent crime is rare. ,hateful,hateful,2.4132187366485596,4847,102.53515625,0.3694816
I got my ballot today and I voted for #BidenHarris2020. Also on the ballot was the question of legalizing marijuana in New Jersey. It was question 1 of 3 and I voted yes. 🙂💙 #Vote #VoteBlueOnNovember3rd https://t.co/YGhghftoAZ,safe,safe,2.3359107971191406,4847,102.53515625,0.294955
@user @user Fair point but i didnt make the meme and couldnt take the big gov sucks off of it. And besudes meddling in many counties politics and economics. He funds antifa black lives matter to try and divide we the people to try and tear the country apart ,hateful,hateful,2.412170648574829,4847,102.53515625,0.3538342
@user There are no principled conservatives. ,safe,hateful,2.363724708557129,4847,102.53515625,0.3161841
@user @user 93% NEGATIVE COVERAGE SAYS YOU ARE DELUSIONAL ,safe,hateful,2.3270158767700195,4847,102.53515625,0.2723448
Rank And File Law Enforcement Prepare For An Impending Revolution https://youtu.be/7L2Bj4JRc7k via @YouTube,safe,hateful,2.425626516342163,4847,102.53515625,0.3870728
@user @user Just another Dem tactic. Leftist do that not good conservatives. ,safe,hateful,2.415095567703247,4847,102.53515625,0.3594136
Meet Walter: Walter is most likely #Maga.Walter believes the lies he told daily about an imaginary #WalkAway being talked about in no community of color because it is #fakeNews.Walter does not understand minorities penchant for remembering what u did to them..Walter eats toenails URL,hateful,hateful,2.3615612983703613,4847,102.53515625,0.3173451
@USER @USER It's Bull Shit. We all know.,hateful,hateful,2.3769054412841797,4847,102.53515625,0.3288374
@user @user yes he is ,hateful,hateful,2.4298183917999268,4847,102.53515625,0.3741425
You very obviously don't have a high iq if you can't understand a very simple thing called tact. Reading infographs from pol doesn't make you a geneticist,safe,hateful,2.3447134494781494,4847,102.53515625,0.292908
Silent about harassment? NOPE. Silent about sexual assault? NOPE. Silent about rape? FUCK NO. You can't shut me up on a GOOD day. ,safe,hateful,2.384819507598877,4847,102.53515625,0.3407746
James Stannard: UK tourist cleared of assaulting rugby star https://kek.gg/u/GQj3,safe,hateful,2.3974609375,4847,102.53515625,0.3443354
just wanna be happy man... #musically download @user and follow me ð   ,safe,safe,2.257479667663574,4847,102.53515625,0.213117
"we're also not upset we lost because we won by any measure other than a , useless appendix of government thaâ¦ ",hateful,hateful,2.3033268451690674,4847,102.53515625,0.2525266
@USER @USER @USER I am in an interracial marriage you liberals throw that word around so easily you might want to look it up and see what it means URL,safe,hateful,2.363971471786499,4847,102.53515625,0.3073715
@user Until he is dead. Because even after he is out of office he will likely command the news cycle for a long time. ,hateful,hateful,2.3879847526550293,4847,102.53515625,0.3483734
@USER I don't know if this cat even realizes what he is doing.,safe,safe,2.2388968467712402,4847,102.53515625,0.2099069
my trust fund check is gonna be so bomb. ðð½ðð½ð¤ð ,safe,safe,2.2936301231384277,4847,102.5390625,0.2531831
@KaliGirl65   ,safe,hateful,2.398662805557251,4847,102.5390625,0.3426411
"Headline Reads: 'Meet The 8-Year-Old Who Fulfilled His Dream Of Becoming A Fierce #DragQueen' More like fulfilling the dream of his handlers... These perverts,( l would not call them parents), who have access to children,who do this 'thing' to them, knowingly encourage sexualising their young minds, destroy what is left of any shred of childhood innocence in the process. It make me hate EV...",safe,hateful,2.394667863845825,4847,102.5390625,0.3417705
Bunch of faggots puffs  and queers !,hateful,hateful,2.3136110305786133,4847,102.5390625,0.2697442
"Quit whining Texas, we here in Arizona have a long border with California guarded only with a bit of sand and few prickly plants. Since we can't have a wall we are hoping for a big earthquake and California to suddenly become Alaska's problem.  “Far too many immigrants from California come here, take advantage of our pro-business, pro-liberty laws, and refuse to adjust to our way of life,”...",safe,hateful,2.432346820831299,4847,102.5390625,0.3927153
"#rupemurdoch's ,  @user empire is growing. many people are employed by him. and whoever pays the bills is the #master!!!ð",hateful,hateful,2.370119333267212,4847,102.5390625,0.3410105
"Amy Klobuchar, who brought a blow-up poster of Trump's tweet, gets Amy Coney Barrett to expand on her past remarks sympathizing more with the dissent in both the pro-ACA rulings, NFIB (in 2012) and King (in 2015). https://t.co/lclEHUo2lg",safe,safe,2.316859483718872,4847,102.5390625,0.2803211
Danish minister of immigration runs over immigrant blocking her car during a protest against the bad treatment of refugees in Denmark - Free Speech Time - @user ,hateful,hateful,2.4360876083374023,4847,102.5390625,0.393624
@user better leave #HIAC with #SDLIVE Women's Title tonight! She is the best woman on the whole roster bar none! ,safe,hateful,2.412696361541748,4847,102.5390625,0.3574934
 @user feel so sorry for liv why can't rykard just stay they clearly like each a lot more then their letting on #loveisland #â¦,safe,hateful,2.326019763946533,4847,102.5390625,0.302556
ooh #surprise #delivery no2 so   to use this next month âºï¸âºï¸âºï¸  ,safe,safe,2.361391067504883,4847,102.5390625,0.3048386
Did Sarah Palin really deserve that? | American Thinker http://bit.ly/2MDjLyp,safe,hateful,2.4239344596862793,4847,102.5390625,0.3782232
@user Like if you didn’t get fired from ESPN ,hateful,safe,2.3221828937530518,4847,102.5390625,0.2739478
" @user ""#people who #love to #eat are always the #bestpeople "" (julia child) #share   #moments @user #madrid ",safe,safe,2.3440160751342773,4847,102.5390625,0.2968417
@USER @USER Buhari was among the past leader. What did he do during he time people are keep on blame 16year PDP but you are talking about fix what is this government doing?,safe,hateful,2.309500217437744,4847,102.5390625,0.2671178
techherder,safe,safe,2.356163263320923,4847,102.5390625,0.2970363
#Immigrants are a problem everywhere. The ones who work & contribute to their new country are welcome. But the parasites are not.#migrants #IllegalAliens #ILLEGALimmigrants #brexit #europe #sendthemback #buildthewall #migrants #Refugees #italy #EU #EuropeanUnion #Italia #europe ,hateful,hateful,2.3677990436553955,4847,102.5390625,0.3260143
"RT @D_Sidbury_: &#8220;@lookwhogotit: All of Kate Upton's leaked nudes today &amp; more &#128525;

&#11015;&#65039;
http://t.co/BW7ldA56mI http://t.co/sWztntfdGn&#8221; bitch lo&#8230;",hateful,hateful,2.4058661460876465,4847,102.5390625,0.3766329
@user @user You are a disgrace ,hateful,hateful,2.367671489715576,4847,102.5390625,0.3121743
good things come to those who sweatðªð¾ðð½ð¦  #workout #sweatisfatcrying #getfit   #fitâ¦ ,safe,safe,2.3046443462371826,4847,102.5390625,0.2533947
"So let me get this straight, if you take her word with no evidence to back it up of an event over 30 years ago... Kavanaugh made a move in a drunken stupor and stopped when the woman said no?",safe,hateful,2.297295331954956,4847,102.5390625,0.2479622
okay going to try to #sleep.   #cavs #champs #proudtobefromohio!,safe,safe,2.3327252864837646,4847,102.5390625,0.2728193
@USER Thats is not what i was saying.. read my other tweet to you.  I never said that.. you sir are putting words in my mouth!  liberals really are just assholes.. cant have a civil discussion!,hateful,hateful,2.419826030731201,4847,102.765625,0.363771
"happy fathers day! #fathersday   #minnesotasummer #dad #goodman @ golden valley, minnesota ",safe,safe,2.313192844390869,4847,102.765625,0.2832927
@user @user @user @user Shut the fuck up bitch ,hateful,hateful,2.3983213901519775,4847,102.765625,0.3542593
@USER I definitely believe that she is credible compared to the man that lied under oath 4 times!!,safe,hateful,2.408794641494751,4847,102.765625,0.367366
@user Seriously??.... Guess comedy is easier to get viral.... Have you tried drawing shit? XD ,hateful,safe,2.278517723083496,4847,102.765625,0.2209091
just saw my first firefly of the summer...  ,safe,safe,2.2814433574676514,4847,102.765625,0.2458676
@user He is the AL but If were talking entire MLB I will still take Arenado all day defensively over Chapman. ,safe,safe,2.3679141998291016,4847,102.765625,0.3199181
@user @user @user win is a win   #lotd,safe,safe,2.3967230319976807,4847,102.765625,0.3524261
Hat tip to THE PEOPLE'S CUBE where I got the idea to make this.  http://thepeoplescube.com/,safe,safe,2.2832016944885254,4847,102.765625,0.2314044
https://youtu.be/vGhzHpbryM8  ,safe,hateful,2.454988956451416,4847,102.765625,0.4027185
"Twice divorced teabagger Florida Attorney General says marriage is reserved for 'stable, enduring family units' http://t.co/Wafg8EYYGM",hateful,hateful,2.404168128967285,4847,102.765625,0.3682608
Indeed. ,safe,safe,2.349808692932129,4847,102.765625,0.325684
Goblina and Hogboi were working the truck stop on I77 north last week,safe,safe,2.337406873703003,4847,102.765625,0.2782393
Why you always actin mad? Always bringin' up my past You in your feelings about a hoe that don't matter Know that I'll give you my last ,hateful,hateful,2.4542839527130127,4847,102.765625,0.4132893
fantastic video on #buzzfeed's hate of men.   #manhate,hateful,hateful,2.3257229328155518,4847,102.765625,0.272412
And you get white screen or black screen or Twitter crashing or somebody reports you and you get banned all this is being done to control or narrative that narrative being the lead up to the midterms jacks Motives are purely political you see the left can't win an argument or a debate,safe,hateful,2.4162139892578125,4847,102.765625,0.3626966
a life is never useless. each soul that came down  to eah is here for a reason. ó¾  #life   #spirit #thailand ,safe,safe,2.371758460998535,4847,102.765625,0.3285423
@USER @USER We the dregs of society will make sure you are never president ❗,hateful,hateful,2.3208558559417725,4847,102.765625,0.2760992
@user Maybe she should drop the angry b$*@USER routine and try something funny everyone can enjoy....like non political jokes.  Don’t think she is capable of doing that. ,hateful,hateful,2.4221436977386475,4847,102.765625,0.3718809
ð ð ð ð #love #instagood #photooftheday top.tags #tbt #cute #me #beautiful #followme  â¦ ,safe,safe,2.4129788875579834,4847,102.765625,0.3597623
 @user our hands are up! #edfringe2016   ,safe,safe,2.3163163661956787,4847,102.765625,0.2721733
@user Bobbys a little butt hurt today. Go have a drink and STFU you are the a**hole. I've lost all respect for you. I used to think you spoke real ,hateful,hateful,2.419971466064453,4847,102.765625,0.3615777
last thing they did before i blocked and repoed them was retweet me calling them a nazi with no extra commentary.  ,safe,hateful,2.407094955444336,4847,102.765625,0.3674641
Ex-husband says Jill #Biden 'betrayed' him by cheating on him with #JoeBiden; Biden camp denies it[NEWLINE][NEWLINE]https://t.co/2kbH8D2PEw #JoeBidenIsNotWell #JoeBidenIsSenile #BidenRiots #Democrats #LiberalHypocrisy #JoeBidenHasDementia #UnfitToBePresident #UnfitForOffice #Trump2020,hateful,hateful,2.3738701343536377,4847,102.765625,0.3231033
Nutting inside a bitch is rape ??? ,hateful,hateful,2.364151954650879,4847,102.765625,0.3101233
Understanding Trump. Probably best for conservatives who are Trump-skeptic or those who don't dislike Newt.   https://www.amazon.com/Understanding-Trump-Newt-Gi...,safe,hateful,2.4163830280303955,4847,102.765625,0.362262
A LARGE group (100+) of out-of-control African youths have hurled a number of rocks and damaged a police car during a rampage in Melbournes northwest!Thank you @user for importing this rubbish into our country. #auspol #springst #sendthemback ,hateful,hateful,2.354674816131592,4847,102.765625,0.3123872
tomorrow is the big day!!! ð   #meetingourbabygirlsoonðâ¦ ,safe,safe,2.3801441192626953,4847,102.765625,0.3404913
 in ufc pay: amanda nunes (@user who was &amp; still is the champ whopped ronda rousey but less of a payday -  $3 mil to $100k,hateful,hateful,2.4129037857055664,4847,102.765625,0.3791351
@user @user I hope there is a way to watch it on TV.  Ted spanking liberals is always enjoyable. ,safe,hateful,2.329525947570801,4847,102.765625,0.2902985
Suspended twice on Twitter in 3 days. I can't stand these niggers,hateful,hateful,2.3833467960357666,4847,97.2734375,0.3407218
"RT realDonaldTrump      The only thing that I have done wrong is to win an election that was expected to be won by Crooked Hillary Clinton and the Democrats. The problem is, they forgot to campaign in numerous states!   https://twitter.com/realDonaldTrump/status/1032431...",safe,hateful,2.4292843341827393,4847,97.5234375,0.3753422
@USER @USER @USER @USER Who is ok with Antifa? I’m not. There are medicines for your condition ma’am...,safe,hateful,2.329258680343628,4847,97.70703125,0.2913506
no one should ever be   or #depressed about something. #pain and #struggles let us know that we're #alive!  just #smile and keep moving!,safe,hateful,2.394545793533325,4847,98.77734375,0.338444
@user #allahsoil not all muslims hate america.  â¦   #emiratis #2016in4words #ÙÙÙ_Ø§ÙØ¬ÙØ¹Ùâ¦ ,hateful,hateful,2.405282974243164,4847,98.80078125,0.3473224
It's the beta for the American version. When the American Version comes out Google will go the same was as Twitter and Facebook. They will be replaced by an upstart that does uncensored searches.   ,safe,hateful,2.3359615802764893,4847,99.8671875,0.2927518
You don’t know what you are missing. Peanut butter and chocolate is the best combination ever created!,safe,safe,2.3844940662384033,4847,100.40625,0.3327524
"@user @user @user  - un investigators: ""isis is committing genocide"" lib gov: ""nope""  ",safe,hateful,2.411837100982666,4847,100.9375,0.3691677
Twitter has this going for them this morning.   https://twitter.com/JamesOKeefeIII/status/95294591...,safe,safe,2.295659303665161,4847,101.875,0.2412345
hahahaha! your humor is so believable.   ,safe,safe,2.413529396057129,4847,102.0234375,0.3628248
"Check out the Tuttle Twin's books today! Teach your kids about #liberty, #freedom, and #economics in a way they (and you) can understand. http://bit.ly/tuttle-twins",safe,safe,2.405261754989624,4847,102.08203125,0.3643416
Clear speak: Steff Blok says that the settle of refugees in countries of Easteuropa will not work and the cultruell differnces are impossible to life together peaceful. Is he right ? - Leftminded Eu hasnt realize that this is the truth and will not bring future - only desater. ,hateful,hateful,2.360276937484741,4847,102.1328125,0.3304734
"Donald Trump received much criticism for referring to Haiti, El Salvador and Africa as “shitholes”. He was simply speaking the truth. ",safe,hateful,2.3909168243408203,4847,102.19140625,0.3499591
goodnight world sleep tight. going for a long walk tomorrow.   #dogwalking,safe,safe,2.4008290767669678,4847,102.28515625,0.3773641
@user How and why do you think this man got his reputation you fools it wasn't mail order or email #MAGA #WalkAway #WWG1WGA #Trump #PatriotsUnited #POTUS he speaks folks listen dignitaries and peasants accomplishments speak mega he doesn't blow ,hateful,hateful,2.353126049041748,4847,102.2890625,0.3047746
she is getting too old to earn with her body so now she is trying to earn with her ass,hateful,hateful,2.3696532249450684,4847,102.60546875,0.3391723
@USER @USER Tbere aren't hardly any Conservatives left in California. Perhaps the threats are just unintelligible robo calls by Antifa comrades jacked up on Starbucks and Lucky Charms.,hateful,hateful,2.4077584743499756,4847,102.60546875,0.39353
#june 16 #my pillar was born   bihday grootman #i think i beâ¦ ,safe,hateful,2.32195782661438,4847,102.60546875,0.2885149
"Calling me a ""bitch"" and a ""ratchet ass whore"" out of the window as you drive by, is honestly so ridiculous. Please grow up. ",safe,hateful,2.410068988800049,4847,102.609375,0.3535767
@user  here's @user being a racist troll. would love for you to spread the word,hateful,hateful,2.4074721336364746,4847,102.62109375,0.3523418
Gross. This is one of many reasons it is SO easy to vote against the left.,safe,hateful,2.319598913192749,4847,102.66796875,0.2762554
@USER He is telling you he knows where his bum is. Writes “ass” with his bottom. What more proof of higher intelligence do you need?,hateful,hateful,2.415940523147583,4847,102.75,0.3590226
"NEW Nashville Noise! @LukeBryanOnline loves burgers, @DierksBentley honky tonks, and @ChrisYoungMusic grabs a pizza. http://t.co/sCCDyhE6EY",safe,safe,2.4038424491882324,4847,102.75,0.3652576
@user @user Typical antifa type and he’s not worth anyone’s time. ,safe,hateful,2.3062071800231934,4847,102.796875,0.2762505
She sounded like a bird crowing,hateful,hateful,2.391220808029175,4847,102.796875,0.3586946
"When some1 is very sick, you send a doctor, not ask them to come to hospital themselves. Now explain me why are we bringing in Syrians, especially adults, into Turkey letting them steal our jobs, lower the wages and ridicule our values?#sendthemback #syrian #Refugees #Turkey ",hateful,hateful,2.4554264545440674,4847,102.796875,0.411376
RT @maycie32: @Whitecholo23 np big nig nig,hateful,hateful,2.293898105621338,4847,102.796875,0.2749816
"Not a Nordicist -- Scandinavians are faggots, and I don't stand for that. I just give credit where it is due.  When it comes to cleanliness, honesty, corruption, crime, scientific innovation etc. they are miles above the meds.  Go take your butthurt somewhere else.",hateful,hateful,2.4408349990844727,4847,102.796875,0.385062
The children of Islam are born into a death cult ,safe,hateful,2.4055871963500977,4847,102.796875,0.3476764
@USER She is a piece of garbage! I can't believe the hatred those bitches on the View have for Trump! And ABC let's them spew this garbage on a daily basis. Disgusting! Boycott the View! Boycott ABC too! I have &amp; damn proud of it!,hateful,hateful,2.3600058555603027,4847,102.796875,0.3050054
#News #Politics ,safe,safe,2.3644511699676514,4847,102.80078125,0.3174972
Hillary Appearance Leads to WORST RATED Grammys of ALL TIME! ,safe,hateful,2.4000182151794434,4847,102.80078125,0.3651927
@realDonaldTrump If you have to explain...You lost. Happened after 2016 with the popular vote. Happened 2018 when house got flipped. Happening now. And we will make it happen again Nov 3rd. #BidenHarris2020 #BlueWaveDownBallot,safe,hateful,2.3647570610046387,4847,102.80078125,0.3060094
be happy for this moment this moment is your life #life   #quote #simle,safe,safe,2.3703861236572266,4847,102.80078125,0.3231837
"@PolitiFact Your pointing to the wrong ""crease"" The wire was not a shadow...It was a wire. Photographer and digital tech expert here and I know what a shadow is and I know a wire when I see one... PolitiLies no fact!! #MAGA2020 losers!!",safe,hateful,2.4059858322143555,4847,102.80078125,0.3605765
"There are people I follow who 18 months ago were very fired up about child poverty in the United States but don’t seem to care much about it now, seemingly because Biden has a great program on child poverty. [NEWLINE][NEWLINE]https://t.co/IGQmPgsbdB",safe,hateful,2.3519163131713867,4847,102.80078125,0.3157783
@user come on n wake the eff up usa! this is craziness. does it all stem from  n hatred of #obama ? it seems likeâ¦ ,hateful,hateful,2.370363473892212,4847,102.80078125,0.3390403
https://nypost.com/2018/06/04/michigan-state-physi....   MSU is gonna shutter it’s doors. Burn Sparty Burn!,safe,hateful,2.4081413745880127,4847,102.8046875,0.3630383
"""Mine plays DMX and kirk Franklin smh @_justcallmeBRIT: Well my neighbors are ghetto . They get up at like 5am and beat their kids.""",hateful,hateful,2.3395800590515137,4847,102.8046875,0.2944583
"RT @RealTimeWWII: 6000 people/day now being deported from Warsaw ghetto, packed into cattle cars for rail trip to Treblinka death camp. htt&#8230;",hateful,hateful,2.394996166229248,4847,102.8046875,0.3434773
 @user finally watching @user with @user break legs friends @user @user  ,safe,hateful,2.3767054080963135,4847,102.8046875,0.3316792
@user @user @user Don’t get on here saying that type of dumb shit ,hateful,hateful,2.2976953983306885,4847,102.8046875,0.2556692
&#8220;@TheFunnyVine: Red Neck Ice Bucket Challenge &#128514; https://t.co/cAgp3nIofd&#8221; he must be from the SIP. #redneck,hateful,hateful,2.306180000305176,4847,102.8046875,0.2602687
@user @user Ole fat neck ass nigha . Release the motherfucking song ... I’ve had it with you cunt holes ,hateful,hateful,2.354222297668457,4847,102.8046875,0.3174362
Jets trash,hateful,hateful,2.4024016857147217,4847,102.8046875,0.3582299
@USER Am I an ass or is it kinda weird Char wore a shirt to wrestle the lesbian? I’m joking....but not really,hateful,hateful,2.3393502235412598,4847,102.8046875,0.2913767
"@JoeBiden They do... the top 10% pays 70% of all taxes. Interesting that you will be taxing everyone making over $400,000. Who makes $400,000? Oh yes the president. You’re losing it man have fun in the ring with big don tonight! #trump2020",safe,hateful,2.4134368896484375,4847,102.8125,0.3774326
@user @user plan is to sta assembling the gobbos tonight and sta painting them this week  ,safe,safe,2.3275656700134277,4847,102.8125,0.2836838
@USER In other words #Mueller it’s not constipated In other words #Mueller has diarrhea? URL,hateful,hateful,2.2939813137054443,4847,102.8125,0.2494691
"Scots independence will come, the No voters mostly new immigrants wanted to keep their benefits with them going they wont vote no again. . ",safe,hateful,2.316091775894165,4847,102.8125,0.261989
@USER @USER @USER @USER @USER He is a malignant narcissist.,hateful,hateful,2.364779472351074,4847,102.8125,0.328551
Germany reaches first deal with #Spain to return migrants ,hateful,hateful,2.407183885574341,4847,102.8125,0.3612825
@user @user @user Haha yeah funny communists liberals destroying USA want USA2  like Venezuela China north korea perhaps why not just move2 your perfect country instead of desperately trying 2destroy the USA that my Founding Fathers fought died 4 our Freedom! Shed blood for ungrateful communists! ,hateful,hateful,2.3652756214141846,4847,102.81640625,0.3114095
"Kurdish refugees who were staying in Stage 2, in Skala Sykamia refused to enter the transportation buses provided by Greek authorities - Upon rumors that they were going to be taken back to #Moria. Apparently they have decided to walk to Mytilene, more than 55Km away. ",safe,hateful,2.398411512374878,4847,102.82421875,0.3643534
@user @user @user @user @user @user @user True. But are all school shootings and accidents with toddlers done by bad criminals who would know how to get a gun? Highly doubt it. These are spontaneous acts/accidents that would be dramatically reduced by gun control. ,safe,hateful,2.4017767906188965,4847,102.82421875,0.3608392
"Happy Monday, time to get crackin'!",safe,hateful,2.3039982318878174,4847,102.82421875,0.2638834
I didn’t realize girls who wear huge bows in their hair called other women “cunt”. “Northern Bell’s” must be bred t… ,hateful,hateful,2.4215431213378906,4847,102.82421875,0.3700852
@user @user  america is great without you assholes.  #xenophobia and #lockerroomtalk aren't what #maga #notmypresident,hateful,hateful,2.418348550796509,4847,102.82421875,0.3728581
"Even the worst of the lot really only deserve to have their games not sell.  Anything beyond that is just out of line.  (i.e. threatening families, etc.)",safe,hateful,2.339458703994751,4847,102.82421875,0.2939477
"Do something about this immediately, @user This is a national security crisis. #DeportIllegalAliens #EndChainMigration ",hateful,hateful,2.391624927520752,4847,102.82421875,0.3392043
@user @user Ikkk he is a fucking prince 6al3 mn al stories bta3in Disney kida ahhooo😹😭😹😭😹💜💜💜 ,hateful,hateful,2.403411388397217,4847,102.82421875,0.3619998
"dear #leftistlunatics, change a few words and tell me how your aicle isn't ? you people are sick. ",hateful,hateful,2.3470230102539062,4847,102.828125,0.2949784
I bet she’s posting those shitty pro Hillary memes on Pol,hateful,hateful,2.3908069133758545,4847,102.828125,0.3443072
Collectivists are Faggots. All flavors of them. From the Tribalists up to the Communists.,hateful,hateful,2.413799524307251,4847,102.828125,0.3641004
Facebook approves of Nazi-ism but does not condone love.[NEWLINE][NEWLINE]Holy crap I’m angry about this![NEWLINE][NEWLINE]🤬F*ck Facebook🤬[NEWLINE][NEWLINE]#Biden2020 [NEWLINE]#ProudBoys https://t.co/S7pBKItrkD,hateful,hateful,2.368769407272339,4847,102.828125,0.3173584
@USER @USER You can’t accuse someone of something like this &amp; expect to not have to come forward &amp; testify about it! We’re we just suppose to believe it &amp; crucify him?  I am sure u liberals think so.,hateful,hateful,2.389279365539551,4847,102.828125,0.34594
I need a heated bra because my nips hurt so bad!,safe,hateful,2.3592793941497803,4847,102.828125,0.3180671
"(Approx. 133,800 sex crime arrests among ""criminal aliens"" incarcerated in USA from 2011-2016 according to GAO, primarily from Mexico & Central America.) (Mexico isn't a race.)#SendThemBack #NoAmnesty #BuildTheWall #EndChainMigration #EndTheVisaLottery #EndAnchorBabies #NoDACA ",hateful,hateful,2.3818564414978027,4847,102.828125,0.3389345
God bless her for being positive. I hope she has a day job to support her massive eating habits. ,safe,hateful,2.385000228881836,4847,102.828125,0.3384133
"@1SonofYahweh &amp; what we do with our foolish proud selves? Roll our eyes, pretend that we dont see, mock or laff at them, arrogant attitudes",hateful,hateful,2.415832757949829,4847,102.828125,0.3540873
"I'm of half a mind that Cerno is being paid by whoever runs Periscope for how he always works in a way to shill Periscope to people, no matter what he's talking about.",safe,hateful,2.3428900241851807,4847,102.828125,0.2986267
"What else come on on mondays im not finna watch that trash, ive destroyed enuf brain cells.",hateful,hateful,2.3901867866516113,4847,102.828125,0.3469352
#hotweather who needs it burners are going in   ,safe,hateful,2.4135425090789795,4847,102.828125,0.367911
@USER BETO is for GUN control!!! In TEXAS that don’t hunt. He is a liberal just like Picante sauce from New Jersey😜   REMEMBER the ALAMO!  Keep Texas Red 🇺🇸,hateful,hateful,2.334378719329834,4847,102.828125,0.3139668
@USER How about corrupt PR government officials.,safe,hateful,2.4040160179138184,4847,102.828125,0.3479759
"If we're going the regulation route we have to expect the Dems further down the road when they gain majorities will use those regulations to tear into Conservative voices, and we know what the end game will be.  Not saying it shouldn't be done.  Just saying we must be damn careful.",safe,hateful,2.4198801517486572,4847,102.83203125,0.3744801
Yeah like the FBI never killed anyone either right?,safe,hateful,2.307811975479126,4847,102.83203125,0.2651141
Goodlatte: Lisa Page 'apparently has something to hide'  ,safe,hateful,2.41324520111084,4847,102.83203125,0.358652
@USER This not not antifa....it's a bunch of cry babies in Toronto.,safe,hateful,2.414651870727539,4847,102.83203125,0.3594409
"If she was a dog, you'd take her to the vet.  Morning Kelly.",hateful,safe,2.2658050060272217,4847,102.83203125,0.2119573
@user @user @user I need you all to stay in the kitchen no preclosing whatsoever. ,hateful,hateful,2.2945103645324707,4847,102.83203125,0.2490724
 @user what is it going to take for america to ban guns?   #guns #stupidlogic,safe,hateful,2.3689043521881104,4847,102.83203125,0.3147646
@user How? Because they’ve been brainwashed by Obama and the media and they’re full of hate for conservatives. ,hateful,hateful,2.3919591903686523,4847,102.83203125,0.3510736
"You aint no shit, you lil' stupid ass bitch. #TuitSiMikeFueraDelGhetto ",hateful,hateful,2.318899393081665,4847,102.83203125,0.2852997
@USER Fat ass.... heart attack city..... keep eating fat ass....,hateful,hateful,2.4014196395874023,4847,102.83203125,0.3422999
From @Shadygruve  ,safe,safe,2.409034013748169,4847,102.83203125,0.3842468
@USER The transparency of their acts furthers the myth that all women are victims. Some truly are but these crazed liberals wouldn’t know one if they saw one. In the end their hubris will hurt the real women that really need help.,hateful,hateful,2.3310670852661133,4847,102.83203125,0.3133368
"Exactly. Libertarianism is so pathetic, it's like controlled opposition for dummies.",hateful,hateful,2.406313419342041,4847,102.83203125,0.3598989
"Trump’s Lies Have Grown Far More Frequent—and More Dangerous – Mother Jones URL  Truth decay""... #maga. We're doomed.""",hateful,hateful,2.416816234588623,4847,102.83203125,0.3899617
@user @user Mueller was told he either would co-operate or go to prison for life or be executed...it is all coming out. #MAGA #DrainTheDeepState #ConfirmKavanaugh #TraitorsAll ,hateful,hateful,2.3661999702453613,4847,102.83203125,0.3097675
Niggers always act like feral animals. ,hateful,hateful,2.3776419162750244,4847,102.83203125,0.3387166
@user @user The hell with the liberals. Move them all to California and build a wall on the east border ,hateful,hateful,2.411797523498535,4847,102.83203125,0.3527149
@user The  tweets show how demented liberals have become.  They have zero credibility ,hateful,hateful,2.319356679916382,4847,102.83203125,0.2738666
Headed to Atlanta to fuck me a panda... Panda panda panda 🙃 ,safe,hateful,2.387589931488037,4847,102.83203125,0.3551972
 @user we'll be giving live updates and photos from on board #cavatina during @user 2016! please ! #   #roâ¦,safe,safe,2.411278009414673,4847,102.83203125,0.3683768
"@NeonRevolt hi, are you doing an update today?",safe,safe,2.26342511177063,4847,102.8515625,0.207902
Check out Moe Hendrxx's video! #TikTok #mikereese STOP LYING ON PEOPLE!! 🤣🤣😂😂😂😂😂😂😂😂#BidenHarris2020 #TrumpLies  https://t.co/1hWBcLtz2H,safe,hateful,2.3148157596588135,4847,102.85546875,0.2642608
 @user black walnut 3d wooden picture #horsehour #woodcutwednesday #wooden #giftideas #horse #mythos #craftshout   ,safe,safe,2.350623607635498,4847,102.85546875,0.2938268
@USER He spelled Big Dick wrong.,hateful,hateful,2.360250949859619,4847,102.85546875,0.3176296
"good god, why?!   ð³ ",safe,hateful,2.3155646324157715,4847,102.85546875,0.2671591
What we heard from @POTUS @realDonaldTrump was answers to the questions🇺🇸[NEWLINE][NEWLINE]You #CreepyJoe still can’t answer a question #Debate2020‼️[NEWLINE][NEWLINE]Folks we need #FourMoreYears or we risk losing everything to @JoeBiden and #SocialistElite @DNC‼️[NEWLINE][NEWLINE]#TrumpPence2020[NEWLINE]#KAG2020LandslideVictory https://t.co/E16Pzh4KUq,hateful,hateful,2.443176507949829,4847,102.85546875,0.4019388
@Tinkerpusscat @Libertatemsuperomnia @ironwand @Birdy @UpNORTHandGRIM @A_Grey,safe,hateful,2.379056215286255,4847,102.85546875,0.3469277
@USER @USER Calling conservatives hillbillies...hmmm that’s original. Funny how many “poor hillbillies” you tweet about have incomes and IQ’s 4 times higher than you. Your humour sucks btw.,hateful,hateful,2.347864866256714,4847,102.85546875,0.3045845
"But the sad thing is that worthless, traitorous scumbags like these (including that malignant cunt Hillary Clinton), will get away with it; even with the irrefutable evidence. ",hateful,hateful,2.3822431564331055,4847,102.85546875,0.3405548
when someone with 9.3 followers steals your idea... emailed @user on february 1 asking for his ks suppo.   ,safe,hateful,2.391873359680176,4847,102.85546875,0.3449525
@USER @USER Sorry but antifascists and left leaning people need guns for defence unlike what some liberal pundits are propagating with their gun abolition rhetoric. I used to support gun control but I don’t trust leaving the state to have even more power over the majority worker class. Also,safe,hateful,2.3553335666656494,4847,102.85546875,0.3121905
@USER is advocating for conduct within bounds of Human Rights but can the terrorists can be categorized as Human? They kill people mostly innocent just like berserk wild beasts. Even wild beasts kill only when hungry. So I feel that the Indian Army who are doing greatly. URL,hateful,hateful,2.385936975479126,4847,102.85546875,0.3520133
Charged? In Canada? Muslims? We all have dreams. But please stand back because I have to do this. WE WILL PAY THE FAMILY MILLIONS! THAT FUCKING MORON TRUDEAU NAMED THE CHILD IN PUBLIC! They will sue and win because he exposed her to potential harm. I now know why people cut themselves.,hateful,hateful,2.4016499519348145,4847,102.85546875,0.351372
@user @user @user Yeah @user probably views groups like Antifa and EFF as moderates. People who are against farm murders are labeled just as extreme as people singing songs about actually killing those farmers. Crazy times we live in. @user ,hateful,hateful,2.329007863998413,4847,102.85546875,0.2867894
"@user couldn't get us to manchester on time, left entire flight waiting over an hour for bags #nocustomerservicerep  ",safe,hateful,2.3655269145965576,4847,102.85546875,0.3186783
Bitch whore son of bitch shit pig dinosaur elephant rhino monkey dog. ,hateful,hateful,2.383989095687866,4847,102.85546875,0.3444909
"wow, @user thanks for the follow. #thrilled #inawe  ",safe,safe,2.3143274784088135,4847,102.85546875,0.2714862
"With little or no access to education, #Rohingya children are at risk of becoming a ""lost generation."" Access to education is a critical issue for all #refugee populations. (@irinnews) ",hateful,safe,2.35713791847229,4847,102.859375,0.3122353
@user Poll: Less Than 30 Percent of Americans Want to Give Amnesty to #DACA Illegal Aliens #BanBusinessLobby #BanCheapSlaveLabor #NoH1Bvisa #NoH2Bvisa -> #HireAMERICAN202-224-3121 #NoDACA#NoAMNESTY#NoSANCTUARY!!!#DeportThemALL ,hateful,hateful,2.461792469024658,4847,102.859375,0.4226742
"#Whites are becoming more acutely aware of the United Nations’ #ReplacementMigration agenda for #WhitePeople across the West, and we vehemently reject #WhiteGenocide.",safe,hateful,2.323413848876953,4847,102.859375,0.2751575
some public punishment may in order to straighten these (home grown) terrorist out.   #orlandoshooting,safe,hateful,2.376856803894043,4847,102.859375,0.3312655
Star Wars ended in ‘83. Mr. Plinkett agrees. https://youtu.be/f83D18xL7VE,safe,safe,2.375868320465088,4847,102.859375,0.3386561
This Open Letter From Detained Immigrant Parents To The American People Is Soul-Crushing ,hateful,hateful,2.321755886077881,4847,102.859375,0.2855399
today wasn't like every day that's for sure.   #feelingood ð,safe,safe,2.401815176010132,4847,102.859375,0.3628543
"the link to VDH may be the best part, he's great. It has good info. ",safe,safe,2.4009759426116943,4847,102.859375,0.3606507
Omar's ex is the biggest cunt ass bitch I have ever heard of if this annoying ass washed up art ho don't STFU actin like she somebody ~sigh~ ,hateful,hateful,2.3458073139190674,4847,102.86328125,0.2993066
@user @user Omg!!! A good guy is now evil!!!! Same thing happening is America!!! The Globalist world leaders with all their money would have us believe what is evil is good and what is good is evil!! I’ve read that in the good book!!  For the end time!!!! ,hateful,hateful,2.402261257171631,4847,102.8671875,0.3548542
@USER Playing dirty is the only way liberals can win at this point.  They are shameless.,hateful,hateful,2.353250026702881,4847,102.8671875,0.3208931
@USER Over the next DECADE ? Can’t she pretend the housing lobby is the DUP    and give them a billion every year ? #conservatives,safe,hateful,2.3501029014587402,4847,102.8671875,0.3013356
@user WTH ??? What happened to gun control ??? ,safe,hateful,2.3841376304626465,4847,102.8671875,0.3359336
@USER Because to liberals being a white mail is disqualifying. It’s attempt to muzzle gop on SJC. Graham (allegedly a gay white male) should take point if he has it in him. Might save him a primary figjt,safe,hateful,2.410926580429077,4847,102.8671875,0.3644312
Lost - but happy ! Merkel co. has not realized who the reality really is. Poor Germany which want go on to love refugees. ,hateful,hateful,2.327554702758789,4847,102.8671875,0.2839062
@user It is always same-trash Trump &amp; conservatives.  I have stopped watching American TV &amp; going to movies.  I have discovered wonderful foreign television shows albeit many subtitled that are now my favorites &amp; there is always good old-fashioned reading &amp; music &amp; creative endeavors. ,hateful,safe,2.370635986328125,4847,102.875,0.3378641
Darlington Rape Verdict: Attacker with hatred of women who described England as a 'bitch country' ,hateful,hateful,2.4006059169769287,4847,102.87890625,0.3650173
@USER @USER @USER Every day her IQ gets lower and lower more wanna be nazi Barbie is going to be a pile of maga goo on the bottom of the set soon enough .,hateful,hateful,2.338815450668335,4847,102.87890625,0.3027245
"watch first season of scream, on netflix!!!  ",safe,safe,2.3751118183135986,4847,102.87890625,0.3361867
@USER @USER I'm talking about someone from a historical background and heritage of Guns. She a Roman catholic... They are generally all for gun control. You do your research sir.,hateful,hateful,2.399662494659424,4847,102.87890625,0.3760719
@USER @USER One mans evening is another's morning depending where you are XD  It's just about 8:30 in the morning here.,safe,safe,2.2881202697753906,4847,102.87890625,0.2329975
Me: h- Lana Del Dey: I’m a dragon you’re a whore bitch ,hateful,hateful,2.271908760070801,4847,102.87890625,0.2560798
well another glorious summers day in #scotland   ,safe,safe,2.352999448776245,4847,102.87890625,0.3102645
@NeonRevolt      Getting yanked around like a bad dog on a leash here> re: RR> reading between the lines? This a info/news ploy preceding something larger? DJT pull a white hat flip here? The RR vacillation frustratingly continues. ,safe,hateful,2.4116451740264893,4847,102.87890625,0.3780416
@TaishaT10343908 Could be worse. He could’ve made a career out of locking up minorities like ol’ Sleepy Joe and cackling Kamala..... 🤷‍♂️,hateful,hateful,2.327845335006714,4847,102.87890625,0.2868591
"The 8 immigrant boys who were molested while in US custody, was by man who is HIV positive! Let that sink in! #ApathyKills 😠 — looking for Compassion ",hateful,hateful,2.3806633949279785,4847,102.87890625,0.3481708
"Look at his eyes, crackhead for sure!",safe,hateful,2.3878767490386963,4847,102.87890625,0.3467933
@user @user @user Could somebody tell those paid assholes that keep interrupting the confirmation hearings TO SHUT THE FUCK UP! ,hateful,hateful,2.337336778640747,4847,102.87890625,0.2990691
@user @user what is it about #guardian that they must employ #suspectlabels against anything they don't like or understand?  ,safe,hateful,2.3945705890655518,4847,102.87890625,0.3628793
How long before one of these actors who are constantly threatening our President and his entire family pull a John Wilkes Booth (Actor) on him? Trump does too many public events where famous people are at. It's not out of the question that one of these mentally ill cocksuckers may take an opportunity to become infamous because they believe in their cause.,safe,hateful,2.4299421310424805,4847,102.87890625,0.3898887
Spring ,safe,safe,2.3404414653778076,4847,102.87890625,0.288619
"Then what in the fuck-all is in your job descrip, snowflake? ",hateful,hateful,2.3714699745178223,4847,102.87890625,0.3315437
@USER Yeah. Gun Control Act of 1968 also uses a lot of innuendoes for black people and ghettos in its text.,hateful,hateful,2.395962953567505,4847,102.87890625,0.3739191
"@USER @USER @USER @USER @USER @USER @USER @USER @USER @USER @USER @USER @USER @USER @USER @USER @USER @USER @USER @USER @USER @USER @USER @USER @USER @USER @USER @USER @USER @USER @USER @USER @USER @USER @USER @USER @USER @USER @USER @USER @USER @USER @USER @USER @USER @USER @USER @USER @USER They get testy and decide you're a paid shill"" a lot, if you end up hanging around QAnon you'll get used to it.""",hateful,hateful,2.39894962310791,4847,102.87890625,0.3626552
Trump and Shizo   Make the world SAVAGE,safe,hateful,2.3440821170806885,4847,102.87890625,0.2954768
"The Democrats invented #Racism and they perpetuate it by supporting human traffickers, child traffickers, drug traffickers, importing gangs, importing terrorist cells by supporting open borders#IllegalAliens#OldMenWithPens#KAG#VoteRed2018#RedWaveRising2018#WalkAway ",safe,hateful,2.4097390174865723,4847,102.87890625,0.3927021
"OK Iowa, third-down conversions and long scoring drives are *fine* but please get back to punting, thank you https://kek.gg/u/h66W",safe,hateful,2.337256669998169,4847,102.87890625,0.2855861
"your very welcome , hope the stories I post help .",safe,safe,2.3101015090942383,4847,102.87890625,0.2704551
@USER @USER Thats correct!!! #MAGA,hateful,hateful,2.4515175819396973,4847,102.87890625,0.398024
@USER A better decision by the students would be to go to a community college at a fraction of the cost and actually learn something worthwhile.... over priced courses like this are an absolute waste of money...how many articles have been written lately on amount of student debt?,safe,hateful,2.357221841812134,4847,102.87890625,0.314939
Bitch people in petsmart are looking at me like I’m a crack whore ,safe,hateful,2.3743741512298584,4847,102.87890625,0.333439
@user Where were these morons when the Groper Trudeau and his lying Liberals stomped all over our Charter with their Values Test? Where was Holt Renfrew’s favourite shopper Horwath? Premier Ford is trying to save taxpayers money! Maybe that’s what bugs Horwath?? ,hateful,hateful,2.416261672973633,4847,102.87890625,0.3717684
#Newsnight is an instrument of Perfidious Albion.,safe,hateful,2.3149333000183105,4847,102.87890625,0.2717414
Forget assam or any state if someone doesn't know his family's predecessors name &amp; roots of his dynasty &amp; give liberty to misspell &amp; play around with his forefathers name should dig his head in mud with shame before preaching on unlawful activities of illegal immigrants ,hateful,hateful,2.403589963912964,4847,102.87890625,0.3603436
"@USER endorses felons"" ah yes and who are felons most likely to be???? this shit reminds of when bernie said Chicago was ""different"" to Vermont in regards to what gun control was needed.""",hateful,hateful,2.4127376079559326,4847,102.87890625,0.3593581
happy chappy #daysoutwiththekids #myboys #annaswelshzoo   bihday #bihdaycelebrations ,safe,safe,2.258613109588623,4847,102.88671875,0.2328663
"I hate a "" you need to eat healthy "" Ass Bitch like hoe I'm tryna die early leave me alone. ",safe,hateful,2.293952226638794,4847,102.88671875,0.2546083
RT @Goons_TXT: Only retards and dads roll Lawful Good.,hateful,hateful,2.3547682762145996,4847,102.88671875,0.3151967
FU #Emmys hosts for insinuating my vote was wrong or illogical. I voted for Trump cuz I'm tired of the typical political nonsense #TheSwamp. Just cuz you don't agree with my vote doesn't mean that it doesn't count. #political #colinjost #MichaelChe #MAGA ,safe,hateful,2.4128212928771973,4847,102.88671875,0.3617569
good morning nt and   wednesday to you!,safe,safe,2.2578020095825195,4847,102.88671875,0.2023072
@USER You must be part of the new Nazi Party called Antifa,safe,hateful,2.4224352836608887,4847,102.88671875,0.3656618
@user @user Illinois strict ass gun control let's only the thugs and gang bangers have the guns which means a lot more violence ,hateful,hateful,2.4391112327575684,4847,102.88671875,0.3916397
"Since the NRA gets blamed if a psycho shoots someone in a school, shouldn't we be seeing a blue wave of credits for the NRA, for the quick action of a well trained man with a gun that saved lives? ",safe,hateful,2.3570988178253174,4847,102.88671875,0.3136973
@USER @USER Yes he is.,safe,hateful,2.3848769664764404,4847,102.88671875,0.3326456
Blame the Illegal Border Crossing Parents they put their kids in Danger sending them with Criminal Coyotes or Crossing the Border Illegally  with them #Trump #MAGA #WakeUpAmerica  #RedNationRising #Immigration ,hateful,hateful,2.410203695297241,4847,102.88671875,0.3600437
@USER @USER And yet millions of permit holding people carried legally concealed firearms that same day and didn’t hurt themselves or anyone else.   But yet they want to have stronger gun control.   Idiots!  🤨  Our wonderful media has to hype incidents that fits their agenda.,hateful,hateful,2.349804401397705,4847,102.88671875,0.3003228
Heh Heh... https://twitter.com/CASenatorJim/status/1035259034...,safe,hateful,2.3828201293945312,4847,102.88671875,0.3340863
@USER She says no. You are now sad. She then realizes what you might actually mean. She slaps you. She says no. Now you are sad AND your face hurts.,hateful,hateful,2.414498805999756,4847,102.88671875,0.3665964
"Looking for any sane people on Gab who aren't white supremacists, Nazis, general anti-Jew pieces of shit, etc. People who believe #Pizzagate was real need not apply. Also if you think pesticides made frogs gay, you didn't actually read the study (*cough*AlexJones*cough*). Oh, and don't even bother if all you post is doctored photos and memes. Thanks!",safe,hateful,2.3659653663635254,4847,102.88671875,0.3275369
I just read this on Voat: 'I've learned more from internet argument fuelled research than I ever did in school'. I can't say I'm to that level. Yet. But I can see myself saying that one day.,safe,hateful,2.3831262588500977,4847,102.88671875,0.3411291
"@user is like a battered woman: ""i love him, i don't expect u 2 understand, u don't have to approve"".   ",safe,hateful,2.3735485076904297,4847,102.88671875,0.3341545
 â #eur/gbp subdued trading action around 0.7930   #blog #silver #gold #forex,safe,safe,2.338627576828003,4847,102.88671875,0.2961122
Illegal Alien (Who Obama Released) Sexually Assaulted 14-Year-Old Girl In New York via @user #NoDACADeal #BuildTheWall #KeepAmericaSafeWhy is he still here?#DeportThemAll #ProtectOurChildren ,hateful,hateful,2.41180682182312,4847,102.88671875,0.3583975
i hate halloween and i find it worldly and demonic. but you'd think they'd freak out about cultural appropriation of GHOSTS at least .... kinda surprising. Like ghosts want people imitating them?! how offensive etc.... ,safe,hateful,2.4066855907440186,4847,102.88671875,0.3583723
  about staing #college! need a lil #help with #funding! help by clicking here:  ,safe,safe,2.2808992862701416,4847,102.88671875,0.2250186
@USER what is this? We don’t want your $2 tacos we want fucking gun control. Are you seriously trying to capitalize off this tragedy? URL,hateful,hateful,2.4321556091308594,4847,102.88671875,0.3852234
don't you want to come see this? it is amazing!  #goodlife #teach   #china ,safe,safe,2.4200284481048584,4847,102.88671875,0.3896904
#school #collage #life#summer#family#love#peace#friends#pay #out#outdoors# ,safe,safe,2.2644875049591064,4847,102.89453125,0.2248326
Best rider? That goes to a blaxican.,safe,hateful,2.2901599407196045,4847,102.89453125,0.2422099
"Good for you taking your children out of the communist school indoctrination system! That was a wise decision. Our oldest went 2public school bcuz they were still safe, however 10yrs later with the youngest in the late 80's/early 90's we ended up putting the youngest thru private Christian school. It was the BEST DECISION EVER!",safe,hateful,2.3895843029022217,4847,102.89453125,0.3455262
#MAGA2020 Trump can't win if you don't believe years of partisan lies. https://t.co/BnLvkQJiJj,safe,hateful,2.371635675430298,4847,102.89453125,0.3232946
"Naked breakfast reading about the left seeking comfort from it's mouthpieces in the entertainment business.  The arguments from them have been reduced to 'Oh YEAAAH?, 'but he's so...icky', Oh REAlllly?, and various caty girl smears.Almost funny.Almost.",safe,hateful,2.312441825866699,4847,102.89453125,0.2928162
@USER @USER Don’t usually do Twitter”conversations”but my point was Dana may be kind of woman who doesn’t want to help other woman;wants to be THE prima donna &amp; so doesn’t care about developing next-gen girls.She is against gun control &amp; isn’t bothered by school shootings-must not like kids,hateful,hateful,2.293358564376831,4847,102.89453125,0.2715841
"nigger, 3/4 of NBA players are black ",hateful,hateful,2.3355350494384766,4847,102.89453125,0.2941108
@user Americans need to realize they rape and kill easily because of their environment. We absolutely have to close our Borders until proper vetting is implemented. ,hateful,hateful,2.380582809448242,4847,102.89453125,0.3599106
mfs never listen to why you feel how you feel but quick to blame you for it bitch you dont even know wtf was wrong jus stfu dumb ass hoe ,hateful,hateful,2.2856597900390625,4847,102.89453125,0.2633979
@user @user @user Now what are you ?? A Liberal ?? Intellectual ?? You are nothing but a Bigot. Shamelessness at its peak. ,hateful,hateful,2.3108248710632324,4847,102.89453125,0.2832385
50 Cal,safe,hateful,2.38360595703125,4847,102.89453125,0.3275084
@USER @USER We loved hearing Laura speak in Duluth! She is truly a strong supporter of our beloved President...we need to flip MN RED!!!!,safe,hateful,2.376368761062622,4847,102.89453125,0.3176305
 @user saw a dead kitten and cracked my phone within the same ten minutes  ,safe,hateful,2.3446834087371826,4847,102.89453125,0.3102157
. she. is the most powerful woman on this earth oh my fucking god URL,hateful,hateful,2.3993098735809326,4847,102.89453125,0.3547645
@USER @USER Forget Michael he is a coward.,hateful,hateful,2.4140937328338623,4847,102.89453125,0.3540595
@KamalaHarris Definitely in my thoughts.  #BidenHarris2020,safe,safe,2.308345317840576,4847,102.90625,0.2774796
'#urdu poetry #beutiful #poetry   poetry  #2 lines poetry  #eid poetry #tanhai poetry - - follow @user + follow @user,safe,safe,2.42651104927063,4847,102.90625,0.3697492
We are living in dangerous times. Losing our identity while the #IllegalAliens steal them. They steal our jobs. #BuildThatWall #stopillegals #saveourjobs #MAGA #DrainTheDeepState #AmericaFirst #AmericansFirst ,hateful,hateful,2.425978422164917,4847,102.90625,0.3775981
@user The monuments that will be torn down in the next 10 years?  Much to the consternation of we conservatives ,hateful,hateful,2.3258581161499023,4847,102.90625,0.2811832
"HAHAHAHA! Using Bonehill's bullshit as a source shows just how detached from reality Goggins is, why his doxing attempts are always wrong, and why his attempts to become a ""journalist"" are laughable.",hateful,hateful,2.4015583992004395,4847,102.90625,0.3830302
Bitch tf you tweeting and favoriting shit for ? You know ion fwy so CUT THE LAUGHS it ain't even about you hoe ,safe,hateful,2.3784232139587402,4847,102.90625,0.339046
@user @user He is with her. Trust that Jesus has her in the Palm of His Hand. #JesusITrustInYou Bless you! ,safe,safe,2.268453598022461,4847,102.90625,0.2253394
"@user The democrats are becoming more despicable by the day! There is no bottom to their vitriol and lies"""" barrel.  Why liberals go along with this makes no sense."""" ",hateful,hateful,2.3125343322753906,4847,102.90625,0.2712178
@user @user what is this shit right over here? I also showed to my polish friends and they are quite triggered ,hateful,hateful,2.362692356109619,4847,102.91015625,0.3152902
claude-presbyterian-church-there-are-some-questions-that-cant-be- answered ,safe,hateful,2.3978822231292725,4847,102.91015625,0.3604278
@user He is the eggman. ,safe,safe,2.2507920265197754,4847,102.91015625,0.20573
"No one gives less fucks than the guy that comments 'check your DM, ma' on bitches posts ",hateful,hateful,2.303013563156128,4847,102.91015625,0.2678975
@user Honestly  The fact he hasn't any legislative power coupled with the fact he is a skilled diplomat sways the balance for me.  Besides the varadkar government pushes that kinda shit anyway president or not. ,hateful,hateful,2.373962640762329,4847,102.91015625,0.3302411
"@user Hoe stop fucking lying cause i had her phone for months and its been dead till now bitch& u thought u was being disrespectful 2 my kid,it was meWHERE DA FUCK U AT? she like bitch u acting crazy..dis aint no act bitch.. talk that shit but im gonna ",hateful,hateful,2.388824701309204,4847,102.91015625,0.3368917
@user @user @user @user @user So your in favor of gun control because that’s what Switzerland has? Am I correct in saying that? ,hateful,hateful,2.3485641479492188,4847,102.91015625,0.2901998
'Phishing URLs' Nope,safe,safe,2.3978171348571777,4847,102.91015625,0.3379531
Dozens of African migrants storm Spanish holiday beach popular with Brits stunning naked bathers. ,hateful,hateful,2.405341386795044,4847,102.91015625,0.3630569
@user You turn a dull Tuesday night into a super sexy one! So hot! 🔥🔥🔥 ,hateful,safe,2.2690603733062744,4847,102.91015625,0.2201082
The #teabagger #freemarket really doing wonders in #Bangladesh these last couple of days. #tcot #p2 #teaparty #randpaul,safe,safe,2.27709698677063,4847,102.91015625,0.222088
Cool. That might cause some people to have dirty underwear.,safe,hateful,2.3761978149414062,4847,102.91015625,0.3288959
@user Because Obama has zero accomplishments. He is the worst President r leader of any country hands down. It shows the liberal lunacy when they worship a total loser. They don't know what they want..no party goals. nothing except complain about TRUMPS accomplishments. Fu*k liberals. ,hateful,hateful,2.426323175430298,4847,102.91015625,0.371777
"@user Oh she tried you , tell that bitch you wear jeans hoe 😼 ",hateful,hateful,2.324974536895752,4847,102.91015625,0.2700166
@USER @USER I’m glad you do babe (I kiss you back) now let’s get going you are coming tomorrow to the final right babe,safe,safe,2.337681293487549,4847,102.91015625,0.2920199
"To fight loneliness, Irish pensioners are teaching English to migrants ",safe,safe,2.4518282413482666,4847,102.91015625,0.400084
"@user @user ð a wedding mention, s'mores pie, a wedding, a pretty awesome game of charades, a cleanð, wedding. a gr8 show!  ",safe,safe,2.2936363220214844,4847,102.91015625,0.2543538
"@rabiasquared But God (and voters) willing, Trump won’t be! Maybe the Taliban can take him and his crime family in when they’re evicted from the White House...",hateful,hateful,2.4339051246643066,4847,102.91015625,0.3778696
@EverybodyHatesV I read a black man tweet hot sauce is trash &amp; watermelon is overrated. I can't deal,hateful,hateful,2.404261827468872,4847,102.91015625,0.3687998
ð #love #instagood #photooftheday @user #tbt #cute #me #beautiful #followme   #follow,safe,safe,2.343667507171631,4847,102.91015625,0.2865041
@user you've seen the reports and you might know more than me but have a look at how many businesses have closed down since the coalition of the @user @user and you talk of training people for business. ,safe,hateful,2.3958568572998047,4847,102.91015625,0.3552085
@user You are an individual of excellent taste. ,safe,safe,2.372384786605835,4847,102.91015625,0.3248764
"Any honest Jewish person should be able to admit the truth, if they're honest.  Anywhere across time and space in the Western world their people have gained a majority of power has rapidly descended into chaos and turned into a shithole country.  Again, any honest Jewish person should at least admit that truth.",hateful,hateful,2.3703181743621826,4847,102.91015625,0.3285945
"No one is asking for apologies.   This person didn't question the deaths of 3,000 people. They questioned the official story and you labeled them hateful.  While being the only hateful person...",safe,hateful,2.399475574493408,4847,102.91796875,0.3500806
"#1dspecials, biserjamesss726, therealflatfoot #f4f rss:  biserjamesss726, therealflatfoot ",safe,hateful,2.4006028175354004,4847,102.921875,0.3507678
@USER Dam white slave owners,hateful,hateful,2.3132662773132324,4847,102.921875,0.2635975
@user @user @user @user @user Except the 'consumers' (people) don't want the NHS privatised; they want it in public hands because it's an essential public service and not a capitalist market.  Do you think everyone in this country is stupid? ,hateful,hateful,2.402634620666504,4847,102.921875,0.3589953
@user @user Absolute skank you are ,hateful,hateful,2.3993709087371826,4847,102.921875,0.3569811
ugh i'm trying to enjoy my happy hour drink &amp; there is talks of politics in the bar can we guess what they are discussing ugh!!   hour,safe,hateful,2.3469974994659424,4847,102.921875,0.3026712
@USER The lies i keep hearing everyday sigh *INHALES* IM TIRED OF YOU PUTTING YOURSELF DOWN AND IF PPL DONT SEE HOW BEAUTIFUL MY BESTFRIEND IS THEN ITS THEIR PROBLEM You are beautiful ive seen iT so its my place to tell you you are beautiful and i accept nothing less. If not more 😤,hateful,safe,2.385774612426758,4847,102.921875,0.3483173
  men's day to all men,safe,safe,2.38297963142395,4847,102.92578125,0.3417724
@USER @USER It sounds like you are describing the trumps,safe,hateful,2.323173999786377,4847,102.92578125,0.2692266
@user @user @user So ist es! #TheDeepState #Jesuiten #Cabal #satanists #NWO #KalergiPlan ~ #KalergiPreis #WhiteGenocide #COMMUNISM #Antifa #AlbertPike1871 ‼️ #DrainTheSwamp #LockThemAllUp #Guantanamo #EXPROPRIATE #QAnon 🐇🕳️ @user @user @user #POTUS45 #Trump2020 ,safe,hateful,2.446115255355835,4847,102.92578125,0.3888767
it's time to ðð #funny   ð®ððð¡ð¡,safe,safe,2.3714191913604736,4847,102.92578125,0.3191673
@USER @USER @USER @USER @USER What's the difference between these two extreme right-wing Conservatives? Hint: Only one of them is acting being a B'Stard. URL,safe,hateful,2.3544373512268066,4847,102.92578125,0.3178325
@USER That’s really insulting because there are a lot of Latinos like me and there are a lot black conservatives who believe in God. We are not crackheads nor are we uneducated. These celebrities are garbage who know only how to read from a script that’s all.,hateful,hateful,2.406064510345459,4847,102.92578125,0.3500927
Fuck you Mrs may you cunt had enough of your weasel face just find a hole and die in it please. ,safe,hateful,2.3847925662994385,4847,102.92578125,0.3400454
"This is the kind of racist POS that makes me wanna jump through the TV, and ....  http://insider.foxnews.com/2018/06/13/ms-13-gang-reportedly-terrorizing-maryland-school-tucker-carlson-clashes-ex-dnc-official",safe,hateful,2.363645553588867,4847,102.92578125,0.3071291
"🔊(Sound on) Why is this #Bernie voter, voting for #Biden?[NEWLINE][NEWLINE]Have you requested your ballot? Do it now. Deadlines are approaching!https://t.co/83LXiK8hjZ.[NEWLINE][NEWLINE]#bidenharris2020 #votefromabroad  #novemberisnow #expatlife #absenteeballot #progressive #berniesanders #greennewdeal #scotus https://t.co/ta4pKF6pJz",safe,safe,2.3934431076049805,4847,102.92578125,0.3479649
How long after the redskins change their nsme will all memorabilia w/redskind name be deemef racist and therefore illegal? Any thoughts?,safe,hateful,2.3738555908203125,4847,102.92578125,0.3337
"@realDonaldTrump Nowtell your supporters to wear a 😷.  Hopefully will keep people out of the hospital altogether. Also stop bashing researchers and doctors. Because of the research being done on the virus, you are getting the necessary treatment. #ScienceMatters #TrumpHasCovid #BidenHarris2020",safe,hateful,2.369183301925659,4847,102.92578125,0.3234169
@user @user gfy ...the NFL should get no protection from the police...and no support from our military...the league will slowly die on this road of shame!!! ,hateful,hateful,2.3776893615722656,4847,102.92578125,0.3528629
@user Sexy ,safe,hateful,2.4118638038635254,4847,102.92578125,0.3521606
"As Election Day nears, the greater his need for a war. He’ll do everything possible to take our minds off of voting. [NEWLINE][NEWLINE]However, the mail in votes will heavily favor a Biden win. [NEWLINE][NEWLINE]There is no way tRump can legally win this election. His crime family &amp; ProudBoys is all he has. https://t.co/P3KM4DhBfJ",hateful,hateful,2.366952896118164,4847,102.92578125,0.3306373
"After yesterday black refugees stop police, today at 5.30 in Germany the refugeehome was entered and many blacks went to jail. ",hateful,hateful,2.3787267208099365,4847,102.92578125,0.3328401
@user Rape a pregnant bitch n tell my friends I had a 3sum ,hateful,hateful,2.4061572551727295,4847,102.92578125,0.3448574
"@user Delhi being reduced to big slum.Unchecked influx of Muslim illegal migrants.Pl checkNZM,Okhla&amp;illegal colonies onYamuna Bank ",hateful,hateful,2.3530681133270264,4847,102.92578125,0.2967161
"The same with Search: in my timeline, but not in its own separate timeline for everyone.",safe,safe,2.392350912094116,4847,102.92578125,0.3564664
🔹NEW Q🔹  05/16/18 11:49 AM Q !4pRcUA0lBE  >>1432956 Those with an agenda to silence will fail. Pain coming. Q,safe,hateful,2.4249889850616455,4847,102.92578125,0.378764
Sunrise at Badwater Canyon Dam.  #z1 #h1z1 #justsurvive #daybreak #earlyaccess #alpha #zombie #apocalypse #survival #pcgaming #gaming #mmo #developers #artdesign #graphicdesign ,safe,hateful,2.3444325923919678,4847,102.92578125,0.2989284
@USER Get back on your peanut farm old man,hateful,hateful,2.3749489784240723,4847,102.92578125,0.3279562
@USER my world of warcraft character is named Limn,safe,safe,2.4120280742645264,4847,102.92578125,0.3611715
first half done now the real half begins....   on the #pileupriddim video shoot @ atlantaâ¦ ,safe,safe,2.2376744747161865,4847,102.92578125,0.2140456
"@user #allahsoil âwe the peopleâ originally meant âwe the white, landholding males.â      â¦â¦ ",hateful,hateful,2.3318493366241455,4847,102.9296875,0.2888035
"@KCCINews Thank you for putting country before party, understanding the potential dangerous consequences for ALL if Trump was re-elected, &amp; caring for ppl other than yourselves.",safe,hateful,2.369938373565674,4847,102.9296875,0.3358667
@USER @USER Awww 😥😥😥 CUPCAKES SUCK IT UP. SHE LOST😡😡😡😡 GET OVER IT 😡😡😡,hateful,hateful,2.397967576980591,4847,102.9296875,0.3423959
WTF is this?  Counselors at Camp WannaBeaFag?  Puked in my mouth a little from this... yuk!,hateful,hateful,2.3437864780426025,4847,102.9296875,0.2881315
"""@MaxMayo77: http://t.co/3Jk4kR44X3"" a pissed lad past out. I would lick his dirty soles while he slept.",hateful,hateful,2.3912856578826904,4847,102.9296875,0.357685
@USER  I think he could be called a turncoat  talking out of both sides of his fucking mouth  Lindsey Graham can no longer be trusted URL,hateful,hateful,2.3993473052978516,4847,102.9296875,0.3695521
New video coming soon to a youtube and bitchute near you,safe,hateful,2.311622142791748,4847,102.9296875,0.2699121
"@USER @USER @USER You guys. You seriously don't mean everyone right? There are good people here that don't like to bother with shit like that. Personally for me I want this shit to stop but our government apparently is to fucking stupid with gun control. Arm teachers with guns"" yes makes sense.""",hateful,hateful,2.4239068031311035,4847,102.9296875,0.3845199
"So far, over 400 people have decided to rally the support of their friends &amp; family to support refugees when they arrive in the U.S. Thank you!There is still plenty of time to join this campaign and help refugees rebuild their lives. Join here âž ",hateful,safe,2.3960349559783936,4847,102.9296875,0.3532014
so   to be featured on the #coverpage of the june issue of #jck right before the show!!â¦ ,safe,safe,2.2474498748779297,4847,102.9296875,0.2163386
when you buy your mum tickets to @user revival tour for her very first conce!! yay it's at @user too!!!   ðððâ¤ï¸ð,safe,safe,2.3128163814544678,4847,102.9296875,0.2632054
"""automatically shut down"" ""no radiation leak"" @user *posts a giant explosion pic*  your poor misled followers. #yourenothelping  ",safe,hateful,2.378093719482422,4847,102.9296875,0.3289385
#euros2016 stas today!!  ,safe,safe,2.379666566848755,4847,102.9296875,0.3368298
@USER @USER Steroid girl in steroid rage,hateful,hateful,2.31274676322937,4847,102.9296875,0.2657118
@USER Glad no one watches her!,safe,hateful,2.4026577472686768,4847,102.9296875,0.3551202
@user Useless stupid cunt furious ,hateful,hateful,2.442305326461792,4847,102.9296875,0.3984082
@USER Fuck a drug test,hateful,hateful,2.2871296405792236,4847,102.9296875,0.2569756
@USER How awesome!  Takes pictures!  She is such an icon and legend.  What a pioneer for women!  Enjoy it!,safe,safe,2.2653017044067383,4847,102.9296875,0.2233409
"Oh, stop!!! Tell all countries that the USA is NOT a refugee safe haven, they are illegal and do not belong here! Stay home, stay away!!! #MAGA #WakeUpAmerica #KAG #IllegalAliens #BuildThatWall #TrumpTrain #MAGA2018 #RedWaveRising ",hateful,hateful,2.3794445991516113,4847,102.9296875,0.3293381
@user But 10kg of an already shite allowance (coz EU workers are lame as fuck) is a proper piss take ,hateful,hateful,2.374652862548828,4847,102.9296875,0.3303818
missing something when did the EU meddle in countries legislate outwith its remit migrants from outside the Eu can have benefits  stopped ,safe,hateful,2.268832206726074,4847,102.9296875,0.251082
http://www.breitbart.com/big-government/2017/09/21...   #China #Debt #CreditRating,safe,hateful,2.3205080032348633,4847,102.9296875,0.2651581
When someone brings a screaming kid into a restaurant and acts like nothing is happening ,hateful,hateful,2.364379405975342,4847,102.9296875,0.3320987
@USER This whole thing has been a sham from the start!,hateful,hateful,2.411996841430664,4847,102.9296875,0.3672936
"Anyway Just wanted to offer you that free info like I always do here, it is  EXCELLENT, very scholarly Bible teaching and a. g r e a t  blessing to have, God bless and goodnight to you- ",safe,safe,2.3150203227996826,4847,102.9296875,0.2753837
@USER Can this guy get any lower?  One of the dumbest people in our country!  How did anyone in Arizona voted for this idiot?,hateful,hateful,2.4216744899749756,4847,102.9296875,0.3640256
Italy's new interior minister tells migrants 'Pack your bags!' as he orders mass deportation - Free Speech Time - @user ,hateful,hateful,2.405805826187134,4847,102.9296875,0.3610184
"@user @user Don't tell me this isn't a damn invasion! BUILD THE WALL NOW! Give the president the funding, immediately. Enough is enough! Do your jobs! Protect America!#BuildThatWall #BuildThatWallNow @user @user @user @user @user @user @user ",safe,hateful,2.3662526607513428,4847,102.9296875,0.3192555
Maybe Kurt was a little ahead of himself. Maybe he was Arkansized.,safe,hateful,2.374938726425171,4847,102.9296875,0.3330512
@user don't let the door hit you on your way out. sorry ass mofo.  #youdisgustme #kickrocks don't come back your white dumbass,hateful,hateful,2.407541275024414,4847,102.9296875,0.378377
@user you never were a slave. Spartacus was a slave and a heroic figure. You are neither. ,hateful,hateful,2.321239948272705,4847,102.9296875,0.2867591
Their salsa negro is awesome... @StacyMungo @Loriisright,hateful,safe,2.3875229358673096,4847,102.9296875,0.338106
"Iran President comments on nuclear deal, criticises Trump immigration ban ",hateful,hateful,2.405527353286743,4847,102.9296875,0.3652843
@kaitlancollins This pig is writing the legal briefs to make it happen. He has underestimated the American public. [NEWLINE][NEWLINE]#BidenHarris2020 #TrumpIsANationalDisgrace #BillBarrLies,hateful,hateful,2.3497564792633057,4847,102.9296875,0.3117572
"Max Mosely son of Fascist Leader Sir Oswald Mosely   Firstly, seems common practice to get knighted for being a Fascist in Britain  Second, he’s given an awful lot of funding to Tom Watson ",hateful,hateful,2.4025356769561768,4847,102.9296875,0.3563801
he be on snap lol ,safe,safe,2.3767218589782715,4847,102.9296875,0.3371705
@USER @USER @USER @USER @USER @USER @USER @USER @USER Army of god?????? You have no concept of who God is. You are army of hate,safe,hateful,2.3672635555267334,4847,102.9296875,0.3096717
Trey Gowdy Demolishes FBI Rat Peter Strzok At Live Congressional Hearing  https://animeright.news/ar14/trey-gowdy-demolishes-fbi-rat-peter-strzok-at-live-congressional-hearing/,safe,hateful,2.404543161392212,4847,102.93359375,0.3585942
@USER @USER I wonder if antifa will be rioting in the streets after they find out how corrupt the government is,hateful,hateful,2.405278444290161,4847,102.93359375,0.3532678
"Literally fucking retarded and this is why rounded them up is perfectly fine, especially since their goal is to kill us off. 'undocumented citizens' though holy shit.",hateful,hateful,2.323007583618164,4847,102.93359375,0.2947299
Liberal White women are garbage people - I hope they all meet Mollie Tibbetts' fate. Here's another one for the trash heap:http://archive.fo/8htSI,safe,hateful,2.415088415145874,4847,102.93359375,0.3831112
another  comment on social media!! idiot!!! ,hateful,hateful,2.4061360359191895,4847,102.93359375,0.3483831
it impossible to be  and hateful of someones skin color or social status or gender and believe in #god,hateful,hateful,2.3417091369628906,4847,102.93359375,0.2872911
you seem like the type to have a rape kink? — ummmm well ok bitch ,hateful,hateful,2.3890864849090576,4847,102.93359375,0.3315705
There's interesting insight to uncover and understand if you want to go down that rabbit hole. ,hateful,safe,2.4069626331329346,4847,102.93359375,0.361594
maybe it was too much to ask for him to not shatter my already broken hea..   and #lonely,safe,hateful,2.3312814235687256,4847,102.93359375,0.2865722
@user In other words #Mueller it’s not constipated In other words #Mueller has diarrhea? ,hateful,hateful,2.4072225093841553,4847,102.93359375,0.3598005
"' I'm a classy bitch. ' First of all, you are a tranny street whore who jerks off 19 y/o s off for money in Krishna Nagar during nights. ",hateful,hateful,2.4238076210021973,4847,102.93359375,0.3765831
@user No we wouldn't! #LiberalismIsAMentalDisorder #walkaway @user #Trump2020 #MAGA #AmericaFirst #RedRage #DrainTheSwamp #BuildTheWall #SendThemBack #BoycottHollywood #BoycottTheNFL #FakeNews ,safe,hateful,2.3676929473876953,4847,102.93359375,0.3158767
"Thank you, Narelle.  And, now, a Very Happy Tuesday to you, and all. ",safe,safe,2.374950885772705,4847,102.9375,0.3154021
@user @user how the fuck is puting raven with derrick and dan and dr. will saying she's a mastermind when she didn't do shit put bitch about being sick and being annoying and boring. take raven out and put tyler in. he is playing a great game even the  great player who won said he's good ,hateful,hateful,2.4272301197052,4847,102.9375,0.3734903
ALISA AND I AND ONE OTHER COOL GIRL JUST HAD TO FIGHT THIS NOT ALL MEN DICKHEAD I HOPE HEFUCKING DIES ,hateful,hateful,2.338823080062866,4847,102.9375,0.281136
@user Another Fraud Senator from the Left!!! ,hateful,hateful,2.390007734298706,4847,102.9375,0.3663728
the latest the maryland daily!  thanks to @user @user #chrismukkah ,hateful,hateful,2.423710823059082,4847,102.9375,0.3799885
@USER No reporting on the death threats faced by Kavanaugh or ANY conservatives huh?,safe,hateful,2.306351661682129,4847,102.9375,0.2724115
@Jazzshaw lasted longer than I did https://hotair.com/archives/2018/05/16/metamorphosis-morning-joe/ #morningjoe,safe,safe,2.343021869659424,4847,102.9375,0.3092839
What exactly is photography for a Trump supporter?  ,safe,hateful,2.3167035579681396,4847,102.9375,0.2806396
don't cry but smile #me #eye #like #pay #love #like4like #likeforlike #like4follow  ,safe,safe,2.337045669555664,4847,102.9375,0.2997577
@user Don’t trust this lying bitch let’s see if any of the other nude women in the lineup come forward she’ll do… ,hateful,hateful,2.311880350112915,4847,102.9375,0.26375
"lots of dc tv news this week! superman, citizen steel, wild dog, and now we get vigilante. keep the news coming!  ",safe,safe,2.3000504970550537,4847,102.94140625,0.269362
@user @user @user @user @user @user @user @user @user @user DNA testing? I thought that was the obvious answer. I wouldn’t even want to consider what the snowflakes would say if Border Protection detained or released  a child with a pedophile or child trafficker! ... but I take it Ed doesn’t care? ,hateful,hateful,2.3807287216186523,4847,102.94140625,0.3311336
@USER I think he WAS black. But thank God the police here behaved professionally. She is SCARY!,hateful,hateful,2.3624892234802246,4847,102.94140625,0.3045588
@user msg of #hope for #newyear: a business to end . #endof2016 #tedtalks #tedatibm @user  @user,hateful,safe,2.3310599327087402,4847,102.94140625,0.3008271
@user Fa Real Desperate Ass Hoe 😭 A Fat Bitch And A Real Skinny Bitch😭😭 How🤷🏾‍♀️😭😍 ,hateful,hateful,2.3994834423065186,4847,102.94140625,0.3696925
 i also direct and wrote this #shofilm #directors   #pharrell #musicblog #filmstudies #screenwriting #,safe,safe,2.414123773574829,4847,102.94140625,0.3657739
"Oh I do too, I'm watching all of his stuff now. His underhanded mocking of mainstream media is the ultimate.",safe,hateful,2.343341588973999,4847,102.94140625,0.2868859
@USER @USER But the liberals do,safe,hateful,2.379333734512329,4847,102.94140625,0.3487133
"Italy refusing to disembark 629 asylum seekers &amp; migrants on @user #Aquarius is just one part of successful strategy to slash the numbers reaching Italy's shores, mainly by empowering Libya's abusive coastguard to intercept boats ",safe,hateful,2.417792797088623,4847,102.94140625,0.3582989
@USER You voted to trigger Article 50. You are complicit.,hateful,hateful,2.330829381942749,4847,102.94140625,0.2772879
@user @user Really a sickening issue. Liberals are vicious!!! ,hateful,hateful,2.393734931945801,4847,102.94140625,0.3411807
@user @user @user ....Except not all Millennials are for Gun Control. ,hateful,hateful,2.409085750579834,4847,102.94140625,0.3535617
congratulation to #sammamish #littleleague champs in washington.way to go guys!!!  #baseball #congratulations   ,safe,safe,2.268097162246704,4847,102.94140625,0.2234163
@USER Bigly....lol.....bigly? He didnt won...he was elected by the people of the united states ahole...what he'll are you referring to? Antifa fools that get their asses kicked...vagina hats..lol pathetic ass,hateful,hateful,2.306772232055664,4847,102.94140625,0.2530841
@user @user Latino Conservatives=Self-Hating Freaks ,hateful,hateful,2.3534231185913086,4847,102.94140625,0.2949186
@user @user @user @user @user @user @user no u don't. did u not single out a race ? ,hateful,hateful,2.402212619781494,4847,102.94140625,0.3495515
"Turks, Lebanese and Kurds? ",safe,hateful,2.3121352195739746,4847,102.94140625,0.2661161
is it #good to #sleep when  ?  #good #sleep ,safe,safe,2.407496213912964,4847,102.94140625,0.3602973
@user she’s my bitch ,hateful,hateful,2.4263575077056885,4847,102.94140625,0.3878337
@idkconstancio I'm trash,hateful,safe,2.3238027095794678,4847,102.94140625,0.2632651
Stop totaling cars and get back to the kitchen #WomenSuck ,hateful,hateful,2.410550117492676,4847,102.94140625,0.358238
"@jaydafransen Thanks for the follow, Jayda!",safe,safe,2.415458917617798,4847,102.94140625,0.3607012
I Can't Fuck Wit You No More Ho And Im Sorry You A Disloyal Ass Bitch Ho You Sorry ,hateful,hateful,2.3317477703094482,4847,102.94140625,0.2878315
@USER Fools No respect,hateful,hateful,2.4032158851623535,4847,102.94140625,0.3521146
Mexican Nationals trafficking firearms in 2014-15-in fact they operated an entire organization.Grand jury indicted in 2015 wonder what took so long? Chalk it up to bad optics for an #ObamaRegime haunted by #FastAndFurious gun-running to Mexican drug cartels. #BuildThatWall ,hateful,hateful,2.4259819984436035,4847,102.94140625,0.3813491
@danram70 pussy. It's science. Donaire via Rachel spelling error,hateful,hateful,2.31779146194458,4847,102.94140625,0.2755889
"Einstein's own words: ""I am convinced there is only one way to eliminate these grave evils, namely through the establishment of a socialist economy…A planned economy, which adjusts production to the needs of the community, would distribute the work to be done among all those able to work and would guarantee a livelihood to every man, woman, and child.""",safe,safe,2.3894472122192383,4847,102.94140625,0.3369143
@USER Dear Andrew I saw the endorsement by Cory Booker the both of you are made for each other secondly you're view are so far left since you and Cory both hate the President secondly you're a moron running against Rick Scott I hope get beat so bad,hateful,hateful,2.4165799617767334,4847,102.94140625,0.3694871
@user Look at all these racist white liberals freaking out because I said Tom Arnold has white privileged. ,hateful,hateful,2.3329389095306396,4847,102.94140625,0.2871723
i'm extremely happy ð¤   #inlove #blackandwhite #bathroomselfie #kookaidress ,safe,safe,2.3419511318206787,4847,102.94140625,0.2878452
Was Obama Insane? His Actions Related to the Economy Suggest So!   https://nypost.com/2018/01/07/on-the-economy-trump...   #GeniusPOTUS #MAGA,safe,hateful,2.45149827003479,4847,102.94140625,0.4040615
Live now with Co-Op Thursday! Mrs. ddrfr33k joins again for another run at Legend of Mana! ,safe,safe,2.266139268875122,4847,102.94140625,0.2221659
1943 Calendar painting by Dean Cornwell. ,safe,safe,2.288135290145874,4847,102.94140625,0.2319968
Judge Helps Illegal Alien Escape ICe that is Aiding an Illegal against Federal #Immigration laws  Sessions Fire the JUDGE ASAP  #Trump #MAGA #RedNationRising ,hateful,hateful,2.3709261417388916,4847,102.94140625,0.3399873
@user @user @user And your gun control has failed to reduce homicides.  Your homicide rate has not dropped after all of those gun laws.  It has however rose.  Enjoy bending a knee to the people who don't really give a shit about you though. ,hateful,hateful,2.406318426132202,4847,95.48046875,0.3779839
"I do not understand the minds of some. If the immigrant is undocumented, or illegal, then he broke the Law. Therefore, he can not stay in any country where the Law has to be respected. ",hateful,hateful,2.334813117980957,4847,95.9765625,0.3051352
@user Do you have the state right....Cali and Chicago are protected by many strict gun control laws. ,hateful,safe,2.3316025733947754,4847,96.9921875,0.2820009
@user Skank bitch ,hateful,hateful,2.452932596206665,4847,97.26953125,0.4072835
@USER @USER They on their bullshit,hateful,hateful,2.320998430252075,4847,99.05859375,0.272199
I'll let u clam on top and let dat nookie pop I'm in dat cookie jar I ain't no rookie girllll,hateful,hateful,2.425579786300659,4847,99.19921875,0.3858311
it's better to #dwell in a barren land than with a contentious and   man.,safe,hateful,2.4146811962127686,4847,99.76953125,0.3761036
.⁦@JoeBiden⁩ spox Andrew Bates responds to ⁦@nypost⁩ story on Hunter Biden https://t.co/DNT3odmANv,safe,safe,2.266479015350342,4847,100.40625,0.2398599
when i have more followers on instagram then you have on yours     night ð ð´,safe,safe,2.3097763061523438,4847,100.44921875,0.2552125
 @user   to speak with @user  tomorrow at @user #b2b #ecommerce #event ,safe,safe,2.365001916885376,4847,100.578125,0.3120679
@user See his profile? Thinks he is hardcore ....boi 🤔 ,hateful,hateful,2.395256519317627,4847,100.70703125,0.3578596
@user @user @user @user @user He had 1 offer since june! The shitty browns that's it!! Stop thinking he is still good you are living in the past ,hateful,hateful,2.3515758514404297,4847,100.73046875,0.3113902
...this obvious hit job on kavannah is not going to work...and the liberals continue to reveal themselves as demonic figures... ,hateful,hateful,2.3966665267944336,4847,100.984375,0.3466105
"Jordan Peterson and Ben Shapiro join Dave for a live discussion about postmodernism, Trump, conservatism, free speech, and rules for life. https://youtu.be/iRPDGEgaATU",safe,safe,2.403421401977539,4847,101.03515625,0.3438593
"Och hoe wonderbaarlijk dat Jan het alweer met n Marokkaanse BNer aan de stok heeft. Na Fatima, Lamyea, Tofik, nu ook Abdelka te min gevonden",hateful,hateful,2.3665101528167725,4847,101.1015625,0.3126956
#GOP on personal responsibility...  He was drunk: boys will be boys  She was drunk: slut  #republicans #conservatives #kavanaugh ,hateful,hateful,2.394602060317993,4847,101.140625,0.3528517
This is a BS comment. Explain what she lied about.,safe,hateful,2.403233289718628,4847,101.203125,0.3770477
"@USER @USER rae sis don't say no offense"" then like tweets calling me a sad bitch, also im truly shocked ur on the L6 train this year""",hateful,hateful,2.349029302597046,4847,101.203125,0.3138488
"Brown Nose Nikki, You were silent when Donnie talked about his PUSSY GRABBING, You were silent when he call black countries SHIT HOLES, you were silent when he spewed his RACIST VITRIOL, you were silent about CHARLOTTSVILLE. I can go on and on....SO STFU! ",hateful,hateful,2.4190914630889893,4847,101.28125,0.365418
longest period of time i've been out of internet for at home. incompetent agent &amp; landlord. it will be 1 month and 1 week without.    ,safe,safe,2.396527051925659,4847,101.3125,0.3603405
@USER Those liberals are kinky people,hateful,hateful,2.3003172874450684,4847,101.3125,0.2664635
HAHAHAHA Austrian Leninist...….in other words......A JEW.....FUCK OFF YOU HEBE FAGGOT....your words are irrelevant and so is your whole shit race....go die now,hateful,hateful,2.2774016857147217,4847,101.3203125,0.241871
"#auspolWe don't want more migrants anywhere in Australia, you have destroyed our cities by changing the culture, our lifestyles and the Australian way of life, NO, WE THE PEOPLE WILL NOT ALLOW YOU TO DO THE SAME IN REGIONAL AREAS. #STOPimmigrationNOW Turnbull cannot be trusted ! ",hateful,hateful,2.36498761177063,4847,101.32421875,0.3174796
@USER Ooooo Damn! Looks like a Rainbow! All Pretty And Shit!,hateful,safe,2.3027729988098145,4847,101.33203125,0.2833931
cheers!!  #fotografoprofessionale #wedding #bride #groom #love #pay #weddingphotography  â¦ ,safe,safe,2.2551231384277344,4847,101.3671875,0.2315075
Calling guys immature doesn't make you any more mature. Ladies you need to find some other BS excuse for ditching us! #WomenSuck ,hateful,hateful,2.3752553462982178,4847,101.421875,0.3409753
ALOHA! ~ Maui shows their support for President Trump🌴 #2020TrumpLandslide #TrumpPence2020 @realDonaldTrump @BuCap004 https://t.co/gvRUYoYI3I,safe,hateful,2.394300699234009,4847,101.91015625,0.3395191
apple just introduc...  via @user #health #healthy   |  ,safe,safe,2.3666491508483887,4847,101.92578125,0.3134662
i miss my boyfriend already #relationshipgoals #missing   ,safe,safe,2.2689123153686523,4847,101.94140625,0.2420098
@user thank you!! the power of #social #media!   @user #aande ,hateful,safe,2.312483072280884,4847,101.94140625,0.2799126
I just saw a bird fuckin another bird and when they were done they both flew in totally opposite directions... This best sums up my sex life ,hateful,hateful,2.37083101272583,4847,101.94140625,0.3426777
"Stephen Miller (right) and Larry McKenney of Capitol Radiology listen as Trump speaks during a meeting at the White House last year. are not in 1950, we have to start limiting legal immigration. And completely stop illegal immigration. ",hateful,hateful,2.398820638656616,4847,101.94140625,0.3422959
"#blackjack   buffalo simulation: buffalo for you to take in the vicinity of their homes to do. in this way, ",safe,hateful,2.2953479290008545,4847,101.9453125,0.2648556
here we go again people!   multiple people shot at east flatbush playground  via @user,safe,hateful,2.422024726867676,4847,101.94921875,0.374667
@USER swear niggas make me wanna turn this phone off,hateful,hateful,2.424644947052002,4847,101.94921875,0.3797536
@user @user i've watched the demise of the ash grove daily  for the last 14 years   #whoshotjoecollins,safe,safe,2.3086700439453125,4847,101.953125,0.2779525
#shabbat #shalom &amp;   #holiday!  the #torah was given to the #jewish people on #mount sinaiâ¦ ,safe,safe,2.353177785873413,4847,101.953125,0.2979497
"live life the way it comes!!!! #qotd #life #love   @ amsterdam, netherlands ",safe,safe,2.3022780418395996,4847,101.953125,0.2507902
@user @user @user He is the best ,safe,safe,2.3672585487365723,4847,101.953125,0.3118072
@realDonaldTrump #MAGA2020[NEWLINE]#Trump2020[NEWLINE]@realDonaldTrump Regards president https://t.co/M1Cnm6QPbL,safe,hateful,2.332955837249756,4847,101.953125,0.3016803
@user LOLOLOLOLOLOLOL!! Damn. This guy really is a political WHORE. A first class bend-me-over bitch. ,hateful,hateful,2.41900634765625,4847,101.953125,0.3678942
@USER Sessions is not doing his job! He is a deep state RINO just like you!,hateful,hateful,2.407949686050415,4847,101.953125,0.3533487
Why Females Assume You Got Hoes ?? Like Bitch Ian Got No Hoes 😒💯 ,hateful,hateful,2.342038869857788,4847,101.95703125,0.2884251
"Mmhmm suuure. If youre trying to scare me, you fail better people than you have tried. Run along now kid, school should be starting soon. Clearly you need it.",safe,hateful,2.400320053100586,4847,101.95703125,0.342906
Philippines - Christians are facing starvation as they continue to hide from jihadists.  An estimate 1500 remain... ,hateful,hateful,2.401935338973999,4847,101.95703125,0.3583321
I hate playing never have I ever cause I have ,safe,hateful,2.312509298324585,4847,101.95703125,0.269314
@user Then tell your pal Soros to stop funding hate groups like antifa ,safe,hateful,2.4123740196228027,4847,101.96484375,0.3647413
@USER This is just more of the standard Trudeau “Liberals” emotional manipulation of Canadians.   They think Canadians are stupid.,hateful,hateful,2.422062397003174,4847,101.96484375,0.3816912
i have 4 fishes now!!!!   !!!!ððð  ,safe,safe,2.256986618041992,4847,101.96484375,0.2086784
"@user #1 illegal aliens, millions of EWI people robbing, maiming, killing our citizens, taking our jobs, fleecing our taxpayers.#votered@realDonaldTrump @user @user @user #AmericaisforAmericans#legalvettedimmigrationonly#boycottvicela ",hateful,hateful,2.326862096786499,4847,102.2578125,0.2921115
@USER @USER I tape it. Then when he is talking I fast-forward it. It’s funny to see his lips moving and not hear him!,safe,hateful,2.354870080947876,4847,102.2578125,0.3030622
my king #love #bf #shopping #lunch #rugbyday #king #queen   @ chapel street ,safe,safe,2.329838752746582,4847,102.2578125,0.2896399
Why would you think Common is trash? Tf,safe,hateful,2.245373249053955,4847,102.2578125,0.2286236
@USER She is a lost Soul who has to follow the Party Line. I also believe she has sold her Soul for the Lousy 30Pieces of Silver from the guidance of her Horrible Mother.,hateful,hateful,2.359285354614258,4847,102.2578125,0.3074516
@user @user the nose distracts from the news ,hateful,safe,2.35811710357666,4847,102.2578125,0.3221921
f*** this  ð¦ðº government that deliberately toures #refugees. we just had a coronial inquest into #hamid's death &amp; business as usual,hateful,hateful,2.3823959827423096,4847,102.2578125,0.3419446
@USER @USER @USER @USER Who has what to lose? This entire thing is to block Kavanaugh. Because he leans a bit to the conservative side and was nominated by Trump. This is the liberals playing games. If you can't see it you've been brainwashed by mainstream media.,hateful,hateful,2.3809971809387207,4847,102.2578125,0.3228862
"Youll never see refugees from America. When things turn to shit, we dont run to other countries. We dust off our guns and fix it. #MAGA #MolonLabe #DeportThemAll ",hateful,hateful,2.390444755554199,4847,102.26171875,0.3486173
"indeed, i really miss u  ð ",safe,safe,2.392690420150757,4847,102.26171875,0.3529432
LIVE on #Periscope: Do the beat go off? Hell yeah it does @user Work it bitch! 😍 ,safe,hateful,2.33522367477417,4847,102.26171875,0.2827936
@YGalanter NO they are admitting they went to #Ukraine and got fake info from Russia they are desperate and F up bigly  @TuckerCarlsonand Admitting A president went to a foreign country taking the word of Russia #Ukraine  to undermine our election  ( THAT MEANS  ) democrat's were right https://t.co/cP60sDVKOz,hateful,hateful,2.4121346473693848,4847,102.26171875,0.3692012
RT @radiomaru: nerds are cool because they get really judge-y about other nerds being passionate about things they aren't passionate abo ...,hateful,hateful,2.3684468269348145,4847,102.26171875,0.3295335
is it true @user that there is a story mode ?!?!?   #fifa17 #fifa17storymode,safe,safe,2.339492082595825,4847,102.26171875,0.2889521
@USER Liberals never follow through on promises. We’ve heard it all before. Coward.,hateful,hateful,2.4133126735687256,4847,102.26171875,0.3597873
âï¸ððð #kamakura#japan#rainyday#travel#sea#nature#wonderful#perfect#workhard#trudge#relax  @user ,safe,safe,2.402831792831421,4847,102.26171875,0.3695
"That is true, the UK is not the UK anymore its a shithole that is awful to live in.",hateful,hateful,2.343935251235962,4847,102.265625,0.2878765
"@user if you are #hispanic #black #asian a non-racist white, other minority don't serve in military while  in power #â¦",hateful,hateful,2.40259051322937,4847,102.28125,0.3584242
"THIS makes me cry and yet we still let them in, TRUMP is trying to STOP THEM but the Demoncrates are trying to stop him. #TRUMPHASMYVOTEIN2020!!! Let's go Trump!!! #BUILDTHATWALL #KICKTHEMOUT #STOPTHEMNOW!!!! ",hateful,hateful,2.428931951522827,4847,102.29296875,0.3722904
@elchavaloko pinche panamonos negros me Dan asco,hateful,hateful,2.3161542415618896,4847,102.296875,0.2743877
Be me at work. ,hateful,safe,2.3853297233581543,4847,102.296875,0.3417356
@user Ohh shit 😦 ,hateful,hateful,2.4106080532073975,4847,102.296875,0.3639435
"@user louisville, kentucky woman goes on  rant at #jcpenny   #exposeracism #ignorance ",hateful,hateful,2.3351194858551025,4847,102.296875,0.2865471
@USER I said it yesterday. He is literally a walking embalment.,safe,hateful,2.399218797683716,4847,102.296875,0.3483395
"Yes that to, let's face it the Clinton are evil, and those globalists buddies that want to yoke every American for the benefit of the few.  Come and take it....",safe,hateful,2.4279873371124268,4847,102.296875,0.3807831
Nontraditional school designed to help immigrant and refugee students acclimate ,safe,safe,2.2629141807556152,4847,102.296875,0.207877
" @user why is your mother friending your ex on facebook? if you wanna homewreck, involve only yourself ð   #teaandshade htâ¦",safe,hateful,2.3057124614715576,4847,102.296875,0.2523715
Xd @user tight hole lost <3 Kids @user ok cunt penetrate @user @user ,hateful,hateful,2.3558835983276367,4847,102.296875,0.3141285
@USER @USER @USER @USER @USER Yes usually in THOSE countries people kill gays cuz religion advise them to do it and try to point this out and antifa will beat you.  No matter how u try in america to help gay in those countries it will have no effect cuz those ppl hate america.,safe,hateful,2.4232237339019775,4847,102.296875,0.3881872
"on women is no suprise, i hope interest on the show will lead someone to make her page and show her amazing work in trauma for rape victims ",hateful,hateful,2.337947368621826,4847,102.296875,0.2940223
"People who think it and say it - it speaks volumes for how they view migrants the whole time.  Second class, guests, who have no investment in the future of this country. It’s truly horrible to hear. ",safe,hateful,2.400075674057007,4847,102.296875,0.3603615
@user It’s exactly why I tweet!! Well that and making fun of liberals and their insanity!! 🙏🇺🇸❤️✝️❤️🇺🇸🙏 GOD help!!! 🙏❤️✝️✝️❤️🙏 ,hateful,hateful,2.424940347671509,4847,102.30078125,0.3729093
we keep this love in a photograph ð #selfie #cute   #friends ,safe,safe,2.2543725967407227,4847,102.30078125,0.2090337
ð do you want to meet me??   -  ,safe,safe,2.265773057937622,4847,102.30078125,0.245058
@USER @USER Maxine needs to consult a shrink coz she is suffering from trump syndrome,hateful,hateful,2.378188133239746,4847,102.30078125,0.3335517
#damien not only #completed me but made me  ! i had a few deaths last few weeks.now im back 2 reality n no #damien still! #heabroken,safe,hateful,2.412818193435669,4847,102.30078125,0.3684246
"@user Look, I thought the same thing at first. But, cmon. We have to give the woman the benefit of the doubt. That may not be the white power symbol at all. It may be the secret signal for the Im a Feckless Fucking Cunt club. Maybe she wants to j ",hateful,hateful,2.353893280029297,4847,102.30078125,0.31746
"these kind of people need to be erased of eah''s surface -_- , ",hateful,hateful,2.3691108226776123,4847,102.30078125,0.3304755
@user Thanks Vince You fucker. No need to hold out and chance that clients miss it. ,hateful,hateful,2.401865243911743,4847,102.30078125,0.3575521
@USER @USER @USER @USER For a moment I thought you were about deaths  Sounded fucked up sick at first.,hateful,hateful,2.33984637260437,4847,102.30078125,0.2840868
@USER You are an inspiration and fierce! #healthyliving,safe,safe,2.3214640617370605,4847,102.30078125,0.2761167
 @user we are   @user will be #playing @user #gympiemusicmunster in #august way to go #turktresize,safe,safe,2.471303701400757,4847,102.30078125,0.4176844
#UofGH Justice Studies Assistant Program Head Dr. Glenn Hanna recently took part in a series of interviews with CBC radio regarding gun control and what a potential ban on handguns and assault rifles could mean for Canada. Listen to the interview here: ,safe,safe,2.3123960494995117,4847,102.30078125,0.2711625
@USER Ask him what he’s protesting.  Certain it will be a convoluted answer.,safe,safe,2.3043606281280518,4847,102.30078125,0.2691173
ð±ð±how to forget ð¨ð¨the ex #girlfriendââð°ð°  ,safe,hateful,2.318042516708374,4847,102.30078125,0.2671075
@USER This wouldn't have become a issue if he had not been choosen for supreme Court that's a fact... Shows liberals for what they are,safe,hateful,2.3529343605041504,4847,102.30078125,0.3101621
is it ghetto to grease yo scalp at work,hateful,hateful,2.3254995346069336,4847,102.30078125,0.267174
Yes.  And simultaneously announce the wholesale firing of all senior DOJ and FBI officials. ,safe,hateful,2.4054863452911377,4847,102.30078125,0.3615965
RT @Deadspin: Colombia supporter reminds us the double bird is a universal language http://t.co/JeUT1IsQ1f,hateful,safe,2.3865840435028076,4847,102.30078125,0.3363717
"What do we think people, FAKE or real? Not sure how they managed to get a camera to record the incident there ahead of time ??? ",safe,hateful,2.3491318225860596,4847,102.30078125,0.2977208
@user The liberals have sunk to an all new low....how tragic!! ,safe,hateful,2.3996493816375732,4847,102.30078125,0.3473012
"-Can I help you?
-Maybe. You gotta card for &#8220;Sorry that tranny died in your motel room; now your wife knows. Here&#8217;s an Applebees gift card&#8221;?",hateful,hateful,2.404649257659912,4847,102.30078125,0.377114
The media has inverted everything. You are required to be transparent or you can be jailed and the only people that have privacy are government employees and the government its self. Always with the reason that we will all die if the truth is exposed. This has to come to an abrupt end. The CIA is executing deception operations on the American public.,safe,hateful,2.3444573879241943,4847,102.3046875,0.3104876
woooo hooooo!!! #humpday   ,safe,safe,2.3659822940826416,4847,102.30859375,0.3299281
@USER Google got big by being the best search engine.  This is one reason why it is no longer a trustworthy search engine. @USER,safe,safe,2.412245988845825,4847,102.3125,0.3804923
"Missus and I ate out tonight at Mudde Burger. No puns, please. #food",safe,safe,2.2587010860443115,4847,102.3125,0.2106459
@USER @USER yeah keep mocking her right into a yes vote,hateful,hateful,2.2771284580230713,4847,102.3125,0.2320696
there are two primary choices in life... denis waitley #leadership  #quote #inspirational  ,safe,safe,2.355842351913452,4847,102.3125,0.3075595
Wow.  Where?  In the United States?,safe,safe,2.373070001602173,4847,102.3125,0.3211548
@user fuck yeah ! ,hateful,safe,2.236905813217163,4847,102.3125,0.1982299
"It’s ‘100 Percent’ On Trump Administration To Locate Separated Parents, Judge Says #DACAworks #HereToStay #Immigrantion  ",hateful,hateful,2.3289847373962402,4847,102.3125,0.2932948
@user They meet many many fans it’s amazing that he remembered her don’t be a bitch ,hateful,hateful,2.3668673038482666,4847,102.3125,0.316618
Hatin on me doesn't say shit about me but speaks volumes about you... ,hateful,hateful,2.394814968109131,4847,102.3125,0.3360327
"So I've been thinking a bit about #Avengers 4, #GabFam and I had an idea for how we might go forward without doing the bleedingly obvious. Since there weren't any movies I was interested in this week, I made a video about it. Let me know what you all think: https://youtu.be/QeyegrgiGxI",safe,safe,2.338266611099243,4847,102.3125,0.2957338
Trash is the only straight metal genre.,safe,hateful,2.3783628940582275,4847,102.3125,0.3314536
insane crazy racist white woman reaction!  paranormal- insane #crazy #insane  free classifieds ads,hateful,hateful,2.398973226547241,4847,102.3125,0.3490463
@user Georgia University...your racism and utter lack of tolerance is showing. Higher education is apparently not your goal. ,hateful,hateful,2.3326430320739746,4847,102.3125,0.2879402
@Kramou812 Only people ruining this country are Democrats. Not Trump's base doing the riots and burning businesses and acting like real fascists while waving communist flags. Democrats literally want to tear this country down and be an authoritative regime and they aren't even hiding it.,safe,hateful,2.4025251865386963,4847,102.3125,0.3517209
"@user @user IngrHam, wr R the far Lefties now (Global kooks)..  why R they not protesting in these countries where these immigrants are fleeing from (come on George $orOh$) and that’s why we #Conservatives R smart enough not to buy into t ",hateful,hateful,2.403721809387207,4847,102.3125,0.346797
@user Niggas wellin if they wanna live in a world with endless world wars and death and chaos. My Hero is literally anime X-men ,hateful,hateful,2.3241679668426514,4847,102.3125,0.2735787
new video: angry grandma prank call    #youtube #youtuber #prank #call #prankcall   #grandma #hilarious #troll,safe,hateful,2.377411127090454,4847,102.3125,0.3411249
I really thought it was Sarcasm but alt right seems to be taking it at face value...,safe,hateful,2.393810987472534,4847,102.3125,0.3495599
@user Research: The racist history of gun control. ,hateful,hateful,2.3226075172424316,4847,102.3125,0.272019
@USER yeah he had to go back to the faerie world to handle shit there,hateful,hateful,2.389577627182007,4847,102.3125,0.3571525
@USER man I woulda just started hitting the wall with that shit.  It ain't nothing by dry wall and some wood beams.  I'm getting through that door if I'm him.,hateful,safe,2.3913586139678955,4847,102.3125,0.34784
"@user woh reading. ""here's how joseph boyden reinforced systemic oppression of first nations""    viâ¦",hateful,hateful,2.334035634994507,4847,102.3125,0.2884784
@USER @USER Twisted Dem talk exhibited as Sen Feinstein insists Kavanaugh answer how he would handle a specific case. Seems Ginsburg rule not important to her when she is fishing for a specific answer!,safe,hateful,2.4003865718841553,4847,102.3125,0.3675553
"5/5: @USER The time is right for this House to respond to the concerns of all Canadians. Four out of five Canadians support stronger gun control and with good reason.” #guncontrol #cdnpoli #cdnhist""",safe,safe,2.3887290954589844,4847,102.3125,0.3413364
#change a bit   #chinup send me your #strength #vibes ,safe,safe,2.322728157043457,4847,102.3125,0.273115
Iranian migrant stabs 6 people on German bus ‘“ Was his plan to burn the passengers alive? ,safe,hateful,2.4034104347229004,4847,102.3125,0.3604342
@user @user At least you got to experience the 90s though. These 90s and 2000s born missed out on a great decade. It's been an increasingly worse shit show since lol ,hateful,hateful,2.412834405899048,4847,102.3125,0.3897992
Oof man I’ve never been happier to be #Canadian I am hoping that the election ends his reign of tierney [NEWLINE]til then to all of my American friends and followers my thoughts are with you and the entire nation #TrumpIsANationalDisgrace #TrumpTyrant #TrumpLied200KDied #BidenHarris2020 https://t.co/nBxOMxKmMU,hateful,hateful,2.3717756271362305,4847,102.3125,0.3208431
Let's count how many players kneel during the national anthem...,safe,hateful,2.3632307052612305,4847,102.3125,0.3102953
@user Wanna speak down to my girl bitch then step up big nose ass bitch. Saw that shit off. ,hateful,hateful,2.4003102779388428,4847,102.3125,0.371639
bout to play  the game lol,hateful,safe,2.3102035522460938,4847,102.3125,0.2694156
"France, Malta will take 50 rescued migrants each: PM ",hateful,safe,2.4126663208007812,4847,102.3125,0.3557682
selamat malam ð¹  #after#youth#worship  #sunday #full#blessed ,safe,safe,2.393545150756836,4847,102.3125,0.3534313
"New blog post: Liberals? Answers, Please.How about an honest debate on the issues, & explain ""Resist"" and ""Impeach Trump"" in more detail than a bumper sticker.#MAGA #KAG #POTUS #Trump #NEWS #VoteRed #NoDACA #WalkAway #AmericaFirst #USA #BackTheBlue ",safe,hateful,2.371005058288574,4847,102.3125,0.3284572
 @user this fan girl is all ready!  opened a facebook account to chat with @user and tracy tomorrow.   #fangirl,safe,safe,2.3635449409484863,4847,102.3125,0.3067978
@user  there will be bitterness in the Uk when you sleep rough look up and see refuges walk into houses violence isn't just migrant ,hateful,hateful,2.4221277236938477,4847,102.3125,0.3917619
@user choke bitch ,hateful,hateful,2.353165626525879,4847,102.3125,0.306926
"I will never trust a hoe I to went outta respect, that still double crossed me...     Bitch you alreay lost !! ",hateful,hateful,2.3813283443450928,4847,102.3125,0.3346525
#LawOfTheLand  #ACA #Immigration #MAGAWhen it came to #Obamacare Liberals told us “It’s the law of the land!”... ,hateful,hateful,2.402153491973877,4847,102.3125,0.3681499
@USER @USER You are awesome!,safe,safe,2.2534713745117188,4847,102.3125,0.2021715
Who was the more hysterical woman at the Kavanaugh hearings today? #SCOTUS ,hateful,hateful,2.2967073917388916,4847,102.3125,0.2742891
@user @user I love playing with your ass will you rid my cock and I eat you out ,hateful,hateful,2.3621275424957275,4847,102.3125,0.3285592
When her head game is as good as she claimed it to be so you gotta smile and thank god 🙏🏼 ,hateful,safe,2.3688173294067383,4847,102.3125,0.3499665
"They're getting trashed on twatter as we speak... hahaha!, bankster shitheads...",safe,hateful,2.3156003952026367,4847,102.3125,0.2736353
#GeraniumInTheCranium. Please also dredge up some of her ridiculous “gun control” bills that were shot down. URL,hateful,hateful,2.2741787433624268,4847,102.3125,0.2422418
says #fatty. dumb #black people think they can smell !  lol ,hateful,hateful,2.3519270420074463,4847,102.3125,0.3031318
this one is from a good while back... 10 years to be precise.  #cello   #inmemoriam,safe,safe,2.385103225708008,4847,102.3125,0.3535759
James Toback: Anyone who says he lured women with film roles is “a lying cocksucker or cunt” ,hateful,hateful,2.331616163253784,4847,102.3125,0.28808
@user What What In The Butt ,hateful,hateful,2.4258809089660645,4847,102.3125,0.3694282
"... a bunch of self-aggrandizing liberals in fancy dresses mocking Trump.” Except for the fancy dresses, sounds a lot like the Dems who are trying to lynch Kavanaugh... #politics #MeTooWitchhunt URL",hateful,hateful,2.40539813041687,4847,102.3125,0.3515117
@user i'll be missing you #champ #thegreatest  ,safe,safe,2.3200907707214355,4847,102.3125,0.2742576
@user Yea yea bitch see you at 6 . Ain't shit around my mouth y'all hoes love making shit up . & PRETTIER THAN YOU !!!! ,hateful,hateful,2.394399881362915,4847,102.3125,0.3525893
@user @user I'm all for gun control use both hand's ,hateful,hateful,2.403059959411621,4847,102.3125,0.3711204
#WeatherWarfare ,safe,hateful,2.3186309337615967,4847,102.3125,0.2652258
grimace photo sessionâºï¸ðð #grimace #mcdonalds #littlefamily #felixyosua #23m #love  â¦ ,safe,safe,2.3675661087036133,4847,102.3125,0.3157671
RT @user caught myself giving a dirty look to a pigeon today. no one is safe. ,hateful,hateful,2.458224058151245,4847,102.3125,0.4172985
@user Oh yeah the good ol' Madonna -Whore dichotomy: where only chaste women had value and then only as pr… ,hateful,hateful,2.3483684062957764,4847,102.3125,0.2968074
You'll never be discouraged by your enemies when you reverse mortgage that home instead of giving it to your son. ,safe,hateful,2.4040911197662354,4847,102.3125,0.3486387
Another shit talking Nigger that needs a bullet in his head. 😠😠😠😠,hateful,hateful,2.396289110183716,4847,102.3125,0.3695085
@user @user OH FUCK- ,hateful,hateful,2.3157410621643066,4847,102.328125,0.2818023
@USER 4chan trolling Antifa again?,safe,hateful,2.396724224090576,4847,102.328125,0.3591682
Docs reveal SHOCKING damage in hotels housing Syrian refugees | Sheila G... via @user Thanks to our great prime minister Ha ha ha he’ll how was these people and hotels allowing them to wreck the places but our homeless still sleep on the street. ,hateful,hateful,2.4449801445007324,4847,102.328125,0.3886112
As a man... I see a similar need.,safe,hateful,2.3241965770721436,4847,102.328125,0.2704654
@user @user @user He. Is. A. Sociopath. ,hateful,hateful,2.3949122428894043,4847,102.328125,0.3456477
@user @user Crush him Beto !!! Make him look like the idiot he is. ,hateful,hateful,2.413377046585083,4847,102.328125,0.3597079
"@user @user @user @user Fascists &amp;Nazis don't abide by patriotic views shared in their presence. Glad the brownshirt arm (AntiFa) of the left wasn't there to inflict the usual violence vs citizens who dare to speak. Do you hear that, Dems who enjoy wings/beer/country music? You're less-than."""" #WalkAway"""" ",hateful,hateful,2.3716399669647217,4847,102.328125,0.3206426
@user Shit you right 😂 ,hateful,hateful,2.3614745140075684,4847,102.328125,0.3089818
our next show is monday at the fiddler's elbow in camden. it's looking like it's going to be a huge night!   ,safe,safe,2.408517360687256,4847,102.33203125,0.3569561
"Worldbank reports that in the next 30 years many refugees have to leave her homeland, specially in Africa. Who will feed them ? Is Europe able to shoot them down and protect her own homeland, before it will destroyed from Africans ? ",hateful,hateful,2.3523924350738525,4847,102.33203125,0.3082865
Fine chicks lap dances always trash,hateful,hateful,2.3791098594665527,4847,102.33203125,0.3457481
people banned from european universities:1. rene descartes2. milo yiannopoulos @m,safe,hateful,2.4172184467315674,4847,102.33203125,0.3711072
Alert: Candace Owens Was Just Attacked By Antifa ,hateful,hateful,2.3171372413635254,4847,102.33203125,0.2688715
"1. I largely regret looking to one more conservative"""" and """"more right leaning (perhaps even relatively speaking for America)"""" on topics relating to transgender in relation to modern incarnations of conservatives on YouTube (these people are referred to as """"anti-SJWs"""") and the"""" ",safe,hateful,2.4147112369537354,4847,102.33203125,0.3628609
"If they're not harassing or assaulting you they're calling you stupid, crazy, irrational, over emotional. ",hateful,hateful,2.4076147079467773,4847,102.33203125,0.3530814
Jacksonville Shooting Press Conference Live: https://www.facebook.com/pg/JacksonvilleSheriffsOf...,safe,hateful,2.32425594329834,4847,102.3359375,0.2882994
@USER Can you answer one question ? If you find out she is lying and that it was a set up will you still defend your party,safe,hateful,2.3985352516174316,4847,102.3359375,0.3615703
"CAB - A poser & a self-aggrandizer. Fantasizes about ""Corey in the House"" - but this is a false & shallow hope.  https://politicalwire.com/2018/06/17/cory-booker-mulls-a-presidential-bid/",safe,hateful,2.4207022190093994,4847,102.3359375,0.3678695
you ready baby ? ~ Im going to fuck you and your sister like till both of you pussy is filled and leaking with my cum ,hateful,hateful,2.327587127685547,4847,102.3359375,0.2863813
@user @user Stay vigilant Conservatives!! ,safe,hateful,2.3785860538482666,4847,102.3359375,0.3397469
Liberals lie to Taxpayers over border crisis! #cdnpoli #canpoli #cpc #lpc #ndp #border #IllegalImmigrants #FordNation #ForThePeople ,hateful,hateful,2.406041145324707,4847,102.3359375,0.358533
500 detained fathers and sons to go on strike after being separated Great. Problem solved.#Illegal #immigrants ,hateful,hateful,2.3320963382720947,4847,102.33984375,0.2907904
 girls in the world jgirl sex ,hateful,hateful,2.3874728679656982,4847,102.33984375,0.3483167
i always tell me people i miss them and they don't say it backð¢  .com,safe,safe,2.3899545669555664,4847,102.33984375,0.3502417
www.foxnews.com/politics/2018/01/19/newly-released-clinton-emails-include-classified-messages-show-knowledge-security-problems-watchdog.html     We all know what happened the real question is when is something going to be done about it.,safe,hateful,2.3741350173950195,4847,102.33984375,0.322493
@user White liberals like you and your colored ilk are easily worse than bigots. You are nothing but a coward and victim-hood enabler who wants to keep my kind impoverished via welfare and identity politics. Thank God more people are seeing your evil for what it is ,hateful,hateful,2.3933663368225098,4847,102.33984375,0.3402634
its been a shitty week very sad latley..   ness #weak #lostboy #ruthb #cheerup ,safe,hateful,2.3671536445617676,4847,102.33984375,0.3138378
@USER What kind of classes are you taking? You have ass homework? Is this an anatomy class?,hateful,hateful,2.320749282836914,4847,102.33984375,0.2770016
"hawaii is going to rock after training they are a talented,passionate group of terminix nation family!  ",safe,safe,2.4374351501464844,4847,102.33984375,0.3858186
when you are when with real friends the smiles just appear ðð¹ @user    #smile #jokeâ¦ ,safe,safe,2.4029722213745117,4847,102.33984375,0.3611798
off to italy tomorrow for some client pr work! #lifeofluxuries   #bestclients,safe,safe,2.254115343093872,4847,102.33984375,0.2107084
@user Bring on the hypocrite gungrabber. MAGA ,hateful,hateful,2.2893338203430176,4847,102.33984375,0.2594147
"Still a magnificent, beautiful bird. We need her generation BACK.",safe,hateful,2.3592913150787354,4847,102.33984375,0.3259168
@user You are a skank Graham.John McCain would be ashamed ,hateful,hateful,2.4065632820129395,4847,102.33984375,0.3526545
@user @user There is already more guns than pre 1996 gun control. Free people should have the right to defend themselves and their families. The threat of lethal force is a  good deterrent to would be criminals ,safe,hateful,2.349691867828369,4847,102.33984375,0.2946692
"when people feel  , #motivated and #stressfree, it drives the #companies to achieve their #targets and #goals ",safe,safe,2.378352642059326,4847,102.33984375,0.333068
Who does your hair? Only asking as my pussy is getting bald and I am thinking of trying some new comb-over to hide the worst of it.  #oldageproblems #MAGA ,hateful,hateful,2.4022789001464844,4847,102.33984375,0.3518011
They are intoxicated or mentally retarded,hateful,hateful,2.2916133403778076,4847,102.33984375,0.2663923
@USER #IWillNotSubmit to Accuser Leftist Liberals DemonRats Plantations Mind Control Agenda! Globalist puppet! #MeToo Movement Hollyweird #SnowFlakes #Pedowood was SCUM! URL,hateful,hateful,2.432225465774536,4847,102.33984375,0.3853133
"@USER @USER @USER @USER @USER And is completely unconstitutional. If the state deems you are not a criminal and therefor have not relinquished your right to bear arms, they have no right to regulate who is competent"" or ""skilled"" enough to own one. Once again, it is NOT the same as driving a car.""",safe,hateful,2.417848587036133,4847,102.33984375,0.3810815
"Truth isn't truth when a factual truth is used to support a lie. Example: Texas Senate candidate Beetle O'Rourke uses a factual truth; supporters donate directly into his campaign through a PAC website, to support the lie that he doesn't take money from PACs, with the unspoken inference that he doesn't take their support either. The PACs facilitated the donation, if not for them he would not have...",safe,hateful,2.350273609161377,4847,102.33984375,0.3207827
"' men get angry and they are passionate and firm, women get angry & they are hysterical and emotional' @user @user #HowWeRise ",safe,hateful,2.3742480278015137,4847,102.33984375,0.3143918
@user Build the wall ! Vote Republican! Not perfect by a long shot.   But so much better than the alternative anti-Americans!!! ,hateful,hateful,2.401465654373169,4847,102.33984375,0.3587447
RT. #PresidentTrump This Election Is A Choice Between:Democrats Who Want To #AbolishICE Republicans Who Want To #AbolishMS13 Democrats Want #OpenBorders #SanctuaryCities#TaxIncreasesRepublicans Want#WallOfProtection#NoDACA#NoIllegalSanctuaries ,safe,hateful,2.3603999614715576,4847,102.33984375,0.3066304
"@phalaenadispar 
How day feel bout colored folk?",hateful,hateful,2.360743999481201,4847,102.33984375,0.3349571
@user @user Very pathetic man ! ,hateful,hateful,2.3960955142974854,4847,102.33984375,0.3575183
"This is why smart women need a wise man, because they are a wild horse.",hateful,hateful,2.3324975967407227,4847,102.34375,0.2807177
@USER @USER @USER Why? Because you are too busy spreading hate with your TDS? I’m sure you feel fine ridiculing children of conservatives. You represent everything that is wrong in the education (brainwashing) system.,hateful,hateful,2.404191255569458,4847,102.34375,0.3764878
so much for the terror fears. russia-england: the tale of a split europe   #euro2016,safe,safe,2.3994176387786865,4847,102.34375,0.3456662
"Black catolic bishops are against their pope Franciscus. They dont want to loose their sheep, which like to go to Europe as refugees. In the meantime hypocrises Franciscus pray and dont open the St.Petersdom for refugees to stay. ",hateful,hateful,2.3390650749206543,4847,102.34375,0.3060705
@user This is actually a bad argument considering that conservatives stood by Clarence Thomas too. ,safe,hateful,2.373283863067627,4847,102.34375,0.3447874
When Alan Dershowitz supports us! #MAGA,safe,hateful,2.4081876277923584,4847,102.34375,0.3582523
@user @user You’d also know this isn’t about women at all b/c Democrats don’t call for justice for women assaulted by Democrats when there is both evidence of injury &amp; police reports. You’d know Dems only demand conservatives be found guilty upon accusation. You’d know this is all political. ,hateful,hateful,2.3665595054626465,4847,102.34375,0.3103175
"Why is thos racist,homophobic whore @user getting so much success all of the sudden ? Like go away ugly cunt. ",hateful,hateful,2.377363920211792,4847,102.34375,0.3224403
"""degenerates"" Yeah, well, you're starting to unconsciously use our lingo. Pretty soon you'll be spitting at race mixers. Living rent free in your head...LaLaLa",safe,hateful,2.402005195617676,4847,102.34375,0.3504087
"Stupid Cunts, maybe they should go to Iran and try to interview the woman being held in prison for daring to take her face cover off.",hateful,hateful,2.3313915729522705,4847,102.34375,0.2825601
I hope Gen Z changes college political BS. -From an incoming Class of 2022 member,safe,hateful,2.388420343399048,4847,102.34375,0.3375279
@USER Niggaz buying pussy bitches trying to buy love...,hateful,hateful,2.4035468101501465,4847,102.34375,0.3454821
@USER @USER Liberals putting politics ahead of the economy? Never,safe,hateful,2.3073697090148926,4847,102.34375,0.2707163
@user He is a beast ,hateful,hateful,2.401087999343872,4847,102.34375,0.3638381
"Jesus is instructing His followers about the religious hypocrites who are themselves “children of hell.""  To be a child of hell is to be deserving of hell, that is, to be awfully wicked. In Matthew 23, Jesus explains that the Pharisees and Sadducees displayed their wickedness in many ways. They did not practice what they preached",safe,hateful,2.438138484954834,4847,102.34375,0.3921599
smile more. smiling can make you and others happy.  roy t. bennett #inspiration #quote  #quote #inspirational  ,safe,safe,2.3372108936309814,4847,102.34375,0.2880102
@user ur a fucking dumbass fr. there’s no way she is anyone else’s 😂 ,hateful,hateful,2.3844528198242188,4847,102.34375,0.3382629
@USER @USER If Kavanaugh is confirmed there will be two sexual deviants sitting on the Supreme Court. Both Conservatives and nominated by Republicans. Democrats put women on the SCOTUS and Republicans put perverted men there. FOR THEIR LIFETIME! #StopKavanaugh #StopTrump #SaveSCOTUS,hateful,hateful,2.4145166873931885,4847,102.34375,0.3633759
@USER Still coverup.  And bet the anonymous writer of op-ed in NY times on sept 5th was the ny times itself!!!!  No sr adminstrator of #Potus. But cud say it was since refused to name writer ...ALL TO STIR UP CRAP WITHIN #TRUMP Camp!!! And #Maga,hateful,hateful,2.3535752296447754,4847,102.34375,0.3054545
"The streets are shitty, the people are all shitty and colored like it.. How did the Taj Mahal become a giant clock?",hateful,hateful,2.367783546447754,4847,102.34375,0.3171713
"@user Never forget, the perpetrators of 911 SHOULD NOT HAVE BEEN IN THE USA. #BuildThatWall ",hateful,hateful,2.393756866455078,4847,102.34375,0.3502143
@user 🖤 Dyrus you are a fucking worthless braindead scumfuck bastard pile of trash mental dickface that should be gunned down in the street like the degenerate you are🖤 ,hateful,hateful,2.340386152267456,4847,102.34375,0.2881106
ACLU files lawsuit seeking details of Harford County sheriff's immigration enforcement program ,hateful,safe,2.370699405670166,4847,102.34765625,0.3300061
@user @user I am talking about your comment that Nick was a fascist...   Brittany means nothing to me.   So like I said are you Antifa? ,hateful,hateful,2.40667462348938,4847,102.34765625,0.3601579
relax con mi @user  #dinner ,safe,safe,2.311842441558838,4847,102.34765625,0.2667381
you're destiny!   #smile #lifeisgood #live #life #lol #orlandoinmiami #originalâ¦ ,safe,safe,2.3512542247772217,4847,102.34765625,0.2959829
@USER Boner hasn't lived in real world for 40 years.,safe,hateful,2.478377342224121,4847,102.34765625,0.4247356
@USER You don’t get it it all. Women don’t like to come forward because of men like you. When they finally do come forward men LIKE YOU either slut shame them or call them liars. Men LIKE YOU are shy a lot of victims remain silent.,hateful,hateful,2.346102476119995,4847,102.34765625,0.2952866
CNN 8:53am NON-PROFIT ORGANIZATIONS LEAD CHARGE TO REUNITE FAMILIES. . Catholic Charities reunites immigrant children with deported... ,hateful,safe,2.3743844032287598,4847,102.34765625,0.3161403
@user Look at this chill as fuck bearded dragon ,hateful,safe,2.390894889831543,4847,102.34765625,0.351555
@user #BuildThatWall to save on a budget. $21.5 National DebtEnd #Corruption now. #nowars ,safe,hateful,2.3353164196014404,4847,102.359375,0.3004377
@user Good game man ,safe,safe,2.394761562347412,4847,102.359375,0.3560223
"Post is deleted now, but what did he mean by this?",safe,hateful,2.420100450515747,4847,102.359375,0.384569
@user He is. Lol 😂🙄 ,hateful,hateful,2.328313112258911,4847,102.359375,0.2709074
#VA10 voters will not accept a Congresswoman who stands with the NRA as shooting after shooting devastates communities across the country. We need common sense gun safety laws and we need them now. URL,safe,hateful,2.4057910442352295,4847,102.359375,0.3654975
@user @user @user @user @user   massive censorship  ,safe,hateful,2.4003875255584717,4847,102.359375,0.3483614
It is called a SJW Utopia.,safe,hateful,2.3001160621643066,4847,102.359375,0.2668583
@user #allahsoil islamophobia only serves to empower the extremists.  â¦   #emiratis #2016in4words #Ùâ¦,hateful,hateful,2.2862708568573,4847,102.359375,0.2428982
@user Who cares what a union leader has to say big kate? Do u fawningly report Lefty concerns  because u and the Left promoting CBC r doing the Trudeau Liberals bidding again.U r a CBC Liberal party Shameful. ,hateful,hateful,2.366173267364502,4847,102.359375,0.3251251
heading out for dinner #hungry   ,safe,safe,2.362816333770752,4847,102.359375,0.3095854
.@USER Liberals are steamrolling #TPP through Parliament without proper debate. Why are the Liberals hell-bent on killing Canadian manufacturing jobs? #cdnpoli ,hateful,hateful,2.301830291748047,4847,102.359375,0.272282
"Spain needs to wake up and wake up quickly. Families are not going to holiday in a country where assault, robbery and rape is rapidly increasing. They can have violent african migrants, they can have millions of holidaymakers but they are not going to be able to have both. ",hateful,hateful,2.292757511138916,4847,102.359375,0.2519485
ð #love #instagood #photooftheday @user #tbt #cute #me #beautiful #followme   #follow #fashion #selfietime ,safe,safe,2.332724094390869,4847,102.359375,0.2887169
 @user mums the word! ! ,safe,safe,2.407909870147705,4847,102.359375,0.3518574
@user Moron - Real Americans are PROUD of our accomplishments- you are disgusting for not showing the truth. ,hateful,hateful,2.3368842601776123,4847,102.359375,0.2877098
@user A hypocritical stance. ,hateful,hateful,2.3876569271087646,4847,102.359375,0.3571291
"@USER @USER @USER @USER This is great! Mark The Great One"" Levin and Candace ""The Great"" Owens together! This team is unbeatable! They just sent liberals into a frenzy again! A whole block of liberal voters just had their heads explode! And...sadly, Alyssa Milano just wet her pants again! Great team!""",hateful,hateful,2.430877685546875,4847,102.359375,0.3970041
@USER @USER @USER Silly rabbit 🐇 laws and rules aren’t for liberals.,hateful,hateful,2.3166329860687256,4847,102.359375,0.2735917
@user @user Lol 🤣🤣🤣 every gf and ein track. Whole ass album pahh ,hateful,hateful,2.392659902572632,4847,102.359375,0.3658226
The Most Significant Global Debate Is Over Immigration ,hateful,safe,2.411180257797241,4847,102.359375,0.3495222
@user He is not qualified to be a politician and that is why I voted for him How can anyone believe the failing Democratic Party as all thier agenda is to discredit a successful President and economy Also here is the idiot that gave IRAN millions to support terrorist ,hateful,hateful,2.3571579456329346,4847,102.359375,0.3033776
@USER Happy 1stbirthday to Savage(Songs from a Broken World)! This time lst yr it dropped in my door and damn did it do some shit! 🎶 Little did we all know the ride it was going to take you and us as fans on. Thank you for this masterpiece! #garynuman #Savage #no2album URL,hateful,hateful,2.395050525665283,4847,102.359375,0.3379643
"Just give them 5 days, they'll go back to eating Laundry Pods ",safe,hateful,2.3685433864593506,4847,102.3671875,0.3121431
BRAVO! ThinkProgress’ Ian Millhiser goes for ratio GOLD with this SCORCHING take on SCOTUS https://kek.gg/u/34Ydh via @twitchyteam,safe,hateful,2.309110641479492,4847,102.3671875,0.2776737
@USER I’m finna say fuck it and get a crispy ass jogging suit😂😂,hateful,safe,2.4191293716430664,4847,102.3671875,0.3631237
 @user   - tonight we have another private hen pay to enteain @user #york great location! #itâllbemurder ,safe,hateful,2.4358766078948975,4847,102.3671875,0.3933897
Link's Awakening was inspired by #TwinPeaks. https://youtu.be/qfrklECdc5M?t=9m55s,safe,safe,2.343064785003662,4847,102.3671875,0.2949909
.@peterbakernyt has covered four presidents. Got to think that this might be one of the craziest day stories he ever wrote. https://t.co/rn0Vj9q3CR,safe,safe,2.328686237335205,4847,102.3671875,0.3113616
@user @user @user THAT BITCH MUST HAVE A STRONG BACK. SHE CANT STOP DIGGING THE HOLE SHES IN. JESUS HILLA M… ,hateful,hateful,2.464834213256836,4847,102.3671875,0.4047872
@USER Risking his own ass lol,hateful,hateful,2.315761089324951,4847,102.3671875,0.2693558
@USER log doesnt give a shit i bet he eats nachos in the middle of the night in his underwear,hateful,hateful,2.410402536392212,4847,102.3671875,0.3534796
"Muslim scumbags created a false narrative in an attempt to undermine our democracy, an act of pure sedition requiring a charge of treason but the shit skin Muslim scumbag community fears a backlash, it's called seeking justice you low IQ mildly retarded terrorist scum, justice in the form of charges, imprisonment or deportation.",hateful,hateful,2.4170446395874023,4847,102.3671875,0.3924485
@USER .@USER your the perfect example of why Americans despise lying liberals. Disgusting,hateful,hateful,2.3253657817840576,4847,102.3671875,0.277458
" @user lights are up, power in. time for some testing. business end of the build process now :)   #digme ",safe,safe,2.3540685176849365,4847,102.3671875,0.2915759
"@USER @USER @USER @USER The MeToo movement is just an extension of the democrats KKK &amp; the hate group Antifa,  it's just another form of lynching those who oppose their agenda. MeToo people jump on ban wagons, in the name of justice"" to perpetuate mass bullying of those who threaten to expose them""",hateful,hateful,2.4659862518310547,4847,102.3671875,0.4240421
Police Bust 'Voodoo' Migrant Sex Slave Ring Which Forced Women 'To Eat Raw Chicken Hearts' ,safe,hateful,2.3125979900360107,4847,102.3671875,0.2890654
@USER @USER If your party ever wants to be taken seriously they need to call off &amp; defund violent liberals ANTIFA with their KKK hoods beating up strangers they know nothing about. Either you care about human life &amp; all these causes or you have people beat up. You can't have it both ways.,safe,hateful,2.4234209060668945,4847,102.3671875,0.3689562
My nephew albino albinos have astigmatisms eye spasms partial blindness its not their faults,hateful,hateful,2.385617971420288,4847,102.3671875,0.3362627
"North Korea says denuclearization definitely not going to happen. Apparently, John Bolton hit a nerve. ",safe,hateful,2.3272430896759033,4847,102.3671875,0.2827824
"I have on my web site three hilarious internet classics. If you haven't seen them, stop what you're doing, swallow all liquids, put down all containers, and enjoy! Texas Chili Cook-Off - https://billstclair.com/texas-chili.html Biker vs. Squirrel - https://billstclair.com/biker-vs-squirrel.html  They're Made out of Meat - https://billstclair.com/meat.html",safe,safe,2.401568651199341,4847,102.3671875,0.3606373
"What if he is, and what if he isn't?",safe,hateful,2.4159762859344482,4847,102.3671875,0.3608679
I am sure with the 1 week delay that the Dimms have agreed to not TRASH the judge during this delay,safe,hateful,2.340806722640991,4847,102.3671875,0.2840157
yes we #love it ehe #outlook #casual #grey &amp; #rose to #feelgood and #confident ihi   #weekend to all of you!ðâ¥ï¸ ,safe,safe,2.349663734436035,4847,102.3671875,0.3028188
@USER @USER She is a piece of shit and I am not sorry for my bluntness. From now on I am going to say what I think whether bluntly or rudely!,hateful,hateful,2.4581501483917236,4847,102.3671875,0.4002609
"1/ Resists newest tactic against conservatives.  They have decided to trend disarmthem""""  And advocates attempting to take a weapon from people open carrying.  1. open carry hopefully has retention on their holster. 2. This is likely to result in being fired upon by 2nd party."""" ",hateful,hateful,2.364422082901001,4847,102.3671875,0.3120425
"Sadly, all good things must come to an end, this is the #Finale #LetsPlay to #Moon for the #Nintendo DS. #Gaming #VideoGames #Gameplay ",safe,safe,2.336961269378662,4847,102.1171875,0.3056399
TEDD LiGGETT's phOTOGRAPH_oF_tHE_dAY #4110 - Ice Storm Melting,safe,safe,2.4402997493743896,4847,102.1171875,0.3847202
@user Myyy nigga ✊🏾 ,hateful,hateful,2.312199831008911,4847,102.1171875,0.2629844
white fragility: why itâs so hard to talk to white people about : ,hateful,hateful,2.4166908264160156,4847,102.1171875,0.3634153
Amy Schumer went to Capitol Hill to protest Brett Kavanaugh’s pending confirmation to the Supreme Court. The comic and younger cousin of Senator Chuck Schumer had plans to get arrested and that’s exactly what happened. ,safe,hateful,2.4138026237487793,4847,102.1171875,0.3745984
@user Hateful bully bitch you are ,hateful,hateful,2.311401844024658,4847,102.1171875,0.2690435
smdh. and the progressives go after conservatives on this? #pathetic   #prayfororlando ,safe,hateful,2.396528720855713,4847,102.1171875,0.3424189
Fucking cheating bitch whore. ,hateful,hateful,2.4253973960876465,4847,102.1171875,0.3689412
#great news ...our first #parklives bike ride takes place this sunday! why not join us??   ð´ð @user ,safe,safe,2.3247101306915283,4847,102.1171875,0.2924967
@user Telemarketer did same to me called me a whore and said he would rape me. Nice. ,hateful,hateful,2.392456293106079,4847,102.1171875,0.3418808
Friends in Montana - please take your friends and family to vote for Republicans. We need to #DrainTheSwamp of all Democrats.,safe,hateful,2.4117534160614014,4847,102.1171875,0.3746632
 craziestpeoples: âwhere are you ???'  me: 'on my waðð    #motivation,safe,safe,2.3422553539276123,4847,102.1171875,0.285714
@user Coming from a guy who worries more about straws than cleaning up failed 'shitty' policies..now he knows best..lol ,hateful,hateful,2.3978404998779297,4847,102.1171875,0.3510913
"If this Muslim rapist & murderer can carry a rifle, why shouldn't we? https://www.amazon.com/Tales-Havoc-K-J-Gillispie/dp/1683480236/ref=sr_1_1?ie=UTF8&qid=1526554949&sr=8-1&keywords=tales+of+havoc+volume+1",safe,hateful,2.432565212249756,4847,102.1171875,0.3778362
@user I MISS U ,safe,safe,2.309687614440918,4847,102.1171875,0.261698
"""conspire together"" is redundant, etymologically speaking. Broken down 'conspire' means ""breathing together""",safe,safe,2.3949739933013916,4847,102.1171875,0.3490675
" . i'm going for an england win. #believe thursday 2pm, bbc one #bbceuro2016 #englandwin ",safe,safe,2.4123072624206543,4847,102.1171875,0.3643762
@user When will they learn.  People dont care about what they think about politics.  Just read your lines and entertain us.  Keep your stupid pins and fake tattoos and ribbons at home. #MAGA #Emmys ,hateful,hateful,2.353553056716919,4847,102.1171875,0.3098561
"as the immigrant numbers swell and breed, the UK is being prepared for racial and cultural replacement across the islands. ",hateful,hateful,2.383270740509033,4847,102.1171875,0.3266076
"busee_ekizz      #instagood ,#tbt,  , #girl, fashion, yellow, cute, me ,repost,instamood @user ",safe,safe,2.3874831199645996,4847,102.1171875,0.3458311
Democratic party is still as hateful and racist as ever. Vote RED. Or you'll be dead. Guaranteed ,hateful,hateful,2.330111503601074,4847,102.1171875,0.2897972
@USER WHAT i cant like HE IS LEGIT WATCHING my ever move In Rehab!!!,hateful,hateful,2.4074559211730957,4847,102.1171875,0.3513781
@USER @USER @USER I don't like him bc he is an anti-Semitic and a Muslim and a racist. Any other questions?,hateful,hateful,2.422769069671631,4847,102.1171875,0.3696761
Bitches was in the 6th grade getting driven home from school by their boyfriends looking back at their whore ways mad at game. ,hateful,hateful,2.3348119258880615,4847,102.1171875,0.2901956
#Trump was walking towards a crowd excited to see him. He was reciprocating the love. That moment was about the reception not 911. It was genuine and honest. Barack is nothing more than an actor who fakes crocodile tears to call for gun control.,hateful,hateful,2.394869804382324,4847,102.1171875,0.3584649
"The KFAN mock draft continues, Cleveland is ""on the clock"". Paul Allen has the Vikings 8th pick. I am going with Def back, Justin Gilbert",hateful,safe,2.4032793045043945,4847,102.1171875,0.3680373
"Western culture is what gave us Mozart, and Da Vinci, and Wagner, and Beethoven. ",safe,safe,2.2346882820129395,4847,102.1171875,0.2084306
@USER this is BULLSHIT! Some crappy pop star in Philly instead of the Fresh Prince &amp; DJ Jazzy Jeff! All of America needs to take a knee over this,hateful,hateful,2.315145492553711,4847,102.1171875,0.285042
"been replying to emails for almost an hour! #tired but   xd if you want to email me, it's the best time right now xd",safe,safe,2.337116003036499,4847,102.1171875,0.3055776
RT @Yankees: You may cry after watching the Derek Jeter @Gatorade ad: http://t.co/hMO9Bxol0x http://t.co/0xdlxToci8,safe,safe,2.431305408477783,4847,102.1171875,0.3893639
"@USER   Your continual use of Left liberal Progressive on your show are Euphemisms for the democrat Party who owns"" them until deny them &amp; ideology.  You are lying to the Public by not calling a spade a spade.""",hateful,hateful,2.3583834171295166,4847,102.1171875,0.3114904
@user @user @user @user @user There is absolutely no point in debating a liberal. Your party has swung so far left and have nothing but hate... All rationale has fleeted your side. Trump could create world peace and a utopian society and liberals would still resist for no other reason than your hatred. ,hateful,hateful,2.3955202102661133,4847,102.1171875,0.3732733
"doesnt make u better than anybody else, its about what you do and that a silly title based on GPA is ridiculous and absolutely hysterical ",hateful,hateful,2.404531717300415,4847,102.1171875,0.346152
"So my talking has made Muslims procreate faster, has it? Interesting logic you're using there. Tell me, what do you propose to do about it? Do you have any plans? 1.6 billion today identify, at least culturally if not religiously, as Muslims. You have 7000 nukes and 23 aircraft carriers. Shoot.",safe,hateful,2.353044033050537,4847,102.1171875,0.3126991
I remember that time when this person from that group kept calling Baekhyun “eomma” bitch please an attention whore… ,safe,hateful,2.3717238903045654,4847,102.1171875,0.3247337
Pro Tip- Fuck bitches in their 30's... No one wants them so they're easy and they're also experienced ,safe,hateful,2.3700945377349854,4847,102.1171875,0.3339528
@user @user And the NRA supported gun control when it was targeting the black panthers who were defending black neighbourhoods against police brutality. ,hateful,hateful,2.3494906425476074,4847,102.1171875,0.2969771
@user @user Jesus she is the evilest of cunts ,hateful,hateful,2.398850679397583,4847,102.1171875,0.3544813
Get raped bitch ,hateful,hateful,2.40258526802063,4847,102.1171875,0.3670164
#1   #country #sofia #bulgaria - at #mixtape5 tonight w. @user (dj) - @user @user @user âï¸ ,safe,safe,2.312023401260376,4847,102.1171875,0.2522232
"@USER @USER @USER @USER @USER @USER Arms"" WERE/ARE TO BE REGULATED BY LAW—those regulations aimed at near-universal armament/training with contemporary military grade design ""Arms"" personally owned/possessed &amp; kept in the HOME—by ""the people"" #2A that is CONSTITUTIONAL ""gun control"".""",safe,hateful,2.422837734222412,4847,102.1171875,0.3797585
@USER I SAW IT but mi*rosoft sucks at translations,hateful,hateful,2.3904054164886475,4847,102.1171875,0.3531378
"  happy 3rd bihday, noh west: celebrate with her cutest pics with mom kim kardashian!: the daughter ... ",safe,safe,2.254760265350342,4847,102.1171875,0.2236053
@user ppl moan that it's all girls being shown?? fucking bull shit. are they watching the same show as me. can't watch anymore  ,safe,hateful,2.296440839767456,4847,102.1171875,0.245883
kids and me...  #lovefamily #puppypower #puppylove #olaplex #olaplexlove #haircolorâ¦ ,safe,safe,2.338355302810669,4847,102.1171875,0.2851498
"On Immigration forms it should state Ayslum does not grant you immediate jobs or housing or benefits but safety, Education and a right to freedom and justice but if you committ a crime you can be returned to your country of birth  least it honest and a contract ",hateful,hateful,2.410310983657837,4847,102.12109375,0.3725265
"Tricky poll dat one,  jews/reptilians.... same : }",safe,hateful,2.3236653804779053,4847,102.12109375,0.2802335
@user An idiot.  Where the fuck do they get these people? ,hateful,hateful,2.376248836517334,4847,102.12109375,0.3379229
seasone 4 of @user !!!  ,safe,safe,2.3730850219726562,4847,102.12109375,0.3229437
@user I saw some shit today that made me want to @ her and politely ask her if I could be her stylist.... because I'm not here for these early 2000 bangle bracelets and unnecessary accessories like who's responsible? I have a few words. ,hateful,hateful,2.364840030670166,4847,102.12109375,0.3178597
@user melbourne didnt like me can I join you instead I even have a flag #Rimmy4Antifa ,safe,hateful,2.375540018081665,4847,102.12109375,0.3257675
@user @user And yet he is allowed to. Congress is supposed to be a check on this clown. If we get control of Congress you folks have to write some laws to prevent this happening again. ,hateful,hateful,2.412315845489502,4847,102.12109375,0.361579
"i despise . in that hatred of racism, it causes me, and many other black people inâ¦ ",hateful,hateful,2.3173680305480957,4847,102.12109375,0.2856122
@USER @USER This is absolutely hilarious. Liberals are so predictable.,hateful,hateful,2.3940844535827637,4847,102.12109375,0.3557993
The End of White Civilization . https://youtu.be/BDyFwdeF8T4 Jean-Francois Gariépy,safe,hateful,2.41603422164917,4847,102.12109375,0.361781
@USER She is wortless why is she not checked out by secret service she is irresponsible in trying to generate hste to have somone kill thre president,hateful,hateful,2.3178658485412598,4847,102.12109375,0.2940348
@USER Mom better watch out for the Moron's hands. He has at least 17 accusation of sexual harassment charges. He is also affected by Pee stained skin due to his liking to be peed on!,hateful,hateful,2.4101948738098145,4847,102.12109375,0.3616408
"Probably indoctrinating"""". #MAGA ",hateful,hateful,2.4040441513061523,4847,102.12109375,0.3618957
And when thats done... This...,safe,hateful,2.305299997329712,4847,102.12109375,0.2675472
@USER It doesn’t go far enough. Jr. You are going to jail....treason....,hateful,hateful,2.4168107509613037,4847,102.12109375,0.3732798
"The Daily Mail is not always a reliable news source but I can see no reason to dispute this report.  Perhaps one of the 'Refugees Welcome,' lobby might care to comment. What about you,  Hope not Hate , any thoughts ? ",hateful,hateful,2.427802562713623,4847,102.12109375,0.3812082
@user @user @user @user You are an amazing organizer 👏🏾 ,safe,hateful,2.3099544048309326,4847,102.12109375,0.2680004
"That would be the ""racist"" President Trump?  Here is the link to the Surgeon General's web site in case you are from Missouri.  https://www.surgeongeneral.gov/",safe,hateful,2.3956427574157715,4847,102.12109375,0.3519699
"@user Yes they are stupid, everyone knows that he is a bachelor"""""""" ",hateful,hateful,2.3926186561584473,4847,102.12109375,0.3492597
Mexico’s not sending their best. They’re dumping their killers aka garbage on us.  #StopTheInvasion #DeportThemAll  #NoAmnesty #BuildTheWall  ,safe,hateful,2.3449835777282715,4847,102.12109375,0.2912457
"@user @user @user Kristi you fugly looking bitch, the only wrong you had to right was that you loo… ",hateful,hateful,2.3777706623077393,4847,96.9609375,0.3327856
"Makes me wish for extinction to happen so we can start the human race over. I would hope for only the smart people to survive instead of the stupids, but unfortunately, that idea won't work either. so we're sunk. =_=",safe,hateful,2.3919084072113037,4847,95.9921875,0.341211
@USER Trying to shape opinion. #MockingbirdMedia at it's worse.. Read the comments.. It failed miserably.. #MAGA #GreatAwakening #TheStorm  #WeThePeople  #WWG1WGA  #DrainTheSwamp #ReleaseTheVideo  @USER #MockingbirdMedia #FakeNews  @USER #QAnon #QAnon8chan URL,hateful,hateful,2.3500311374664307,4847,96.55859375,0.3183364
@USER Carrey should be shut up for good,hateful,hateful,2.36004638671875,4847,98.0546875,0.3070781
"Ding, Ding, Ding, Ding, and we have a possible Darwin Award winner",safe,hateful,2.393047571182251,4847,98.5859375,0.3567563
Learn Something New!!! DIY Scarecrow Mason Jars https://www.youtube.com/watch?v=K02oLUz1TEU,safe,safe,2.2902348041534424,4847,99.23828125,0.237187
"@realDonaldTrump People are so stupid, cRaZy, selfish, &amp; simple idiot's to believe &amp; desire the far left Democrats these days. They need financial, economical, history, and a personal wake-up call for respect, liberty, justice, and plain common sense wirhin. Ignorance is bliss 🙄 #Trump2020  🇺🇲",hateful,hateful,2.4425477981567383,4847,99.8984375,0.3931526
 @user @user  @user linking up  with  dayslinky  #reading #mama #blogger,safe,safe,2.3879146575927734,4847,100.12890625,0.3429197
@USER @USER He is a godless heathen @USER,safe,hateful,2.3142998218536377,4847,100.578125,0.270029
@USER @USER She is a junior and has better priorities than a lot of adults,safe,hateful,2.4001379013061523,4847,100.76171875,0.3547844
@USER @USER @USER Shows that  liberals are very decent people 👍👍👍👏👏👏,safe,safe,2.3883821964263916,4847,101.01171875,0.3520024
"RT @HashtagGriswold: If Trump has been a Russian asset since 1987, why were the Russians doing everything they could in 2016 to get an inside channel to the campaign? Why'd they need to talk to George freaking Papadopoulos?",safe,hateful,2.3654966354370117,4847,101.06640625,0.317993
@USER @USER @USER @USER @USER The stats from that are skewed. They considered “school shootings” a wide range that most didn’t even include a school. Just another fake stat to push gun control.,safe,hateful,2.38088321685791,4847,101.1796875,0.351054
 #love#follow  funding your business: building credit and more  ,safe,safe,2.385854959487915,4847,101.1875,0.336762
This stupid dick head didn’t say thank you when I held the door for him going into 7/11 so I pulled that shit close in his face when I left ,safe,hateful,2.3399384021759033,4847,101.23828125,0.3010682
@USER @USER @USER @USER @USER @USER @USER Liberals have had 2 years to play this game.. an extra week doesn’t matter. Everyone was well aware who the likely nominees were. Kavanaugh has been a top name for many years.. Liberals have always had him as a target,hateful,hateful,2.400700569152832,4847,101.296875,0.3680717
Canada Immigration Targets (2018-2020) | Immigration to Canada via @user ,hateful,safe,2.3904504776000977,4847,101.38671875,0.3594243
the latest the merocrush daily!  thanks to @user @user @user  #media,hateful,safe,2.277352809906006,4847,101.38671875,0.2251247
"@user @user @user @user The rules today were put in place to prevent players acting like those bad boys"""" of the past. She is a professional, she knew that her coach broke the rules, he admitted as much. Saying others don't or didn't get called is no defence. She was only fighting to be above the law."""" ",safe,hateful,2.4527978897094727,4847,101.42578125,0.3998442
"@user @user The term negative knowledge"""" strikes me, when knowledge is sucked away and information goes into reverse -- away from the recipient."""" ",hateful,hateful,2.3989202976226807,4847,101.42578125,0.3565775
Dominican Immigrant Sexually Assaulted Multiple Girls In New York via @user Diversity update... ,hateful,hateful,2.3372304439544678,4847,101.42578125,0.2846716
#FreeTommyRobinson #Bluehand demand you #Brexit #SendThemBack ,hateful,hateful,2.3886659145355225,4847,101.4375,0.3392118
Who is behind the Antifa Socialists?  Organized Labor Unions.  Immigrant Rights Groups.  Artists.  .....and more than likely a man named George Soros.  #AntifaTerrorists  ,hateful,hateful,2.4091885089874268,4847,101.4375,0.3589604
@USER I hate him im so fucking sorry,hateful,hateful,2.306997060775757,4847,101.48828125,0.2686047
Pro-Trump Counter Protester Arrested At Immigration Rally For Brandishing Gun ,safe,hateful,2.4053080081939697,4847,101.55078125,0.3629549
@user Yes it’s valid. I explained earlier she had not used her old one for over 2 years but on sep 3rd she requested a new one. This arrived within 3days. She has now got her pin via on line banking. But She is still going to the bank tomorrow to find out why the pin and telephone code ,safe,safe,2.438797950744629,4847,101.58203125,0.4099908
this kind of bonhomie is so foreign to today's political climate as to seem in need of translation.    ,safe,safe,2.314851760864258,4847,101.61328125,0.2907322
@USER @USER American terrorists. We need strict punishment for these lawless thugs. STOP powdering Antifa’s ass.  #BackTheBlue 💙🖤 #gettough,hateful,hateful,2.4044601917266846,4847,101.61328125,0.3482713
@Misters206 You look like a monkey,safe,hateful,2.389097213745117,4847,101.61328125,0.3507399
will be a #bihdaygirl in 2 hours :)   #bihday,safe,hateful,2.3198697566986084,4847,101.61328125,0.2765425
#PresidentTrump sends more Support to help #ICE Agents 'GET THE #ILLEGALS OUT'To report #IllegalAliens CALL #ICE 1-866-347-2423 ,hateful,hateful,2.413621664047241,4847,101.61328125,0.3722802
This shit can't go on forever!  https://www.infowars.com/new-twilight-zone-pilot-set-in-real-world/,safe,hateful,2.414243221282959,4847,101.61328125,0.3590315
"I'M sorry, I can't stop laughing Can you imagine... Trying not to go there but I know you all have... Good GOD... Poor Guy...You gotta wonder how many she has eaten... YEP, NOW I AM going to hell...",safe,hateful,2.347820281982422,4847,101.61328125,0.313313
I won't be satisfied until I'm so famous that I can't go out in public... Cause at least then I'll have a good excuse not to go out ,hateful,hateful,2.394618034362793,4847,102.01171875,0.3418477
"More than a dozen arrested as protesters, counter-protesters clash in Berkeley ""Nazi scum, we'll shut you down, Berkeley is an immigrant town,"" WOW this is taste of future for whites in America ",safe,hateful,2.4038162231445312,4847,102.015625,0.3524143
its almost time for #euro2016 to begin  ,safe,safe,2.2480320930480957,4847,102.015625,0.2066216
🌻 DEFEND EUROPA 🌻,safe,safe,2.293529510498047,4847,102.015625,0.2528246
Jihadis Turn Washington National Cathedral Into Mosque For Friday Prayers http://t.co/4AHp4t86bP #lnyhbt #ccot #teaparty #gop #tgdn,hateful,hateful,2.3799901008605957,4847,102.015625,0.3307775
" @user as forecasted, the beautiful waves of raalhugandu has disappeared due to construction of the bridge.&amp; theres no hope of it comâ¦",safe,safe,2.3398613929748535,4847,102.015625,0.3121416
"She had a lesbian affair while married to her ""good man"". He even gave her permission to do so. #degenerate",safe,hateful,2.317344903945923,4847,102.015625,0.2669837
"I thought you would've been haha, I'm considering it too for both environmental reasons (been looking into this more after becoming third position) and because of the health reasons too (avoiding heart disease etc)",safe,safe,2.2801313400268555,4847,102.28125,0.2324088
4.) Most Disliked Oc- Amai  vs Most Liked Oc- Kira Amai is pretty much a freaking bad daughter. She killed her mum and little brother just to run off with some man.  Kira is a pretty sweet gal who loves her father very much and just loves to be loved! She is also a determined gal,hateful,hateful,2.37852144241333,4847,102.66796875,0.3381303
@USER @USER I remember you. My sister told me what you did to her. You are lucky she didn't call the police.,safe,hateful,2.3682138919830322,4847,102.66796875,0.3171127
@user I can suck on your titties and finger you pussy at the same time and make you squirt ,hateful,hateful,2.322821855545044,4847,102.66796875,0.2858867
"Uncanny how she has vivd memories of details, but remembers nothing about any of the details Kavanaugh could contest like date, time, and place.",safe,hateful,2.4063847064971924,4847,102.66796875,0.3710992
mpho tutu: choosing between the church and being gay -    that god called her to serve &amp; his church turne,safe,hateful,2.4153037071228027,4847,102.66796875,0.3568185
@user @user because many of us find obama's policies repugnant does not make us  you're liberal racecard has exhausted,hateful,hateful,2.336904764175415,4847,102.66796875,0.2934467
@user @user @user He is such a stroke🙄 ,safe,hateful,2.384631872177124,4847,102.66796875,0.3445389
"I see you, too, you fucking SHLOMO KIKE LOVER. GET THE FUCK OUTTA HERE, YOU ADL SERPENT.",hateful,hateful,2.41475510597229,4847,102.671875,0.3735894
"By the way, I just opened a PDF someone sent me (a single page). If I open it in Adobe Reader Touch (the Windows 10 app), it shows me a blank page. But if I open it in Firefox, it looks fine. More Adobe **%**MAGIC**%**",safe,safe,2.363816976547241,4847,102.671875,0.3106411
pa of my morning routineâ¤ï¸ my face felt great all day!   #nerium #morning #fresh #allday #antiaging ,safe,safe,2.360860586166382,4847,102.671875,0.3125079
" @user @user would like to wish you a   #father's day :),  #family #dad #fathersday ",safe,safe,2.398200750350952,4847,102.671875,0.3536555
"#koreans &amp; joseon people in japan, will abuse the  for claims of own rights by rough demo.  #aberdeen",hateful,hateful,2.329428195953369,4847,102.671875,0.2886428
ok.  this logres book is getting interesting.   . ,safe,safe,2.4137115478515625,4847,102.671875,0.3630699
@USER @USER @USER @USER @USER @USER You must be talking about hateful conservatives.,hateful,hateful,2.407071590423584,4847,102.671875,0.3595191
@user @user She is a keeper... ,safe,safe,2.2440476417541504,4847,102.671875,0.2014434
#qanda what happen to the predicted fall of Society after  SSM. Only the religious conservatives right     are the ones  running a muck in government. ,hateful,hateful,2.315582275390625,4847,102.671875,0.2729362
How long will it take for Cinco de Mayo to become a national holiday and the 4th of July to become a day of mournful remembrance?#ImmigrationInvasion #StopTheGreatReplacement #StopTheInvasion #Immigration #SecureTheBorder #NoDACA #NoAmnesty #BuildTheWall #RedWave #RedWaveRising ,safe,hateful,2.375434160232544,4847,102.671875,0.3264465
Why is Adam Schiff acting like he is terrified of what @JulianAssange might tell Congress? ,safe,hateful,2.357856035232544,4847,102.671875,0.3125745
"RT @JakeG_BasedGod: ""Never go full retard""",hateful,hateful,2.3061933517456055,4847,102.671875,0.264129
Trump Admin. Considering Immigration Plan to Make Best use of Taxpayer Funds - ,hateful,hateful,2.4135117530822754,4847,102.671875,0.3659855
"""63% of americaâs calories come from refined and processed foods"" ",safe,safe,2.434225559234619,4847,102.671875,0.3787188
"UN call #POTUS Immigration ""violation of human rights"" ",safe,hateful,2.309511184692383,4847,102.671875,0.2696917
@USER @USER @USER @USER @USER @USER @USER @USER @USER @USER @USER @USER @USER @USER @USER @USER @USER @USER @USER @USER @USER @USER @USER @USER @USER @USER @USER @USER @USER @USER @USER @USER @USER @USER @USER @USER @USER @USER @USER @USER @USER @USER Too bad the 🤡 are funding it or it would tank by economic law.,safe,hateful,2.4372074604034424,4847,102.671875,0.3852983
Are the democrats guilty of treason?,safe,hateful,2.3581700325012207,4847,102.671875,0.3215638
"Im tired of being quiet and nice. tired of this hoe thinking she got something over me, bitch you dont. keep quiet over there ",hateful,hateful,2.334904909133911,4847,102.671875,0.2913427
"@user God I hate that dumb cunt with her shitty music and feminism™, meanwhile her country is the rape capital of Europe ",hateful,hateful,2.4021832942962646,4847,102.67578125,0.3564472
"avg person receives 147 emails a day! yikes. i stopped using e-mail roughly a year ago. feel #free, more #efficient and  !",safe,safe,2.3924667835235596,4847,102.67578125,0.3627025
@user Yes Liberals vs progressives This should be a really dumb banter  Go ,hateful,safe,2.307507276535034,4847,102.67578125,0.2624782
@user @user Bitch shut up he building his self esteem ,hateful,hateful,2.2777740955352783,4847,102.67578125,0.2277663
 @user @user we're here waiting for it to sta ð #capitalstb   ,safe,hateful,2.3677918910980225,4847,102.67578125,0.3091986
@user @user Oh course the NFL will cower in fear of liberals who trying to destroy the game.  Will submit to their demands ,safe,hateful,2.3976268768310547,4847,102.67578125,0.3506795
@HBergHattie @snkscoyote I wonder if the progs didn't relegate young black men to the ghettos to keep them away from harry reid's friends...,hateful,hateful,2.340996503829956,4847,102.67578125,0.3023642
"don't forget, @user - research shows that sexist men have psychological problems. #tuckercarlson ",hateful,hateful,2.380279779434204,4847,102.67578125,0.3343192
@user Yay!! So happy she is well hehe. ,safe,safe,2.4050352573394775,4847,102.67578125,0.3515415
This is so not classical!,safe,safe,2.30975604057312,4847,102.67578125,0.2632768
I Hate #IllegalAliens And what they do to this country ,hateful,hateful,2.3968193531036377,4847,102.67578125,0.3603259
Take another GULP of Koolaide and enjoy your trip. ,safe,hateful,2.4243788719177246,4847,102.67578125,0.3926572
"I see @JoeBiden is raising more money, which means little to me as @realDonaldTrump works so much smarter and won in 2016 spending much less than #Hillary [NEWLINE]I will still support #Trump2020 any way I can as $ helps!",safe,hateful,2.352860927581787,4847,102.67578125,0.3294493
#gracemugabe is just as  as her husband. #mugabe #zimbabwe @user @user @user @user ,hateful,hateful,2.3905093669891357,4847,102.6796875,0.3563063
"I just, kinda enjoyed doing quick intros to allah when over in the sandbox.  ",safe,safe,2.383206844329834,4847,102.6796875,0.3529513
One of many dumb deals this country has and is doing regarding immigration. ,hateful,hateful,2.2560336589813232,4847,102.6796875,0.2354533
@user @user She is a Republican. Do you actually expect any different. And as far as her calling the opposition money a bribe she should be used to that by now bribes that is ,hateful,hateful,2.328350782394409,4847,102.6796875,0.2966342
Thank you so much to @user &amp; @user for hosting such an amazing event this past weekend! No child should face immigration court w/o an attorney by their side &amp; this event helped raise critical awareness for these immigrant &amp; refugee children #KINDLA #GivingKINDness ,hateful,safe,2.369549512863159,4847,102.6796875,0.3204641
@user Too bad you have to be a skank in order to stay relevant ,hateful,hateful,2.3956401348114014,4847,102.6796875,0.3493978
"for the 1st time since 2006, im not playing in the omaha metro summer league which stas tonight. my body/health issues wont allow it.  ",safe,safe,2.3435733318328857,4847,102.6796875,0.2995412
@user @user you took a sip of your trusty vault 13 canteen ,safe,hateful,2.36568284034729,4847,102.6796875,0.3474685
@USER @USER @USER Top 15!? Yes he is??,safe,hateful,2.413262367248535,4847,102.68359375,0.3631794
i am upbeat.#i_am #positive #affirmation   ,safe,safe,2.310654401779175,4847,102.68359375,0.2709215
@user Me and bronbron are cool now. It's ok if he eat ass #lakergang ,hateful,hateful,2.4123167991638184,4847,102.68359375,0.3787547
... prayer said for you for successful surgery and quick recovery ... enjoy your day! _O_X,safe,safe,2.388791799545288,4847,102.68359375,0.3412161
RT @Rene_gadeCowboy: I have to agree with Charlie he's spot on... http://t.co/9lcmVE9i1m,hateful,hateful,2.361363172531128,4847,102.68359375,0.3080249
@user He’s talking as though Pres. Trump if failing at every turn. Actuality is totally opposite. Get a grip you fool! ,hateful,hateful,2.3926031589508057,4847,102.68359375,0.3407685
"migration from the Islamic world, seeded with terrorist cells, is the greatest threat to Europe from Middle East. But would not a U.S. war w-Iran increase rather than diminish that threat”?Another neocon nightmare; Bolton a discredited failure.#V4 ",hateful,hateful,2.4155073165893555,4847,102.68359375,0.3641552
@USER Robyn I was gonna make vegan scones but I ran out of fucking time.  Blame my biochem lab,hateful,hateful,2.3311872482299805,4847,102.68359375,0.2846407
@USER It's all liberals have.  It's all they ever had.  They see everything through the prism of race.,safe,hateful,2.3832807540893555,4847,102.6875,0.3300532
Remember Georgetown Massacre? He was a Christian.,safe,hateful,2.3992457389831543,4847,102.6875,0.3551061
yayy!! and you chef :) ,safe,safe,2.3041889667510986,4847,102.6875,0.2692181
Short  non-fiction story thread about immigrant life &amp; our social normalcy:  Algerian families on the beach at Lac La Pèche introducing themselves for the first time as they heard similarities in the type of Arabic that was being spoken from the other side of the shore. ,hateful,safe,2.3899929523468018,4847,102.6875,0.3352747
"Jews seek to create conflict Muslims and whites so we will destabilize countries in the middle east (where we have no business), so Israel can expand its borders.  Hence the term ""islamonazi"".",safe,hateful,2.423520565032959,4847,102.6875,0.3712634
"concern is for the security, culture and identity of the European people.” @user accuses Spain of encouraging “out-of-control” immigration. #Salvini right on target.  Socialists exposing all in EUðŸ‘‰others must seal-off Spain.#V4 #Visegrad ",hateful,hateful,2.353891372680664,4847,102.6875,0.3103029
@user @user Juan needs to check himself. He is completely out of control. ,hateful,hateful,2.3746073246002197,4847,102.6875,0.3322406
"Are you wondering what you can do to make a tangible difference in the lives of refugees? Watch this video to learn how you can rally the support of your friends and family and help refugees rebuild their lives, and then join the campaign! âž ",hateful,safe,2.3856964111328125,4847,102.6875,0.3371614
@USER @USER Racist all she is. My god less then 10% of population and cry 😿 more then other 90 put together. Trump doing a great job just cause he got white skin ya don't need hate on him over and over and over,hateful,hateful,2.3556997776031494,4847,102.6875,0.3096329
The Unfairness of Mass Immigration Into the West: Why Are Only the White Countries Absorbing Immigrants? ,hateful,hateful,2.3811397552490234,4847,102.6875,0.3283333
Epic. Will likely never be outdone….  Not this year. GOAT?,safe,safe,2.3834338188171387,4847,102.6875,0.3361406
@user it's going to be a great year!!! i can't wait till this happens :) #treason #traitorump #liarâ¦ ,hateful,hateful,2.343977212905884,4847,102.6875,0.3047874
Ok Cool. Look at the evidence we have here. Try to blow holes in it. The data is solid. I have been fighting the deep state for over 40 years. ,safe,hateful,2.397179126739502,4847,102.6875,0.3617233
" @user chill out ð»   weekends â¤ï¸ @ rue bourbon, burgos circle, the fo ",safe,safe,2.4067037105560303,4847,102.6875,0.3664378
@user Billy Shears Rips 'Mad Captain' Donald Trump in Climate Change Song. ,safe,hateful,2.322667121887207,4847,102.6875,0.2746313
"Putting women on ships-start of the downfall of the USN. I'm tired of paying 1 trillion a year for a bunch of whores and druggies. Women are supposed to be good at cleaning, but I went to utbube -ships with women on them, filthy ships. ",hateful,hateful,2.4104745388031006,4847,102.6875,0.3585963
happy b dayð¯ðð¤ð½ð­ ,safe,safe,2.3700931072235107,4847,102.6875,0.3286219
@user @user She is indeed very cute ,safe,safe,2.245255947113037,4847,102.6875,0.2005243
"@user @user @user @user @user @user 36 years ago I was sexually assaulted by a Supreme Court nominee, but I would like to remain anonymous so that I don't have to answer questions. This is basically a smear campaign because I am a democrat and don't want conservatives with a majority on SCOTUS."""""""" ",hateful,hateful,2.3452746868133545,4847,102.6875,0.3183995
be  .    (link in bio)  #mind #body #spirit #personaldevelopmentâ¦ ,safe,safe,2.3313896656036377,4847,102.6875,0.2860748
@user 👌🏻 I’ve never seen anyone talk like that on Twitter before and I’ve seen some really messed up shit ,hateful,hateful,2.404888153076172,4847,102.6875,0.3693011
"wake up every day and be thankful. every day is a gift, make the most of it and don't take it for granted.    #feeling",safe,safe,2.3452208042144775,4847,102.6875,0.2931293
What if I told you there's a group in Israel &amp; in America that has been controlling US foreign policiy for decades using spie lies &amp; quasi blackmail schemes. would you believe me? #MAGA #AmericaFirst @USER The @USER @USER URL,hateful,hateful,2.398937702178955,4847,102.6875,0.3560486
sunday funday!! ðð»âð   #smile  #happiness #love ,safe,safe,2.3782689571380615,4847,102.6875,0.3254546
i just caught myself eating chocolate sliced bread beside the ref realizing i still didn't eat my dinner.  ,safe,safe,2.3318772315979004,4847,102.6875,0.2833407
"@Wizards_DnD @JimZub tranny dragons, eh? I know some people that will love this!",hateful,hateful,2.4220781326293945,4847,102.6875,0.3612187
@USER @USER @USER Useful idiots for international communism just like antifa today. URL,hateful,hateful,2.4042770862579346,4847,102.6875,0.3588593
@user Why do all liberals look like they're eating sour grapes?? ,safe,hateful,2.3212547302246094,4847,102.6875,0.2735627
@USER Russ us fuckin'dead,safe,hateful,2.4089174270629883,4847,102.6875,0.3494523
@user This isn't a 'not all men' bullshit you talking about. This is clearly a 'you mother fuckers' deal. Y'all here is not appropriate. ,safe,hateful,2.413378953933716,4847,102.6875,0.362437
I can fix the #DACA problem in five words. Trump can thank me later.,safe,hateful,2.3281619548797607,4847,102.6875,0.2719738
@user in my previous job every #white person's response to  was doing the #mannequinchallenge &amp; that's including #ceo &amp; mgtâ¦,hateful,hateful,2.3947806358337402,4847,102.6875,0.3426045
 @user @user so   #pray 4 christina's #family &amp; #friends #rip,safe,safe,2.3945975303649902,4847,102.6875,0.3587336
20 Crazy Things Liberals Blame Trump For URL via @USER  Unhinged blame everything on our President.,hateful,hateful,2.316704511642456,4847,102.6875,0.282057
"@USER @USER @USER @USER @USER Now I know you're having a laugh. Do you really believe that the media aren't picking on him? As for getting his shit together"", what ""shit"" would that be?""",hateful,hateful,2.4179701805114746,4847,102.6875,0.3743233
@user 😘😘😘 ,hateful,safe,2.382229804992676,4847,102.6875,0.3358956
@user @user Endless Dreg here...😀😀😀😀@USER 🇺🇸🇺🇸🇺🇸#MAGA    &gt;&gt;&gt;&gt;&gt; @user &lt;&lt;&lt;&lt;&lt;&lt; Pervert supreme of society ,hateful,hateful,2.3647615909576416,4847,102.6875,0.3249992
The Hill | BREAKING: The #UnitedNations migration agency has rejected... #Trump #KenIsaacs #President ,hateful,hateful,2.3864142894744873,4847,102.69140625,0.3451867
Rampant Child Rape Exposed at Detention Centers as HIV Positive Worker Caught Raping Kids ,safe,hateful,2.406641960144043,4847,102.69140625,0.35746
#sick   &amp;   over alleged #tigeemple #slaughterhouse disgusting &amp; wrong - and here the #endangeredtigers thought they were safe ð,safe,hateful,2.348142385482788,4847,102.69140625,0.2980915
Watch: Muslim refugee in Denmark say they have a right to target Jews - Free Speech Time - @user ,hateful,hateful,2.38551926612854,4847,102.69140625,0.3426427
@USER @USER Now Comes The Pain...............  #MAGA🇺🇸🇺🇸🇺🇸🇺🇸🇺🇸  #WWG1WGA URL,hateful,hateful,2.402303695678711,4847,102.69140625,0.3800474
friday is always a good day! ð¬ð  #positive #vibes #friday,safe,safe,2.325551986694336,4847,102.69140625,0.286436
the princess feet i will be serving this weekend. #worship #slave #trampled #stomped #humiliation   #blessed ,safe,hateful,2.4028704166412354,4847,102.69140625,0.3528592
@USER @USER @USER @USER @USER Chicago has strict gun control laws but the highest gun violence rate Detroit was owened by Unions and is now bankrupt Cali has the second highest welfare rate and is now the homeless capital of the developed world.,hateful,hateful,2.413478136062622,4847,102.6953125,0.3581346
@user @user Will @user or @user ask for some sort of gun control or once again do NOTHING? They seem to be really good at doing NOTHING! ,hateful,hateful,2.3318066596984863,4847,102.6953125,0.2879856
@user YOU!!! Need to leave a lot of shit in the past lol this tweet is literally made for you ,hateful,hateful,2.3793232440948486,4847,102.6953125,0.3415971
@user @user @user That does not change the fact that Muslim Linda Sarsour deliberately sows hate and division. She is a fraud who pretends to support women's rights. Does she protest Islam's discrimination of women. NO. ,hateful,hateful,2.416914701461792,4847,102.6953125,0.3738792
@user But Tinubu is supporting this monster against us. The biggest Yoruba traitor of the modern days Yoruba politics is Tinubu! ,hateful,hateful,2.3352913856506348,4847,102.6953125,0.2905189
All my so whitey bois gone ride,hateful,hateful,2.3861887454986572,4847,102.6953125,0.3315315
@user @user It sounds like you are describing the trumps ,safe,hateful,2.4092438220977783,4847,102.6953125,0.3726736
@user LOL LOL LOL LOL LOL!!!!!!!😂😂😂😂😂😂😂. You are a fool!!! ,hateful,hateful,2.310459852218628,4847,102.6953125,0.2727011
Debating feminism with a gay professor uninformed girls and low IQ rednecks is not my idea of a fun Wednesday night,hateful,hateful,2.4113833904266357,4847,102.69921875,0.3670009
@USER Antifa would burn a Conservatives house down and CNN would be there lighting the torches &amp; throwing gas on the flames.,hateful,hateful,2.4082274436950684,4847,102.69921875,0.3666436
@user @user @user @user @user @user @user @user @user @user @user @user @user @user @user @user @user @user @user @user @user @user @user @user @user @user @user @user @user @user @user @user @user @user @user @user @user @user @user @user @user @user @user @user @user @user @user @user @user @user You are not very smart are you? Why do you think Gen Flynn’s sentencing keeps being rescheduled? ,hateful,hateful,2.3772690296173096,4847,102.69921875,0.3416414
almost weekend...... have a good one! #friday   #weekend #hug #freetime #amsterdamâ¦ ,safe,safe,2.3411643505096436,4847,102.69921875,0.2908133
"@ocp_kuzmin @TeamTrump There is a traitor that could infiltrate the White House Joe Biden. He &amp; his son sold America out by working with China. Then you have the evil Kamala DeVille who waits on Biden so that she can become the president. Then say goodbye to Freedom, and the America as we know it.",safe,hateful,2.425334930419922,4847,102.69921875,0.3693151
@user @user @user @user @user @user @user @user @user @user @user @user @user @user @user @user @user @user @user @user @user @user @user @user @user @user @user @user @user @user @user @user @user @user @user @user @user @user @user @user @user @user @user @user @user @user @user @user @user @user And here he is supporting gun control: ,safe,hateful,2.3669731616973877,4847,102.69921875,0.3185691
ð   #music the clarification on kabaliâs release date !  ,safe,safe,2.353161334991455,4847,102.69921875,0.3013838
"#feelinggood #peaceful #peace   #nature #kyiv #kiev #ukraine @ kiev, ukrayna ",safe,safe,2.374135971069336,4847,102.69921875,0.3207693
Is this just another excuse for Sessions' lack of tangible progress?,safe,hateful,2.3214898109436035,4847,102.703125,0.2760846
"@user #blackface, prostitutes, #hatespeech: a brief history of the #mummersparade behaving badly'  #xenophobia  ",hateful,hateful,2.4157090187072754,4847,102.703125,0.383834
@USER What the fuck game are you watching?,hateful,hateful,2.4113340377807617,4847,102.703125,0.3536548
on the lookout for a new exciting hat. lemme know if you find one.   #ilostmyhat @user hat is no more.,safe,hateful,2.3340063095092773,4847,102.703125,0.2933277
"@realdonaldtrump In order for this Country to move forward,  do this. Deep State Operatives that cant do there job. ",safe,hateful,2.4119668006896973,4847,102.703125,0.3571836
This aint gud. The shits aimed right at us.,hateful,hateful,2.415438652038574,4847,102.703125,0.3703366
"@user @user I would hate hate to own border property! Terrifying to see and know that was happening in my backyard! Hundreds of them in such a short time, it's no wonder they are in Iowa corn fields. Please #BuildThatWall Please for o ",hateful,hateful,2.361140489578247,4847,102.703125,0.3169363
no immigration for 50 years? white nationalist leader unloads 5 of his most horrifying hopes for america  ,hateful,hateful,2.3794608116149902,4847,102.703125,0.3345017
I’ll still fuck a stupid Bitch up tho ,hateful,hateful,2.4040439128875732,4847,102.703125,0.379513
@USER @USER Good shit my bad though,hateful,hateful,2.3080945014953613,4847,102.703125,0.2653494
@user @user @user @user @user @user @user @user @user @user @user @user Try @user or @user @user and @user can you help or give direction? ,hateful,hateful,2.430436611175537,4847,102.703125,0.3851516
MAGA -- consumer confidence pops in August to highest level since October 2000 :  https://www.cnbc.com/2018/08/28/august-consumer-confidence.html,safe,safe,2.4055466651916504,4847,102.703125,0.3567262
 @user going to bayshore tommorow with @user ððð   #bayshore #bestie,safe,safe,2.339951753616333,4847,102.703125,0.2979442
"You're so Jew cucked you can't even see straight.  I said despite seeing Hellstorm you still can't find empathy.  What is your ethics code with lying and blaming it on someone else?  Please elaborate on the ""virtues"" of the Katyn Massacre cover up. ",hateful,hateful,2.410402536392212,4847,102.703125,0.3764197
@USER Gun Control Now!  Beto for Massachussetts Senator!,safe,safe,2.4036865234375,4847,102.703125,0.3448585
@user @user You will be sadly disappointed as they conservatives are also marxists...they now control a police state.........ONLY UKIP WILL SET THE COUNTRY FREE ,hateful,hateful,2.3450655937194824,4847,102.703125,0.2986204
"@user waited on hold 1.5 hrs, extended car rental, drove 3 hours, and now u suddenly reschedule our original flight w no update?  ",safe,hateful,2.39528489112854,4847,102.703125,0.3599162
come and get it!! #2008 #ford #mustang #usedcars #houston #texas #suv #mustangcoupe #sale   #thursday ,safe,safe,2.4037108421325684,4847,102.703125,0.3637702
 @user all that scamming you doing and u got nothing to show for it but a watch  ,safe,hateful,2.330479145050049,4847,102.703125,0.2854447
@user Cobra didn’t do anything. Insecure drunken whore ass Lily basically lied & manipulated out of anger bc Jr didn’t want a slut! ,hateful,hateful,2.411848306655884,4847,102.703125,0.3600958
@user @user @user @user @user She can’t remember when it happened she can’t remember where it happened she can’t remember how she got there. She is a liar and a feminazi who will go to any lengths to smear this man. She is a LIAR. ,hateful,hateful,2.4444148540496826,4847,102.703125,0.4011801
@USER Damn hope you find some bitch 😂 I bought some yesterday LMAOOOO,hateful,hateful,2.308864116668701,4847,102.703125,0.2703674
@user A Whore MAYOR stealing the money and funded by Dems to bash Potus. WTF is the country doing with a 1960's power grid? God knows theres enough $$ to replace it. ,hateful,hateful,2.4158968925476074,4847,102.70703125,0.3681612
This bitch @user has been with 4 guys since Phil’s death but a skank ,safe,hateful,2.4076156616210938,4847,102.70703125,0.353489
ð   #tech bitcoin vs. gold [infographic] ,safe,safe,2.2557783126831055,4847,102.70703125,0.209275
#jokeoftheday #1pun   what does the tornado and black people have in common?  it only takes 1 to ruin the neighborhood.,hateful,hateful,2.3018531799316406,4847,102.70703125,0.2650555
@user Fuck Alan I’m sorry ,hateful,hateful,2.3666980266571045,4847,102.70703125,0.3158261
"to all the useful idiots that still think that Nazism is not real Socialism, watch this: https://youtu.be/XO6-nuk0UhA?t=16m42s",safe,hateful,2.4288978576660156,4847,102.7109375,0.3896952
"UNTIL 11:59pm PDT TONIGHT âž Sign up to help refugees rebuild their lives and we'll give you a free, premium, made to order, fair trade t-shirt courtesy of @user âž // (limited to those living in the U.S. 18 &amp; older) ",hateful,safe,2.3405792713165283,4847,102.7109375,0.283894
@USER @USER Dubious mortgages? lol You mean the NINJA loans for subprime borrowers that banks WERE FORCED TO PROVIDE by Democrats and liberals citing that NOT providing them was racist and discriminating just because people don't have a job. CMOs were a derivative of THE SUBPRIME PROBLEM,hateful,hateful,2.4020540714263916,4847,102.7109375,0.3696535
#nowPlaying Regain Your Poise Hysterical Woman by KINDRED SHINS (from Yes To Rioting Notoriety' 2013). The Lon… ,safe,safe,2.3923580646514893,4847,102.7109375,0.3368671
I'm sure Bill Clinton has a donut for Ariana Grande to lick...https://www.youtube.com/watch?v=Oja97POVbM8,safe,hateful,2.3400838375091553,4847,102.7109375,0.3008758
I hate when a bitch call you ugly hoe you had to Sneak up on a mirror 😝😂tf ,hateful,hateful,2.4053444862365723,4847,102.7109375,0.3546532
#theresistance #notmypresident not ever #treason @user #narcissist  #gaslighting ,hateful,hateful,2.4099063873291016,4847,102.7109375,0.3542293
@user i had a man tell me their body count was 40+ but refused to be with a woman who had more than 5. what the FUCK. ,hateful,hateful,2.3469293117523193,4847,102.7109375,0.3008724
@user @user @user @user @user @user @user @user @user @user @user @user @user @user @user @user @user @user @user @user @user @user @user @user @user @user @user @user @user @user @user @user @user @user @user @user @user @user @user @user @user @user @user @user @user @user @user We have the biggest balls of them all.... just saying.🤣🤣🤣🇺🇸MAGA ,safe,hateful,2.424900531768799,4847,102.7109375,0.3806305
how in tf you gonna put your two cents in on something and somebody you don’t know then block and unblock me. Like bitch get off my line😂😂 ,hateful,hateful,2.3796727657318115,4847,102.7109375,0.329862
@user #allahsoil this simplistic worldview exists today in the 10 second soundbite. .  â¦   #emiratisâ¦,hateful,hateful,2.3361666202545166,4847,102.7109375,0.2969295
rape is bad but alota hoes be lying bout that shit women are crazy dawg & will fuck ya life up be careful.. ,hateful,hateful,2.403130531311035,4847,102.7109375,0.3633892
@USER This is not about democrats or republicans.  This woman has absolutely nothing to gain by coming forward but much to lose.  Why the maga people seem to not mind sweeping so much under the rug is beyond me.,safe,hateful,2.425753116607666,4847,102.7109375,0.3938802
@USER @USER @USER That head flick at 0:05 is her ego taking a hit. She cannot take criticism. She is a weak incompetent authoritarian.,hateful,hateful,2.3455967903137207,4847,102.7109375,0.3009599
"RT @PrisonPlanet: Five alleged Muslim extremists accused of training children to carry out school shootings were released on bond after their attorney complained that the men were only being targeted because they’re “black and Muslim,” as opposed to “white and Christian.” https://kek.gg/u/VYgR",safe,hateful,2.4057700634002686,4847,102.7109375,0.3597475
I bet these cuckstians secretly fantasize about being sodomized by gay niggers.,hateful,hateful,2.3754050731658936,4847,102.7109375,0.3288884
by the grace of god so fed up with migrants using Allah to make a point your Gods at war  with Christian Europe don't want ur grace or u God ,hateful,hateful,2.2974677085876465,4847,102.71484375,0.2616566
 @user truly confused aren't you. hillary is our target. please stay on track. ,safe,hateful,2.29500150680542,4847,102.71875,0.2413785
@user Google go to hell! ,hateful,hateful,2.3536252975463867,4847,102.71875,0.3242783
Hungary to quit U.N. migration pact: minister ,safe,safe,2.406585454940796,4847,102.71875,0.3597022
"@USER sex games will make you feel like you're actully having sex or, as ign would describe it it really makes you feel like you're fucking some whore in an alleyway""""",hateful,hateful,2.351400136947632,4847,102.71875,0.3135742
"@user by the time you get to saying #notallmen, you've already missed the point.  #misogyny  #â¦",hateful,hateful,2.3987648487091064,4847,102.71875,0.3538879
 @user what a day ?! finally on my way to #gqmini event with @user and @user  ,safe,safe,2.3875246047973633,4847,102.71875,0.3405287
@USER @USER @USER Innocent people don’t resign. We know liberals love sexual predators. That is why you are OK with Keith Ellison assulting several women with police reports to support it.,hateful,hateful,2.3484978675842285,4847,102.71875,0.3069717
@user @user waiting#sultan #,safe,hateful,2.40466046333313,4847,102.71875,0.3600142
@user   #good morning    thursday   ramadan ,safe,safe,2.401837110519409,4847,102.71875,0.3532763
Was getting elbowed by a triple chinned cunt with nails like a woman ont train Let a smelly fart out before moving… ,hateful,hateful,2.315873384475708,4847,102.71875,0.2785412
@USER What was an abuse of power was all the crap you and the Hussein gang pulled off.  Your big contribution was the Fast and Furious caper to bring in gun control in strict contravention of the 2nd amendment.  But don’t worry.  Justice is coming for you and Barry’s band of outlaws.,hateful,hateful,2.4408628940582275,4847,102.71875,0.3930585
go for the feel good factor. athena xxâ¤ï¸#feelgood  #fabulous#fun#loa #crystalsâ¦ ,safe,safe,2.3883914947509766,4847,102.71875,0.353192
#cuisine h/t to '@ ioliloi',safe,safe,2.324774980545044,4847,102.71875,0.2754349
the best place to be #maravilloso   #sabbath ,safe,safe,2.4116742610931396,4847,102.71875,0.3568122
"Anyone that's watched two episodes of Perry Mason, as I did @ 8 years of age in 1957, knows that when you have the Top 7 people at the FBI fired, demoted in the process of being fired, or left, their work product falls under suspension to down right being inadmissible after reading the head investigators text about his sedition & espionage against Our President with his lover.",safe,hateful,2.4350743293762207,4847,102.71875,0.38709
"I get curved all the time IDGAF, there's too much pussy out here to trip off any bitch ",hateful,hateful,2.3200273513793945,4847,102.71875,0.266568
@user International tells #Botswana to spare #refugees #Withrefugees @user @user @user @user @user @user ,safe,hateful,2.3818869590759277,4847,102.71875,0.3306906
@user your segment with Judicial Watch Tom Fitton was awesome!  Thank You for asking the questions highlighting all the great work he is doing for this country! ,safe,safe,2.378056526184082,4847,102.71875,0.3313921
and said hello to this...   #newride #chevy #chevytrax ,safe,safe,2.3127830028533936,4847,102.71875,0.2720186
This is our future? https://chinadigitaltimes.net/2013/06/grass-mud-ho...,safe,hateful,2.416922092437744,4847,102.71875,0.3711179
Regular joes rockin tha boat that's us redneck yacht clubbb&#9728;&#127926;,safe,hateful,2.410128116607666,4847,102.71875,0.3621089
@USER @USER And not all idiots grandstands like he did,hateful,hateful,2.320286273956299,4847,102.71875,0.2718839
It was always going to happen,safe,safe,2.3846633434295654,4847,102.8125,0.3502194
"The left hate white people,hate America,hate christian but love MS13,hamas,transgender for kids,pedophilia,etc...https://youtu.be/mGXor2_Bm2U",safe,hateful,2.4153847694396973,4847,102.8125,0.3739507
Hey jackass liberals see a wall DOES work #BuildThatWall ,hateful,hateful,2.3046648502349854,4847,102.8125,0.2697509
@USER I don't entertain shit.,hateful,hateful,2.3996167182922363,4847,102.8125,0.3578341
@user @user @user Think about - Trumper supporters have to hide their support for Trump and/or take the life into their own hands if they go out w/Trump #MAGA hat on-it never was like this in the America I remember.  We could have our own political beliefs but still be civil &amp; cordial! Upsetting ,hateful,hateful,2.3990864753723145,4847,102.8125,0.3396139
@USER @USER You align yourself with an organization that butchers babies for profit. Than scream about the need for gun control and the violence against our children but somehow your OK with the butchering of 100s thousands of innocent defenseless babies every yr If it lines your pockets.,hateful,hateful,2.327751874923706,4847,102.8125,0.2968448
 @user @user   father day to dear god father ðð u r the real care taker  thanku for every thing my lord ð ,safe,hateful,2.379542827606201,4847,102.8125,0.3493599
 @user @user @user 25mm + 16mm = no washout no flooding good take and all set for another days golf   ,safe,safe,2.3926029205322266,4847,102.8125,0.3462617
@user are you ok Hun? There’s a Mark shaped hole in my Facebook. ❤️❤️❤️❤️ ,safe,safe,2.2619524002075195,4847,102.8125,0.2268541
@user @user @user No I don’t know that nor do you....in fact a claim like that is bullshit. Imagine if we had never enacted clean air regulations years ago in the U.S....but wait! YOU DON’T HAVE TO IMAGINE...just look at the air quality in China!! That’s what pisses me off about you conservatives ,hateful,hateful,2.3098413944244385,4847,102.8125,0.2663223
@user Because he is right the Governor of Puerto Rico 🇵🇷 is a FRAUD ,hateful,hateful,2.3417904376983643,4847,102.8125,0.2929511
@user @user Tell me about it!! I'll cut a bitch if they slag my pup😂 ,hateful,hateful,2.3866689205169678,4847,102.8125,0.3555938
Ron Paul on 'hate speech'. Must listen.  https://soundcloud.com/ron-paul-liberty-report/is-...,safe,hateful,2.339353561401367,4847,102.8125,0.2896125
@USER These bitches on my brain,hateful,hateful,2.3848443031311035,4847,102.8125,0.3374298
#pugchat Just wanted to let you know I may not be able to see my pugchat buddies tonight. Grandma is working late plus she is going by the bakery to order the cake for my mom’s birthday this weekend. 🙂,safe,safe,2.394702196121216,4847,102.8125,0.3402133
I'm going back to using quotes like I was for a while. This is confusing. Will take some time to get used to.,safe,safe,2.284935235977173,4847,102.8125,0.2350569
Warmest congratulations to my former neighbour Joe Biden &amp; Kamala Harris. Exciting to see spontaneous delight in demos across the US at return of decency &amp; honesty to WH. But 69m voted for Pres Trump and Republicans have hung on to the Senate. So hard work lies ahead.,safe,safe,2.2857022285461426,4847,102.81640625,0.2400287
@user @user @user @user #trumpusa when they call us   #homophobic #misogynist they are really saying theâ¦,hateful,hateful,2.360461711883545,4847,102.81640625,0.3089656
@user Stamp we did this shit all the time ,hateful,hateful,2.3616504669189453,4847,102.81640625,0.325856
@USER @USER @USER @USER @USER @USER @USER @USER @USER @USER @USER @USER @USER @USER @USER @USER @USER @USER @USER @USER @USER @USER @USER @USER @USER @USER @USER @USER @USER @USER @USER @USER @USER @USER @USER @USER @USER @USER @USER @USER @USER @USER @USER @USER @USER @USER @USER @USER @USER @USER Aum Rand really ? There are few people hat I ostensivly dislike she is definitely up there.. she actively encourages vice. Also science is kinda the product of skepticism so that makes no sense.,safe,hateful,2.42156982421875,4849,102.81640625,0.3660865
"If there is no God, than there is not such thing as free will. If there is no such thing as free will, then you are right. Democracy is dumb. People are simply products of their environment and will always default to their predestined instincts. If you do not believe in God, then I cannot convince you that a constitutional republic with democratically elected officials is the least corruptible way to run a government, at least according to all known history.",safe,hateful,2.3769726753234863,4849,102.81640625,0.3234507
"well, if the fat pigs could keep a place clean they wouldn't be marching around protesting cuz nobody wants to rape them they would be at home with a husband and kids",hateful,hateful,2.345630407333374,4849,102.81640625,0.3004405
"Thanks for the info. Appreciate you mentioned Iranian earlier protests which I heard but not read it. Wonder if I can find it or media just tuck it away. From what I read, Iran had good 15 yrs after islamic revolution w/ better health, education, economy & population almost raises double now. ",safe,safe,2.329476833343506,4849,102.81640625,0.2972406
"Facebook to release first-party cookie option for ads, pull web analytics from Safari ",safe,safe,2.4014036655426025,4849,102.81640625,0.3638096
DEATH PENALTY ... sorry .. you commit the most heinous crimes on Earth... you deserve to be sent to HELL early!     The old man looks like a GHOUL as is!,hateful,hateful,2.4238619804382324,4849,102.81640625,0.3830744
https://www.scribd.com/document/377378941/Allison-... #NXIVM #QAnon #WWG1WGA,safe,hateful,2.345555067062378,4849,102.81640625,0.2908596
@USER @USER Sir now to Russia....Putin is broke and a little bit crazy...The paltry 1.7 Trillion GDP might cause desperate actions from his dying regime. Denuclearization in exchange for oil patch tech. Thats all they have.. Sir..MAGA,hateful,hateful,2.3952701091766357,4849,102.81640625,0.3549081
@user @user He thinks he is smart. Me? I don’t think that. ,hateful,hateful,2.393402338027954,4849,102.81640625,0.3384274
good night.   =),safe,safe,2.25081729888916,4849,102.81640625,0.2035993
"""@user friday #ride   #caferacer #moto ",safe,safe,2.3066797256469727,4849,102.81640625,0.2569378
@user Any amount you shit fuck ,hateful,hateful,2.35329532623291,4849,102.81640625,0.2985442
can't wait to see my bae tonight!   #sheisthebest #glove #iloveher #loveatfirstsight,safe,safe,2.375640630722046,4849,102.81640625,0.3213228
@USER @USER Actually you are wrong.  All of the numbers are substantially better under Trump and it's directly the effect of his tax cuts and deregulations.,safe,hateful,2.3512964248657227,4849,102.81640625,0.3042946
"@user LOL!!! We already have a theme song then!! ""We stay in the kitchen when the kitchen gets hot!"" ",safe,safe,2.318476438522339,4849,102.81640625,0.2817658
@user i requested a donation for our title 1 school's middle school graduation celebration but i guess sometimes the answer is no.  ,safe,hateful,2.3036410808563232,4849,102.81640625,0.2611142
i sta folding all these clothes up and after 2 minutes i be like ok break time ðð­ð©  ,safe,safe,2.3464183807373047,4849,102.81640625,0.3009785
"Trump has a dirty war logic... in countries like Argentina or Chile in 1970s was inspired in fascist ideologies. Security forces attacking their own citizens as if they were enemy soldiers in the name of religion, leaders and nation... https://t.co/9A9gxAJJHz",safe,hateful,2.3753178119659424,4849,102.81640625,0.3282092
@USER @USER I have. Its horse dung. She can't remember when and where. It comes out at the last second. Her parents lost a foreclosure case where his Mom was the judge  she is a hardcore anti Trump liberal  the #MeToo is turning into BLM ANTIFA and there is 0 due process,safe,hateful,2.397472620010376,4849,102.81640625,0.3564041
"To the guys that loved me,made a relationship with, cheated on me, made false promises. Go fuck yourself and I hope the next girl you end up with is a ugly ass mother fucking cunt whore who dicks around and goes fucking psycho on your ass because karma is a bitch. :) ",hateful,hateful,2.3877780437469482,4849,102.81640625,0.3574936
@user @user @user @user Don't feel sorry for her. She is so greedy she even hides her Patreon amount and dumb kids keep donating for watching her playing games and whispering into a mic. ,hateful,hateful,2.338526964187622,4849,102.81640625,0.3053689
"This is excellent! Great job of showing the ""REAL Wakanda!",safe,safe,2.3085269927978516,4849,102.81640625,0.2760824
"@USER primary argument against #Kavanaugh is that he is too Constitutional""  The democrats started a civil war during Clinton  They heightened their propaganda during Obama  They are scared animals backed into a corner  Antifa, BLM &amp; MS13 are their Sturmabteilung""",hateful,hateful,2.3392090797424316,4849,102.81640625,0.3082612
If you hung Golding though you'd need some fucking crane wire or something. The fucking pie muncher would snap most ropes.,hateful,hateful,2.3406898975372314,4849,102.81640625,0.2829672
"@ryanhoover like we all never gave the camera ""the bird"".",hateful,hateful,2.3248414993286133,4849,102.81640625,0.2695791
@USER When do you post on conservatives declaring Ford a liar without evidence? URL,hateful,hateful,2.4151690006256104,4849,102.81640625,0.3574667
"It is also cheaper, from the 30 mm gun costs a shot $ 6. Can anyone calculate how fast that will pay off.",safe,safe,2.3936264514923096,4849,102.81640625,0.3505092
Rep. Sheila Jackson Lee slips envelope to Ford's lawyer after Ford speaks. ,safe,hateful,2.326051712036133,4849,102.81640625,0.2709905
Heather Mac Donald: 'Epidemic of Campus Rape Is Simply Hallucinatory' | Breitbart,safe,hateful,2.411018133163452,4849,102.81640625,0.3716507
@USER @USER @USER The most ironic thing is. The dems hasten their own demise while empowering their executioners.   Do they think once this monster is unleashed that it will not turn on them first?  #MAGA #WWG1WGA Written by Antifa terrorists 👇👇👇👇👇👇👇👇👇👇👇👇 URL,hateful,hateful,2.4369401931762695,4849,102.81640625,0.4038458
@user Shut up Mickey you pussy little bitch #firstoftheyear #firstofmany #mickeyhaslowt ,hateful,hateful,2.321984052658081,4849,102.81640625,0.2776751
"More international support needed for Rohingya refugees in Bangladesh, say UN and World Bank chiefs ",safe,safe,2.336069107055664,4849,102.81640625,0.2771933
I see a bunch of Hypocrites and Children who obviously got into Daddy's Gun Safe while he was at the Bar and posed find yet another Selfie to pretend like they're Relevant.  Would bet not a one of them could load even one of those if they're Life depended on it.  And hit a Target?  Uh huh.,safe,hateful,2.291353225708008,4849,102.81640625,0.2742316
@USER Hahaha BIG thighs is not going to make it,hateful,hateful,2.33868145942688,4849,102.81640625,0.3128912
I’ve finished my book on Boris Johnson and Donald Trump. Simon &amp; Schuster publish early in the New Year https://t.co/RlN2QnsDfj,safe,safe,2.2905685901641846,4849,102.81640625,0.2406662
@user Brett Kavanaugh was supposed to be a selling point for GOP candidates in the midterm elections. But now he could become a liability...CBS enough of all your BS lies. Go away with your other liberals CNN. MSM. WE ARE NOT LISTENING TO YOUR IGNORANT BS Stories!!! 😡😡😡😡 ,hateful,hateful,2.3143630027770996,4849,102.81640625,0.2831278
magic â¤ï¸â¤ï¸â¤ï¸ #wedding #pay #weddingpay  #celebration #bride #groom #bridesmaids  â¦ ,safe,safe,2.352490186691284,4849,102.81640625,0.2944786
U.S. stands to MAKE $6 billion from legal pot. Backwards ass UK will SPEND a couple billion policing it. Thieving your hard earned wages to deprive someone of a joint. FUCK SAKE!!! MY BODY MY RULES. GET FUCKED #NannyState   https://edition.cnn.com/2018/01/01/us/california-m...,safe,hateful,2.434497356414795,4849,102.81640625,0.395624
@user @user Well read wah he posted very well n u will know why karma will hit him like a bitch ,hateful,hateful,2.3256146907806396,4849,102.81640625,0.2830017
@USER @USER Except he is. His administration has allowed crime in the city to skyrocket. You bloody leftist snake.,hateful,hateful,2.4011342525482178,4849,102.81640625,0.340585
I thought MY beak was huge!! She got that face from sticking her nose in everyone else's business!,safe,hateful,2.411320209503174,4849,102.81640625,0.3745362
attack her chinguas~ &lt;33 ,hateful,hateful,2.305845260620117,4849,102.81640625,0.2635979
@USER We are “Casually fucked”,hateful,hateful,2.4520442485809326,4849,102.81640625,0.4009597
Good Morning to;#MAGA #NoDACA #NoDACAAmnesty #BuildTheWall #LockThemAllUp #AmericaFirst #NotABot RT FOREVER We Love you #POTUS @user ,hateful,hateful,2.414337158203125,4849,102.81640625,0.3821195
Just love our POTUS & FLOTUS! Real people with big hearts!,safe,safe,2.254626989364624,4849,102.81640625,0.2083304
my new website linked above i'm so excited about this #mywebsite     #youtube #vlog #blog #thankyou ð,safe,safe,2.293044090270996,4849,102.81640625,0.2626775
@user they shut his down too. ,safe,hateful,2.3641247749328613,4849,102.81640625,0.3081872
Clarence `Gatemouth` Brown - Ventilator Blues ,safe,safe,2.402329921722412,4849,102.81640625,0.3559737
@user #IllegalAliens is not a derogatory term. It is a legal term for people entry a country outside of legal & proper channels. We are headed quickly to a 1984 state of big brother partnering w/ social media. ,hateful,hateful,2.3574066162109375,4849,102.81640625,0.3162444
@USER @USER Issss nigga fall asleep on soft after this,safe,hateful,2.3830978870391846,4849,102.82421875,0.3276228
Hysterical woman like @user ,safe,hateful,2.4096577167510986,4849,102.82421875,0.3736884
"'. . . You mean a beautiful being? Yea, then. If not, no. You're not a skank.' ",safe,hateful,2.348463296890259,4849,102.82421875,0.2983556
@USER You should still feel really good about your team though. Going into it why would you have switched them out? It wouldn’t have made sense. You made the right decision and you are probably still gonna win anyways,safe,safe,2.379831552505493,4849,102.82421875,0.3327965
"@user Noely I see you've become hysterical since I last saw you. Don't blam you one bit, you're in Qld right? ",hateful,hateful,2.4261209964752197,4849,102.82421875,0.3815243
@user FUCK OFF ,hateful,hateful,2.336015462875366,4849,102.82421875,0.28253
this is the secret sauce for   employees  #productivity #leadership #management,safe,safe,2.3973138332366943,4849,102.82421875,0.3586615
@USER @USER @USER Haha you liberals are so desperate it’s hilarious. Trying at all ends to set him up. This BS last minute stalling tactic about the alleged HS incident and the bait of emails that were sent to him. And people wonder how Trump won? Because they’re tired of Democrats and their crap.,hateful,hateful,2.42913556098938,4849,102.82421875,0.3841701
@USER Hopefully not.,safe,hateful,2.352687358856201,4849,102.82421875,0.2958567
"they specialize in bringing in the least educated and poorest, fill them with empty promises and engender hatred against everyone else when they fail to deliver... (just like another minority we know?); as long as they can keep their kids in public schools in big cities and reliant on the MSM this will continue.",safe,hateful,2.3919460773468018,4849,102.82421875,0.3400752
@blowme you mean trash.,hateful,hateful,2.3670997619628906,4849,102.82421875,0.3107597
@user Omfg yassssss! 😍 ,safe,safe,2.2153027057647705,4849,102.82421875,0.1898912
Most women that Know me just said 'now eric you Know you dont have no inner hoe' 😂 im 2 much of a gentleman but i know my hoe is deep down ,hateful,hateful,2.3731610774993896,4849,102.82421875,0.319265
FINE ASS BITCH. CUTE ASS HOE. YOU A FUCKING BADDIE BITCH. I FUCKING LOVE YOUUUUU ,hateful,hateful,2.376591205596924,4849,102.82421875,0.3186166
"TIL RPG doesn't actually stand for ""Rocket Propelled Grenade"", but rather ""ruchnoy protivotankovy granatomyot"". Which means ""hand-held anti-tank grenade launcher"". ",safe,safe,2.355079174041748,4849,102.82421875,0.3064322
@user Google anti-American? ,safe,hateful,2.309739351272583,4849,102.82421875,0.2568491
"can't wait to order, staing to plan my second cruise for next yr!   ",safe,safe,2.2764780521392822,4849,102.82421875,0.2369552
how to be a scrumy father by @user #dad #fd   #fathers #day @user  ,safe,hateful,2.367631673812866,4849,102.82421875,0.3301979
@user @user @user You make no sense. “Antifa” is a cut-down word for ANTI-fascist. NAZIs are Hitler fascists by definition. Many so-called right-wingers tend to fascist views. Trump does. Just listen to him. The so-called left is far from fascist. ,hateful,hateful,2.4214835166931152,4849,102.82421875,0.4000514
"kayak, sup, snorkel, swim...whatever your pleasure, we'll put it together!  #alohabeachbus   #hawaii #explore ",safe,safe,2.273336172103882,4849,102.82421875,0.2346378
@user You are missing brains? ,hateful,hateful,2.2777087688446045,4849,102.82421875,0.2314248
@JoyAnnReid @LindseyGrahamSC only cares about pleasuring the POS in the WH.  #VoteBlue2020,hateful,hateful,2.3683013916015625,4849,102.82421875,0.3361236
@USER @USER Ouch.,safe,hateful,2.4241535663604736,4849,102.82421875,0.3671466
yup. i concur. as do nearly 3 million voters. ,hateful,safe,2.3187875747680664,4849,102.82421875,0.2648803
"@user so because her husband is doing well she should ignore clear inconsistency in officiating?  the nba = 80% real, 20% rigged.  ",safe,hateful,2.395775318145752,4849,102.82421875,0.3468055
Make sure you Vote REPUBLICAN up and down your ballots. Vote RED for conservative  values. Vote Republican candidates only to help our POTUS Trump help Americans to MAGA ,safe,hateful,2.415581464767456,4849,102.82421875,0.356776
"@user @user @user Oh what a conclusion.Buddy Delhi is being made slum by AAP, huge influx of Muslim illegal migrants.Just go&amp;see Okhla,Yamuna Banks,NZM,JMsjd ",safe,hateful,2.3439505100250244,4849,102.82421875,0.3215962
The signs of big government #Socialism,safe,hateful,2.378706932067871,4849,102.82421875,0.3469862
Then I guess the only recourse we have is to deport them to Russia. I’m sure a nice immigrant family can fill their home once they are gone. ,hateful,hateful,2.40779972076416,4849,102.82421875,0.3544907
@user It will always be ready and hard for you to bring your holes and beat it with your cunt and ass ,hateful,hateful,2.3079988956451416,4849,102.82421875,0.2863736
"Even CNN says Trudeau is in trouble over illegal immigration. It says his focus should be on what he can control, starting with curbing the flow of migrants crossing into Canada. He is under growing pressure from provincial premiers and big city mayors ",hateful,hateful,2.419192314147949,4849,102.82421875,0.386829
American Citizens are being Victimized by Illegal AliensThe shocking findings by a new DOJ-DHS report. @user #NOAmnesty #NoSanctuary #EndChainMigration#DeportThemAll #HonorYourOath#ProtectUSA#KeepAmericansSafeIt is your JOB! ,safe,hateful,2.416207790374756,4849,102.82421875,0.3824775
"after a long wait, we finally made it here. #brookline #annastaqueria    @ anna's taqueria ",safe,safe,2.271838426589966,4849,102.82421875,0.2315772
Because the Constitutional Convention didn't specifically talk about what the Founding Fathers wanted as far as race goes... #idiotproof,safe,hateful,2.4291939735412598,4849,102.82421875,0.3741339
"#AbolishICE. Grant amnesty to all of these illegal mestizo invaders, and watch them breed like rats and overwhelm existing structures, turning America into a third world country. Just the unlucky Argentines. #KAG #SupportICE #BuildTheWall #DeportThemAll ",hateful,hateful,2.430729627609253,4849,102.82421875,0.3983344
@USER An ugly old man trying to make himself relevant again with more lies  Remember him saying he had a deathbed confession from CIA director casey? Never happened according to the bodyguards in that room shouldn't that be enough to question this morons credibility,hateful,hateful,2.3495917320251465,4849,102.82421875,0.3147268
My whole life is a bunch of awkward situations strung together by alcohol ,hateful,safe,2.3808536529541016,4849,102.82421875,0.3463312
happiest place on eah!! #california #disneyland #magical   #socal @ disneyland ,safe,safe,2.3891310691833496,4849,102.82421875,0.3419158
@user  #truth from @user @user about @user #malevote ,hateful,hateful,2.3194644451141357,4849,102.82421875,0.2732626
@USER Hahaha the goofball is losing money and is still to dumb to know why..,hateful,hateful,2.405972957611084,4849,102.82421875,0.3635482
@USER @USER @USER Like my sweet baby boy who wants to be a girl? He/she is going to become a strong proud black woman when he grows up! URL,safe,hateful,2.41035795211792,4849,102.82421875,0.3664386
@user It’d better be on Monday and who the hell are they to slow walk this and dictate terms? #MAGA ,hateful,hateful,2.3363897800445557,4849,102.82421875,0.2831551
@user this  motherfucker needs to be in #prisonâ¡ï¸ âcharles paladino's racist comments spark calls for resignationâ  ,hateful,hateful,2.4014179706573486,4849,102.82421875,0.3442362
@user I feel like he is better chasing the title ,safe,safe,2.3794336318969727,4849,102.82421875,0.3402517
@user @user @user ARE YOU FUCKING SERIOUS?  I AM ITALIAN!  TALK TO MY FATHER WHO WAS BORN IN SICILY OF YOUR RIDICULOUS NOTIONS.  YOU'RE AN IDIOT!  Why do you think the left as Antifa?  STANDS FOR ANTI-FASCISM!  DICTATORS ARE RIGHT WING! ,hateful,hateful,2.389606475830078,4849,102.82421875,0.3371024
#maga #maga3x this #moron who tweeted this sewage below doesn't understand why he and #hillarylost.â¦ ,hateful,hateful,2.3770647048950195,4849,102.82421875,0.325084
" @user bihday jusu bar #coldpressed popsicle #poolpay. keep your kids   and #healthy!  happy friday, everyone! ",safe,safe,2.4004764556884766,4849,102.82421875,0.3618918
congrats to our   and   8th grade @user vista middle #grads ð #enjoy your #summer ð ðð ,safe,safe,2.339545726776123,4849,102.82421875,0.2855376
It's not that simple.  And you wouldn't be using oxygen as a breathing gas for this sort of thing.  ,safe,safe,2.3960301876068115,4849,102.82421875,0.3428256
be so happy that when others look at you at get are   too. #makingadifference #smile #heaisfull,safe,safe,2.3883934020996094,4849,102.82421875,0.3319623
@user @user @user Lmao. And yet it’s called Gauteng. 😂😂😂😂. Dude just say you are arguing for the sake of not wanting to lose. Nguni Land? Ahahahahahaha. Do you know why Vaal is called Lekwa? Do you know who king Tshwane is? Do you even know who Thulare is? Dude I’m done with you. ,safe,hateful,2.3831794261932373,4849,102.82421875,0.3265176
@user i miss you james  ,safe,safe,2.373750925064087,4849,102.82421875,0.3211721
@user fuck donald trump! he will never be my president! #opkkk #optrump  #illegitimate #oligarch #plutocrat  #shill ,hateful,hateful,2.404860734939575,4849,102.82421875,0.3849673
@USER Ouch!,hateful,safe,2.311880111694336,4849,102.82421875,0.2689521
https://www.probateresearch.net/people-search/background-check/nics-gun-check-failings-lapses-missing-records-and-fixes: This site has some decent information.,safe,safe,2.3583438396453857,4849,102.82421875,0.3268364
"It's fun to engage in intrigue but truth be told I sincerely doubt anything will come of any of it. Not the Hillary stuff, not FBI stuff, not anything else that is going on will materialize. People on the right are too weak to fight and expose it. Why has the memo not been leaked? Because repubs aren't willing to play dirty like dems who would already have leaked it.",safe,hateful,2.3364014625549316,4849,102.82421875,0.2908237
https://www.theguardian.com/technology/2018/mar/20/child-abuse-imagery-bitcoin-blockchain-illegal-content  ,safe,hateful,2.35187029838562,4849,102.82421875,0.2985563
doubt the unhelpful thoughts  #psychology #mentalhealth #science   day #happiness #facts #love #instadaiâ¦ ,safe,safe,2.274218797683716,4849,102.82421875,0.2340929
RETWEET We ALL know what this MOSLEM was up to. The PROOF is everywhere! @user #MAGA @user #KAG @user #DumpTheDems @user #Trump2020 @user #RedTsunami @user #DeportThemAll @user #Winning @user #NeverForget ,hateful,hateful,2.4499399662017822,4849,102.82421875,0.3957714
"@user 1. White people exist. 2. White people have the RIGHT to exist. 3. White people have the RIGHT to exist AS White people in White Communities and Nations.https://t.co/fkBxx2cX29Remigration 2018:  Easy come, easy GO!!   ",hateful,hateful,2.417168617248535,4849,102.82421875,0.366623
"Mmmmm barbeque and pretty woman, sounds like USA to me",safe,safe,2.315264940261841,4849,96.015625,0.2559591
@user He is totally bluffing... ,hateful,safe,2.380148410797119,4849,97.20703125,0.3374161
"Drake T.I&#8220;@MsBTxo &#8220;@_sirhampton_ 3 Stacks, Kendrick RT @xHollywoodCourt: Name a rapper that alot of people like...but you think is trash&#8221;&#8221;",hateful,hateful,2.4209203720092773,4849,97.4453125,0.3692727
good day - 6 new beers at bridpo food &amp; beer fest. back at the campsite drunk the @user starstruck &amp; moved on to @user #5.  ,safe,safe,2.3421287536621094,4849,98.46484375,0.2925071
will italians ever recover?,safe,hateful,2.3802404403686523,4849,99.0546875,0.3325454
@user Risking his own ass lol ,hateful,hateful,2.4001729488372803,4849,99.61328125,0.3477259
you know you've been going to @user the longest when you sta looking at the 2016 staff pics.  ,safe,safe,2.2769532203674316,4849,100.1875,0.2244591
@user @user @user @user @user @user @user @user @user @user @user @user @user @user @user @user @user @user @user @user @user @user @user @user @user @user @user @user @user @user @user @user @user @user @user @user @user @user @user @user @user @user @user @user @user @user @user @user @user So true! Poor basement dweller!! ,hateful,hateful,2.469024896621704,4849,100.74609375,0.4103687
 @user last rehearsal before the show!! @user   ð,safe,safe,2.3627336025238037,4849,101.01171875,0.3020349
"#koreans &amp; joseon people in japan, will abuse the  for claims of own rights by rough demo.  #algona",hateful,hateful,2.3530523777008057,4849,101.09765625,0.2992859
10 restaurant diners fatally shot in Corpus Christi with .357 Ruger Blackhawk revolver. The NRA calls gun control research 'unethical'. ,hateful,hateful,2.395061492919922,4849,101.16796875,0.346183
@user take out the #trash america...  - i voted against #hate - i voted against  - i voted against  - i votâ¦ ,hateful,hateful,2.4174957275390625,4849,101.25,0.371221
@USER He is toxic even for alligators,hateful,hateful,2.299307107925415,4849,101.296875,0.2646317
@USER @USER @USER @USER @USER I’m gunna fucking die oh my god,hateful,hateful,2.4138479232788086,4849,101.35546875,0.3666472
@USER Brennan sure as hell is.,hateful,hateful,2.430340051651001,4849,101.36328125,0.3753073
Join us in our efforts to resettle refugees and them with vital services by becoming a fundraiser or donating to our #30kin30days campaign ,hateful,hateful,2.3424057960510254,4849,101.453125,0.2989798
"Does anyone know when the Unite The Right Rally 2 begins in Washington, DC? #UTR2 #UTR",safe,hateful,2.4103848934173584,4849,101.4609375,0.3611019
"#FlirtyMature.com is a fraud, this review explains how FlirtyMature .com deceives honest people into buying a scam membership: ",safe,hateful,2.4198529720306396,4849,101.4609375,0.3817323
trump trumps love #trump #donaldduck #sweetpotato #bigotry  mustfall #rachelmaddow #rhashtags #epitomeofsorrow #defineepitome,hateful,hateful,2.3480472564697266,4849,101.4609375,0.30555
#Kavanaugh on gun control again raises his residence in the dangerous DC area. His exposure to gun violence in Bethesda is like calling yourself gangsta because you live in Beverly Hills. ,hateful,hateful,2.3911826610565186,4849,101.46484375,0.3507376
@user On everything that shit is really sad smh ,hateful,safe,2.3786826133728027,4849,101.46484375,0.3306002
@USER @USER She is as dumb as she looks,hateful,hateful,2.297457695007324,4849,101.515625,0.2501535
"@user Families should not bring their kids into a country illegally, would you?  We can’t afford them #sendthemhome ",hateful,hateful,2.297805070877075,4849,101.57421875,0.2590288
"@user so, what are you saying, blacks = criminals?   #blm #teamd",hateful,hateful,2.3580141067504883,4849,101.66796875,0.3191576
 @user #mendix7 #mendixworld coming in october!   ,safe,safe,2.4020352363586426,4849,101.671875,0.3597706
@USER Just like the old days. If she floats she's a witch and must be burned or hanged. If she sinks and drowns she is innocent.,safe,hateful,2.3174307346343994,4849,101.671875,0.2870449
"@USER This is ANTIFA!!!"" &lt;kicks man into pit&gt;""",safe,hateful,2.4000768661499023,4849,101.671875,0.3646262
@USER @USER @USER @USER @USER That isn’t a bill about LGBT sex workers it’s a bill on sex workers in general.Harris has a very good record as attested by LGBT orgs.I mean if we are playing that game you could argue that Bernie votes on gun control has impacted the lives of black people in Chicago negatively.,hateful,hateful,2.4440369606018066,4849,101.671875,0.3941182
@user @user It doesnt boo you look gorgeous!! I dont know why women still be out here with their gross bitch ass opinions on other women like stfu with the negativity and insults!! We cannot he stopped x ,hateful,hateful,2.330474376678467,4849,101.671875,0.3061454
@USER @USER I understand I sound cold-but I love Nintendo. This money grubbing bastards 😹,hateful,hateful,2.388714551925659,4849,101.671875,0.3450404
"#Gun Deaths Global Study Shows US Ranks 2nd Worldwide 🇺🇸  Our partner @user is asking, “Should More Gun Control Laws Be Enacted?  Read our partner's full article and express your opinion in the #1WorldOnline's poll: #polloftheday ",safe,safe,2.4115757942199707,4849,101.87109375,0.3784536
i'm craving for my cock to be sucked right now #ugh #ineedit #noonetohelp  ,safe,hateful,2.319053888320923,4849,101.875,0.2869449
Adventures of Justin Trudeau: Justin goes to NATO summit:,safe,safe,2.3140525817871094,4849,101.875,0.2754521
"if you look at a problem and the first thing you thing of is color, be it black or white. you're pa of the problem ",hateful,hateful,2.3250951766967773,4849,101.875,0.2875237
@USER @USER Dr Merck just following orders. Abysmal little pharma troll he is.,hateful,hateful,2.343362331390381,4849,101.875,0.3114038
Catholic wife of Judge Robert Bork breaks silence: Joe Biden ‘is not somebody that would make a good president’ https://t.co/5ZBItMhAwc,safe,hateful,2.296323537826538,4849,101.875,0.2671315
and an example that there are still good ppl in USA,safe,safe,2.326317071914673,4849,101.875,0.2726759
16 year old stabbed in Dagenham this evening and the liberals are worried about data protection.  #c4news,safe,hateful,2.347830295562744,4849,101.875,0.3257344
Alternative Headline: Illegal Immigrant swallows heroin. ,hateful,hateful,2.3526365756988525,4849,101.875,0.3183303
New Olympic sport ! Illegal migrant stowaways jump lorry.#IllegalImmigration #BorisJohnson ,hateful,hateful,2.2982370853424072,4849,101.875,0.2652675
They can take their halal and kosher back to the Middle East !,hateful,hateful,2.2928240299224854,4849,101.875,0.2447984
@user @user He is sick. Very disturbed. And that comment proves it! ,hateful,hateful,2.363459348678589,4849,101.875,0.3281521
@user So dam sexy! ,safe,safe,2.4082608222961426,4849,101.875,0.3648714
 @user first official ironman 70.3 tomorrow and first pro sta!    @user @user @user ,safe,safe,2.232046365737915,4849,101.875,0.2144291
Jews are winning bigly  Let's change that ,safe,hateful,2.3205361366271973,4849,101.875,0.3036349
"I can't help but laugh when I hear this way of speaking.  I don't give a shit if you're a shitlib, it's hysterical!!",hateful,hateful,2.3777318000793457,4849,102.11328125,0.3446985
#Withrefugees @user @user ,hateful,hateful,2.3872194290161133,4849,102.2109375,0.3384407
"@SureReality @bubbaprog At least Biden wears a mask when dealing with voters, more than Trump has ever done at his rallies rant-spitting on his constituents for hours on end.  He loves his people THAT much![NEWLINE][NEWLINE]#TrumpIsATraitor [NEWLINE]#Biden2020 [NEWLINE]#BidenHarrisLandslide2020 [NEWLINE]#BidenHarrisToSaveAmerica [NEWLINE]#TrumpFailed",safe,hateful,2.380138397216797,4849,102.2109375,0.3454065
"The latest Big Geeky Couch review with Dave, Boneitis, Chad, and Keith- thank you to Dan Lee for the great suggestion, this is Terminal Lance: The White Donkey. https://www.youtube.com/watch?v=fNe_BzxsDok Big format change coming for the next BGC! #marines #comic #review",safe,safe,2.3821511268615723,4849,102.2109375,0.3349185
@user @user you're too interested in being right and uninterested in determining truth. lack of maturity &amp; intelligence.  ,safe,hateful,2.4041783809661865,4849,102.2109375,0.3730153
@USER @USER @USER @USER @USER Odd. Stating opinions comes with an attack (cunt and assumption of a streamer using boobs for attention.) It was verbal diarrhea from a person who ought to know better.,hateful,hateful,2.3570075035095215,4849,102.2109375,0.3180708
.@jack Dorsey is a cocksucking faggot,hateful,hateful,2.3810629844665527,4849,102.2109375,0.3464208
@user @user @user Someone should tell her that voters have to be at least 18 and be citizens. Can't imagine adults with critical thinking skills could ever vote for her again. ,safe,hateful,2.424943447113037,4849,102.2109375,0.3847402
@USER @USER Excuse me? They got what they had before the hurricane.  Expecting tract houses when you had lean to's and expecting honorable people likeTrump with the corruption they continue to vote in?!? Wake up.  He is flushing the swamp here and they need to flush their swamp there.,hateful,hateful,2.3588244915008545,4849,102.23828125,0.3140591
Trump Is Making America Great Again ,safe,safe,2.3818373680114746,4849,102.23828125,0.3486219
AfD-Parlamentarier Herdt verlangt mehr Schutz für verfolgte Christen hierzulande https://charismatismus.wordpress.com/2018/01/22/afd-parlamentarier-herdt-verlangt-mehr-schutz-fuer-verfolgte-christen-hierzulande/,safe,hateful,2.4231984615325928,4849,102.23828125,0.3895105
@user @user we will let you call it anything! #BuildThatWall ,safe,hateful,2.3066022396087646,4849,102.23828125,0.2724148
"#McCarthyism: “…use of tactics involving personal attacks on individuals by means of widely publicized indiscriminate allegations, especially on the basis of unsubstantiated charges; broadly : defamation of character or reputation through such tactics.” https://t.co/IVJj1uFYev ",safe,hateful,2.4252917766571045,4849,102.2421875,0.3849685
Women are stupid. They get cheated on and approach and fight the side chic. Bitch who cheated on you? Who? Stupidity is unbelievable. ,hateful,hateful,2.410381317138672,4849,102.2421875,0.3558934
@user You are in my top 3. Among the syndicate boss are @user and @user I'm sure the 3 of you are ready to retire happy knowing this. Lol. Been a fan since lgn&amp;f! We have all grown up. ,safe,hateful,2.357163429260254,4849,102.2421875,0.3153758
being happy is a daily choice.   ,safe,safe,2.379624128341675,4849,102.2421875,0.3269447
"@JarrettBellini Only the Best People ► Taliban For Trump, Proud Boys,  Putin, Erdogan, MBS, Kim Jong Un, Nazis, Wolverine Watchmen - formerly known as Michigan Militia, &amp; GOP",safe,hateful,2.422563314437866,4849,102.24609375,0.3882039
@USER @USER Has the FBI interviewed Kaine about his son's ties to Antifa?,safe,hateful,2.3150510787963867,4849,102.24609375,0.27357
just want to sta my new job like now pls ðððð #cantkeepwaiting   #newchapter,safe,safe,2.395864725112915,4849,102.24609375,0.3691843
@user very excited for september to arrive so our staff can enjoy all those mainis you create!  ,safe,safe,2.4123032093048096,4849,102.24609375,0.3705009
@user And people died in Chicago because of you. Now how stupid does that sound you idiot ,hateful,hateful,2.327122449874878,4849,102.24609375,0.2758174
@user @user @user @user Why does everyone else get attacked by Antifa type groups who never go to jail and also gets extreme negative media coverage that insights the violence. Except LibLabCon? Why? #stitchup ,safe,hateful,2.440488815307617,4849,102.24609375,0.3878549
"Sorry I wasn't home to answer you earlier, We went grocery shopping, 1st time in 3 months.",safe,safe,2.3894104957580566,4849,102.24609375,0.330251
"i wish i can stop hiding who i am, it's hard for people not to know. it's hard to show them that no matter what, i am still me.  ",safe,safe,2.3084042072296143,4849,102.24609375,0.2758386
Damn. This is terrible. #rekt   https://video-atl3-1.xx.fbcdn.net/v/t42.1790-2/214...,safe,hateful,2.301656484603882,4849,102.2578125,0.2520229
@USER Trump doesn't want to have the FBI investigate Dr. Ford's claim b/c Ivana Trump  reported that Trump raped her.  A culture of dirty old sexual perverted men in the GOP and Neo Liberals doing the same thing to Dr. Ford as they did to Anita Hill. White men have no respect for women,hateful,hateful,2.368116617202759,4849,102.546875,0.3320784
" @user i choose to feel #blessed, #grateful,  , #thankful, and  ! #repost @user ",safe,safe,2.3477251529693604,4849,102.546875,0.3035888
"‘Super-recognisers’ employed by #UK police to hunt criminals may not be identifying people correctly, study suggests http://ow.ly/ErKU30lMLmi #Skripals",safe,hateful,2.358220338821411,4849,102.546875,0.3038156
@user @user Leftists showing yet again how vile they can be ,hateful,hateful,2.406153440475464,4849,102.546875,0.3681765
"@user looking forward seeing you guys #nervous first time been to trade show like this   at same time, sunday it is",safe,safe,2.414275646209717,4849,102.546875,0.3668528
Interesting stuff!  Definitely worth checking out. - https://budgetingfortherestofus.com/2017/12/08/the-best-budget-planners-for-2018/ #The_Best_Budget_Planners_for_2018,safe,safe,2.3387320041656494,4849,102.55078125,0.2908808
"@USER @USER @USER @USER @USER @USER Nobody wants to take your guns, we just want gun control of what guns we will allow you to have"".""",hateful,hateful,2.4018189907073975,4849,102.5703125,0.3613375
"You're right, sadlyStop the India First Immigration Proposals a.k.a. #HR392 America doesn't need a tidal wave of 300,000 Indians ushered in. #KeepCountryCaps #NoHR392 #StandWithAmericanWorkers #endOPT #endChainMigration ",hateful,hateful,2.432264566421509,4849,102.5703125,0.3888393
"The Jewish politicians declared war on Hitler, before WW2.  https://www.wintersonnenwende.com/scriptorium/english/archives/articles/jdecwar.html https://zionistreport.com/2016/01/the-jewish-declaration-of-war-on-germany/",safe,hateful,2.3644492626190186,4849,102.5703125,0.3183576
"it says he is willing to respect other people's wishes no matter how fucking stupid they are, what does it say to you Donna?  ",hateful,hateful,2.3754210472106934,4849,102.5703125,0.3285114
@user @user @user @user uses rehab as a place to escape when she’s in trouble. She makes jokes of her situation. She should be in jail for assaulting a police officer and threatening to kill him. She is classless. She should leave with boring Carole. ,hateful,hateful,2.4143664836883545,4849,102.5703125,0.3794749
"Exactly - and many that can have no inkling of what being ""British"" means - 2nd generation sheltered immigrant whisked into being MPs etc. - how can they? ",hateful,hateful,2.3379552364349365,4849,102.5703125,0.3013076
@USER @USER The more Antifa BS average Americans see in the news the more repulsed they are by their antics.,hateful,hateful,2.3878681659698486,4849,102.5703125,0.3432072
.You cry baby liberals will have Trump for a total of EIGHJT GREAT YEARS!!! GET OVER IT. #MAGA ,hateful,hateful,2.4137182235717773,4849,102.5703125,0.3792188
hahahha love this one... bad hombres,safe,hateful,2.299738645553589,4849,102.5703125,0.264372
@user @user @user and u know what u trash too for being more worried about blaming and shitting on ariana for a death she’s not responsible instead of mac. ,hateful,hateful,2.424142360687256,4849,102.5703125,0.372738
my morning #bath #puppygram #puppylove this guy   #love #inlovewithhim ,safe,safe,2.3883373737335205,4849,102.5703125,0.3294301
who cares? as an irish immigrant a couple of generations back i kinda like seeing england eat a little shit.,hateful,hateful,2.318847417831421,4849,102.5703125,0.2769537
YouTube headquarters amid reports of possible active shooter -- live updates https://www.cbsnews.com/news/police-respond-youtub...  #News,safe,hateful,2.4263813495635986,4849,102.5703125,0.387483
notifications officially turned on for @user #jupiter   #woohoo,safe,safe,2.4126789569854736,4849,102.57421875,0.3807982
@user @user just look at his eyes. he's a fucking psychopath. how did he get anywhere near!!   ðð,safe,hateful,2.335920572280884,4849,102.57421875,0.2961383
@user You are perfect 👌 ,safe,safe,2.397498607635498,4849,102.578125,0.3517894
@JoeBiden #200million people really? @jaketapper #CoronavirusPandemic #HarrisBiden2020 #TrumpPence2020 [NEWLINE]👇🏽👇🏽👇🏽 https://t.co/9T1woKSh6s,safe,hateful,2.422412872314453,4849,102.578125,0.3658309
@user @user He's been trashing all along even to our allies. ,hateful,hateful,2.3200314044952393,4849,102.578125,0.2729163
@USER She is sooooo pretty!!!!!,safe,safe,2.3155558109283447,4849,102.578125,0.2724437
I wonder if it was the shouting 'white pussies' while hitting them with golf clubs and crowbars that tipped to the police off to a 'hate crime' ,hateful,hateful,2.31567120552063,4849,102.578125,0.2609379
"Trump supporters - receive 15% OFF your order at Lola and Doe today using promo code MAGA Organic, natural skincare products proudly handmade in America! 🇺🇸  Make your skin great again - shop Lola and Doe ---> http://bit.ly/2JsWH01",safe,safe,2.3299612998962402,4849,102.578125,0.3026656
@user @user @user Have you ever seen ANTIFA burning college campuses and trashing them any time a conservative comes to speak ? Educate yourself please ! ,hateful,hateful,2.294015407562256,4849,102.578125,0.2631486
funny...i'm not the least bit  ! about it. ,safe,safe,2.292755603790283,4849,102.578125,0.2497205
@user comment on @user reveals once more the disgusting reality of  and #stupidity in @user circle #trump,hateful,hateful,2.3663601875305176,4849,102.578125,0.3256606
"they say the alien nigger is about 10,000 years old. that does fit the timeframe for the aryan migration. mebbe they found the alien niggers and wiped them out. but could be slave too.",hateful,hateful,2.4114909172058105,4849,102.578125,0.3796315
"Of course, eveyone's daytime ratings fell a bit because PEOPLE ARE  GOING BACK TO WORK!",safe,hateful,2.331672430038452,4849,102.578125,0.2874806
@user Screw her and her beliefs!! Send them packing!! This is a Christian nation with Christian laws. #BuildThatWall #kag ,hateful,hateful,2.3923401832580566,4849,102.578125,0.3366422
"'I am ok with twitter banning @m, they're a private company after all' — ben shapiro, smiling dementedly",safe,hateful,2.400974750518799,4849,102.578125,0.3480475
"@user 2977 people were murdered by illegal aliens in New York City, Washington DC & Shanksville Pennsylvania on 9/11/01Help memorialize them today!Visit to help.Please #RETWEET#ThursdayThoughts#NeverForget #BuildThatWall ",hateful,hateful,2.3595163822174072,4849,102.578125,0.3164307
@user I already knew that ! LMAO 😂 SO stay with us deplorable bigots!! We’re getting ready to fight for our COUNTRY! #WWG1WGA ,hateful,hateful,2.374680757522583,4849,102.578125,0.3511236
"ate! no hashtag po sa ""happy"" thanks :)   happy 9months zeuskodawn  ",safe,safe,2.3822543621063232,4849,102.578125,0.3279959
.She is dirty like Trump...She stole Ted Cruz campaign voters list and gave it to Trump ,hateful,hateful,2.3395304679870605,4849,102.578125,0.284029
Too bad Brandon Lavergne isn't gonna have that vein spiked at Angola. #mickey,hateful,hateful,2.415022850036621,4849,102.578125,0.3611662
"@user #tbt: @user + @user young #women, @user +  - relevant read for all women in journalism ",hateful,safe,2.4004430770874023,4849,102.578125,0.348775
"As usual, the REAL RACIST shows his true colors. https://youtu.be/re30eyNKMuc",safe,hateful,2.32657527923584,4849,102.578125,0.2832738
Why on earth would Syrian refugees have any trust in Russia?https://t.co/VDn66UkoJe ,hateful,hateful,2.403991937637329,4849,102.578125,0.3649858
Facebook's new political advertising policy denounced...  Natural Law #Libertarian idea: The difference between private business versus government trying to control your behavior is the absolute ability to boycott private business...  ,hateful,hateful,2.4170334339141846,4849,102.578125,0.3653586
"@thehill Well, then, why didn't Joe pick her? Oh, wait, it was the party bosses who selected Kamala Harris for the Harris-Biden ticket. Got it.",safe,hateful,2.346259355545044,4849,102.578125,0.294374
A Divided Self or “My Name is Legion”  Demon possession overall is marked by a loss of freedom.  The Gadarenes are Us  #ergnews #antinazigr #antifagr #antifa #Stopthehate #GoldenDawn #GDtrial #JesusChrist #JesusSaves #JesusIsLord #JesusIsGod #prayers #hope ,hateful,hateful,2.4058752059936523,4849,102.578125,0.3606679
Unbelievable.Why are #Americans going through this when I know #Illegal are getting everything for free. I even know elderly #IllegalAliens receiving #SocialSecurity when never worked a day in #America WHY? #VoteRedToSaveAmerica #Veterans #NeverForget #AmericansOverIllegals ,hateful,hateful,2.4159131050109863,4849,102.578125,0.3586299
@USER @USER @USER I sat during the Levi's commercial so they know that i don't support their gun control stance,safe,hateful,2.3356876373291016,4849,102.578125,0.2878928
@USER @USER @USER They are obstructionists. Anti-american. Pharisees. Ask them what they are running on and you get nothing. Maga!,hateful,hateful,2.388946771621704,4849,102.578125,0.3426814
@USER @USER @USER @USER I completely believe she will be in GTMO. She is a traitor.,hateful,hateful,2.4007747173309326,4849,102.578125,0.3518978
Swedish Man Hater's Club Meeting: ,hateful,hateful,2.31709623336792,4849,102.578125,0.2687094
"@USER The comments below, defending Drug Ford's blatant abuse of power is completely laughable.  But, but the Liberals.  Bias, BIAS I tell you!!!  Must be only the NDP rich downtown area that was polled"".  Ho-man... thanks guys... I needed a good laugh! 😂😂😂""",hateful,hateful,2.417495012283325,4849,102.578125,0.3634633
"THE PLOY WAS TO INSERT A BT IN THIS CONCILORS PLACE AND MAKE ME GET SO ANGRY I ACTED UPON IT... IM A HARD CUNT AND IM KIND AGGRESSIVE BUT I AINT BATTERING SOME CUNT ON THE INTERNET FOR SHIT TALKING ME... LOL... TIRBA? THOUGHT ID BUY IT,, NO SALE",hateful,hateful,2.40883207321167,4849,102.58203125,0.3558692
When you find your ex on tinder ,hateful,hateful,2.320939779281616,4849,102.58203125,0.2660739
@user Carrey is a sick man!!! ,hateful,hateful,2.387974739074707,4849,102.58203125,0.3382555
"today is a beautiful day. time 2 remember i have a beautiful house, loving dogs, and a wonderful husband; both on our way 2 doctor.  ",safe,safe,2.416616201400757,4849,102.58203125,0.3643668
@user @user @user McEnroe is a fucking legend. And he hurled abuse at everyone! Now he appears in commercials yelling at people and movies yelling at people. He is an icon. Do you think it’s fair? ,hateful,hateful,2.3522703647613525,4849,102.58203125,0.2958234
"she's a hoe, she's a bitch, she's ugly. but you dated her??????? please take a seat ",hateful,hateful,2.382040023803711,4849,102.58203125,0.3360163
"RT @shakiraevanss: Criticize Amanda for saying the n word, sure, but don't make jokes about her sexual assault, don't be trash.",hateful,hateful,2.4034996032714844,4849,102.5859375,0.3641865
@user Who would buy a book written by such a total classless Porn star! I’ll tell you who Democrats and liberals ,hateful,hateful,2.3298659324645996,4849,102.5859375,0.2860031
@user @user OF COURSE HE IS! THE CORRUPT DEMOCRATE PARTY IS AT STAKE! #MAGA  #WWG1WGA ,hateful,hateful,2.390796661376953,4849,102.5859375,0.3361856
 woman gets shagged by black man adult riders ,hateful,hateful,2.39454984664917,4849,102.5859375,0.3693743
funnyððð#fanepicness #leagueoflegends #twitch #toplane #adc #gaming #lol #nerd #fun #love  â¦ ,safe,safe,2.2899301052093506,4849,102.5859375,0.2508094
If train officers that are wearing body armor stand back to watch the smoke clear. Why does every gun ho wanna be... http://t.co/cuLyANyQ,safe,hateful,2.2879111766815186,4849,102.5859375,0.2452315
@user Liberals are claustrophobic? 😬 ,hateful,hateful,2.3564181327819824,4849,102.5859375,0.3001026
He’s back! And all the leftist news dirtbags were hoping our president would die. 🇺🇸#Trump2020,hateful,hateful,2.4109315872192383,4849,102.5859375,0.3714332
Enter the Kitchen Authority Bargain Sandwich Maker Sweeps. This little baby is perfect for making quick hot sandwiches like stuffed grilled cheese or pocket pizza! ,hateful,safe,2.273817777633667,4849,102.5859375,0.2313575
"Disgusting , and bitch you are NO ROCK STAR !! YOU are a no class skank🤡😱🐍🙈🙉🙊👁 ",hateful,hateful,2.296386241912842,4849,102.5859375,0.2379982
Ben Gurion admitted that Israel would take over the world. ,safe,hateful,2.354006290435791,4849,102.5859375,0.3225557
https://teachyourselfcs.com/ #programming,safe,safe,2.4058327674865723,4849,102.5859375,0.3615378
@USER @USER @USER Be there with Bells on 👍✌️❤️,safe,safe,2.293564796447754,4849,102.5859375,0.2633563
"Was driving to our new house (haven't moved in yet) this weekend, and saw three deer in broad daylight. One on our front yard! I'm going to have venison in the freezer next winter.",safe,safe,2.2759194374084473,4849,102.5859375,0.2416873
Build the dam wall.Stop this from happening here in the USA.#BuildTheWall#EndSantcuaryCities#EndChainMigration#VisaLottery#JimJordanForSpeaker#VoteRED #RedTsunami #SupportPresidentTrump#MAGA ,hateful,hateful,2.3774542808532715,4849,102.5859375,0.3517094
@USER Plenty of ppl work a full shift and still manage to find their way home correctly. This bullshit is not flying with the public.,hateful,hateful,2.360488176345825,4849,102.5859375,0.3272967
@user but hoy never talk with me  ,safe,hateful,2.3269147872924805,4849,102.5859375,0.2719994
don't you hate it when people just presume they can take things you've just brought without asking xxx   #getityourself xxx,safe,hateful,2.4201817512512207,4849,102.5859375,0.3742408
 â #australia pa-time employment fell from previous 20.2k to 17.9k in may   #blog #silver #gold #forex,safe,safe,2.401191473007202,4849,102.5859375,0.355455
@user @user still no answer and no evidence for your cliams. i have to assume you are making things up  ,safe,hateful,2.2912535667419434,4849,102.5859375,0.2609843
working on some new stuff for you all today :)! how's your day going???! #btwnus  ,safe,safe,2.2685134410858154,4849,102.5859375,0.237565
u r so corny we are all sitting at the same table lmaoo ,safe,safe,2.372161626815796,4849,102.5859375,0.3388
@user @user @user You’re the embarrassment who should be kicked out of the @user ,hateful,hateful,2.415452718734741,4849,102.5859375,0.3567481
"TWO PIECES of shit both need to be sent back to the jungles they came from ,or any jungle at all as long as they are gone forever.",hateful,hateful,2.3284125328063965,4849,102.5859375,0.2999863
@USER Actually it seems more specific than that. It appears the CBC is saying opposing gun control is the same as covering up child molestation in the catholic church. WTF??,hateful,hateful,2.4124231338500977,4849,102.5859375,0.3674842
"@serenity_23 I assume so, the tranny went out this morning. I have a maxima.",safe,hateful,2.4058563709259033,4849,102.5859375,0.3746877
@USER This Russian agent is a DISGRACE. Hey old creep @USER you are going to die in prison. You and Trump sold America to the Russians and it’s time you do the time for your years of crimes. Scumbag.,hateful,hateful,2.3632452487945557,4849,102.5859375,0.3096204
@USER @USER @USER If you think billionaires are truly liberal than you are the fool. They are playing their part in public but if they were truly Liberals homelessness would end. You are being played like a fiddle,safe,hateful,2.3936564922332764,4849,102.5859375,0.3476205
@user @user @user Politico reached out to the “65” women. Only 2 stood by him. That’s 65-63=2. Gotta break it down for #Maga. ,safe,hateful,2.4064884185791016,4849,102.5859375,0.3586508
final tweet from @user now @user inspire accredited - g work many congrats   living ,safe,safe,2.2939321994781494,4849,102.5859375,0.2675478
@user bitch till when tomorrow. you thought hoe ,hateful,hateful,2.3951475620269775,4849,102.5859375,0.3547683
"Having dead voters on the roles doesn’t mean that every single one of these would-be voters are actually voting. Even a large portion of dead voters can’t seem to pull themselves off the couch to make the trek to the voting booth After all, #IfYouDontVoteYouCantComplain, right?",safe,hateful,2.4491934776306152,4849,102.5859375,0.40831
no offense to anybody but of course some of the white ppl i work with doesn't see the impoance of ali outside of the boxing ring.  ,safe,hateful,2.331366539001465,4849,102.5859375,0.3074371
"But, just kicked your ass as a Christian. ",hateful,hateful,2.403393268585205,4849,102.5859375,0.3534222
@user I was informed that your process takes up to 10 business days to transfer credit from an expired Myki card to an active cards - WTF!!!??? 🤪  Do you people use computers????? #whatajoke ,hateful,hateful,2.4233570098876953,4849,102.5859375,0.3763165
the day will be whatever you make it! focus on the good and the bad will seem to disappear!ð  #positivethoughts ,safe,safe,2.271578788757324,4849,102.5859375,0.2318485
Fuck ing she should lose her life more she dead the better we can live but she not just the only one the rest of her gang should all so die to ,hateful,hateful,2.2932472229003906,4849,102.5859375,0.2481757
@user @user @user @user @user @user @user @user @user @user @user @user You stated the 1994 AWB was constitutional. I asked you to provide the SCOTUS case.   The response about the alleged support for gun control to that is a complete non sequitur. ,safe,hateful,2.385054111480713,4849,102.5859375,0.3289205
  #bihday to my #beautiful #niece my #wholehea i #love uâ¦ ,safe,safe,2.3561832904815674,4849,102.5859375,0.3242366
#carlpaladino the #trump #official #underfire  for #obama  #remarks  ,hateful,hateful,2.34216046333313,4849,102.5859375,0.289174
@user u've probably been to old trafford more often than stangmore park.  .,safe,safe,2.3224124908447266,4849,102.5859375,0.2757346
@user A disgrace... ,safe,hateful,2.3153295516967773,4849,102.5859375,0.2610979
@USER @USER embarrassing!,safe,hateful,2.342331647872925,4849,102.5859375,0.3000513
Skate Board Parts yo. This is awesome. I’m sorry but I love watching Rome burn.,hateful,hateful,2.2863428592681885,4849,102.5859375,0.2539905
@user men are so stupid they can't tell the difference between a wink and rape! ,hateful,hateful,2.29902982711792,4849,102.5859375,0.2459963
@user How come you are silent on Trump's attacks on the Mueller and Sessions? You Fucking bitch! You fucking whore! Spineless POS!!! ,hateful,hateful,2.369044780731201,4849,102.5859375,0.3173155
the death of a dream is the day that you stop believing in the work it takes to get there. #dream #quoteoftheday  ,safe,safe,2.3767402172088623,4849,102.5859375,0.3245193
Nobody gives a fuck about Jews. There’s only 14 million of them on earth.,hateful,hateful,2.308499813079834,4849,102.5859375,0.2788207
@user @user @user @user @user @user @user Exactly Hat @user  are true Feckers ! I detest them ,hateful,hateful,2.276158094406128,4849,102.5859375,0.2370986
@user Dear @user please understand he is not doing anything except saving ur and mine money. If he had used our tax money wisely our children would have been in government schools. Her wife would have got treatment here. His own sons would have been standing with him. ,safe,hateful,2.3804931640625,4849,102.5859375,0.332976
"@user getting my 3yr old nephew into #gymkhana7 #hoonicorn video, he loved it, in his words awesome!!   ",safe,safe,2.3669357299804688,4849,102.5859375,0.3179406
@USER @USER Illinois strict ass gun control let's only the thugs and gang bangers have the guns which means a lot more violence,hateful,hateful,2.3273613452911377,4849,102.5859375,0.2897725
"@USER   Doesn't ALTERNATIVE FACT"" = FALSEHOOD?  #MAGA @USER  @USER  @USER @USER    How do ""Alt"" gov accounts exist?  How many accounts?  Illegal?   Subverting will of the people? Who runs? Who pays? Where from? IP address tracking?""",safe,hateful,2.426830768585205,4849,102.5859375,0.3730228
@user @user So Victoria's Secret won't sponsor Trump any more. I hope they realize how much of their crap trump has sold for them to Antifa! ,hateful,hateful,2.4110829830169678,4849,102.5859375,0.3560962
Another win for the common man! #MoreAlligatorGreedAnnulled #MAGA  A federal court has handed a victory to students suing Education Secretary Betsy DeVos over her efforts to dismantle protections against fraud by for-profit colleges. URL,safe,hateful,2.347261428833008,4849,102.5859375,0.3173562
@USER @USER So how do propose a ward deal with this? Put the gay/lesbian youth with the opposite gender? Or segregate them from the other kids entirely (awful idea). I’m just going to assume @USER has more experience and knows what he is talking about here.,hateful,hateful,2.3972651958465576,4849,102.58984375,0.3558856
California Assembly passes bill expanding Medicaid to immigrants ,safe,safe,2.3277692794799805,4849,102.58984375,0.2769373
@USER What if the rape never happened and she is lying? Why is her word gospel? Many women are gold diggers avengers and liars.,hateful,hateful,2.2468984127044678,4849,102.58984375,0.2289016
"It’s as simple as doing what Obama did but in reverse! Wait till they get here, have buses waiting at the border....AND SHIP THEM THE FUCK BACK TO WHERE THEY CAME FROM! Not our problem, not our burden! https://www.breitbart.com/2018-elections/2018/07/10/dhs-migrants-are-leaving-their-children-the-united-states/",hateful,hateful,2.39605712890625,4849,102.58984375,0.3609682
@adamhousley Sounds like a dirty rotten thing the left is doing to silence him #WalkAwayFromDemocrats #DemocratsAreCorrupt #Trump2020 #VoteRed,hateful,hateful,2.3550965785980225,4849,102.58984375,0.304933
Ladies the moment you start hanging around with black dudes is the moment I no longer consider you a human #WomenSuck ,safe,hateful,2.364527463912964,4849,102.58984375,0.3441259
@user The transparency of their acts furthers the myth that all women are victims. Some truly are but these crazed liberals wouldn’t know one if they saw one. In the end their hubris will hurt the real women that really need help. ,hateful,hateful,2.3715600967407227,4849,102.58984375,0.327329
@user Fuck em ,hateful,hateful,2.4045212268829346,4849,102.58984375,0.3495331
"Well, this is disturbing...I guess they want to turn us into another socialist hellhole after they take our guns...",safe,hateful,2.3682165145874023,4849,102.58984375,0.3284025
"Thank you. Yes, 250 years ongoing  Kurdish Genocide must end immediately. ",safe,hateful,2.288731336593628,4849,102.58984375,0.2459109
@user @user @user @user @user The Liberals same old playbook. It is so old... yawn ,hateful,hateful,2.3100969791412354,4849,102.58984375,0.2559271
"#smiling evokes good feelings in others, as we often mimic those we meet!  #smile   ",safe,safe,2.365713119506836,4849,102.58984375,0.3131016
*waits for a buncha braindead rednecks to burn the Levi's that they're wearing and get hauled off to the ER en masse* URL,hateful,hateful,2.4028518199920654,4849,102.58984375,0.3503511
@user you are a hysterical woman ,safe,hateful,2.310060977935791,4849,102.58984375,0.2675281
"It's easy to feel like you can't make a difference when the injustice of the world seems so overwhelming. But if we all do our part, we will see things change. Do your part for refugees this week  and help them rebuild their lives. âž ",safe,safe,2.417282819747925,4849,102.58984375,0.3869287
Welcome to the Daily Sales Training Call. My name is Wayne Wallace and my goal is to help you become a better salesperson and make more sales. Join the live call daily Monday through Friday at 8:30 am Pacific time. Too join us live visit my website http://salesskillsmastery.com,safe,safe,2.4065535068511963,4849,102.59765625,0.3551757
"@USER @USER Aside from the whole meat is murder"" nonsense, coastal liberals claim the smoke gives you cancer. Austin tried to ban it in 2015 but it got knocked down. URL",safe,hateful,2.348822593688965,4849,102.59765625,0.3079916
pre ordered my copy of think and win like dhoni. @user @user   ,safe,safe,2.389230251312256,4849,102.59765625,0.344586
All they need is TLC thats BS #SENDTHEMHOME ,safe,hateful,2.4146928787231445,4849,102.59765625,0.3805156
Obama is a filthy liar,hateful,hateful,2.3278729915618896,4849,102.59765625,0.2670166
@user You're a skank. You are more skilled at shoplifting than trying to be witty. ,safe,hateful,2.4073495864868164,4849,102.59765625,0.3616131
Good! Come out & give your support Australia!,safe,safe,2.3859760761260986,4849,102.59765625,0.3352239
"A 'friend who lies"" is no friend.",safe,hateful,2.2644400596618652,4849,102.59765625,0.2352952
"They couldn't pick more screetching, ugly looking children who nobody can can relate to if they tried. Looks like almost 100% mulatto.",safe,hateful,2.310882329940796,4851,102.59765625,0.2846717
@user WAPO what an idiot comment you are a disgrace to journalism VERY SAD ,hateful,hateful,2.3606722354888916,4851,102.59765625,0.3062402
#goodmorning #twÃ¼tters   #tgif and a big #ff #hayirlicumalar,safe,safe,2.3818135261535645,4851,102.59765625,0.325425
@USER Just another reason she is vile,hateful,hateful,2.322970390319824,4851,102.59765625,0.2681097
tonight a friends baby found a gun @ someones house&amp;shot himself in the head.     #preventable #gunsafety #pray4jett,safe,hateful,2.4273681640625,4851,102.59765625,0.3712736
@user Dont worry Ann. No one will ever accuse you of being a hysterical woman or any kind of woman ,hateful,hateful,2.4120078086853027,4851,102.59765625,0.3678813
"https://www.youtube.com/watch?v=uskOpDVY3EY: Remember throughout your exercises that your abdominals are muscular tissues, similar to other",safe,safe,2.3389978408813477,4851,102.59765625,0.3027026
"@user just coz their is a few of these vids, dont mean they are not woh wotching, they are there hilarious, a must watcâ¦ ",hateful,hateful,2.3956961631774902,4851,102.59765625,0.3483397
"#VoteRedToSaveAmerica #FISAGATE #Qanon #1776 #FollowThePlan #MAGA #TrumpTrain #Alliance #TheStormIsHere #PutOnTheFullArmorOfGOD #WWG1WGA #WAKEUP #INGODWETRUST Lagarde Warns Nations To Resist Self-Sufficiency,Globalists Trade Deals ... https://youtu.be/_hH0gl3VaOM  via @YouTube",safe,hateful,2.435657501220703,4851,102.59765625,0.3901598
@user @user @user i dont give a fuck if you started the tweets or if katelyn did. either way you were talking shit to katelyn so i joined this shit bc shes my friend. thats what my point was so shut the fuck up youre a nasty bitch ,safe,hateful,2.3444972038269043,4851,102.59765625,0.2972546
&#8220;@CRYaboutitNIGGA: I get paid too chill.&#8221; Share the wealth Lil nicca,hateful,hateful,2.379497766494751,4851,102.59765625,0.3412849
@USER lmaooo you are so wise ily,safe,safe,2.406987428665161,4851,102.59765625,0.3635702
#Burundi Burundian refugees should go home! ,safe,hateful,2.315629482269287,4851,102.59765625,0.2734391
 @user praying for orlando and for all the families involved ....  ,safe,safe,2.4043266773223877,4851,102.59765625,0.3567319
"If you're truly a free speech advocate, you wouldn't be advocating for anyone to be fired over something they said (no matter how much it disgusts you or how stupid it is).",safe,hateful,2.4162700176239014,4851,102.59765625,0.3830575
"Reminds you of Shrillary, wearing the pantsuits in a myriad of colors. Sociopaths unite!",safe,hateful,2.3361926078796387,4851,102.59765625,0.2863604
"@user #allahsoil there have been three stages of empire: imperialism, colonialism and neocolonialism.  â¦â¦",hateful,hateful,2.38314151763916,4851,102.59765625,0.3495346
"Nice photo, but the side-saddle rounds are loaded with the primers up. That forces you to reach around uncomfortably to get them out. They should be loaded with the primers down.",safe,safe,2.3893325328826904,4851,102.59765625,0.3376744
You a pussy bitch watch when I catch you I’m beat tf outta you ,hateful,hateful,2.313215970993042,4851,102.59765625,0.2719682
@user @user Resign!!! You’re an idiot!!! 🤦‍♂️ ,hateful,hateful,2.4157631397247314,4851,102.59765625,0.3582282
 â #eur/gbp extends the upside above 0.7900   #blog #silver #gold #forex,safe,safe,2.4067933559417725,4851,102.59765625,0.3624819
How can you say stfu and leave me alone in a good way? lol ,hateful,hateful,2.3288352489471436,4851,102.59765625,0.2758557
"Vonn, you like niggers so damn much, go live in Zimbabwe, don't come back, traitor bitch, cunt",hateful,hateful,2.399385452270508,4851,102.59765625,0.3495264
@BlackManUSA @texasdivepro Historical point: cracker was a term for the Irish settling in the woods of the mid-Atlantic. Hardly offensive.,hateful,hateful,2.406449317932129,4851,102.59765625,0.3551483
@USER  Poor Baby.  This is why you and your entire network CAN NOT be trusted.  The only people still watching CNN are brainwashed liberals and demonrats. URL,hateful,hateful,2.3344576358795166,4851,102.59765625,0.2963925
"@user You're either a bot or... for some reason you're associated Gavin McInnes with the alt-right""""?   Time to find some better news sources, bro? The """"alt-right"""" hasn't been relevant since CVille. Your journalists covering #antifa or just focusing on a few harmless conservatives?"""" ",hateful,hateful,2.402536153793335,4851,102.59765625,0.3656227
At least she tried to save her dog!,safe,safe,2.370596170425415,4851,102.59765625,0.3288138
.@user has one of the least exciting deliveries of any spos journalist i have ever seen or heard   ,safe,safe,2.341576337814331,4851,102.59765625,0.2857707
"For that dumb ass pussy that thought he could step to me, 1004 Franklin Ave, anytime you wanna get it bitch ",safe,hateful,2.4049816131591797,4851,102.59765625,0.3584818
 â #united states redbook index (mom): -1% (june 3) vs previous 2.2%   #blog #silver #gold #forex,safe,safe,2.4214046001434326,4851,102.59765625,0.3693248
@user From a man (fast and furious) was held in contempt ,hateful,hateful,2.3197944164276123,4851,102.59765625,0.2737809
All True.   and your welcome.   We have quite a group on here.,safe,safe,2.3050904273986816,4851,102.6015625,0.274833
"hello baby, â¥ï¸   #stbah #islandlife #caribbeangirl #whatelse #beach #sun #loveâ¦ ",safe,safe,2.2944564819335938,4851,102.6015625,0.2646352
AP reporter on infant boy's appearance in US immigration court ,hateful,hateful,2.3576266765594482,4851,102.6015625,0.3049374
@USER @USER @USER Plus now we know where she likes to kiss you at when she is singing Don’t Judge Me.,safe,hateful,2.3361222743988037,4851,102.6015625,0.2867939
@USER @USER @USER @USER @USER @USER @USER David calling for Lynn to resign is an reckless and irresponsible statement and needs to resign immediately as he is unfit do hold any position anywhere.   See what I did there.,hateful,hateful,2.405949115753174,4851,102.6015625,0.3679311
@whits_20 @AjalaPilgrim Yankee? &#128530;,hateful,safe,2.404086112976074,4851,102.6015625,0.3654031
Tommy Robinson on free speech and Double Standerds ,safe,hateful,2.32332444190979,4851,102.6015625,0.2703634
I'm sorry but you damn hoe and you don't even know it 🤦🏾‍♂️ ,hateful,hateful,2.4027018547058105,4851,102.6015625,0.3440489
@user @user @user Are you guys really still supporting the @user party that suspended you all because you went into coalition with the @user  Deary me Talk about desperation to be noticed ,safe,hateful,2.4189724922180176,4851,102.6015625,0.3715327
These are the same people invading our northern states like Minnesota. We need them gone from American soil! Do not let them be voted into office! Stop the Palestinian invasion of America! #BanShariaLaw #IslamIsNotAReligionOfPeace #AssimilateOrLeave #DeportThemAll ,hateful,hateful,2.364370822906494,4851,102.6015625,0.3088422
"#Q #QAnon #TheStorm @RealTrumpTweets‍ - After a lil drought, we have a deluge.  ""Expand Your Thinkng"" #Patriots!  Where we go one we go all! ",safe,hateful,2.3896939754486084,4851,102.6015625,0.3347737
 Armenian Bakery Near Me : http://sasounbakery.net/armenian-bakeries-apple-eyed-tagged-bakery-los-angeles/,safe,safe,2.3946595191955566,4851,102.6015625,0.3471502
  gave my dad his #fathersdaygift early #loveit #liverpool,safe,safe,2.237903118133545,4851,102.6015625,0.2071258
"after skype and nokia, microsoft has decided to screw-up (acquire) linkedin   ",safe,hateful,2.2991154193878174,4851,102.6015625,0.2533226
@user Don’t care. Let them (NFL) die on the field kneeling ,hateful,hateful,2.354763984680176,4851,102.6015625,0.3133375
@user @user @user @user @user @user 2/The Democratic Party won’t do anything to him because he’s Muslim Brotherhood &amp; they don’t care about Monahan.  The Muslim Brotherhood needs to be declared a terrorist organization—all of it! Ellison also supports ANTIFA. These people are so foul it’s scary! ,hateful,hateful,2.421494960784912,4851,102.6015625,0.3786336
no taste.. ,hateful,hateful,2.3201019763946533,4851,102.6015625,0.2653385
 @user the best reason for working in schools with children. it's such a lovely job. ,safe,safe,2.386456251144409,4851,102.6015625,0.3636227
"I have a solid radar for deception and see how you offer no proof of any claim you make while pushing unsubstantiated accusations, speculation, and disinfo as fact. You're fucking see through. If Gab goes down the Alt-Right goes down with it and I know you're smart enough to see that. ",safe,hateful,2.428588628768921,4851,102.6015625,0.3795655
thank you lovely ladies for a great night #friends #goodnight   @ tapas tapas - waterloo ,safe,safe,2.275564193725586,4851,102.6015625,0.2224678
@user @user fine ill boycott it! ,hateful,hateful,2.4054110050201416,4851,102.6015625,0.3551379
"""  in the workplace &amp; family responsibilities add to pressure as they face unequal pay &amp; lack of suppo""  ",hateful,hateful,2.4466097354888916,4851,102.6015625,0.4044149
this is what trumpâs ny campaign chair had to say about the sitting president of the united states and the first laâ¦ ,hateful,hateful,2.3434081077575684,4851,102.6015625,0.2990213
@user #StopTheInvasion #BuildTheWall #HomeTown Meeting #California #FavoritePresident #ActionSpeaksVolumes  #ProtectAmerica #HonorTheFlag ,hateful,hateful,2.4019558429718018,4851,102.6015625,0.3705469
ðð¯ true #pasanga   #love #pain #kadhal #ajii #ajith #adams_ajith #gv #gvprakash #insideâ¦ ,safe,hateful,2.41422700881958,4851,102.6015625,0.3934299
"you are my â#sunshine, my only â#sunshine. you make me ð  when skies are âgray. ",safe,safe,2.324059009552002,4851,102.6015625,0.3019054
"Use the wrong pronoun and they'll call HR, bigot.",safe,hateful,2.381572723388672,4851,102.6015625,0.3611629
"Here's a prime example of bringing in the wrong kind of refugees. These vile creatures are only in it for what they can get, they don't want to contribute anything to the new country. This type of ""refugee"" needs to stay in the refugee camps or go home. Beware #Canada. ",hateful,hateful,2.4377894401550293,4851,102.6015625,0.4137986
@user @user Touché...but wait till he flashes the white supremacist👌🏼sign letting his sound crew know he can hear himself in his ear piece. Heads will roll...🤦🏽‍♀️🤦🏽‍♂️ ,hateful,hateful,2.342205762863159,4851,102.6015625,0.3122239
"@user Harp, chem trails they control the weather n other uses,if ur weather sucks complain #Stopthechemtrains #MAGA #TRUMP 2020 #BUILDTHATWALL ",hateful,hateful,2.39749813079834,4851,102.6015625,0.3587846
My entire'English Class'was about how to convince #Trump to have mercy on illegal immigrants who carry drugs    Allow open borders    Stop building a wall    Allow EVERY illegal to stay   &   Disband Border Patrol    College is a collective group-think w/loser teachers who think they're god   #Gab #GabFam #MAGA,safe,hateful,2.4216301441192627,4851,102.6015625,0.3892647
@user @user @user @user @user @user @user @user @user @user @user @user @user @user Please follow back #Turnout2018 #MAGA #BUILDTHATWALL #KAG #DRAINTHESWAMP ,hateful,hateful,2.347783088684082,4851,102.6015625,0.3157645
Can I offer you a slice of European Style Socialist pizza?,safe,safe,2.3171818256378174,4851,102.6015625,0.2736489
@USER @USER Very pathetic man !,hateful,hateful,2.262356758117676,4851,102.6015625,0.2322703
".@USER The referendum wasn't about whether GDP goes up by 1% or down by 1%, it was about leaving political union and becoming an independent country! That is the issue that neither the Conservatives nor the Labour party wishes to address."""" ",safe,safe,2.382896661758423,4851,102.6015625,0.3265132
No bitch you need to answer the phone you fake whore😊 ,hateful,hateful,2.3162245750427246,4851,102.6015625,0.2728794
joyful - grateful - peaceful   ,safe,safe,2.40763258934021,4851,102.6015625,0.3617774
@USER @USER Don't be surprised when Libertarians win in local and state levels. People are getting sick and tired of both sides with empty promises.,safe,hateful,2.4325287342071533,4851,102.6015625,0.3818516
"I realize Nancy Pelosi is a Democrat, but her level of hypocrasy is breathtaking. ",hateful,hateful,2.3160479068756104,4851,102.6015625,0.2755114
""" I will NEVER hire another woman""  -. Made that exact same assertion during a conversation with my sister  and niece not two weeks ago. I explained , they understood.",hateful,hateful,2.4169116020202637,4851,102.6015625,0.357427
@user I don’t care if she is right or left go back to tv bitch one tv star in office is more than good #hollywoodisscum ,hateful,hateful,2.4158310890197754,4851,102.6015625,0.3636943
  #caturday from samantha  #lazyroommate #thatsmyspot ,safe,safe,2.333116292953491,4851,102.6015625,0.27504
Are you related to the operation paperclip nazi that built the saturn v engines? ,safe,hateful,2.3948490619659424,4851,102.6015625,0.3361266
@USER There she is looking wretched,safe,hateful,2.3984758853912354,4851,102.6015625,0.3791015
 @user 5 years ago.. you were already in my playlist. every day. i can't believe what happened...   #ripchristina â¤ ,safe,hateful,2.346808910369873,4851,102.6015625,0.2991094
Fuck these cunts. This is why MGTOW has a leg to stand on.,hateful,hateful,2.394352436065674,4851,102.6015625,0.341549
did  keep #colinpowell and #condoleezzarice from being #secretaryofstate? words not to use in #2017 . #jumpedtheshark,hateful,hateful,2.4146108627319336,4851,102.6015625,0.3664339
""" We started work at 15"" Maybe some American teenagers would like to work as well and get some work experience? Oh, no, they can't do that because your kind supported and still supports cheap brown labor. Have fun being tortured by a nigger in some derelict nursing home.",hateful,hateful,2.3584697246551514,4851,102.6015625,0.3019666
Iran: Millions Of Dollars' Embezzlement In Teachers' Investment Fund ,safe,hateful,2.366178274154663,4851,102.6015625,0.3350265
https://www.youtube.com/watch?v=uNcy8tGRrys  First Man movie omits American Flag planting on the Moon,safe,hateful,2.3993079662323,4851,102.6015625,0.3626908
off to transylvania this weekend for a wedding.  going to be interesting    âï¸ð¾ð,safe,safe,2.342198610305786,4851,102.6015625,0.2852664
FFS!! That sounds as good as his grammar 🌚 ,hateful,hateful,2.401397943496704,4851,102.6015625,0.3562009
@USER @USER lol how on earth do you think antifa needs funds for anything? kicking nazis is free and business is booming,hateful,hateful,2.414216995239258,4851,102.6015625,0.3849387
"Equals everybody with the same rights, under Islamic law.",safe,hateful,2.31369686126709,4851,102.6015625,0.2687896
"@user Everything i would've have done even without the curfew, which is really stupid not all men are dangerous ",safe,hateful,2.417656898498535,4851,102.6015625,0.3691677
U.S. government looking for new places to house detained #immigrant families - follow along as we #FOIA to keep track of the ever-expanding for-profit industry ,hateful,hateful,2.414863109588623,4851,102.6015625,0.3607372
@user @user fix this shit! ,hateful,hateful,2.3111658096313477,4851,102.6015625,0.2685505
#tyruswong #bambi aist thwaed by   didnt want his children 'constrained by lines laid down by others',hateful,hateful,2.4207351207733154,4851,102.6015625,0.3671508
"You ever just wanna cut off every single person in your life, get on a boat and sail into a whole new life? Cause same ",hateful,hateful,2.4129135608673096,4851,102.6015625,0.3654172
"@user hey! but the chinese are communists as well! oh but they're not white, that's right. i see. #dumbingdownofamerica ",hateful,hateful,2.3424532413482666,4851,102.6015625,0.2947938
center mass bruh. it will be easier to justify self defense 🔫🔫🔫🔫💣💣💣💣,safe,hateful,2.3938310146331787,4851,102.6015625,0.3498054
#ShameOnYou #conservatives proud of yourselves for inflicting such horrors on the folk of #Palestinian.…... ,hateful,hateful,2.428767442703247,4851,102.6015625,0.380831
speaking of  in #science and #medicine... ððð  cc @user ,hateful,hateful,2.3270111083984375,4851,102.6015625,0.2718983
"Sure, Elizabeth Warren can do it for decades, but we can’t do it for one night!",safe,hateful,2.3842878341674805,4851,102.6015625,0.3383861
"@user @user His ""Spartacus"" moment was more like a hysterical woman with a serious case of PMS! He also displayed how uninformed and poorly directed he is. He didn't care about the truth. Like all Libtards, it is all about the drama moment. LOL, he is an accomplished liar! ",safe,hateful,2.418316125869751,4851,102.6015625,0.376311
@user @user @user Who is this? She is truly a little goddess! 💕 ,safe,safe,2.259782552719116,4851,102.6015625,0.2074123
@USER @USER @USER ok say less im ready whenever he is,safe,hateful,2.2910826206207275,4851,102.6015625,0.2361549
@weaverXP @yanksfan00 @DebTalleyPsyD @lwperkinsart @toddstarnes @JoeBiden @KXEL1540 @POTUS Best of luck!  Hope your opinion holds fast after tonight's debate!  The President appreciates some good competition.[NEWLINE][NEWLINE]#Trump2020,safe,safe,2.3644254207611084,4851,102.6015625,0.3345131
Well look who caught a fucking clue! Only 6 months later. #QdenierJackProsobiec thinks he's clever.,safe,hateful,2.419928789138794,4851,102.6015625,0.3649168
fab night! #friends #gay #fabnight   #pouts #makeup #pinkhair ,safe,safe,2.316072702407837,4851,102.6015625,0.2853005
"Mel Gibson has been in so many movies, From Hamlet to Apocalypto he has an esteemed career. I think he's stayed out of the limelight of stardom and celebrity which is a profound curse. ",safe,safe,2.334979772567749,4851,102.6015625,0.3145024
"now playing  :  abandoned toys - "" spiraling into the sun"" on     music song ",safe,safe,2.4417307376861572,4851,102.6015625,0.3978978
BREAKING! TECH COMPANIES MEET IN SECRET TO STEAL 2018 ELECTION    Left desperate to win midterms   https://www.infowars.com/breaking-tech-companies-m...,safe,hateful,2.3624868392944336,4851,102.6015625,0.3199643
  #like4like #likeforlikealways #hours#tagsforlikes #instapic#instagood#instafashionâ¦ ,safe,safe,2.3950002193450928,4851,102.6015625,0.344392
"The bankrupt, genocidal empire inhabited by mostly obese mental patients acts like it has a future.  Can't even reach LEO, but act like Captain Kirk.  https://gizmodo.com/us-air-force-chief-warns-of-space-war-in-a-matter-of-y-1823321806/amp",safe,hateful,2.4266748428344727,4851,102.6015625,0.3861975
@user Doing soooo much better than the big Zero and his losers ,hateful,hateful,2.325960874557495,4851,102.6015625,0.2650703
@user This game sucks donkey balls ,hateful,hateful,2.391967296600342,4851,102.6015625,0.3483131
#aleppo #orlando  #syria  #trump  #war #berlinattack   #inequality   #bagdad  #nice  #paris  there is nothing to celebrate. #getreal,hateful,hateful,2.433156967163086,4851,102.6015625,0.3720933
"Google and Facebook should each be fined $10 million per day until they fix their bias issues. Collectible at the end of every week. And if they don't pay, the executives should immediately be jailed and charged with sedition.",safe,hateful,2.352672815322876,4851,102.6015625,0.3065054
it's only a matter of time...expect more... ,safe,hateful,2.375852108001709,4851,102.6015625,0.3304711
Hannity: We are finally one step closer to getting justice https://youtu.be/4X4xKa6QMR0 via @YouTube,safe,safe,2.416532516479492,4851,102.6015625,0.3600366
"@user 8 presidents, same policy on israeli settlements but only obama is slammed as a treacherous anti-semite. â¦ ",hateful,hateful,2.318302631378174,4851,102.6015625,0.2773524
@user He had to talk about how great he was because nobody else was. ,safe,safe,2.2965900897979736,4851,102.6015625,0.2667256
"@user i felt that lawrence fishburn was added as the ""magical negro"" hollywood stereotypes are made of!  @user",hateful,hateful,2.3212087154388428,4851,102.6015625,0.2913576
@user @user There should be a serious FBI investigation into this woman’s motives behind this political hit job. This kind of shit is NEVER done to anyone other than conservatives. Such bullshit. ,hateful,hateful,2.3548693656921387,4851,102.6015625,0.3086845
@user As it gets closer to November the left is in full on panic mode their talking points will forever be 25th Amendment. Ok idiots let’s see you try it. ,hateful,hateful,2.3521246910095215,4851,102.6015625,0.3122592
@USER @USER @USER #Brilliant bigotry..,hateful,hateful,2.3920557498931885,4851,102.6015625,0.3579863
EU migration policies seen building blocks for 'Fortress Europe' EU clueless idiots do not realize that asylum seekers are actual invaders that will crush Europe. ,hateful,hateful,2.4050326347351074,4851,102.6015625,0.3599914
@user Got to love Susan Sarandron's response..... ,safe,safe,2.3291232585906982,4851,102.6015625,0.2723275
"Race, sexual orientation, and immigrant rights are what define our  American identity?   What level of utter stupidity does it take to get someone to tweet this. ",hateful,hateful,2.404958724975586,4851,102.6015625,0.3627599
According to federal civil law McCabe can not be replaced until he is either fired or begins the first day of retirement. Terminal Leave is Forbidden for fed civil employees. Dishonorable men should not be rewarded with full benefits ! No Retirement for those attempting to escape the Law.,safe,hateful,2.4165847301483154,4851,102.6015625,0.3747437
@USER Meh @USER should be asking @USER @USER and @USER about their blatant disregard for truth in the gun control discussion now present in the country - this is why criminals have no fear. Government misdirection! URL,hateful,hateful,2.3442699909210205,4851,102.6015625,0.3060257
@user Get that shit off my phone Bono - I’ll never forgive you ,hateful,hateful,2.3704283237457275,4851,102.6015625,0.3536146
@user He knew the email were released earlier! Just pandering to his ignorant base ,hateful,hateful,2.411134958267212,4851,102.6015625,0.3653825
hey peeps !! how are you doing ?!  ,safe,safe,2.29756760597229,4851,102.6015625,0.2652338
"The NYT op-ed with the ""resister"" is a psy-op they're playing on Trump. They want him to be paranoid.",safe,hateful,2.3957741260528564,4851,102.6015625,0.3564104
@user @user IB you ass. Watch how you speak on my name😂😂 ,hateful,hateful,2.4110639095306396,4851,102.6015625,0.3596165
"Kamala Harris is an adulteress[NEWLINE]Joe Biden is an adulterer who gropes &amp; Sniffs kids[NEWLINE]His wife is an adulteress[NEWLINE]And you think being a parent is EASIER.[NEWLINE]You feckless moron, you are BLINDINGLY biased.[NEWLINE]@VanJones68[NEWLINE]It ain't over 'til the fat lady swings.[NEWLINE]#Impeachment #dossier #Anonymous https://t.co/dvjGxpFymd https://t.co/Xx0Q4VpYHU",hateful,hateful,2.4017436504364014,4851,102.6015625,0.3730961
@user The first person got it by having sex with animals.. ,hateful,hateful,2.3530478477478027,4851,102.6015625,0.2931564
racism at home and anti- advice for others: we're good at both. ,hateful,hateful,2.397156000137329,4851,102.6015625,0.3567114
@user It’s going to suck with any rating. Venom without the Spiderman origin isn’t really Venom. This is just a Sony cash grab. ,hateful,safe,2.3483481407165527,4851,102.6015625,0.2940751
cormacs such a cunt won’t even let me squeeze his blackheads pussy bitch ,hateful,hateful,2.3767900466918945,4851,102.6015625,0.3360023
AND Still I give it the old college try! #WalkAway #CommunismKills #LuciferiaRising @user #MAGA #Trump2020 ,safe,hateful,2.4071176052093506,4851,102.6015625,0.3633483
" @user #sgr #keeponkeepingon   @ spar, poharcou mall, azikiwe road. ",safe,safe,2.272930860519409,4851,102.6015625,0.2224439
another upload!! go check it out!ð   #youtuber   #lifestyle #advice #vlog #vlogger #blog ,safe,safe,2.274024248123169,4851,102.6015625,0.2199688
&#9733; BEST ASIAN MASSAGE ON THE park slope --TOP RATED SPA &#9733; 718-622-0221 - 24 http://t.co/1xTCOome3v,safe,safe,2.3723018169403076,4851,102.6015625,0.3172006
@user Kirinodere and the Curious Case of the Fucked Customs Fees. 10/10 good book. ,hateful,hateful,2.4052350521087646,4851,102.6015625,0.3495469
@realDonaldTrump YOU AREN'T BETTER FOR ANYONE. DISGRACE TO THE USA. #BidenHarris2020 #TrumpIsANationalDisgrace #TrumpTaxReturns,hateful,hateful,2.3214309215545654,4851,102.6015625,0.2792246
"@user @user And there you go again, ignoring the point. You’re so worried about “not all men”… ",hateful,hateful,2.371544122695923,4851,102.6015625,0.3275323
@USER @USER @USER @USER empty your mind and god shall speak. To you? Through you? If you are wise increase in abundance. But surely I'm a fool who has not seen the most powerful who has ascended? Or descended? How times are rare but his messages are absolute.,hateful,hateful,2.4206900596618652,4851,102.6015625,0.3661173
@USER @USER Looks like @USER and liberals have already found him guilty like usual before anything has started. She is apart of the resistance and me-too movement. They have pics of her at marches with her pink hat. How much was she payed to play her part?,safe,hateful,2.3398818969726562,4851,102.6015625,0.2943
@USER @USER Typical... When it backfires it's nothing to see here move along...  Trump supporters these days are doing the same thing... All this shit Trump is getting called out on. It's nothing to see here move along . Lol,hateful,hateful,2.3966312408447266,4851,102.609375,0.343959
we now have definitive proof the @user does not have the best interest of the game in mind. that was not protecting the field gents!!  ,safe,hateful,2.3750197887420654,4851,101.2421875,0.3305078
"15 Years Later, Physics Magazine Concludes: All 3 WTC Towers Collapsed Due to Controlled Demolition https://thefreethoughtproject.com/physics-report-9...",safe,hateful,2.3373029232025146,4851,96.15625,0.3034476
The first thing Hitler did when coming to power was introduce The Animal Protection Act..,safe,hateful,2.383058547973633,4851,96.8046875,0.329961
"signing off for today folks, have a great #weekend everyone!   #wishes",safe,safe,2.394279956817627,4851,97.37890625,0.3533754
10 ways to say   in english  #vocabulary #learn_english ness ,safe,safe,2.326310873031616,4851,97.94140625,0.2731948
@imgooby you're not funny trash,safe,hateful,2.4010043144226074,4851,98.46875,0.353761
@USER @USER Bloodsport who can forget the monologue by jackson describing this big monster. and to think he is in his 60's now,hateful,safe,2.406700611114502,4851,99.8984375,0.370943
congrats slut he's yours you win :) ,hateful,hateful,2.3174502849578857,4851,100.02734375,0.2723942
my first time student @ first day of school..    #goodluck #studentlife ,safe,safe,2.3889451026916504,4851,100.58984375,0.3536529
"it can see my comment here @BitchnNggaAss coming from some useless pile of diarrhea that lives in a socialist shithole, where it's legal to shit in the streets and shoot up dope on those shit covered streets. your opinion is invalid. ya everything about you and where you live is pure SHIT",hateful,hateful,2.4273641109466553,4851,100.6171875,0.3954753
"Ah, the smell of Nepotism and corruption in the morning~ can you smell its putrid essence.",safe,hateful,2.326557159423828,4851,100.65234375,0.2799943
@user the dance music world is ready for you! #inspired #needed   #waiting,safe,safe,2.389051675796509,4851,100.7109375,0.3383998
@user i'm losing my mind trying to free up space on my ipad and i now have less after deleting videos and accounts in mail  ,safe,safe,2.411221504211426,4851,100.78125,0.3665751
MOTHERFUCKING BITCH DICK CUNTBAG LARD EATING ASS SU... — i'm gonna make this my bio tell me who this is i wa... ,hateful,hateful,2.3519039154052734,4851,101.29296875,0.2928987
@user Doug why don’t you concentrate on speaking out about those who commit sexual assault and rape instead… ,hateful,hateful,2.3886806964874268,4851,101.58984375,0.3346787
"super   for the @user challenge 1: stylish, classy, confident, modern, &amp; sma #bbbchallenge",safe,safe,2.401846408843994,4851,101.59765625,0.3750477
I cannot express how infinitely better the book is to this trash.,hateful,hateful,2.3228299617767334,4851,101.6875,0.270843
everytime i wear soccer shis joie fries me and says i look mexican as fuck ð ,hateful,hateful,2.406033515930176,4851,101.73046875,0.3534123
@USER @USER RBG next! Can’t wait! The hateful intolerant racists on the left will not win! RBG NEXT!!!! MAGA,hateful,hateful,2.409745931625366,4851,101.8203125,0.3548217
@OfficialCCane naah da twitter bird &#128542;,safe,hateful,2.3294572830200195,4851,101.8203125,0.2743591
@USER Fake News spewing lies again ! Patriot Voters do not approve of Kaepernick and his Socialist Nike Ads!!👎🏼👎🏼👎🏼🤮🔥👹,safe,hateful,2.4033610820770264,4851,101.87890625,0.3622321
@USER @USER The same way democrats have smeared conservatives/republicans?   What about how democrats don’t stand up for the women that have been sexually assaulted by democratic politicians!! You’re a hypocrite &amp; you need to SHUT the HELL UP!,hateful,hateful,2.3944363594055176,4851,101.90625,0.3624037
@USER @USER @USER Haha 'affordable' homes. New flats cost minimum 120k in south glasgow. How is that affordable when our pay rises are stagnant!?,safe,hateful,2.3429367542266846,4851,102.15234375,0.3019978
katara u dumb retarded cunt bitch he is an actual human being with actual feelings ,hateful,hateful,2.3888652324676514,4851,102.2421875,0.3430911
My whole life is one big sexual innuendo ,hateful,hateful,2.4155259132385254,4851,102.25,0.3696897
Album: The Sidewinder ,safe,safe,2.3065874576568604,4851,102.2578125,0.2670149
"God bless you all, have a good night",safe,safe,2.250396490097046,4851,102.30859375,0.2201709
It's scary when you think about it.,safe,safe,2.297614574432373,4851,102.3671875,0.2646932
"@user , Chuck Todd will not debate you for the same reason that Carrot Top would not fight Mike Tyson in his prime. BOTH Todd & CT w/be decimated & never the same. Which in Todd's case w/be a good thing.#MAGA #KAG #POTUS #Trump #NEWS #VoteRed #NoDACA #WalkAway #USA ",hateful,hateful,2.3460192680358887,4851,102.3671875,0.3371376
@USER Right on 👍👍  #MAGA 🇺🇸🙏🇺🇸 #WWG1WGA 🇺🇸👊🇺🇸,safe,hateful,2.330367088317871,4851,102.38671875,0.308547
@user I really hope you don’t block me until after next Monday. I want to see this page’s reaction when Kavanaugh gets confirmed to the Supreme Court. That gun control is effectively dead. ,hateful,hateful,2.3599047660827637,4851,102.38671875,0.313518
You can continue to sit in the punk bitch section with all the other blocked hoes ,hateful,hateful,2.389921188354492,4851,102.38671875,0.3673267
"@realDonaldTrump TRUMP: ""Three weeks in, Joe is shot, let's go Kamala, are you ready?""[NEWLINE][NEWLINE]Just making it clear that this fascist dipstick is literally fantasizing about the assassination of his opponent.[NEWLINE][NEWLINE]cc: @FBI @SecretService[NEWLINE][NEWLINE]https://t.co/TbAdlDt5iY",safe,hateful,2.4354424476623535,4851,102.38671875,0.4044895
Daily Caller confirms True Pundit's story of six weeks ago that the Chinese hacked Crooked Hillary's emails. ,safe,hateful,2.3185760974884033,4851,102.38671875,0.2866244
@USER His fruits comes not only from his mouth; he is a liar and a deceiver. He is definitely NOT a Catholic — he likes to re-form the Church to his own image.,hateful,hateful,2.4125218391418457,4851,102.38671875,0.3922101
@user Silly unhinged liberals. ,hateful,hateful,2.4188106060028076,4851,102.38671875,0.3601745
@user @user Are you freaking serious.  3900 lives lost. Trillion dollars in recover and rebuild. Continued threats and fear.   You are a disgrace to journalism.  You moron! ,hateful,hateful,2.2927985191345215,4851,102.4140625,0.2801505
@user Geeezz and @user doesn’t even air ALL That  or the Doug show 😬 ,safe,hateful,2.286301612854004,4851,102.4140625,0.2509806
two things to make you   in life - #travel and #bubbletea!  lemon ,safe,safe,2.3092687129974365,4851,102.4140625,0.273535
@realDonaldTrump @FLOTUS God bless you both.[NEWLINE]Here's to a speedy recovery. [NEWLINE]#MAGA2020,safe,safe,2.4349968433380127,4851,102.4140625,0.4015101
@user @user More Voters Support #Trump on #Immigration No Open Borders Detain and Deport ,hateful,hateful,2.3233673572540283,4851,102.4140625,0.276795
@user Fairness?? What about being fair to the democratic process of this republic??? All this is a sham to delay the vote. Shameful.  #DrainTheDeepState #DrainTheDeepStateSwamp #maga ,hateful,hateful,2.440939426422119,4851,102.4140625,0.3924923
@user @user @user You are as cheap as cheap she is...Try with Bible and Quran if you really have guts ,hateful,hateful,2.4140465259552,4851,102.4140625,0.393337
it is becoming clear to me that 'government' means old decrepit fucks trying to stop younger people from have fun as revenge for their own impotence/misery. Government by the people for the people = government of young people by old people for the benefit of old people. FUCK OFF GRANNY!!!!!,safe,hateful,2.362884283065796,4851,102.4140625,0.3217792
@USER You are a lier Christine Ford Soros pays you well and your lawyer won't work we all know you lie shame on you!,hateful,hateful,2.3799397945404053,4851,102.41796875,0.3453871
"https://www.mikemarko.com/free-seo-consultation-cincinnati/: Wanting to obtain even more traffic to your site, as well as as a result a lot more company? After",safe,safe,2.4052116870880127,4851,102.41796875,0.343253
"North Korean military officer, civilian reportedly defect to the South https://www.yahoo.com/news/m/fdab0ba0-402f-309b-8e93-55d8fc900ee9/north-korean-military.html?.tsrc=fauxdal",safe,safe,2.3430795669555664,4851,102.41796875,0.301054
@user It's wild thinking about how Clive is minus one boypussy away from wrecking the whole town again ,hateful,hateful,2.40887713432312,4851,102.41796875,0.3535047
@josephljenkins Have heard some hillbilly grumblings that bugs worse in recent years because of MIC shutdown.,hateful,hateful,2.4154715538024902,4851,102.41796875,0.3723555
@user @user @user Great. Here’s how today has gone: Floris wanted to spank me. Leah wanted to stab me. Curtis won’t back me up. Adam still looks great at 67 or however old as fuck he is... KL has a bigger dick than me but she’s a she...he🤔...she?!? ,hateful,hateful,2.365233898162842,4851,102.41796875,0.3278229
"hatred towards other human beings, for choices in their lives that do not impact your life at all. whatever the excuse, it's hate.  ",safe,hateful,2.3872292041778564,4851,102.41796875,0.3407466
"note for those who call #wn  for opposing the latest @user ad: damn right we are! get that filth off the net, you race-traitors-",hateful,hateful,2.4158952236175537,4851,102.41796875,0.3680326
@user @user @user Gun control has everything to do with punishing conservatives. ,hateful,hateful,2.3339853286743164,4851,102.41796875,0.2747014
#HanoiJane Fonda Campaigns for Gun Control Measure; Will it Backfire? -   Liberty Park Press ,hateful,safe,2.3329954147338867,4851,102.41796875,0.2870577
@user sadly it's an international situation.. many ppl r losing their lives around the world #shameonhumanity  ,safe,hateful,2.296020984649658,4851,102.41796875,0.2726969
@user Lmao fuck u bae ,hateful,hateful,2.342740058898926,4851,102.41796875,0.3093812
"now playing  :  lee blaske - "" 15 - through the mirror - pa 2"" on    #melancholy   #melancholymusic",safe,safe,2.2650935649871826,4851,102.41796875,0.2252028
@user @user Such a fucked night @user ,hateful,hateful,2.316519021987915,4851,102.421875,0.285133
@user will u be back on @user y r all the original leaving :'(   #lovegeordieshore,safe,hateful,2.3715715408325195,4851,102.421875,0.312925
 @user you literally have no social life when your a working man....  ,safe,hateful,2.3838353157043457,4851,102.42578125,0.3357221
"#becksuk1999, tissot_young #f4f rss:  tissot_young ",safe,safe,2.2656993865966797,4851,102.4296875,0.2476648
France passes new immigration law to deport migrants as quickly as possible - Free Speech Time - @user ,safe,hateful,2.3251969814300537,4851,102.4296875,0.2838086
" @user  @user don't count the days, make the days countðð   #flower #friday #vine   viaâ¦",safe,safe,2.3772246837615967,4851,102.4296875,0.3445558
@USER I tried to remember? I don’t under your joke. I lobe conservatives like yourself because your so inept.,hateful,hateful,2.3849937915802,4851,102.4296875,0.3545145
"India, America, China and Israel are run by (((Hindu))) (((Episcopalian))) (((Buddhist))) (((Scumbag Jew))) fags! #Draintheswamp",hateful,hateful,2.3446738719940186,4851,102.4296875,0.2984157
i wasn't careful enough and while playing my drum stick made this ;(   #drumstick #oneokrockâ¦ ,safe,safe,2.3444719314575195,4851,102.4296875,0.2858663
i guess the doggy filter is enough for me since my parents won't get me a dog lol.  ,safe,safe,2.3210113048553467,4851,102.4296875,0.2916429
  days porn movie filme pornor  ,safe,hateful,2.3489255905151367,4851,102.4296875,0.3031045
Relief for refugees as permanent houses put up via @user #Withrefugees #Kakuma @user @user  @user @user @user ,hateful,safe,2.2694075107574463,4851,102.4296875,0.2276105
#í¸ì    hoshi day  #6ì15ì¼ ,safe,safe,2.3105456829071045,4851,102.4296875,0.2786932
They have volcanos too..  :)  Not picky.,safe,safe,2.3165342807769775,4851,102.4296875,0.278842
@user She looks like a bitch I'm in love ,hateful,hateful,2.267036199569702,4851,102.4296875,0.2362637
Congrats on all the success Andrew!,safe,safe,2.29321551322937,4851,102.4296875,0.2681102
@user I thought it was because you weren't very funny and lacked in talent as a comedian. ,hateful,hateful,2.3028533458709717,4851,102.4296875,0.274769
Thank you for yours. Loving Gab to bits! :) Screw @Jack,safe,hateful,2.3101541996002197,4851,102.4296875,0.2738282
Who knew that wanting to cutting your dick and believing you live into someone else skin mean that you have profound mental problem! I'm so surprised! ,hateful,hateful,2.4039530754089355,4851,102.4296875,0.3588198
#ashish instagram post @user   bihday toofan ððððð  @user @user @user @user ,safe,hateful,2.4172258377075195,4851,102.4296875,0.3751291
love the summer weather ð #la #summer #losangeles #sun #palmtrees   #norwegian #girlâ¦ ,safe,safe,2.350215435028076,4851,102.4296875,0.3030058
@user You are beginning to sound just like a stuck record Brian. Why don't you go and find something less boring to do instead. ,hateful,hateful,2.398216962814331,4851,102.4296875,0.3489175
@user @user Please clarify what subsection you are referring to. ,safe,safe,2.4081130027770996,4851,102.4296875,0.3585933
just a few more weeks till my first ever stay @user #cornersuiteupgrade   #stoked,safe,safe,2.333136558532715,4851,102.4296875,0.2867625
@USER So Fucking What. It doesn’t matter if they found the Dead Sea scrolls or the Colonel’s secret recipe. This man should not be dead but he is so due to the ignorant negligence of someone else.,hateful,hateful,2.4242708683013916,4851,102.4296875,0.3828144
Retarded yankee political eunuch demands Alabama voters to reject Roy Moore. LOL!   https://www.cincinnati.com/story/news/politics/201...,hateful,hateful,2.413743495941162,4851,102.44140625,0.3840963
Yup. ,hateful,safe,2.356921911239624,4851,102.44140625,0.3184427
@USER Morrows history is he is not going to stay healthy. He's a dominant reliever but his track record is hes going to land on the DL at some point,safe,hateful,2.3846709728240967,4851,102.44140625,0.3410323
"If trans-women were biologically women, the phrase 'trans-women' would not exist, you fucking nutcase.",hateful,hateful,2.4069652557373047,4851,102.44140625,0.3672501
Funniest thing I’ve seen today!,safe,safe,2.2344753742218018,4851,102.44140625,0.2068882
@USER He is gay. He’s a sick pervert he gets on my nerves,hateful,hateful,2.3262453079223633,4851,102.44140625,0.2979233
"@user @user You saw what they did in their own country, #SendThemBack ",hateful,hateful,2.376755714416504,4851,102.44140625,0.3318916
Are we surprised at this point?[NEWLINE][NEWLINE]#BidenHarris2020 https://t.co/NofrZfiJ4g,safe,hateful,2.3850810527801514,4851,102.44140625,0.3669895
“Memorandum on Resignation” by John Morley  ,safe,safe,2.229215621948242,4851,102.44140625,0.1920607
@SteveWorks4You you havent evolved as a human being. Typical meathead redneck. I pity you. You dont know what freedom is about......,safe,hateful,2.342216968536377,4851,102.44140625,0.3109978
"Say lul bitch you can't fuck with me if you wanted to , these expensive these are red bottoms these are bloody shoes. 🔴💰💸 ",hateful,hateful,2.3862781524658203,4851,102.44140625,0.3271396
"UK is lost...There's no fighting back. They have no guns, they have no government that backs them.",safe,hateful,2.3779985904693604,4851,102.44140625,0.3321425
Right on!! #Awake,safe,safe,2.2946383953094482,4851,102.44140625,0.2525597
@USER @USER What a wonderful caring president we have. God bless him!! #MAGA,safe,safe,2.2694051265716553,4851,102.44140625,0.2296169
ku klux klan originally an arm of the southern democratic pay to terrorize freed slaves and republicans who sympathized with them ,hateful,hateful,2.3814783096313477,4851,102.44140625,0.3472791
"Anybody can dig a hole and plant a tree. But to make sure it survives, you have to nurture it, you have to suffer for it,jst lyk a wife. ",hateful,hateful,2.4196202754974365,4851,102.44140625,0.3747603
How and why i almost became an illegal immigrant via @user ,hateful,hateful,2.3187203407287598,4851,102.44140625,0.2738546
@BrexitBruno @Tomularity @ra1nb0wfa1ry @akattorney @samanthamarika1 @JusBoog88 i have sense and logic. this isn’t about trump. it’s about waking up and not being sheep to the mainstream media that has brainwashed people. Joe and Kamala are corrupt politicians. they’re leftists who use black people for a vote and then forget about them. you’ll see.,hateful,hateful,2.436124324798584,4851,102.44140625,0.3920927
@user Bitch yesterday you didn't text back . But shut up we gone smoke hoe ,safe,hateful,2.3627631664276123,4851,102.44140625,0.3192825
He’s going to the hospital for a hoax??? #MAGA2020 https://t.co/AmPSq3xbQw,safe,hateful,2.319481611251831,4851,102.44140625,0.2786895
#ThatsMyPresident #TheGreatNegotiator #NOpalestinianPeacePartner https://www.timesofisrael.com/trump-no-more-aid-un...,safe,hateful,2.441547393798828,4851,102.44140625,0.3788775
I haven't heard from him in a while.  I wonder what he is up too?,safe,safe,2.395160675048828,4851,102.44140625,0.3381522
@user And the Liberals will supply them with these modern fighters! ,safe,hateful,2.300149440765381,4851,102.44140625,0.2618082
@user This stupid game you're playing is NOT going to work and Kavanaugh WILL BE CONFIRMED!  #ConfirmKavanaughNow #MAGA #TRUMPSTRONG #AMERICAFIRST #DRAINTHESWAMP #VOTEREPUBLICAN #TRUMPSTRONG #WINNING 🇺🇸🇺🇸🇺🇸 ,hateful,hateful,2.3074123859405518,4851,102.4453125,0.2634208
@user When will the kenyan woman learn to say 'My man' Abi carry ya own Cross not all men are de same #Mainaandkingangi ,hateful,hateful,2.3516592979431152,4851,102.4453125,0.3082445
@user @user Guy you are always present...bet why? Lol ,safe,safe,2.3207247257232666,4851,102.4453125,0.2793313
i reblogged them to mock her god bless,hateful,hateful,2.286184549331665,4851,102.4453125,0.2305591
keep lisa and jisoo out of your dirty mouth ugly skank ass bitch deactivate delete go get a life stay away from bla… ,hateful,hateful,2.367766857147217,4851,102.4453125,0.3127781
@USER @USER @USER @USER @USER @USER @USER   PREACH IT! God's people deserve better!  URL,safe,hateful,2.3592727184295654,4851,102.4453125,0.3173296
@user Happy Birthday(s)! ,safe,safe,2.3992068767547607,4851,102.4453125,0.3556796
#EU grants #Spain extra funding to cope with migrant arrivals ,hateful,hateful,2.315826177597046,4851,102.4453125,0.2755383
@user Climbs up the charts in Christian Music...only to wither as a fig on a tree as a false prophet. That is @user ,hateful,hateful,2.3969342708587646,4851,102.44921875,0.3538312
You are gonna be so surprised when you find out what stealth @USER has been up to... he is doing us good Joe.  #MAGA @USER #QAnon #TRDJ #WWG1WGA URL,safe,hateful,2.418341636657715,4851,102.44921875,0.3817142
@realDonaldTrump Fay I is on cnn saying Trump used his words out of context.,safe,hateful,2.3332364559173584,4851,102.44921875,0.2833564
@USER This is Gun Control!,hateful,hateful,2.3908448219299316,4851,102.44921875,0.3490137
 &amp;loveland #vive #sueÃ±a #cree #atrevete #sefeliz ð ,safe,safe,2.406905174255371,4851,102.44921875,0.3933982
"It's too bad I can't press enter on this when I compose a tweet. I have to click tweet. It's VERY #annoying, #TBH. #twitter",safe,error,2.335223436355591,4851,102.44921875,0.3036603
getting ready to go see my biological dadð   ð©ð»ðð¨ð» ,safe,safe,2.3111283779144287,4851,102.44921875,0.2805926
two yrs ago &amp;1 day before father's day i finally met @user in san antonio at a @user   ,safe,safe,2.3340394496917725,4851,102.44921875,0.2753721
@user What a freaking ass. ,hateful,hateful,2.343346118927002,4851,102.44921875,0.2972263
@user yup fooled antifa threw big ol' fire pit rocks at mah truck called the cops said them commies dunnit neat lawyer trick huh ,hateful,hateful,2.3316121101379395,4851,102.44921875,0.2872761
@user @user California gun control is direct result of white people scared of Black Panthers using their right to bear arms. NRA had no problem with that gun control! ,hateful,hateful,2.4171581268310547,4851,102.44921875,0.371228
"  - 5,000 pigs burn alive in saskatchewan barn fire (video) ",safe,hateful,2.416177272796631,4851,102.44921875,0.3582945
@USER u a cold bitch,hateful,hateful,2.3140013217926025,4851,102.44921875,0.2649362
@user @user Bitch watch out lil red tx hoe on my click I'll fuck you up ,hateful,hateful,2.413759469985962,4851,102.44921875,0.3682273
@USER Dude...what happened to you? #messedup,safe,hateful,2.4232664108276367,4851,102.44921875,0.3850859
@USER @USER Hollywood and media make jokes about Jesus and Christians and think that's hilarious but turn every innocent joke conservatives tell in to an outrage. Typical of reprobates.,hateful,hateful,2.3178365230560303,4851,102.44921875,0.2918028
I LIKE U DO U LIEK ME,safe,safe,2.4041380882263184,4851,102.44921875,0.3615543
"@user #antiwhite  new black panthers recently in #milwaukee chant ""free us or die cracker"" &amp; ""f*ck the pigs""â¦ ",hateful,hateful,2.4323928356170654,4851,102.44921875,0.4091658
loving the fact this book is now available at @user online!  #lovepubs #ukpubs   #newbook,safe,safe,2.2560181617736816,4851,102.44921875,0.2214363
mixed race couples still face  in australia ,hateful,hateful,2.298504114151001,4851,102.44921875,0.2535809
Did you know that #TEDxKakumaCampâŒ was the world’s first ever TEDx event from a refugee camp? You can now see the entire show here: ,safe,safe,2.3549530506134033,4851,102.44921875,0.3209917
Battle of the Billboards: Pro-Lifers Fight Back against Pro-Abortion Advertising | BCN ,safe,hateful,2.419511079788208,4851,102.44921875,0.3674688
"LIVE NOW: GEEK GAB!  Slay the Spire, A Wrinkle in Time, and Hurricane Heist!  #GeekGab  https://www.youtube.com/watch?v=HbW1fbTXcHg",safe,safe,2.31323504447937,4851,102.44921875,0.2726725
@USER @USER @USER It started with Cameron and May is even worse. She is not a Conservative!,hateful,hateful,2.4142894744873047,4851,102.48828125,0.3715592
"Lol the Austin bomber was ""white"" so I guess Niggers will assume he's a Nazi Trump supporter. They'll all play victim per Nigger and Jew code. Niggers never change.",hateful,hateful,2.4182212352752686,4851,102.48828125,0.3786604
I hate this British woman of letters bitch ,safe,hateful,2.3224937915802,4851,102.48828125,0.269357
omg they heard my request and they are making it happen!!!!! ðððððððð   #nerdgasm ðð¯ððð½thank you @user  ,safe,safe,2.3612565994262695,4851,102.48828125,0.3175016
#MAGA2020 REMEMBER TO VOTE ON 4 NOVEMBER! YOUR COUNTRY NEEDS YOU!🇺🇸🇺🇸🇺🇸🇺🇸,safe,safe,2.4215307235717773,4851,102.48828125,0.3844289
better that therapy...  via @user #gardening #garden #gardenlife #vegetablegarden #therapy  ,safe,safe,2.2830796241760254,4851,102.48828125,0.2240819
"A wonderful, marvelous, thoughtful shark just performed a heroic deed in Orc population control! God bless this glorious shark!  Sharks are the BEST!  https://www.thesun.co.uk/news/6443515/shark-rips-off-penis-swimmer-dead-brazil-beach-video/",safe,hateful,2.318793296813965,4851,102.48828125,0.2820333
"Who is John Hanson? A ""Black"" Man, A Moor, John Hanson
was the First President of the United States! George... http://t.co/rpSeqjD3",hateful,hateful,2.3631677627563477,4851,102.48828125,0.3083887
@USER Thats because you are an old man.,hateful,hateful,2.3670754432678223,4851,102.48828125,0.3401639
@user What an empty soul you have. ,hateful,hateful,2.28391695022583,4851,102.48828125,0.2426553
pls  #norfolkhour the eaaa norfolk polo festival stas tomorrow!  !  ,safe,safe,2.3058485984802246,4851,102.48828125,0.27363
Sweet Jesus #morningjoe are you going to split screen Rep James Clyburn &amp; Charlie Daniels at the same time? #morningjoe,hateful,safe,2.371297836303711,4851,102.48828125,0.3269771
"an already-debunked viral hoax"" Tell me who decides if a meme has been debunked?? A potentially biased human has to thats who.  URL #facebook #rosetta #memes #qanon #maga URL",hateful,hateful,2.41788649559021,4851,102.48828125,0.3814206
"Our Daily Planet: EPA ignoring air pollution, immigrant fire crews battle fires in Trump country and an orca mom just can't let go (get your tissues!): ",hateful,hateful,2.339416027069092,4851,102.48828125,0.2913209
 @user lonely girl  #painting #a #lonely #girl #depressed #redhair #nude #desnudo #depresiÃ³n #tristezza   #pintura #aâ¦ httâ¦,safe,hateful,2.3962879180908203,4851,102.48828125,0.3619684
Hysterical Hypocrite Liberals going after @user and Trump over 10 year old girl where were they when Obama deported 2 Million Hispanics ?? ,hateful,hateful,2.412785530090332,4851,102.48828125,0.3865208
street ðâ¤ï¸ #fun #streetstyle #street #love #city   #happiness #summer #holiday #streetaâ¦ ,safe,safe,2.335160732269287,4851,102.48828125,0.2982378
@USER @USER Imagine having a “don’t tread on me” avi while simultaneously allowing both antifa and the police to tread on you.,safe,hateful,2.4152417182922363,4851,102.48828125,0.3777156
Jus lock up and leave the keys on the desk,safe,hateful,2.4197616577148438,4851,102.48828125,0.3799807
#wilson  You are the love of my life! #SonnyKiriakis #WillHorton #FreddieSmith #ChandlerMassey #Days I'm so happy with #Days right now. ,safe,safe,2.316265821456909,4851,102.48828125,0.2760532
"Today is a great day to be a Pennsylvanian because today it's day to be remembered. For the struggles it has brought on itself to the prosperous days it has seen and to the greatness it has made what to be american. it may be the state to be remembered as the swing state when come to elections,to the football rivalry and the beginning of america but there is more to pennsylvania than those things....",safe,safe,2.4147965908050537,4851,102.48828125,0.3748041
I can be around a bitch and they only know my real name . Keep these hoes out your business baby ,hateful,hateful,2.434587001800537,4851,102.48828125,0.3906755
reddit.com/r/nflstreams   #StealTheNFL,safe,hateful,2.3107426166534424,4851,102.48828125,0.2767183
But it looks so vibrant! 😒,safe,safe,2.3312294483184814,4851,102.48828125,0.2714441
@user And when did Breitbart become a reliable source of anything? ,safe,hateful,2.3227527141571045,4851,102.48828125,0.2884398
thanks fuck for that. #gameofthrones   ,safe,hateful,2.3446757793426514,4851,102.48828125,0.3037283
‘Ray Bucknell!!! 🎉🏀 https://www.ncaa.com/game/basketball-men/d1/2018/0...,safe,safe,2.276402235031128,4851,102.48828125,0.2297902
@user Dirty smelly cunt slut whores. Hope your old man rots in a cell. ,hateful,hateful,2.3001134395599365,4851,102.48828125,0.2555007
@USER Internet sucks sometime,hateful,safe,2.345494270324707,4851,102.48828125,0.3088451
Pathetic Haddad You've got to be the worst troll in history,safe,hateful,2.3986222743988037,4851,102.48828125,0.3586569
"shut the fuck up, Jonghyun died as a decent person who made a lot for the music industry, not as a women abuser bitch ",safe,hateful,2.3367183208465576,4851,102.48828125,0.2966559
"In both cases, the Bush clan was the lesser of two evils. Notice I said two evils! Trump was the first GOP candidate since Reagan second term for which I could vote without having to hold my nose! Reagan keeping promises is when my brainwashing wore off. ;)",safe,hateful,2.4196341037750244,4851,102.48828125,0.367119
@USER Coming from a person from Chicago...kook!,safe,hateful,2.3967323303222656,4851,102.48828125,0.367848
Ridiculous!   Lots of USA citizens don’t even earn that much money while working to try to support themselves.  Refugees need to go Home!!! ,hateful,hateful,2.3336026668548584,4851,102.48828125,0.3013039
@USER By arguing a call? The media and you are making it a big deal,safe,hateful,2.388343095779419,4851,102.48828125,0.3621453
@user @user @user @user Connections are vital with all of the crap Twitter forces on conservatives. ,hateful,hateful,2.415163516998291,4851,102.48828125,0.3827008
I know dis bitch thats letting her hubby rape their daughter😒 the world fucked up ,hateful,hateful,2.310718059539795,4851,102.48828125,0.2734365
Black 'females' .... doing their part to ensure that everyone gets their very own collection of STDs including full blown AIDS!,hateful,hateful,2.4226486682891846,4851,102.48828125,0.3656877
@JuliansRum Beat the #Corona like a #Warrior #Trump2020 #TrumpCovid19 ❤️❤️❤️❤️❤️❤️,safe,hateful,2.4290764331817627,4851,102.48828125,0.3827824
@user and I'd rather shove the fat side of a wine bottle up your ass... We all have our preferences 🌚 ,hateful,hateful,2.332263469696045,4851,102.48828125,0.284747
@user I have a strong feeling a high % of them will vote blue.  Gun control is their main focus. ,safe,safe,2.394854784011841,4851,102.48828125,0.3594994
"@support‍  I have a couple questions about the group I've made. Is there a way to give someone adminship in a group? If so, how? Is whatever we post in the group stay in the group, or is it also posted for everyone else that fallows me to see? Is it interchangeable?  Thank you for your time ^.^",safe,safe,2.409878730773926,4851,102.48828125,0.3783232
"@user Tom Marvollo Riddle. Evan will lose his dick if he fucks around he knows it. Cause he is already after a lady""""  She nods and looked at Evan.  Evan grins at her and stayed silent.  He did liked to fuck around but he knew he could not hurt his date"""" ",hateful,hateful,2.3622334003448486,4851,102.48828125,0.327588
#BuildThatWall Stop The Illegal Invasion !  #NoDACA #NoAmnesty #Trump #MAGA #immigration ,safe,hateful,2.393282890319824,4851,102.48828125,0.3504668
"Chicks be 2 weeks pregnant and be like ""what my baby needs, I got em""....bitch, your baby need facial features first hoe. ",hateful,hateful,2.4003677368164062,4851,102.48828125,0.3664691
Congratulations to Juan Lara Reyes on his new 2018 Loaded Ram 1500! We greatly appreciate your business!! Hope you enjoy your new ride!!! ,safe,safe,2.303640842437744,4851,102.48828125,0.2404654
once again the libtards in illinois have lost their god damn minds!!!...im ashamed to even tell yall i live in this retarded fucking state but its true.....welcome to gestapoland!!!,hateful,hateful,2.4279167652130127,4851,102.48828125,0.3749251
"So, Joe Biden and Kamala Harris are allowed to have ""president elect"" and ""vice president elect"" in their twitter profiles, which is simply false. Meanwhile, almost every tweet from the actual president is flagged or censored. Twitter can go suck a fuck.",hateful,hateful,2.423978805541992,4851,102.48828125,0.3669903
@USER @USER Gonna suck with all that gun control,hateful,hateful,2.3158299922943115,4851,102.48828125,0.2675633
Afghan migrant whose deportation was thwarted by 'hero' Swedish student was actually sentenced for assault #FoxNews ,hateful,hateful,2.3950860500335693,4851,102.48828125,0.3584369
#zionism is a form of  @user,hateful,hateful,2.4124858379364014,4851,102.48828125,0.3693444
@USER he is already on betfair exchange but not on sportbooks.,safe,safe,2.2499032020568848,4851,102.48828125,0.2070569
 @user g+t in hand watching wheeler dealers restore a jag mk 2 !! perfect   father's day #cheers ,safe,safe,2.2958579063415527,4851,102.48828125,0.2487606
5/5 Canada has regulated firearms since the last quarter of the 19th century. Those laws have probably contributed to Canada having only 1% as many handguns in circulation as in the US.  URL,safe,safe,2.376786947250366,4851,102.48828125,0.3363732
"It's time to purge the entire landmass of the United States of the plague that is the Jewish pedophile population https://twitter.com/michaelianblack/status/1020869... They hate our right to bear arms more than SEX WITH CHILDREN I wouldn't mind seeing these vermin Hunger Gamed. Put them in a pit, tell them to hunt each other down",safe,hateful,2.435598373413086,4851,102.48828125,0.3933693
Don’t give a fuck what they call us TBH only speaking the truth!,hateful,hateful,2.3200907707214355,4851,102.48828125,0.2746869
Via @rockstarbarnes #MichelleBarnes - It’s been such a good build up for these two 🙌🏼- all the right sessions to work with their extremely busy schedule working with teeth 😁 ! Swim & Run have improved enormously this year and keeping the gears big on the bike 💪! Really proud of you two- can’t wait to be out there cheering....BELIEVE 🙏 #hawaii703  #trisutto,safe,safe,2.3881995677948,4851,102.48828125,0.3524633
"“Anyone who looks upon these natives as members of an inferior race or as men of low mentality makes a grievous mistake.”  Pope Pius XI, Rerum Ecclesia 26, 28 Feb, 1926  https://goo.gl/7PY3d4",safe,hateful,2.4140613079071045,4851,102.4921875,0.3890595
@USER @USER HYT ENEMY OF THE PEOPLE,hateful,hateful,2.3096816539764404,4851,102.4921875,0.2674083
Hear this man out - Deep State Exposure: ,safe,hateful,2.401874542236328,4851,102.4921875,0.3721423
 â #us: on hold for the fed dot plot â anz   #blog #silver #gold #forex,safe,safe,2.4408562183380127,4851,102.4921875,0.3956105
star wars - de... gbp 49.00 get here:  #shop #cool   #home #fun ,safe,safe,2.2549808025360107,4851,102.4921875,0.2240303
@user Liberal MP Leona Alleslev’s decision to cross the floor &amp; join the Conservatives would seem to be a betrayal of her supporters. Did she consult those who voted her in? Seemingly it’s legal? Imagine if #DougFord decided to cross the floor &amp; become the Liberal Premier. 🤔 😂 ,safe,safe,2.2948899269104004,4851,102.4921875,0.2536127
"6. since he was only six year old he wanted to be the only one ... world champion and now he is forever. at the last seven or eight laps he was crying like ... we were all crying like a girl and he was crying in his radio in his car !  and "" although limited to a review of""",safe,safe,2.3639986515045166,4851,102.4921875,0.3069414
RT @michellemalkin: Mass. GOP Gov.-elect Charlie Baker: No driver's licenses for illegal aliens ==&gt; http://t.co/3vkLYmJWjS #NoAmnesty,hateful,hateful,2.412907838821411,4851,102.4921875,0.3546795
@user are you so bitter because you're a #minoritypresident who lost the people by 3 million?  #maga #impeachtrump,hateful,hateful,2.335230588912964,4851,102.4921875,0.2955686
"World Life Expectancy Rating for Iraq = 119. World Life Expectancy Rating for South Africa = 153 Mandela was much, much worse than Hussein, and that is why 25% of the white population has already fled, most of them without announcing it to the Reserve bank in fear of reprisal. @alternative_right @ANV @seamrog @arquatrix @KMGVictoria @TomKawszynski",safe,hateful,2.4207544326782227,4851,102.4921875,0.3678815
@user #allahsoil the revolution occurredâjust not how marx expected it to.  â¦  #teambts #teamsuperjuniorâ¦,hateful,hateful,2.3737690448760986,4851,102.4921875,0.319922
how can i get those mf shoes bitch ,safe,hateful,2.3009164333343506,4851,102.4921875,0.2657782
10. New Gun Control Laws 11. Term Limits 12. Eliminate lifetime salaries for politicians 13. Same medical benefits as any other Federal Employee 14. Federal Holiday on Election Days 15. A review of Presidential powers of pardon ,safe,safe,2.292269468307495,4851,102.4921875,0.2498016
So it was fake company with dead bodies aboard and Remotely controlled plus sabotaged Crossing Guards. Anyone suspecting a COUP?,safe,hateful,2.3495757579803467,4851,102.4921875,0.3188623
Word to the wise: don’t play poker with these guys! @MiamiJohnC and Mark P. https://kek.gg/u/MSc2,safe,hateful,2.3987181186676025,4851,102.4921875,0.3515025
"@cnbc tried to do a poll ""Should Trump scrap the Iran deal?",safe,safe,2.3136048316955566,4851,102.4921875,0.2724177
"I don’t have a ton of credibility or gravitas in the alt right, but I think it’s time to start discussing why our movement is flagging. I’m going to write a series of posts here explaining my media theory and giving some background that newfags don’t seem to understand. I hope it helps.",safe,hateful,2.425811290740967,4851,102.4921875,0.3719633
@user How about juxtapositioning that next to all the conservatives who think it shouldn't be investigated at all? Or are you more interested in slanted BS than actual justice? ,safe,hateful,2.4001872539520264,4851,102.4921875,0.3815248
  to be on #twitter .... #myfirsttweet,safe,safe,2.3107361793518066,4851,102.49609375,0.2684962
"These people are not your friends. They are true .@realDonaldTrump supporters who hate people color, Hispanics, immigrants and women. ",hateful,hateful,2.4198851585388184,4851,102.49609375,0.3735645
thank you for reminding.!! ,safe,safe,2.4163951873779297,4851,102.49609375,0.3888195
#354 TRUMP POLLS VS MEDIA MELTDOWN! | Jordan Peterson and Nick DiPaolo Guest | Louder With Crowder - YouTube https://www.youtube.com/watch?v=5FXD7h8PGH0,safe,hateful,2.3568460941314697,4851,102.49609375,0.2985975
I'm not afraid,safe,safe,2.3828747272491455,4851,102.49609375,0.3284616
@USER @USER @USER @USER Using that thought/conspiracy then it would be safe to argue that the liberals have concocted this and are stalling in order to help the liberals interest in that. The perfect pawn would play fearful of  the process thereby helping confuse &amp; prolong the process.,hateful,hateful,2.424787759780884,4851,102.49609375,0.3710527
@user @user You are 'not all men' af rn dude. I don't have enough characters to explain to you why… ,hateful,hateful,2.3218436241149902,4851,102.49609375,0.272323
@user @user Is the vulgar Antifa creep TRYING to look like a woman..or is it that he just can't HELP IT? ,hateful,hateful,2.37893009185791,4851,102.49609375,0.3594719
That twat couldn’t crush a fucking grape ffs,hateful,hateful,2.407573699951172,4851,102.49609375,0.3859713
@USER Banned the NFL,safe,hateful,2.3517508506774902,4851,102.49609375,0.3219655
@user motherfucker you have 2k tweets in one month. you're not even a real person. and i'm the   one?,safe,hateful,2.389907121658325,4851,102.49609375,0.3499464
@CruzanChoklate look at you with yellow fever.,hateful,hateful,2.3979380130767822,4851,102.49609375,0.3605792
@USER those students not traumatised by having live shooter drills or distracted by fear of being killed at school are already doing their best. Send YOUR kid to one of those schools and we might get some action on gun control. Hypocrite.,hateful,hateful,2.356332302093506,4851,102.49609375,0.3168405
@USER Carter was the worst one term President until h was passed for that title by Oba our first Black Racist President!  Kinda like  a Black Jefferson Davis!,hateful,hateful,2.38346004486084,4851,102.49609375,0.3347066
"@user @user Mr. President, PLEASE pass an Executavie Order making it illegal for non-citizens to vote, and please have ICE agents at every voting station to deport these criminals.#BuildThatWall ",hateful,hateful,2.410557270050049,4851,102.49609375,0.353923
Got my vans on.. My pockets chunky,hateful,safe,2.2525625228881836,4851,102.49609375,0.2483624
@USER @USER LMAOOO fucking love you see you hotties soon xox,hateful,hateful,2.298567295074463,4851,102.49609375,0.2634676
how utterly  :  people with incurable #stupidity in #africa killing people with  #albinism.  good luck with an education campaign.,safe,hateful,2.3682641983032227,4851,102.49609375,0.3264086
early #dad#day#ludali#team#boostakeover#hypersidewalk @user @user @user ,safe,safe,2.4057133197784424,4851,102.49609375,0.3590041
"@user Africa for Africans, Asia for Asians, White countries for everyone IS White Genocide.Some basic truths:  Access to White people is not a human righthttps://t.co/c0gHvd6iMBRemigration 2018:  Easy come, easy GO!!   ",hateful,hateful,2.3616886138916016,4851,102.5,0.3162783
RT @CuteOverloads: baby monkey in the snow im crying &#128557;&#128018;&#10052; http://t.co/gMk5dbjaJQ,hateful,safe,2.367081880569458,4851,102.5,0.3180629
"@RachBlevins As long as Donald Trump is abnormally in love with Israel (is a Zionist), and believes in the eternal hegemony of the PetroDollar as the Global Reserve Economy, ""The Endless Wars"", will never ever end... [NEWLINE]https://t.co/0bkIMgaNQ2",hateful,hateful,2.4159655570983887,4851,102.5,0.386433
@USER These cowards ain't ready.. #MAGA 🇺🇸,hateful,hateful,2.327143430709839,4851,102.5,0.2716643
 @user @user he's a closet progressive. our country is screwed. too many progressives.   @user @user,safe,hateful,2.3909475803375244,4851,102.5,0.3475634
@user I really thought so. He is the God of rap. How do you come back from that ,hateful,safe,2.3815338611602783,4851,102.5,0.3411883
"@user @user @user @user Please source the video where these antifa"""" where violent towards you. let's see your sources."""" ",safe,hateful,2.3144009113311768,4851,102.5,0.273953
Quick campaign poster for woman-beater Keith Ellison -- ,safe,hateful,2.408978223800659,4851,102.5,0.3631845
"@user Gun control measures?  As in Fast and Furious"""", where you directed FFL dealers to violate the law and allow straw purchases?  Where you knowingly allowed firearms to be sold to criminal organizations?"""" ",hateful,hateful,2.4329493045806885,4851,102.5,0.3911883
@user @user @user @user Bank deregulation happened under Gordon Brown with his dramatic changes announced in 1997 (not in manifesto) including independent central bank and removal of @user supervision of financial sector. How old are you? Who taught you this rubbish version of history? ,hateful,hateful,2.3594748973846436,4851,102.5,0.3141548
"All conspirators and lawbreakers including Obama, Hillary, Bill, McCabe, Comey, Ohr's, Mueller, Rosenstein, McCain, Graham, Abedin, Jarrett, Steele, Strozk, Page, Schiff, Weissman, Lynch, Rice, Holder, Kerry, George Soros and Alex should be charged, arrested, sentenced& imprisoned",safe,hateful,2.404456853866577,4851,102.5,0.3551699
"Amusing downvote. Boomers are always willing to take away somebody ELSE's government cheese, but can't abide any threat to their own precious ponzi scheme which is nearly bankrupting the country.    Truly the most selfish generation. No principles, only posturing.",safe,hateful,2.3816537857055664,4851,102.5,0.3289229
"Lets Go America, stand together for our Flag and our Anthem, hurrayWhere We Go 1 We Go ALL !!!!!!!!!!!!!!! @user @user #BuildTheWall #LockThemUp #EndDACA now !!! ",safe,hateful,2.3625648021698,4851,102.5,0.31123
43 days tile Election Day. Time for 45 to go! Like/retweet if you agree! Let’s find each other and defeat every![NEWLINE][NEWLINE]#IFB #F4F #FBR [NEWLINE]#Resist #BLM #GreenNewDeal #ClimateChange #ProChoice #BidenHarrisToSaveAmerica #BidenHarris2020 #MitchMustGo #DitchMitch [NEWLINE][NEWLINE]#Trump Must Go!!!,safe,hateful,2.4035136699676514,4851,102.5,0.3622276
@USER hallo how are you today i think you are good actor,safe,safe,2.3573496341705322,4851,102.5,0.3034803
" @user hard to take your ""national security"" seriously when it's moored in ""i'm with racist,"" topped w muslim ban.    ",safe,hateful,2.3482840061187744,4851,102.5,0.295266
"@user #allahsoil stones and humans are different, but to gravity thereâs no difference.  â¦â¦ ",hateful,hateful,2.4066832065582275,4851,102.5,0.3585545
@user Yorkshire woman who taught a man #Consent while he was #Rape -ing her launches 1st real anti - #Rape… ,safe,hateful,2.4128901958465576,4851,102.5,0.3694984
@USER @USER Yeah she is a real blond just like Uncle Donnie,hateful,hateful,2.3166775703430176,4851,102.5,0.2689765
@user @user then what is #YesAllWomen? ,hateful,hateful,2.4046154022216797,4851,102.5,0.3529707
"How come Allah is not helping you it is up to Christian countries to  protect you feed you ,The countries hit by violence from islam take refugees in feed them etcPlease no more explaining about your hard times we are doing our best for uYes there is good and bad every where ",hateful,hateful,2.42476224899292,4851,102.5,0.3839065
carl paladino needs to lose his school board seat. what a disgusting  #pig,hateful,hateful,2.3264174461364746,4851,102.5,0.271423
I never been with a girl as big as you pussy be beating hard on this dick bet Cool hopefully you can find a girl my size that would want to go down on ya ,safe,hateful,2.3990230560302734,4851,102.5,0.344743
"@sarah_aronson Love, love, love! The ending especially! #VOTE #VoteBlue2020 #VoteBidenHarris2020 #VoteHimOut #voteblue",safe,hateful,2.4185190200805664,4851,102.5,0.3625689
ever noticed the word  to a non black person and the word #nigger to a black person yields almost the same reaction?,hateful,hateful,2.3315303325653076,4851,102.5,0.2812012
Am I the only person that feels disrespected by the bird poop suddenly dropping on your front window:(ewww#annoying,hateful,hateful,2.3946876525878906,4851,102.5,0.3576468
@USER @USER @USER @USER Oh i thought you were the dream team minus sonja. Really you are the mean disgusting team minus sonja. Oh by the way dorinda leave sonja alone. You are so jealous of sonja. She is kind sweet and so much prettier than you.  Get over it you drunk,hateful,hateful,2.4270246028900146,4851,102.5,0.3894274
@USER @USER @USER @USER Okay that's enough with the A and C shit. They dont care and neither should we.,hateful,hateful,2.3359322547912598,4851,102.5,0.2874773
#writing #editing =   me! how about you? what floats your boat?,safe,safe,2.3980460166931152,4851,102.5,0.3589113
@USER @USER You Rotated him the wrong way and now it looks like he is gliding.,safe,hateful,2.420628070831299,4851,102.5,0.3785208
Stuart goes to a Chinese Restaurant ,safe,safe,2.2285373210906982,4851,102.5,0.1972948
love living here â¤ï¸ #seaside #view #summer #loveit #home #june #alleys #wandering   #katjabymyself ,safe,safe,2.3222737312316895,4851,102.5,0.277869
Doctor Punished for Giving Vaccine Exemptions to Children with High Risk of Vaccine Brain Damage ,safe,hateful,2.3848800659179688,4851,102.5,0.354197
@user What about the life after they are born.  Like gun control. Health insurance for everyone. ,safe,safe,2.4085938930511475,4851,102.5,0.3778291
i decided to become a #feminist beginning 1/1/17. if any feminists are reading plz help to find educational materials.   #feminism  ,hateful,safe,2.289928913116455,4851,102.5,0.2427599
"If I had more money (for the inevitable lawsuits), I would take the plunge and give my plates back, and drive without them.",safe,safe,2.4412763118743896,4851,102.5,0.3829847
"A Harvard/Harris Poll conducted this year found that 48 percent of black Americans said they would like to see between only one and 250,000 legal immigrants brought to the U.S. a year."""" #MAGA #tcot"""" ",safe,hateful,2.424039840698242,4851,102.5,0.3927302
As long as there is lots of shooting and terrorist fighting and women that aren't transgenders is what matters. ,safe,hateful,2.3054418563842773,4851,102.5,0.2785913
@user @user @user just vote yes we all know you found out she is a fraud. ,hateful,hateful,2.432783842086792,4851,102.5,0.3745799
@user @user Far left Antifa just a bunch of bullies who get brave when in a mob confronting a few  seems everyone is a nazi if they have a different opinion ,hateful,hateful,2.421175241470337,4851,102.5,0.3891543
I have a multitude of gab friends who are awake and aware.  BGRK is one of my favorites.  They served and they sacrificed and they know who they are and we all appreciate it!,safe,safe,2.301302433013916,4851,102.5,0.2559096
LMFAO lil biddy whores prison rape bitch im whose bitch ,hateful,hateful,2.3844738006591797,4851,102.5,0.3597578
best decision i've made in quite some time.  ,safe,safe,2.250070333480835,4851,102.50390625,0.2314405
@user You're just a skank and everyone knows it otherwise you wouldn't be making excuses for not settling down whilst hanging out with multiple different guys. ,hateful,hateful,2.3678925037384033,4851,102.50390625,0.3339655
"Oh your gonna ruining your life just throwing it away smoking weed, but my test scores are higher than yours. . . . Just trash my life",hateful,hateful,2.300337076187134,4851,102.50390625,0.2664425
@USER @USER @USER I'm betting she only has to submit to a blood test if she is a driver in a vehicular accident where a death or grave injury occurred.,safe,hateful,2.2983596324920654,4851,102.50390625,0.2469565
RT @FolllowEsteban: I think the Clips and Thunder would've gave the Heat a good as well...the East is just trash,hateful,safe,2.3364250659942627,4851,102.50390625,0.3039369
amateur spanking vids  against women in the workplace ,hateful,hateful,2.414172649383545,4851,102.50390625,0.3854915
@user Evidently she's as big a narcissist as he is. ,hateful,hateful,2.2814836502075195,4851,102.50390625,0.2548106
@user But you are much prettier .🌞 ,safe,hateful,2.423906087875366,4851,102.50390625,0.3645233
@USER do you have any other recourse? This is so wrong on so many levels. Can you sue them? I wish there was a way to reinforce your points on the mistreatment you have received. Liberals are full of hate and discontent and unfortunately there are more of them than us. Idiots. URL,hateful,hateful,2.4516384601593018,4851,102.50390625,0.4217691
"@USER @USER You say you're part of the resistance so I'm fairly certain you are pro-gun control. My question to you is...Why would you want a government headed by this so called dictator"" to enact stricter gun control? I don't think that's an argument that'll get you very far.""",hateful,hateful,2.3658831119537354,4851,102.50390625,0.3203544
lopeeee #family   #alisasli #nggapakepensil  #udahaslidarisananya #alhamdulillah ,safe,safe,2.3323984146118164,4851,102.50390625,0.3045386
Aereo also had DVR capabilities I think. But still...,safe,safe,2.4251391887664795,4851,102.50390625,0.3789131
Being rude to you. Call u slut or bitch or everything related. U rasa putus tunang is the best way ke? ,hateful,hateful,2.341909885406494,4851,102.50390625,0.2910656
Your “fandom” must be terrible if you think sending people messages saying they’re a whore or slut is okay over a j… ,safe,hateful,2.4099037647247314,4851,102.50390625,0.3603829
"Can't wait till I get my full appetite back. Only ate a half ghetto sandwich. No lettuce, no nothing.",hateful,hateful,2.4169604778289795,4851,102.50390625,0.3944263
@KimJong-un‍  ,safe,hateful,2.343050479888916,4851,102.53125,0.3216477
@USER Breitbart is dead,safe,safe,2.3929758071899414,4851,102.53125,0.3509675
look at journeys left and right foot stage ð¥ð¥ð¥ð¥ð¥  !!!!!! ,safe,hateful,2.4101972579956055,4851,102.53125,0.3533219
Draft Drinking Game: chug a beer everytime you see a black woman crying. @stoolpresidente,hateful,hateful,2.3324966430664062,4851,102.53125,0.2750225
"I told my Mom to have a good time, making sure there wasn't anything left except for the cremation costs. She, like her parents & before them, & I, as my daughter, all did all we could for our families to make sure our children had a good roof, clothing & food. My Mom owes me nothing. I owe her decades more of hugs.",safe,safe,2.3990111351013184,4851,102.53125,0.3628905
"""Shirking of our responsibilities""? Who says they're OUR responsibilities? ",hateful,hateful,2.416887044906616,4851,102.53125,0.3741392
@USER @USER @USER @USER @USER @USER @USER @USER @USER @USER @USER @USER @USER @USER @USER @USER @USER @USER @USER @USER @USER @USER @USER @USER @USER @USER @USER @USER @USER @USER @USER @USER @USER @USER @USER @USER @USER @USER @USER @USER @USER @USER @USER @USER @USER @USER @USER @USER @USER PC or not has NOTHING to do with common decency...🙄,safe,hateful,2.390212297439575,4851,102.53125,0.3469211
yes..mind you not only counting you have to find them... very few hospitals are digitized.. need to improve hmis ,safe,safe,2.3559703826904297,4851,102.53125,0.3129141
"NEXT TIME I SEE A WOMAN IN PUBLIC TRYING TO 'GO ABOUT HER DAY' I'll remind her that without men, this society would just be a bunch of WOM ",hateful,hateful,2.4044265747070312,4851,102.53125,0.3613509
@USER I’m sorry you think @USER is telling you the truth on his Twitter feed.  He’s not.  He is an employee of the @USER and gets paid to lie.  It’s his job.,safe,hateful,2.353288412094116,4851,102.53125,0.2951489
"Looking at the news today, it's clear that we are in a soft coup leading to outright anarchy by far left progressives/democrats/socialist. In my opinion we have already seen countless examples of outright sedition by most left wing politicians that should be facing felony charges. And they aren't. Trump must kill/deport/imprison them now.",safe,hateful,2.40006160736084,4851,102.53125,0.3691725
@USER @USER @USER @USER @USER @USER @USER @USER @USER @USER @USER @USER @USER @USER @USER @USER @USER @USER @USER @USER @USER @USER @USER @USER @USER @USER @USER @USER @USER @USER @USER @USER @USER @USER @USER @USER @USER @USER @USER @USER @USER @USER @USER @USER @USER @USER @USER @USER @USER @USER So you admit that you are a h1ndu?,safe,hateful,2.4062788486480713,4851,102.53125,0.3643106
@USER Lol okay cuz this shit gotta be discreet 😂,hateful,hateful,2.316615104675293,4851,102.53125,0.2663756
positive thoughts!   #terrifictuesday ,safe,safe,2.3968467712402344,4851,102.53125,0.3444573
@user @user @user Old pic. Trump is not monitoring anything related to the Hurricane.  Pretty sure he is shitting his pants right about now ,hateful,hateful,2.4161369800567627,4851,102.53125,0.3630636
my favorite restaurant always makes me #smile ð  #girl#love#ruthschris#bocaraton#fl @user ,safe,safe,2.280954122543335,4851,102.53125,0.2371703
@USER Then I see like this and lust over the girl with the long blond hair and the bare midriff and micro-mini and realize she is now 48 years older and could be a great grandmother today! 😱 People wonder why I love legs until I show them what I grew up with. URL,hateful,hateful,2.3092041015625,4851,102.53125,0.2565176
@USER He doesn’t want to give anything to POTUS!,hateful,hateful,2.3401026725769043,4851,102.53125,0.2977806
@user @user @user They won’t be the last. Ford supports them and Levi’s has come out for gun control. Corporate America is going to take our country back. ,safe,hateful,2.3988137245178223,4851,102.53125,0.3645601
@user Whore? Really? Why don't you have some respect for women you asshole! ,safe,hateful,2.329573154449463,4851,102.53125,0.2766536
@USER Disco pose with “white dude overbite” look. Classic 70s dance move.,hateful,hateful,2.3951258659362793,4851,102.53125,0.3519962
@user @user thats really hard hitting stuff! why not grill him on how his party along with the @user  bought AUSTERITY not for the rich but for the poor the sick and disabled and ask if they are STILL feeling the efects? oh no you wont @user TORY RUN media! ,safe,hateful,2.4167773723602295,4851,102.53125,0.3824539
"@user @user She says she is deeply religious"""" ... she did not say """"which"""" religion  ... satanists are very religious  ... Peace"""" ",hateful,hateful,2.333223819732666,4851,102.53515625,0.2882928
@USER He is too bitchy...  And you?! I ask a question and you dont respond    Why would this be 1 way street?,hateful,hateful,2.387316942214966,4851,102.53515625,0.3574422
@user Lol shit I just said this on your other tweet 😂😂 ,hateful,hateful,2.4127159118652344,4851,102.53515625,0.3672154
"@user Then don't be a whore and open your legs for everyone, and not fuck everyone you want, and magically, you'll prevent getting an STD. ",hateful,hateful,2.3313229084014893,4851,102.53515625,0.2985412
@user You are such a losing Democrat....No one believes what you say...You speak well but part of crooked Democrats....Pers Trump has done more for the USA than any other President put together....LOSER ,hateful,hateful,2.4117918014526367,4851,102.53515625,0.3638978
@user @user @user @user @user Trump publicly lusted for his daughter and GOP still elected him.  Let's stop pretending that morality or decency means jack shit to conservatives. ,hateful,hateful,2.4113407135009766,4851,102.53515625,0.3503953
Oh vey lets have a witch hunt for raycisms!,safe,hateful,2.3152413368225098,4851,102.53515625,0.2723036
@user Antifa has no place in society! ,safe,hateful,2.3986244201660156,4851,102.53515625,0.3403328
@user @user @user Are you feeling okay? Because you are coming across as slightly hysterical. ,safe,hateful,2.4144227504730225,4851,102.53515625,0.3726353
#BareNakedIslam #BNI #Islam #Muslims ,hateful,hateful,2.298858642578125,4851,102.53515625,0.269424
retro game theater - sonic the hedgehog  via @user #letsplay #retrogaming #sonicthehedgehog #rant   #nerd,safe,hateful,2.4314146041870117,4851,102.53515625,0.3878175
@USER she is uncultured,hateful,hateful,2.419713020324707,4851,102.53515625,0.3714117
friday me: can you call me this weekend? friday him: i'll try thursday me after no call or text: :-( #reasonstokillmyself #pathetic  ,safe,hateful,2.355742931365967,4851,102.53515625,0.300793
Dems suggest Kavanaugh should NOT be considered for SCOTUS b/c #Trump is under investigation!NEVER MIND that said investigation is a TRUMPed-up phony witch-hunt begun by Dems in the 1st place#POTUS #MAGA #DrainTheSwamp #VoteRed #NEWS #NoDACA #KAG #GetOutTheVote #BuildTheWall ,safe,hateful,2.4087307453155518,4851,102.53515625,0.3533077
@USER @USER @USER @USER Yes. Including the staff and the bureaucracy.,safe,hateful,2.3609566688537598,4851,102.53515625,0.3135126
@USER @USER @USER wow @USER are these the types of folks we want teaching the already confused millennials?,safe,hateful,2.293614149093628,4851,102.53515625,0.2502837
"if they were only work camps that got twisted later on into death camps, does that mean the jew sees being made to finally work and not be a leech, as the *same* as death?",safe,hateful,2.311030149459839,4851,102.53515625,0.2665783
"Lost in the hysteria over #immigration: The #Trump #MuslimBan is about keeping Americans fearful, not safe. ",hateful,hateful,2.3588366508483887,4851,102.53515625,0.3451795
@user @user @user Hey American skank are you illiterate? ,hateful,hateful,2.4146201610565186,4851,102.53515625,0.3799073
Minnesota mainline churches going the way of the Dodo bird! via @user                        Sad days in Minnestastan... ,hateful,hateful,2.3240456581115723,4851,102.53515625,0.2850125
"@user @user Wow for real? You are a clueless, insensitive ass. We know it's not ALL men you jerk. We… ",hateful,hateful,2.4006595611572266,4851,102.53515625,0.3404139
difficult roads often lead to beautiful destinations. anon #leadership #inspiration  #quote #inspirational  ,safe,safe,2.408127546310425,4851,102.53515625,0.3721131
@user Dave has every right to be on the exact wrong side of an argument! ,safe,hateful,2.3055779933929443,4851,102.53515625,0.2747043
How shitty is it that the entire team couldn't win a fixed election? How stupid does a person have to be to keep backing these creatures?,safe,hateful,2.4285151958465576,4851,102.53515625,0.3726069
"Look at her back side...big ass, concave back of her knees.     Just kidding, it's her front side, that's her gunt and her knees just have fat rolls.     Which way, western woman?",hateful,hateful,2.422403573989868,4851,102.53515625,0.3789162
@user Yeah no batman made him eat a rat and be was mostly like yo fuck this guy hes not cool hes a lunatic until dick also wants to get violent ,hateful,hateful,2.3356986045837402,4851,102.53515625,0.2826408
goodnight pipz! god bless everyone... ððð   #blessed #thankgod #smile #trustinhim #believedinhim ððð ,safe,safe,2.361414909362793,4851,102.53515625,0.3093902
"@user They Should be deported ASAP !  Stop Allowing Teenagers to Game our #Immigration System we are not the World's baby sitters send them back to their country they are reponsible for thier kids not the U,S Taxpayer ",hateful,hateful,2.4276680946350098,4851,102.53515625,0.3981915
nonegativeselftalk: #money &amp; status can't cure low self-esteem or make you  . learn why in this post. â¦ ,safe,safe,2.295837163925171,4851,102.53515625,0.2499505
@user they’re abso shite quality tho ,hateful,safe,2.401245594024658,4851,102.53515625,0.3600067
@user Being gay is a fucking superpower embrace it bitch you Betts shut these hoes down #nottodaysatan ,hateful,hateful,2.4436280727386475,4851,102.53515625,0.4112767
@user And you KNOW he is probably saying the softest things and yet he looks like THIS: 💁🏽‍♀️🌚🌚🌚🙈 WHAT IS THE TRUTH?! ,safe,hateful,2.3488659858703613,4851,102.53515625,0.2962632
@USER @USER @USER @USER @USER @USER so stronger gun control is better than leaving guns easy to access. Gun control isn't a gun ban 💀,safe,hateful,2.3915345668792725,4851,102.53515625,0.366202
RT @earthWormSLIM: if melo go to the bulls they still gon be trash unless melo get special privileges allowin him 2play in a allstar uniform,safe,hateful,2.414029598236084,4851,102.53515625,0.3710072
@USER @USER @USER We'll stop when the Democrats stop using the victims of school shootings for their gun control agenda.,hateful,hateful,2.3102474212646484,4851,102.53515625,0.2809068
Trump appeals Hawaii court ruling on travel ban #AgainstAllEnemies #StopTheInvasion #PoliticalIslam ,safe,hateful,2.418765068054199,4851,102.53515625,0.3774701
ð¦ð¹ððð #minsk #girl   #instacool #instasun #summer #holiday #vscocam @ minsk city ,safe,safe,2.4078917503356934,4851,102.53515625,0.3643617
Also funny & telling is if you've seen Fringe the role that Michael CerVeris plays compared to his name & when you look him up it says that he is in fact a member of Skull&Bones though don't get me wrong his name suggests he is part of helping to expose 322 people. LOL Don't worry my name says I char-fire-expose them some see Mastro & get the wrong impression.,safe,hateful,2.3820960521698,4851,102.53515625,0.3380239
"@realDonaldTrump Look everybody , Trump has so much free time he can play on Twitter all day long. #clownpresident #clownshow #shutupman #VoteBidenHarris2020 #VoteBlue2020 #VoteBidenHarrisToSaveAmerica",safe,hateful,2.391512632369995,4851,102.53515625,0.367037
https://www.puppetstringnews.com/blog/2nd-source-comes-forward-that-rosenstein-threatened-house-intel-committee 2nd source comes forward that Rosenstein threatened House Intel Committee,safe,hateful,2.4096381664276123,4851,102.53515625,0.357918
"Monday thoughts: they may die of starvation &amp; homelessness but by God, they’ll have their guns strapped on in order to shoot any immigrant they come across, cause Trump said so. Back when they still had a TV to watch Fox News. ",hateful,hateful,2.3469905853271484,4851,102.53515625,0.3085129
@user Another crazy liberals ,hateful,hateful,2.3765082359313965,4851,95.32421875,0.3468187
You're reading 50 Shades Of Grey? How original bitch ,hateful,hateful,2.419827461242676,4851,95.984375,0.3745191
"@user @user @user @user Believe all women, even those who can't even offer any specific details."""" """"These other women are liars!"""" I know liberals are hypocrites, but try to stay consistent through at least one event."""" ",hateful,hateful,2.3603405952453613,4851,96.5703125,0.322937
@user racist  austin police ofc cameron staff #cameronstaff #camstaff #officerstaff   #acab #cowardcopsâ¦ ,hateful,hateful,2.3939549922943115,4851,97.25,0.33442
@user @user @user #popefrancis called out  #xenophobic #trump so why would @user #catholicchurch #suppo,hateful,hateful,2.399259328842163,4851,98.34765625,0.3577647
"taking my parents to see @user tonight,i'm nervous as it's the 1st time i'm leaving my 4 month old son at home ð¥ð©ð­   #coldplaywembley",safe,safe,2.309671640396118,4851,99.45703125,0.2776379
"@support images are no longer showing up inline when I click on a link to a user account or my favorites.  the picture will show up if I click in a blank area on the post.  I looked for a setting to change this, but can't find it.  This is quite tedious especially for folks whose posts are mainly images!  I can see how some folks with low bandwidth might want the option, but it should be swi...",safe,safe,2.4445555210113525,4851,100.0859375,0.3893692
@user ... Do a few more lines Moore. ,safe,hateful,2.3909895420074463,4851,100.72265625,0.3616066
the secret to a happy life. #jointhecircle  legsclub  #behappy ,safe,safe,2.3233962059020996,4851,101.07421875,0.2744575
When your best friend gets out of that relationship and you finally have your hoe'ing partner back ,hateful,hateful,2.4242475032806396,4851,101.22265625,0.3701795
@USER I wish I could join a server without disconnecting...,safe,safe,2.3930513858795166,4851,101.32421875,0.3529096
@user Carrey is looking more like a tranny every day ?! ,hateful,hateful,2.323458194732666,4851,101.34765625,0.2700637
"""@TEE_JONEZ: @16stanleys @KingCuh tuku ho idk blah blah blah"" &#128514;&#128514;&#128514;",safe,hateful,2.436342716217041,4851,101.6484375,0.3948032
What is the difference between a woman and a catfish? One is a bottom feeding scum sucker and one is a fish ,hateful,hateful,2.4039082527160645,4851,101.73046875,0.3669226
@user A freaking bus ticket to Tijuana is the only thing we should be buying for illegals. #SendThemBack ,hateful,hateful,2.343799352645874,4851,101.80078125,0.2906264
"ive been blockd from pages a lot, the reason: my views differed from theirs. but being blockd for no reason is new.Â #thef_ckhappndÂ ?Â  !",safe,hateful,2.4027891159057617,4851,101.91796875,0.3495307
the pros and cons of marrying an irishman  omg! a sexist aicle on men &amp; can only add to ongoing #irish ,hateful,hateful,2.4040045738220215,4851,101.92578125,0.365973
@user @user She can't tell her story while I was my car in the rain. Yes. She is a whore her life is just that. Fuck People for money. This is no exceptions ,hateful,hateful,2.3456943035125732,4851,101.984375,0.3097168
@user That asshole has so much nerve. Unreal. ,hateful,hateful,2.3908541202545166,4851,102.0234375,0.3335494
@user It sucks hy 🤦‍♀️ ,hateful,hateful,2.4048447608947754,4851,102.05859375,0.3639815
 @user @user must have washed 38 towels today !! argggg but  #girls are very   indeed #lovesex #blowjobs #massageâ¦,safe,hateful,2.3513152599334717,4851,102.06640625,0.2991043
 @user crazy how fast people come in and out of your life. ð¥  #quote #citation #teenagers #life #reality  ,safe,safe,2.307616949081421,4851,102.078125,0.287705
@user @user You don’t understand who he is and is capablities. Despite the proof in the economy.  My hypothesis is that you have been lied to by liberals your entire life and are believing what you are told. The liberal media made bill Clinton look good and could do the same with trump. ,safe,hateful,2.332958459854126,4851,102.078125,0.2884111
@USER It’s a shame you are so damned unattractive...,hateful,hateful,2.327700614929199,4851,102.1171875,0.2744314
Why are you on Gab? We left Twitter to get away from shitposters. You must be a liberal here to be stupid. Go back to twatter,hateful,hateful,2.3385467529296875,4851,102.16796875,0.2979489
there is no doubt my mood and attitude completely changes with just a simple workout!    #noattitude #ilift #runnergirl,safe,safe,2.3296351432800293,4851,102.16796875,0.283298
Don King on Fox Business is too much I actually had to leave the room to calm down lmao,safe,hateful,2.3127362728118896,4851,102.2265625,0.293864
US Army Quietly Discharging Immigrant Recruits ,hateful,hateful,2.347787857055664,4851,102.25,0.3041602
 @user what if obama showed the same anger and disgust towards islamic terrorist as he does trump... ,safe,hateful,2.3060009479522705,4851,102.25,0.27718
@user @user @user @user @user @user @user @user @user @user @user @user @user @user @user @user @user Retweet to the end of time. MAGA Trump2020 and beyond. ,hateful,hateful,2.2839276790618896,4851,102.25,0.2543762
"EU is a big spender of taxmoney. Turkey gets again many  â‚¬ for keeping the refugees away from Europe. Of course also other countries in Africa want now money from the EU, like Libya,Sudan aso. The only help would be now concentrationcamps, hopefully without food and water. ",hateful,hateful,2.3611204624176025,4851,102.25,0.3211233
"It’s been a while since I’ve read The Inferno, but IIRC the afterlife awaiting Flake (and McCain for that matter) involves him being frozen in a lake up to his eyes and unable to grieve over his betrayals.",safe,hateful,2.3744661808013916,4851,102.25,0.3399401
Q-Drop 1302 ,safe,hateful,2.306137800216675,4851,102.25,0.2701209
@user You are apiece of shit! WHY WOULD YOU KILL THAT ANIMAL? How is your mother? ,hateful,hateful,2.420039653778076,4851,102.25,0.3741573
@user @user Elder and Owen have been the bravest in pointing out that the culture is part of the problem.  Liberals have engrained this short lived culture. Culture can change and will being black doesn’t have to be linked to poverty and resistance. ,hateful,hateful,2.4275460243225098,4851,102.25,0.3841322
I swear to gawd if I see one more “not all men” etc shit when a woman is killed by a man and y’all don’t hold people accountable I’m fightin ,safe,hateful,2.3332457542419434,4851,102.26953125,0.3143606
@LuckyL3FT @najmaaa_ali yellow bone be oh so easy wit da name callin b,hateful,hateful,2.3856475353240967,4851,102.26953125,0.342055
Chicken or the egg?... it's all relative...,safe,safe,2.408176898956299,4851,102.26953125,0.3755754
"@USER @USER @USER @USER @USER  You are fkn deluded pal #FatNixon is a digusting pig  Trump interview on 9/11: [My building] was the 2nd-tallest in Manhattan... And now it’s the tallest.""""",hateful,hateful,2.3615963459014893,4851,102.26953125,0.3281352
@USER If he doesnt want to face the responsibility for his actions then he is in the wrong job. That is without taking into account him being a bit shit... #AVFC #BRUCEOUT,hateful,hateful,2.394554376602173,4851,102.26953125,0.3520457
your actions are what make you happy #cow   #smile #quote #inspirational ,safe,safe,2.401069402694702,4851,102.26953125,0.3609035
if i have to tolerate ur loud ass maga merch dont say shit about my nike anything kiss my ass,hateful,hateful,2.3055903911590576,4851,102.26953125,0.2742124
"1/2 URL So because he speaks in a manner that is in layman's terms that can't be misinterpreted, says most people don't know (which Liberals/Democrats prove everyday), says Believe me"", says very bad, talks about serious issues makes him barbarically""",safe,hateful,2.2883219718933105,4851,102.27734375,0.2563923
@user K nvm fuck battlefield ,hateful,hateful,2.3387842178344727,4851,102.27734375,0.3099293
@user @user Security are paid to protect you from trash and crazy people ,hateful,hateful,2.401516914367676,4851,102.27734375,0.3671048
He's putting this manufactured hoax/distraction to rest.,safe,hateful,2.313782215118408,4851,102.27734375,0.2711462
"@user @user @user @user @user i'm mixed w/ native american, spanish, irish and u call me  ð",hateful,hateful,2.4188215732574463,4851,102.27734375,0.3874502
@USER @USER @USER @USER Brexiters are prepared that the party and the country pay the price. The gold is for them. They want to keep offshore tax havens which is in the individuals interests! Why else would they knowingly ruin a nation and its people.,safe,hateful,2.431591033935547,4851,102.28125,0.3860762
@USER @USER @USER @USER Another village missing its idiot!!! 🙄,hateful,hateful,2.2983479499816895,4851,102.28125,0.266978
  bihday @user â¤ ððð ððð stay blessed  ððððð   ððððð ðððððð,safe,safe,2.4095373153686523,4851,102.28125,0.3652995
@user @user i am so  ! can have my #bloodymarys early for #brunch!  #bestnews i heard so far!!!!,safe,safe,2.389677047729492,4851,102.28125,0.3542015
how does one person just decide the ruin the entire countries day #rip #queer #lgbt #gay   #why,safe,hateful,2.329493999481201,4851,102.28125,0.2864802
@user @user is so typical. could you be anymore  ? just look at the hate her feed. you say #notmypresidnet butâ¦,hateful,hateful,2.416355609893799,4851,102.28125,0.3738577
never saw myself as someone that works on #afrobeat events...   ð,safe,hateful,2.415468692779541,4851,102.28125,0.3715726
association w/ my account can ruin your life ,safe,hateful,2.2976362705230713,4851,102.28125,0.2632803
Thoughtful Thursday Dear Dumbo @user ;Perhaps the 1.6 Million Homeless Children should get the same benefits as DACA folks?#AmericansAreDreamersToo#MAGA #Focus #NoDaca #NoAmnesty #AmericaFirst @user #CloserNation @user #AlexIsStanding ,safe,hateful,2.2979307174682617,4851,102.28125,0.2603045
you don't hear @user talking about his great polls anymore.   #trumptrain #hillary,safe,safe,2.328000783920288,4851,102.28125,0.290771
"Is the penny finally dropping? We have imported enough rape, murder and violence already, turn the boats round we dont want them.#SendThemBack #RapeugeesNotWecome ",hateful,hateful,2.4238665103912354,4851,102.28515625,0.3622604
If you've never choked on a dick have you really ever had sex? ,hateful,hateful,2.3305137157440186,4851,102.2890625,0.2739354
@user @user LIBERALS will be complaining that his presence hurts recovery in 5 ... 4 ... 3.... ,safe,hateful,2.3894975185394287,4851,102.296875,0.3589229
The BESTEST businessman in the business![NEWLINE][NEWLINE]#Trump2020 #TrumpMeltdown #TrumpTaxReturns #TrumpLied200KAmericansdied [NEWLINE][NEWLINE]https://t.co/WCNOOxyJJ5,safe,hateful,2.4225292205810547,4851,102.296875,0.3887243
@user I miss you bitch!! ,hateful,hateful,2.2966055870056152,4851,102.296875,0.2680023
Watch: Hundreds Irish people took to the streets to protest against Islam and call to ban Islamic immigration - Free Speech Time - @user ,hateful,hateful,2.2651829719543457,4851,102.296875,0.2478162
&amp; terroism &amp; starvation &amp; Flint &amp; poverty &amp; climate change &amp; global warming &amp; sex trafficking &amp; bullying &amp; body shaming &amp; police brutality &amp; feminism &amp; gun control &amp; marches &amp; protests ,hateful,hateful,2.3839504718780518,4851,102.296875,0.3390131
What the hell are these leftys talking about.  They will say anything to stop Maga. URL,hateful,hateful,2.3621227741241455,4851,102.296875,0.3242425
@USER I thought it would be worse. I thought they would be shooting liberals in the streets by now.,hateful,hateful,2.3188371658325195,4851,102.296875,0.2776153
@ThatChrisEckert Gobble de gook,safe,hateful,2.2696902751922607,4851,102.30078125,0.2403512
@USER Ford is a liar &amp; a ultra left wing radical working with George Soros &amp; others such as Antifa &amp; the Dem party has known it all along.,hateful,hateful,2.366084337234497,4851,102.30078125,0.3250928
Ask the governor how we are supposed to pay for this? Typical #teabagger mentality. Government is EVIL until we need them LOL #morningjoe,hateful,hateful,2.407989025115967,4851,102.30078125,0.3719924
"'There is no such thing as secular traditionalism. Religion and traditionalism go hand in hand'.     Correct, dear Roosh. Damn correct. So everyone stop this bollocks that just 'loving your race' is peak traditionalism.    https://youtu.be/vEwx6LwqfZs",safe,hateful,2.356257677078247,4851,102.30078125,0.3082424
"AND #NorthKorea called #Barack a monkey. LOL! 
RT! 
*If the shoe fits! 'Cause it sure looks like he married one! 
http://t.co/F0pGDalfaA&#8221;",hateful,hateful,2.391042947769165,4851,102.30078125,0.3375663
#HappyColumbusDay !!!! If is wasn't for #America.................#KarlMarx would never have thought of sharing #colonialism with #injuns !!!,hateful,hateful,2.3735709190368652,4851,102.30078125,0.3178699
"Hey  @alexsandroaoliveira , Welcome. Write a post....post a picture...make a comment.",safe,safe,2.2634732723236084,4851,102.30078125,0.2232159
@user What insanely ridiculous bullshit. ,hateful,hateful,2.2976958751678467,4851,102.30078125,0.2458705
"He's fighting because it's his last stand, he knows jail is in his future. POS. .@realDonaldTrump #MAGA #AmericaFirst #BUILDTHATWALL #BoycottNFL #BoycottNike #boycottFirstMan .@KidRock #SundayMotivation .@GenFlynn .@PressSec .@Hulkanator11 #MAGA #WalkAway #LockThemUp ",hateful,hateful,2.394561529159546,4851,102.30078125,0.3434791
I wonder if a swear jar would work...,safe,safe,2.359610080718994,4851,102.30078125,0.3085796
my night consists of watching orange is the new black   #netflix,safe,safe,2.213421583175659,4851,102.30078125,0.1918949
@user My point is that men aren't all the cause of it mostly is but not all men and some women blame all men. ,safe,hateful,2.3648922443389893,4851,102.30078125,0.3190751
Probably not. Probably some harmless members of the local Mosques gun club. They don't understand the culture and thought the stuff was free. Nothing to worry about. Go back to sleep.,safe,hateful,2.3744442462921143,4851,102.30078125,0.3294892
 @user good sunday morning to all ð ,safe,safe,2.3742473125457764,4851,102.30078125,0.3241045
a tuesday passes without a new episode of @user  woe is me.     #dancemoms #newepisodes #season6 #aldc #tuesday #dance #woeisme,safe,hateful,2.3737528324127197,4851,102.30078125,0.3173055
 @user live your life....  ,safe,safe,2.3853490352630615,4851,102.30078125,0.3315235
"@user @user People in Eu & the US dont seem 2understand that the Muslim refugees coming from the Middle East r very poor, uneducated, &have no respect for women, children or animals.They do what was ok in their country ie rape women, children & animals. They r incompatible w/West culture. ",hateful,hateful,2.4269113540649414,4851,102.3046875,0.389635
@user what you should know about #environmental . @user  ,hateful,safe,2.304063320159912,4851,102.30859375,0.271454
@user Srsly it sucks. When ur living life it’s full of bullshit rules we just gotta suck up to survive ,hateful,hateful,2.413731336593628,4851,102.30859375,0.3715183
@USER If he is implying that he is an agent of the Devil's will then I fully agree!,hateful,hateful,2.411564588546753,4851,102.30859375,0.380383
soon in #egypt #segregation #poor #rich #corruption   #devastation ðð¡ ,safe,hateful,2.3122758865356445,4851,102.30859375,0.286631
join us for a &amp;#039;christmas in july&amp;#039; happy hour! - flipsidepa   ,safe,safe,2.411255121231079,4851,102.30859375,0.3797971
Sanders Calls for Kavanaugh Perjury Investigation – Where are the Democrats? A Q&A with Paul Jay ,safe,hateful,2.417334794998169,4851,102.30859375,0.3682675
eclipse-24-7-(ng031)-web-2004-ukhx_int . #next generation #web   hardcore #1gabba #vk ,safe,hateful,2.3504602909088135,4851,102.30859375,0.2980236
NO WOMAN has EVER admitted to having sex with Barrack Hussein Obama. ,safe,hateful,2.3876326084136963,4851,102.30859375,0.3343634
@user @user I couldn't agree more. And the unions attacking her are politicizing it far more than she is by turning it into a press release. I wrote about this last year. ,safe,safe,2.3834950923919678,4851,102.30859375,0.3316778
"RT @anitaphilmar: Fairy Fun - Losing her wings doesn't mean there aren't other ways to fly? #asmsg, #erotica #shortstory http://t.co/t6LuM&#8230;",safe,safe,2.319699764251709,4851,102.30859375,0.2791439
happy is doesn't mean forever because there's a sad sto   is doesn't mean forever cause there sad story when the happy is endingîî,safe,hateful,2.4255096912384033,4851,102.30859375,0.3684122
"Justice Anthony Kennedy is retiring .. I have my buckets ready, can't wait to catch all the liberal tears.  Fill 'em up !",safe,hateful,2.40767502784729,4851,102.3125,0.3747966
This didn't take long to pop out. ,hateful,safe,2.2616069316864014,4851,102.3125,0.2052994
"We are so irrelevant, that you feel the need to have a heated conversation, with me for over an hour now???? ",safe,hateful,2.2997446060180664,4851,102.3125,0.2693137
@USER @USER @USER @USER @USER Evolution. An evolution we helped to enact.   #Brexit is economic and social suicide.,hateful,hateful,2.3612074851989746,4851,102.3125,0.3080904
"""Gun Control Propaganda Now Found In American Schools"" by @RealAlexJones https://gab.ai/tv/watch/36077",safe,hateful,2.391939640045166,4851,102.3125,0.3555236
Thank you HBR and a good morning to you. God has a purpose for every person - most choose to ignore it. Hope you have a blessed Monday!,safe,safe,2.2964184284210205,4851,102.3125,0.235393
@user He wants his 5 min of fame. ,hateful,safe,2.301774740219116,4851,102.3125,0.262949
@USER @USER First law — sensible fucking gun control!,hateful,hateful,2.3484723567962646,4851,102.3125,0.2967393
@user only the arm?  He really sucks at gun control. ,hateful,hateful,2.3501017093658447,4851,102.31640625,0.320538
"When people tell me I should 'settle down, get married and have kids' ",hateful,hateful,2.313964366912842,4851,102.31640625,0.2716645
@FunnyPicsDepot he's a greaser,hateful,safe,2.417163610458374,4851,102.31640625,0.3612164
"That's fine, as long as you've released him.",safe,safe,2.421253204345703,4851,102.31640625,0.3641665
"@user Someone should'veTaken"""" this piece of shit to a volcano. 😂"""" ",hateful,hateful,2.3167476654052734,4851,102.3203125,0.2752596
@USER Mmmhm I heard you from down the street gave me a few extra seconds to get my shit together😂,hateful,safe,2.4002268314361572,4851,102.3203125,0.3481481
@user don’t get me started on the head of special needs she is on another planet ,safe,hateful,2.3982937335968018,4851,102.3203125,0.3608778
@USER Antifa simply wants us to kill them. By the way. Most of us carry a back up. And a knife,hateful,hateful,2.3342812061309814,4851,102.3203125,0.2870105
When I was a young bitch! I swear you hoes couldn't fuck with me! Miami 5 times in one year. From paying $200 for a set of nails . ,safe,hateful,2.4004786014556885,4851,102.3203125,0.3444497
France: The imported muslim antisemitism against Jews in France increase. Jews have fear. And nobody stop this immigration ! ,hateful,hateful,2.4022750854492188,4851,102.3203125,0.3579049
morning all #positive   #lovemyjob ,safe,safe,2.308393716812134,4851,102.3203125,0.2668467
@USER @USER Feinstein wanted to delay until after the midterms.  Hopefully the RED wave will wash her into the Atlantic. #MAGA,hateful,hateful,2.409018039703369,4851,102.3203125,0.374905
@USER Bitch I know. My body is ready 😂,hateful,hateful,2.4196159839630127,4851,102.3203125,0.3687162
"29. @user Listened To The Liberals; Democrats And Their Bed-Buddies In the MSM DEMAND Transparency"""" From the @user   Well, Your About To Get A YUGE Scoop Of """"Transparency"""" From him. Like I Said In the Start of This Thread: Be Careful What You Wish For.  ~End. ",hateful,hateful,2.367583990097046,4851,102.3203125,0.3101435
@user @user is #buddhist: #burmese  has nothing to do with #buddhism! period. #rohingyas,hateful,hateful,2.3765175342559814,4851,102.3203125,0.3272908
@USER @USER I mean gun control so you can't defend yourself,safe,hateful,2.3965249061584473,4851,102.3203125,0.344853
"My dude, then you shouldn't complain when they do the same to you.    Fucking eternal Anglos and their greed and imperial fetish",safe,hateful,2.3493261337280273,4851,102.3203125,0.2954868
This bitch got me taking ibuprofen for the headache she's giving me 😒🖕🖕🖕🖕🖕🖕🖕🖕 cunt ,hateful,hateful,2.3894951343536377,4851,102.3203125,0.3419865
"Train in Greece hits, kills 2 migrants near Turkish border ",safe,hateful,2.4058868885040283,4851,102.3203125,0.3545359
"@user Diversity means chasing DOWN every White person.  EnoughIn 2018: it's time to let diversityâ„¢ be someone else's strength.Remigration 2018:  Easy come, easy GO!!   ",safe,hateful,2.350215196609497,4851,102.3203125,0.3130115
#gym done. now first day of #newjob  ,safe,safe,2.3774607181549072,4851,102.3203125,0.3525373
"When you're just tryna be happy, but then a bitch ass hoe comes along and ruins your day..... ",hateful,hateful,2.408684730529785,4851,102.3203125,0.3570805
@USER More empirical proof that liberals are the fascists who are trying to ruin America by destroying the sovereign rights of the people.,safe,hateful,2.3383350372314453,4851,102.3203125,0.2887226
he's an unamerican . #fact ,hateful,hateful,2.3938117027282715,4851,102.3203125,0.3499805
"If your girl ends it with you, don't be upset. It's not your fault. She's just a dumb sloot #WomenSuck ",hateful,hateful,2.4134867191314697,4851,102.3203125,0.3535111
@USER Fake news,safe,hateful,2.3430399894714355,4851,102.3203125,0.2977726
@USER @USER @USER @USER  UK Polititians are a special breed of FILTH!  They get together and vote that their Expense and Sex Crimes (paedophilia) remain secret and then declare child abuse documents remain secret due to  National Security  Nothing to do with National Security,hateful,hateful,2.3979830741882324,4851,102.3203125,0.3577677
trying to connect to your home culture through your immigrant parents is like listening to a bunch of boomers describe what's wrong with america lol ,safe,hateful,2.402357339859009,4851,102.3203125,0.3590012
@user @user @user Because neither have shown anything to suggest they are worthy replacements. In Tevagas case he is an undersized lock with poor dummy half service who severely hurts team go-forward and Roache has not strung any number of games together without injury. Pay Luke. ,safe,hateful,2.361088752746582,4851,102.3203125,0.3042688
"beware the ""snowball effect"" blackman! pa 2   ",hateful,hateful,2.3779549598693848,4851,102.3203125,0.3204732
If only Ron Paul had actually stuck to this...,safe,hateful,2.3975424766540527,4851,102.33203125,0.3493946
What an a$$hole lying bastard you are. Stupid con artist we pray for your death daily ,safe,hateful,2.3343329429626465,4851,102.33203125,0.2851914
Working on the Mentaculus. - https://getyarn.io/yarn-clip/f158348f-5272-4508-8d... https://getyarn.io/yarn-clip/f158348f-5272-4508-8d...,safe,safe,2.3895232677459717,4851,102.33203125,0.3333334
@USER These niggas getting put on list and straight ass 💀 only niggas I seen good was yoshi patchmade jay and a few more rest are ass 💯,hateful,hateful,2.408267021179199,4851,102.33203125,0.3546642
@user Democrats have no laws!!😡😡😡 ,safe,hateful,2.3124735355377197,4851,102.33203125,0.2649069
Meet Shukria.A young refugee with an incredible talent for poetry. ,hateful,safe,2.402009963989258,4851,102.33203125,0.3606138
@user #allahsoil we should never equate culture with exclusive geographic boundaries   â¦  â¦ ,hateful,hateful,2.4171669483184814,4851,102.33203125,0.3719376
@user @user @user @user Kamala Harris is rapidly gaining a reputation as the most dishonest senator ,hateful,hateful,2.323214054107666,4851,102.54296875,0.2771375
Good Job @user and Thanks !  No Illegal think they can disregard are law no right to be in the U.S No Right to stay !  No Pack it Up!  #Immigration #Trump #MAGA #SendThemNHome ,safe,hateful,2.4218273162841797,4851,102.54296875,0.3831783
"I knew of this Podesta email and thought it looked very suspicious, but this does a very good job of explaining the likely meaning. Would be a lot of big coincidences for this to be wrong.",safe,safe,2.394650459289551,4851,102.54296875,0.3422486
"The Hillary server/unmasking of U.S. citizens/FBI-CIA-DOJ conspiracy, perjury & obstruction - A SILENT COUP - to take down a U.S. President; by far the largest & deepest scandal to ever hit U.S. government.#MAGA #KAG #Trump #POTUS #NEWS #USA #WalkAway #DrainTheSwamp #NoDACA ",hateful,hateful,2.3720703125,4851,102.54296875,0.3166165
"This whole traditionalist talking point is beyond idiotic, many people on the right do not have kids.   In fact many of the people destroying our country are fucking niggers and illegal spics with 8 fucking kids or more. So stop and ask yourself wtf are you even talking about moron. LMAO",hateful,hateful,2.3795082569122314,4851,102.54296875,0.3365393
@user mmm perfect body and so am i am now come here girl i got a big cock for u to play with ;) ,safe,hateful,2.3623905181884766,4851,102.54296875,0.3303228
we open mid-july but are taking bookings now!  for more details!   #wiltshire,safe,safe,2.3401575088500977,4851,102.54296875,0.2828202
"If ""Kikes write the laws"" why has the US stabbed Israel in the back so many times? Why did Reagan stab Israel in the back in the 1982 war? And why did he funnel huge amounts of arms to Iran during the Iran/Iraq war?",safe,hateful,2.416576385498047,4851,102.54296875,0.3728584
Mondrian - Plastic Reality is shooting up the #indieDB charts! From 2540th place to 119th in just a couple hours & the blog post isn't even live yet. Can we hit #1?! http://bit.ly/mondrianindiedb  #indiegame #gamedev #makeamondrian #creatives #art #arthistory #indiedev #edtech,safe,safe,2.409924268722534,4851,102.54296875,0.3576604
"Ithaca Falls at Falls Creek, Ithaca, NY.",safe,safe,2.2462615966796875,4851,102.54296875,0.202857
Mexican national charged with raping teen he allegedly smuggled to Maryville @user #humantrafficking #ChildRape#Rape#DeathPenalty#BuildTheWall #DeportThemAll There is no excuse why any Illegal Alien should be in the US committing any crimes ,hateful,hateful,2.331005573272705,4851,102.54296875,0.2855438
ââðð»âðªð»#150 followers !! i'm so   !!! thanks for following me!! i'll keep on bringin'â¦  ,safe,safe,2.3439903259277344,4851,102.54296875,0.2993366
@USER He is not working for Texas he is paid by the Soros cartel. Not fond of Cruz but Beto is a dangerous person! Just another DNC sheeple!,hateful,hateful,2.419886827468872,4851,102.54296875,0.3752692
The DC: 🖨️ Should 3D-printed guns be subject to background checks? and... 🛂 Is the gover… via @user ,safe,hateful,2.3501856327056885,4851,102.54296875,0.2949408
@user These so called dreamers had 5 years to register they didn't. #EndDACA Democrats against American Citizens ,safe,hateful,2.3893988132476807,4851,102.54296875,0.3572609
"obama, guns are bad, hate is bad, but still not a word about #islamicterrorism you'll never defeat an enemy you refuse to identify  ",safe,hateful,2.415497064590454,4851,102.54296875,0.3845494
When you and your mom are trying to figure out how to make you seem like a bigger whore than your sister ,safe,hateful,2.3203916549682617,4851,102.54296875,0.2914429
@user @user @user you want open borders and more immigration?? @user seven masked illegal immigrants storm jewelry store in Texas @user ,hateful,hateful,2.405256748199463,4851,102.54296875,0.371537
@user @user I have plenty of conservatives I work with that are not afraid to share their racism and hate for democrats. It is sickening ,hateful,hateful,2.4146955013275146,4851,102.54296875,0.3842451
"@user not all men want to give you money for bad takes!! and not all white people avoid spices, it’s just most of us ",hateful,hateful,2.3419971466064453,4851,102.54296875,0.2935631
@user @user @user He doesn't care who he hurts as long as he is happy. How could anyone attend that sham of a church? ,safe,hateful,2.3962831497192383,4851,102.54296875,0.3608341
Feminism Win! https://youtu.be/ElOWq_6F73M,safe,hateful,2.41471529006958,4851,102.54296875,0.3667931
@USER @USER Cute as fuck 🤗,hateful,hateful,2.3008170127868652,4851,102.54296875,0.2688363
@user Fake Queen! ,hateful,hateful,2.3998546600341797,4851,102.54296875,0.3520579
"Muslim refugee: In Greece they don't have enough money, therefore we want to go to Germany ",hateful,hateful,2.4374454021453857,4851,102.54296875,0.4134385
@user Her products cause dandruff? KC you are the one😂😂😂😂😂😂😂😂😂 ,safe,safe,2.243004322052002,4851,102.54296875,0.2132291
The Kremlin has already invited people investigators to come and check its America and the west staring is crap up over a few dead serious... Now the west wants to kill a lot more,safe,hateful,2.3204658031463623,4851,102.54296875,0.2895177
"nah, u just enjoy different venues:) ",safe,safe,2.3608527183532715,4851,102.54296875,0.323097
The real truth is after Cologne and in the Nordic countries and Others no one trusts any refugees a better life for them doesn't mean 1. 4 u ,hateful,hateful,2.382446765899658,4851,102.54296875,0.3512736
@realTuckFrumper @jinxiejae Question - why does literally EVERYONE that is within a one mile radius of the trump Crime Syndicate family have to sign an NDA?  Doesn’t that immediately send off alarm bells to them? Why do they get involved with them at all? #TrumpCrimeSyndicate,hateful,hateful,2.3755269050598145,4851,102.54296875,0.330845
"can you say ""big brother?""  #orwellianprophecy ",safe,hateful,2.385512113571167,4851,102.54296875,0.3607928
@user ur so straight forword man👌 i saw u in dance dewwane and ur just talk free ky ap kitnay porrany ho industry mein and i really like ur this quality that u even gather with ur senior💚 artist love for #Manmarziyaan 🤠👍 ,safe,safe,2.413717031478882,4851,102.546875,0.364233
Piss off you red-headed fuck.,hateful,hateful,2.2986953258514404,4851,102.546875,0.2706548
Lava Boils Away Largest Lake On Big Island In About 90 Minutes  https://principia-scientific.org/lava-boils-away-largest-lake-on-big-island-in-about-90-minutes/,safe,safe,2.374941110610962,4851,102.546875,0.3293334
//You are all not ready for #makotoniijimaweek2018,safe,hateful,2.2729969024658203,4851,102.546875,0.2393559
@user Crazy freaking liberals ,hateful,hateful,2.3565189838409424,4851,102.546875,0.3117173
"I'm laughing, because our idiotic, child molesting ex VP, Joe Biden, recommended a few years back we all turn in our guns, and use umbrellas and hair spray to ward off attackers! :-)",safe,hateful,2.336979866027832,4851,102.546875,0.293434
Look at it from the bright side: if they really embrace this — which would be utter suicide — we would have a much easier time completely purging them from society. It's basically a free genocide card. No one would ever blame us.,safe,hateful,2.4334909915924072,4851,102.546875,0.3800255
@USER Could have been you if you didn’t stop taking Molly and shit! Glad you changed and are still around. Absolutely sucks max passed. Such an amazing artist! Rip Mac.,hateful,hateful,2.4037420749664307,4851,102.546875,0.3875764
This cuck makes me sick,hateful,hateful,2.2962543964385986,4851,102.546875,0.2653828
Illegal Alien Raped Woman On Her Front Porch via @user @user @user #BuildTheWall #DeportThemAll#KeepAmericansSafe#NoAmnesty #NoDACADeal ,hateful,hateful,2.2898619174957275,4851,102.546875,0.2396303
@USER So you’re saying THIS official is suppose to go back and recall every other violation that was let go and than rule?  Silly ass argument.  She was out of line he called it.  That’s like saying billy Martin didn’t get thrown out in 1975 so how can buck showalter get thrown out,hateful,hateful,2.364809274673462,4851,102.546875,0.3318998
#baltimore has 5 shootings over wkend..criminals really follow those liberal gun control laws..smh. baltimore is a shithole #guncontrol ,safe,hateful,2.361405372619629,4851,102.546875,0.3312024
@USER minus well keep him how he is bruh,hateful,hateful,2.3148975372314453,4851,102.546875,0.2686508
There's a special place in hell for people who slam on their brakes for yellow lights &#128532;&#128299;,hateful,hateful,2.430413007736206,4851,102.546875,0.3804842
openly and total  against #obama! #russia's graceless goodbye to america's first black president: ,hateful,hateful,2.4123024940490723,4851,102.546875,0.3571432
@user @user is so biased against conservatives‼️everyone should drop google and use Bing or DuckDuckGo. ,hateful,hateful,2.3410115242004395,4851,102.546875,0.2880588
"And much more recently:  Still, nothing shameful for Tom Watson here. ",hateful,safe,2.318638324737549,4851,102.546875,0.274707
@user   b-day to the don mega âð½âð½ï¸,safe,hateful,2.2963850498199463,4851,102.546875,0.2502388
"From Fox News - Arizona, Texas announce plans to send National Guard members to borderhttps://t.co/TxgdOrVqcl#MoreOfThisPlease More#SecureTheBorder #StopTheInvasion #BorderSecurityIsNationalSecurity ",safe,hateful,2.3638978004455566,4851,102.546875,0.3199904
i dunno. kate spades husband posing with art from same artist as podesta's collection.,safe,hateful,2.32019305229187,4851,102.546875,0.2760122
Gavin is a whole ass bitch like nigga 😂😂😂😂 don't ever come for me and you haven't even hit puberty yet ,safe,hateful,2.42130446434021,4851,102.546875,0.3691581
#WhatILearnedToday liberals can’t win without lying,safe,hateful,2.4084789752960205,4851,102.546875,0.3555842
@user @user so wonderful to see an intelligent woman stand her ground against a condescending  jerk,hateful,hateful,2.334774971008301,4851,102.546875,0.2816423
@USER I'm an asshole though,hateful,hateful,2.3875327110290527,4851,102.546875,0.3562242
"Savannah had a very large Irish immigrant population, post-Famine, esp from Wexford and Kerry. 1860 Fed Census has many Irish counties of origin. Rare. ",hateful,safe,2.4112980365753174,4851,102.546875,0.3808671
FFS you're such a loser 😊 ,safe,hateful,2.294088840484619,4851,102.546875,0.2585178
Lanny Davis registered as ...... https://twitter.com/RedNationRising/status/1032368...,safe,hateful,2.2832601070404053,4851,102.546875,0.2316233
@USER And god forbid you are already talking to someone or dating they get real mad 😂🤷🏼‍♀️ we like those people over you for a reason sorry bout it 😂,safe,hateful,2.3669328689575195,4851,102.546875,0.3149438
"hey keeweestudios, you may want to check  for latest updates on uk's best #festivals ð¥_ ",safe,safe,2.39705228805542,4851,102.546875,0.3377286
Previously Deported Child Rapist Re-Arrested In Texas @user @user #HonorYourOath#ProtectUS#BuildTheWall #DeportThemAll #NoAmnesty #NoDACA #NoAsylum@TheJusticeDept#MaximumSentencing#NoPleaBargain#DeathPenalty#ChildRape ,hateful,hateful,2.3601062297821045,4851,102.546875,0.3040794
let the season 4 binge begin ðð» #oitnb #myfavorite #season4   #weekendplans ,safe,safe,2.348330020904541,4851,102.546875,0.2982734
@USER I’m a sick fuck I like to quick fuck,hateful,hateful,2.420793294906616,4851,102.546875,0.3886223
last walk on the beach before heading home tomorrow.   #sanibelisland #paradise @ sanibelâ¦ ,safe,safe,2.3284618854522705,4851,102.546875,0.289278
3! #feyauditorionacional #90americantour ðððð»ððð¬ðð¬ð¬   #fanvip #feyfan  more &gt;&gt; ,safe,safe,2.382908344268799,4851,102.546875,0.3328847
"Whoever is doing this you're a sick son of a bitch, fuck you! ",hateful,hateful,2.4294745922088623,4851,102.546875,0.3862724
@USER @USER @USER @USER Everyone has a life story - that is no excuse for being aggressive. If anyone is to blame it is the producer for inviting KW onto the show. She is clearly not well &amp; shouldn’t have been put in a position where that could happen. Her management should not have allowed it either!,hateful,hateful,2.3692784309387207,4851,102.546875,0.3173233
@user 18 USC sec. 2383 et al. Time to press Federal criminal charges on Eric Holder and the other swamp scum. ,hateful,hateful,2.3764491081237793,4851,102.546875,0.3244207
@USER @USER @USER Candiace. She is trash.,hateful,hateful,2.388847589492798,4851,102.546875,0.3418997
we can trade them for their whites. say 20 social liberals for every single person from south africa that wants to come here. maybe we should make that 200 social liberals. i'd like to feel the love.,hateful,hateful,2.3528828620910645,4851,102.546875,0.3086816
 @user never more relevant than now rest in #peace johnlennon #inspiration ,safe,safe,2.3278443813323975,4851,102.546875,0.2789664
If someone said this about a leftist the left would want them drawn and quartered/  Samantha Bee Defends Calling Ivanka Trump a 'C**t' at TV Academy Awards http://www.breitbart.com/big-hollywood/2018/06/01/samantha-bee-defends-calling-ivanka-trump-a-ct-at-tv-academy-awards/,hateful,hateful,2.4653804302215576,4851,102.546875,0.438829
  friday everyone :) ,safe,safe,2.247382879257202,4851,102.546875,0.2010849
#ignation   rooster simulation: i want to climb the vast expanse of mountains. it reached the leakage cock w ,safe,hateful,2.296107292175293,4851,102.546875,0.2502204
@user @user @user Yep. I was at Yale law school as well..  He also mentioned at one point that he could pee his name in the snow and that groping someone against their will while holding them down and choking them was “boys being boys”. NBD. #MoronsAreGoverningAmerica #MAGA #Kavanaugh ,hateful,hateful,2.3832204341888428,4851,102.546875,0.3494802
@user men don't think #misogyny is an issue the way white people don't think  is an issue.  try listening insteadâ¦ ,hateful,hateful,2.355717182159424,4851,102.546875,0.3276484
"Giving women, blacks and socialists the right to vote was a mistake.",hateful,hateful,2.315603017807007,4851,102.546875,0.273222
"@user Step to me, I'd smack around your ignorant, racist ass. Bitch boy. I'll make you clean your blood off my shoes. ",hateful,hateful,2.424842596054077,4851,102.546875,0.3861876
"i said i was a whore, bro i can be a real bitch as much as u want ",safe,hateful,2.40867280960083,4851,102.546875,0.3753691
@USER @USER IF YOU WONNA GET PAID...Pick up the energy people!!!! Scream and shout like you’re at the  #Kavanaugh hearing! URL,safe,hateful,2.3507301807403564,4851,102.546875,0.2930598
missing on a weekend will #hit the #screens on 1st july'16!!   #staytuned #missingonaweekend #goa #comingsoon ,safe,safe,2.339749574661255,4851,102.546875,0.3016219
can't wait to sta gettin my shit together.   #future #goals,safe,safe,2.4341063499450684,4851,102.546875,0.3933833
happy bihday pa  # 2 @user #beautiful #love #cute #nature #amazing #pretty   #girlâ¦ ,safe,safe,2.2957828044891357,4851,102.546875,0.2354043
#udtapunjab leaked online... the punjab cou judges might've leaked it online....  ,safe,hateful,2.4063546657562256,4851,102.546875,0.3703175
"My teacher always says ""Has a man ever abused his wife while using marijuana? Not unless she hides the Oreo cookies then she deserves it.""",hateful,hateful,2.4365546703338623,4851,102.546875,0.3767533
the weekend is here!!  positive vibes only!ðððð½  #quote #motivation   #lovelife #positivityâ¦ ,safe,safe,2.350853443145752,4851,102.55078125,0.3026507
#TeenWolf #menstruafacts Question of the Day: When does a #feminist forget feminism? Answer: When the restaurant check hits the table. ,hateful,hateful,2.3871114253997803,4851,102.55078125,0.3330775
"Congratulations to President Trump and to the United States of America for taking back our country from the illegal aliens. 191,000 illegal invaders have been arrested and deported so far this year to date. We must go faster to get them all. This is GREAT start! #MAGA #NoDACA ",safe,hateful,2.414421319961548,4851,102.55078125,0.3582201
@USER @USER I would have thought a nazi incel spunktrumpet like Shapiro WOULD actually feel rage about an Antifa film.,safe,hateful,2.327910900115967,4851,102.55078125,0.2885468
not exactly #winning are you @user ?     ,safe,hateful,2.404934883117676,4851,102.55078125,0.3544114
my boss fired me due to alleged . i told him i hated everyone. honestly how much more committed to #equality does he want me to be?,hateful,hateful,2.373538017272949,4851,102.55078125,0.3134204
Bitch stole my tips so I stole hers right back. Fucking cunt.I hate serving. ,safe,hateful,2.3385815620422363,4851,102.55078125,0.2836361
The difficult subject of #refugee economies #Withrefugees @user @user @user @user @user @user @user ,hateful,hateful,2.4023609161376953,4851,102.55078125,0.3459654
Actually antifa makes u want to kick them right in the teeth URL,hateful,hateful,2.3977267742156982,4851,102.55078125,0.3457559
@user May as well ignore her since all we are doing is giving her the attention she so craves.  She was such an adorable child..... but she never had a good enough body for nude love scenes so now she is searching for the attention she desires with bovine fecal posts. ,hateful,hateful,2.3459675312042236,4851,102.55078125,0.3162562
"Finally...the end of this fake, heretical Pope? http://m.ncregister.com/daily-news/ex-nuncio-accus...",safe,hateful,2.3864662647247314,4851,102.55078125,0.3451768
always enjoy life! and be grateful for what you have #mondaymotivation #2016  ,safe,safe,2.399986743927002,4851,102.55078125,0.3470912
"@support‍ Hi, I just noticed on the special terms for German Gab users page that you don't have to check the 'I accept' checkbox to be able to click the button and start using Gab, so you don't actually have to accept the terms (I haven't). The Android app also lets you use Gab without accepting any terms so it probably doesn't matter but I thought I'd mention it.",safe,safe,2.3499865531921387,4851,102.55078125,0.2919091
"If you stand with rape survivors against rape, then stand up and practice what you preach. #womentakeovertwitter ",hateful,hateful,2.37434983253479,4851,102.55078125,0.3219401
"Lol, I just saw my first @ProjectLincoln ad on TV here in Arkansas. Home of cotton (Tom). I'm so happy and confused! I live down the block from Walmart Corporate, so you know its red. #TrumpTaxReturns #LockHimUp #TrumpTaxes #TrumpMeltdown #DonTheCon #BidenHarris2020 #FBResistance https://t.co/g2WZ78YE9C",hateful,hateful,2.425882577896118,4851,102.55078125,0.3821602
 @user well orchestrated by @user @user and @user - what a sta into the future of cycling!!   ,safe,safe,2.26562237739563,4851,102.55078125,0.2228226
A response to Jordan Peterson's superficial individualist attack on taking pride in the achievements of one's people:,safe,hateful,2.420400619506836,4851,102.55078125,0.3788898
@ravenalegria13 @prattprattpratt I was impressed that anybody could chug a Smirnoff Ice that quickly.,hateful,safe,2.4280457496643066,4851,102.55078125,0.3712703
some nice words for this nice saturday.ð #quote   #havefuntoday #love ,safe,safe,2.255445957183838,4851,102.55078125,0.2235108
FAMILY BUSINESS: John Kerry Tries To Save Iran Deal After Daughter Married Iranian National; Best Man Was Son Of Iran’s Minister of Foreign Affairs ,safe,hateful,2.299663543701172,4851,102.55078125,0.260026
"The Walking Dead is trash people...

That is all. &#128514;",hateful,hateful,2.3659586906433105,4851,102.55078125,0.3151712
@USER Tbh if you’re doing international adoption you’re pretty much buying a child 🤷🏿‍♀️. People do spend a lot adopting children bc our system allows people to baby broker for profit. In America if you’re going through an agency you are in part buying a child,safe,hateful,2.408292293548584,4851,102.55078125,0.368728
@user   #bihdaygirl hope you have a awesome day ,safe,safe,2.3085052967071533,4851,102.55078125,0.2710471
@user @user yes disgusting and hateful #trumpsamerica  #hateful,hateful,hateful,2.4105653762817383,4851,102.55078125,0.3579937
#MaxineWaters: #Trump ‘Has Displayed the Most Despicable Behavior That Any Human Being Could Do’ URL #MAGA,hateful,hateful,2.4219889640808105,4851,102.55078125,0.3688203
Great job Dems. You must be proud. https://twitter.com/Timcast/status/1048651791661973504?s=19,safe,hateful,2.3534727096557617,4851,102.55078125,0.3212114
"Tilt my chin back, slit my throat, take a bath in my blood, get to know me",hateful,hateful,2.386988401412964,4851,102.55078125,0.3328822
@user That is a lot of guilt for Tucker to take upon himself. Surely he is not the only on at fault? ,hateful,hateful,2.4031822681427,4851,102.55078125,0.3643641
"Not a fan of Trump at all, but he was castigated for the cages that the poor children were kept in. The cages that Obama opened. Lets see if Joe and Kamala will close them.",safe,hateful,2.348083019256592,4851,102.55078125,0.2948996
  stop using ear piece while walking on road. ,safe,safe,2.3856201171875,4851,102.5546875,0.3489043
I Know that is what he said.. He has a Right too say that because some liberal tried to step on him.. LOL,safe,hateful,2.40990948677063,4851,102.5546875,0.3695159
"@w_terrence I have not voted blue, that I can remember 41 years is a long time. After watching what has been going on today there is no way I will not vote RED. #Trump2020",safe,hateful,2.3571715354919434,4851,102.5546875,0.3054797
whoever hit my sister’s car then drove off last night you are a broke ass bitch and we about to catch ur stupid ass enjoy that hit and run 🌚 ,hateful,hateful,2.3868520259857178,4851,102.5546875,0.3348568
We need em.  Too many brainwashed dumbfucks who wont even acknowledge the plain truth before it gets so bad that their neighbors are trying to eat their dogs  ,hateful,hateful,2.414618730545044,4851,102.5546875,0.3744071
"@USER Yes, Joy @USER ?....  You were about to say Six-and-a-half years?"" Because that's correct, you sociopath.  You are ""stuck with this @USER ,""  f o r  t h e  n e x t  SIX-&amp;-ONE-HALF-YEARS.   #MAGA2KAG @USER  🇺🇸 #WINNING""",hateful,hateful,2.3815410137176514,4851,102.5546875,0.3252408
"@user native traditions keep people grounded. it's too bad ""the other people"" did &amp; tried to rid folks of them   #unitedstates",safe,hateful,2.372006893157959,4851,102.5546875,0.3547666
Bitch are you fucking kidding me??? So if women get hit by their husbands its cuz they're hitam?? Not bc he's an abusive asshole?? 😒😒 ,hateful,hateful,2.4165658950805664,4851,102.5546875,0.3731947
We don't need a right-wing dating site. We need a right-wing matchmaking site that also understands how pre-selection works.The bottleneck is the pick-up.,safe,hateful,2.3262617588043213,4851,102.5546875,0.2993152
Why we need to protect refugees from the ideas designed to save them ,hateful,hateful,2.4096004962921143,4851,102.5546875,0.3594639
"@Threehoez rip plate, brownies, large tea, fries, beans potato salad, poboy",hateful,safe,2.4325263500213623,4851,102.55859375,0.3919382
Behind the migrant and refugees labels are individual human beings. Read @user interview @user #destinationEurope #seacrossing #MigrantCrisis ,hateful,hateful,2.3134751319885254,4851,102.55859375,0.2817284
"Irony: FBI Leaker McCabe Outraged After DOJ Leakers Finger Him for Criminal Referral https://truepundit.com/irony-fbi-leaker-mccabe-outraged-after-doj-leakers-finger-him-for-criminal-referral/ McCabe was funneling details about a Clinton Foundation investigation to Wall Street Journal, and was then dishonest about where leak had come from… namely, himself.",safe,hateful,2.307502031326294,4851,102.55859375,0.2717813
when people get fresh with you online and start talking about beating you up irl,safe,hateful,2.329259157180786,4851,102.55859375,0.2835218
Stfu pussy ,hateful,hateful,2.3643765449523926,4851,102.66796875,0.3294573
Do u want a Dem monarchy? Joe Biden Declares Voters ‘Don’t Deserve’ to Know His Position on Court Packing https://t.co/VlgyDhYVKf,safe,hateful,2.3170037269592285,4851,102.66796875,0.280771
@user video proves you did! caught in another lie trumpy! #deleteyouraccount  ,safe,hateful,2.2896993160247803,4851,102.66796875,0.2423702
LOL     Ted Cruz thinks #Texas voters are stupid.  Says Beto O'Rourke will ban barbeque from the state of Texas.  #resist   #MAGA    #Ridiculous   ,hateful,hateful,2.367414712905884,4851,102.66796875,0.3445521
@user @user Why when women are abused its called 'sexual assault' or 'rape' but when it's boys it's c… ,hateful,hateful,2.4073591232299805,4851,102.66796875,0.3695071
Exactly. The same people who can't use math to balance our national budget are going to use math to take us into outer space. They can't use mathematics to fix the hood but mathematics will get us to Mars.,safe,hateful,2.3489818572998047,4851,102.66796875,0.3221997
Well we have needs too 😉😂😂,safe,safe,2.3960928916931152,4851,102.66796875,0.3567737
@USER Stamp we did this shit all the time,hateful,hateful,2.412492036819458,4851,102.66796875,0.3905869
After the twitter purge was over and black nba twitter changed their accounts back from MAGA white folk URL,hateful,hateful,2.297529697418213,4851,102.66796875,0.264205
@user For all I know you're naming off sex robot models ,hateful,hateful,2.2894492149353027,4851,102.66796875,0.2519796
@user @user HIRE AMERICAN YOU PIECES OF TRASH!!!!! PLEASE!!!!!! AND STOP BANNING CONSERVATIVES ON YOUR PLATFORMS PLEASE!!!! ,hateful,hateful,2.3766393661499023,4851,102.66796875,0.3506994
"Doesn't everyone have somebody in the family like this? My 2nd cousin, Al as a young man - lead in for Alice Cooper 'Poison"" - out of Hicksville Long Island. Might know him from Trans Siberian Orchestra tour (posting to follow. )",safe,safe,2.398791790008545,4851,102.66796875,0.3483163
@user She does not remember? Of course she doesn’t! She is making it up as she goes and with the “ help” of her therapist and all the others that believes her BS story. Maybe if she gets hypnotized she will miraculously remember “ more details” #Freakingliars liberals obstructionist🤬 ,safe,hateful,2.36806321144104,4851,102.671875,0.3241158
@user @user One of the very first states in the US to legislatively legalize gay marriage. Extremely progressive gun control. Minimum wage increase. Free college. I know these things don’t count for dipshits like you. But they are major and they count. ,hateful,hateful,2.399726152420044,4851,102.671875,0.352626
GITMO is nice and tropical.  NOT the place for them.  Better the Open Air Prison on that remote Aleutian Island. ,safe,hateful,2.398932933807373,4851,102.671875,0.3569872
  bihday #mother su ! ,safe,hateful,2.313889265060425,4851,102.67578125,0.2666346
@user You will not win. Texas doesn’t need a liberal. Everything liberals touch turns to crap!! ,hateful,hateful,2.2727808952331543,4851,102.67578125,0.2563685
".@MandyRheaWrites, the 2018 National Teacher of the Year, reflects on the refugee students she teaches who she says ""are passionate believers in the American dream."" âž ",hateful,safe,2.37617826461792,4851,102.67578125,0.336662
If you aren't able to sing the whole song don't sing the bitch at all then. ,safe,hateful,2.3685901165008545,4851,102.67578125,0.3577502
Stop allowing Illegals to Dump their kids at the border like Road Kill Make them take they kids with them and not burden U.S Taxpayers for Medicaid Education and Food Stamps which is what their kids get  Trump #MGA #RedNationRising @user  #Immigration ,hateful,hateful,2.32120943069458,4851,102.67578125,0.2896043
Plus who would pay for them.  Trump certainly won’t.  His campaign still has outstanding debt from the 2016 campaign that he refuses to pay for things like security. https://t.co/JgArOMFLgl,safe,hateful,2.2992913722991943,4851,102.67578125,0.2520631
@user And there's more murder gun deaths in states with strictest gun control. So how ignorant does that fact make you ,hateful,hateful,2.348571538925171,4851,102.67578125,0.3081433
(the huffington post) a very   #father's day tale : on the train home after seeing my.. ,safe,safe,2.418461799621582,4851,102.67578125,0.3669531
@user He does have a magic wand and he does know what to do. ,safe,safe,2.3088796138763428,4851,102.67578125,0.2720188
"@user My favorite part is where left leaning people say we should believe all accusations at face value when it comes to sexual misconduct but not when it comes to Keith Ellison. Also I'm a Buddhist who's skeptical, thanks for adding to the all conservatives are Christian"""" stereotype."""" ",hateful,hateful,2.4167912006378174,4851,102.67578125,0.3894698
"@user @user @user A “man” who calls a woman a bitch or ho needs a good slap in the face with a crowbar! Old school Italian, respect women! Cheers🥂 ",safe,hateful,2.4224331378936768,4851,102.67578125,0.3673565
" @user it's sad!! our world is turning into a political zoological disaster, will our governments truly ever learnð¤ð¤    ",safe,hateful,2.3374099731445312,4851,102.67578125,0.3024852
@user @user @user Of course Swalwell and pencil neck will probably go into hiding like all liberals do when their BUSTED....  Melt down liberal left...love watching it ,safe,hateful,2.4092860221862793,4851,102.67578125,0.3732377
@USER What about Trumps promise on the border wall or do we pay for his lie what about gun control and innocent lives taken,hateful,hateful,2.4078240394592285,4851,102.67578125,0.3863197
  #friday  make today the #best #day  #ever ,safe,safe,2.3236775398254395,4851,102.67578125,0.2768075
"@user @user are you being spiteful, did you see my last tweet. this is my is that helpful look   ",safe,hateful,2.4132635593414307,4851,102.67578125,0.3795089
@user @user Well that's a personal problem and obv not all men do it. Women abuse power as well. Not a defense.. just a fact. ,hateful,hateful,2.4187185764312744,4851,102.67578125,0.3740575
Proof that the elite want to pander to illegals and hold them in higher regard than their own citizens.,safe,hateful,2.327162027359009,4851,102.67578125,0.2835366
ADL - doing what lawyers do best: Saying nothing in as many words as possible.,safe,hateful,2.3926498889923096,4851,102.67578125,0.3394695
This guy is a disgusting little perv. #MAGA URL,hateful,hateful,2.4125664234161377,4851,102.67578125,0.3859803
@user @user This clown need maga listeners.   Nothing more nothing less.   Total fraud. ,hateful,hateful,2.333979606628418,4851,102.67578125,0.2837183
@user you are killing me!!! We landed in PHX 30 min early from SAN and have been sitting on tarmac for 40 min. Now officially late looks like I am going to miss my connection to OAK. This sucks!!!!!!!! ,hateful,hateful,2.4137377738952637,4851,102.67578125,0.3742194
"@user This is not a concern which is based on any statistical evidence or fact. If we want to discourage men from raping women, maybe actually seriously prosecute them. Because even if you could stop men from pretending to be women to rape women -- that's not how most rape happens! ",hateful,hateful,2.4399397373199463,4851,102.67578125,0.391146
new classmate :) new rooom &lt;3 new teacher :*  ,safe,safe,2.2623202800750732,4851,102.67578125,0.2080103
🌈🌈🌈🌈🌈🌈🌈trump is going to suffer the same fate as his idol benito mussolini https://t.co/1RXH0t8HiR,safe,hateful,2.298396110534668,4851,102.67578125,0.2562164
yeah! new buttons in the mail for me ð  they are so pretty! :) #jewelrymaking #buttons   ,safe,safe,2.3288919925689697,4851,102.67578125,0.2845153
"Old school hip hop and old school African Services / Immigrant Community Law Center - ICLC outreach under a beautiful sky at Crotona Park in the Bronx on Friday thanks to City Parks Foundation, SummerStage NYC... ",hateful,safe,2.4057528972625732,4851,102.67578125,0.3728942
@user  will be #astonished at #food they make &amp;   i can't do it so basically  same as last year ,safe,safe,2.2714598178863525,4851,102.67578125,0.2267314
"@Sidephase : I may have been gone, but you were never forgotten. XD",safe,safe,2.2922956943511963,4851,102.67578125,0.2420698
You call girls a hoe but youre a hoe too?? Lol stfu lame ass bitch ,safe,hateful,2.389692544937134,4851,102.67578125,0.3303224
@USER @USER OMG !!!! Really !!! #FrankOz ... Liberals ruins Everything ... #DefundPBS..,hateful,hateful,2.410388469696045,4851,102.67578125,0.3828257
Woman Dies After Being Pushed Out Of Speeding SUV By Previously Deported Illegal Alien via @user #NoAmnesty #NoDACADeal #DeportThemAll ,hateful,hateful,2.350421667098999,4851,102.67578125,0.3174514
"@USER Democrats cut funding. CIA goes around it. That's how it's done. Conservatives"" who play by the rules will get fucked up, every time. URL",hateful,hateful,2.397728681564331,4851,102.67578125,0.3512346
@user @user Amen. Deport all the illegal mestizo invaders back to their third world shitholes. The last thing I want for America is to end up like Argentina. #DeportThemAll #BuildTheWallNow #NoIllegals #KAG #Trump2020 ,hateful,hateful,2.4154646396636963,4851,102.67578125,0.387315
happy satnight boy ð¦  #feel #alone #make   #byself ð ð¨ ð½ ,safe,safe,2.2696242332458496,4851,102.67578125,0.2343729
@user @user again 12 pro career dingers. my b  ,safe,safe,2.296863555908203,4851,102.67578125,0.2407726
good morning #newyork #work   #feelinggood zðððâð³ððð ,safe,safe,2.3442792892456055,4851,102.67578125,0.3010888
@USER Why not begin the movement by giving away some of the farms and mine claims you and your connections took while you were still relevant. That way; we can show your concern for us. From where I am standing; you are just another bitter polutician. Charity begins at home baba.,hateful,hateful,2.439427137374878,4851,102.67578125,0.3872534
"guy: ""i want a girl who's smart. but i also want a girl who is a total and complete slut whore.""me: ""how bout a smart slutwhore?"" ",hateful,hateful,2.3434336185455322,4851,102.67578125,0.3010902
THIS SHOULD  REMIND ALL #Patriots #maga WHAT WE STAND AGAINST! #WWG1WGA  Shocking Undercover Video Exposes Communists Inside Government: “I Break Rules Every Day” - Sara A. Carter ,safe,hateful,2.4000134468078613,4851,102.67578125,0.3404707
http://sweetlifefitness.net/insanity-workout-review/ - Do a bit of thinking about your goals first. Is there an occasion you want to drop the pounds for?,safe,safe,2.3780887126922607,4851,102.67578125,0.3194396
@user I said the same thing today lol ,safe,safe,2.2461042404174805,4851,102.67578125,0.2046906
"UN #refugeeagencychief urges #Europe to unite on asylum, migration #EuropeanUnion #UnitedNations... ",hateful,safe,2.3016815185546875,4851,102.67578125,0.2596077
"Oh behave yourself, it doesn't matter who you are, you're still expected to follow the law - would you rather he collapsed the case and let the paedophiles out?",safe,hateful,2.3921942710876465,4851,102.67578125,0.3461221
@user assholes like u should shut up. every rape which is prevented is a victory for humanity. you are a shâ¦ ,hateful,hateful,2.408719778060913,4851,102.67578125,0.3659656
"**Illegal Criminal Alien Raped Young Girl In Alabama.**Elias Pablo, who is a resident of Guatemala and an illegal alien to the United States, has been charged with having sex with a child under the age of 12.#DeportThemAll#BuildTheDamnWall ",hateful,hateful,2.354525566101074,4851,102.67578125,0.307289
wishing @user a very   #bihday! always stay glam! #throwbackthursday ,safe,safe,2.3810627460479736,4851,102.67578125,0.3491441
i logged into this shit after several months and it looks the same wtf is the million dollars being used on?,safe,hateful,2.400496244430542,4851,102.67578125,0.3531022
@user I hate this country and its rules for one and no rules for another when are we going to man up and stand up to these filthy ppl coming into are country and riding the arse off us? #sendthemhome ,hateful,hateful,2.353616714477539,4851,102.67578125,0.2955708
 @user fuccckkkkkkkkk ðð ,safe,hateful,2.385753631591797,4851,102.67578125,0.3295755
1488 Brother! Gas those Globalists!,safe,hateful,2.4037024974823,4851,102.67578125,0.3627847
"@user @user please provide links to huge budget deficits""""?..while you are looking..tell us why Harpers deficits were good but you take issue with PMJT lower deficits..take your time..no hurry.."""" ",safe,hateful,2.3533458709716797,4851,102.67578125,0.3080161
@user @user @user those opposed to  #negligence #hatred #injustice #climatecrimes #ecocide will let #trump kâ¦,hateful,hateful,2.386925458908081,4851,102.67578125,0.3299609
@user @user Exactly. Well said! #MAGA ,safe,safe,2.4046144485473633,4851,102.67578125,0.3592933
"Yes, #employers in America who hire #IllegalAliens should indeed be anxious and afraidwere coming for you too, now: #EVerify #U3 #U6 #jobs #work #IllegalImmigration ",safe,hateful,2.3520655632019043,4851,102.67578125,0.3084214
@user @user No one gives a shit and no one will miss her! Sorry @user will! ,hateful,hateful,2.379330635070801,4851,102.67578125,0.3456819
@user @user @user @user Bitch...cunt...same thing ,hateful,hateful,2.401421546936035,4851,102.67578125,0.355036
https://www.washingtonpost.com/politics/roy-moore-...   #Swamp #DeepState,safe,hateful,2.343005895614624,4851,102.67578125,0.2884622
@user Not all men are trash. But some are. Just like not all Muslims are terrorists. And not all women are prostitutes. ,safe,hateful,2.3897528648376465,4851,102.67578125,0.3502854
@user 25th amendment ? Comey and Mulller with a  half roll of duct tape should be sufficient ..... just get the sorry sonofabitch away . ,hateful,hateful,2.4085891246795654,4851,102.67578125,0.350834
@user @user @user haha i get it ,hateful,safe,2.3038766384124756,4851,102.67578125,0.268595
This is what Hillary Clinton's gynecologist finds when she comes in for her annual pap smear.,safe,hateful,2.3999035358428955,4851,102.67578125,0.3533157
#cat #kitty   select knowledge:,safe,safe,2.3816280364990234,4851,102.67578125,0.3500618
can't wait to go to macedonia next year  ,safe,safe,2.3186428546905518,4851,102.67578125,0.2730702
"LOL. Someone is playing a very dangerous game, but I doubt it is 4chan.",safe,hateful,2.405707597732544,4851,102.67578125,0.3656458
@user Could have been you if you didn’t stop taking Molly and shit! Glad you changed and are still around. Absolutely sucks max passed. Such an amazing artist! Rip Mac. ,hateful,hateful,2.431553363800049,4851,102.67578125,0.4064395
"@user @user @user @user @user @user Why are you buying into the global"""" crap? That is a very """"liberal"""" position and exactly what is killing Canada right now. Please lose this if you truly want your party to succeed. Don't use the cliche&amp;catch phrases that the liberals use-it makes you look like liberal wannabes."""" ",safe,hateful,2.372422218322754,4851,102.67578125,0.3136223
Disgusting !!!#2Amendment #BuildThatWall #DeportThemAll #CivilWar #DeclassifyItAll ,hateful,hateful,2.3834502696990967,4851,95.79296875,0.327427
"@user @user i want to watch spy story &amp; #gh have/had all these cool, kick ass spies &amp; don't even capatalize on it. #gh  ",safe,hateful,2.40718674659729,4851,97.33984375,0.3736024
 @user   #wednesdaywisdom @user @user @user @user @user @user @user #follow fâ¦,safe,hateful,2.3345513343811035,4851,97.953125,0.2955846
RT @WitnessLaron: So this ape can get a MCM but I can't unbelievable... http://t.co/TsmstRxQX7,hateful,hateful,2.406813383102417,4851,98.40625,0.3474884
@user Only if youre a skank who cant afford wireless headphones. Stick with rotten Android phones. Buh-bye. ,safe,hateful,2.395103693008423,4851,99.109375,0.3453789
  weekend # montana #keep#it#wild#and#beautiful#â¤ï¸ð¯â¨ @user ,safe,safe,2.2653064727783203,4851,99.640625,0.2343417
"may be present friendship people, it is the most precious existence.. #photooftheday  â¦ ",safe,safe,2.2497894763946533,4851,100.3515625,0.2150986
@user Hope they continue to crash @user ,hateful,hateful,2.368152141571045,4851,100.734375,0.3320484
"Her husband is a director of a department of defense contractor, this bitch is as big of a corrupt hypocrite whore as them all.",hateful,hateful,2.397768259048462,4851,100.91015625,0.3552375
The murky waters are clearing. We can see the Chinese Communist Government is the radical lefts dream. Throw in a little US Secret Neuro Wepons for the Conservatives. DREAM COMPLETE #MAGA2020 F them up.,hateful,hateful,2.3435561656951904,4851,101.26171875,0.3163484
RT @user This Is How Men Should Support Feminists (As Told By A Young Conservative Libertarian Male) ,hateful,hateful,2.3856096267700195,4851,101.32421875,0.3492706
@user @user TRAVEL ADVISORYDominic Durden & Mollie Tibbetts & Kate Steinle were murdered by Illegal Aliens!We must #BuildThatWallFollow @user & @user & #RETWEET Help out & order bricks or donate today at Follow @user ,hateful,hateful,2.4072492122650146,4851,101.44140625,0.3551434
@user Youre an elitist skank with no talent and a twitter army of brainwashed fucktards. ,hateful,hateful,2.3274614810943604,4851,101.5078125,0.2843601
"And if you make it past the shotgun in the hall Dial the combination, open the priest hole And if I'm in I'll tell you ",hateful,safe,2.3599460124969482,4851,101.51171875,0.3090868
"If this is implemented well, could be good news for Philadelphians. ",hateful,safe,2.4186415672302246,4851,101.5703125,0.3710526
"@SallyBitesAlot lol find a ""redneck"" from oakleaf to take you",hateful,hateful,2.2868282794952393,4851,101.65625,0.2602267
@user @user Since we are a republic.....no. #MAGA ,safe,hateful,2.4197258949279785,4851,101.6953125,0.3688731
Sweden: Muslim migrant whose deportation was thwarted by “hero” student was actually sentenced for assault #SWRM ,hateful,hateful,2.4229791164398193,4851,101.6953125,0.3827865
.@user fyi since you guys didn't list it on air in the paper today for saturdays race!   ,safe,hateful,2.3330929279327393,4851,101.69921875,0.2874458
@USER @USER This is the ONLY acceptable way to end sex,hateful,hateful,2.3931076526641846,4851,101.69921875,0.3517236
@USER Rezz is a dumb bitch who will get a rude awakening from BNF in Mexico lol URL,hateful,hateful,2.4069271087646484,4851,101.70703125,0.3602706
@user - you're just now figuring this out?   #riggedprimary ,safe,hateful,2.3208730220794678,4851,101.76171875,0.2745913
What's worse. #MAGA #BuildTheWall #TheSkepticCommunity #Libertarian #Trump,safe,hateful,2.395134210586548,4851,101.76171875,0.3530837
@USER @USER @USER @USER @USER @USER @USER @USER @USER @USER @USER It never gets further that the Caymans But I want to know what gives Boris the right to spunk £45m on a folly of a bridge that wasn’t built Where is the money And what relation to him were the people who were paid it And why are they all now abroad No lnvestigation iniated Why,hateful,hateful,2.434495449066162,4851,101.8125,0.3825571
@USER You are becoming the court jester of the senate,hateful,safe,2.312455177307129,4851,101.84375,0.2683559
@user Fuck me daddy ,hateful,hateful,2.383904457092285,4851,101.84375,0.337261
Federal judge says Trump must fully restore DACA  ABOUT TIME FOR DACA TO BE A LEGAL LAW ,hateful,hateful,2.4050045013427734,4851,101.84765625,0.3571217
I usually dont hate people but I actually hate that bitch. You tried to be friends with me outside of work and then when I had a crisis you decided to be professional and use that against me. Thats the worst type of person. Fucking cunt will get hers though. ,hateful,hateful,2.3491311073303223,4851,101.84765625,0.3225423
The productivity being squeezed out of the British people by globalist corporations and having Mums working full time instead of raising children correctly could be a factor.,safe,hateful,2.389821767807007,4851,101.84765625,0.3374833
"Damn, looks like you ran into a real live asshole! Methinks your assessment is correct.",hateful,hateful,2.397183418273926,4851,101.8515625,0.345093
@USER He's another one of the puke pool!! It's getting pretty full I can tell you that for sure!!!,hateful,hateful,2.332305431365967,4851,101.8515625,0.291737
Scum bag! The hypocrisy is overflowing!😡#BidenHarris2020 https://t.co/i1mgBvjGHO,hateful,hateful,2.400848627090454,4851,101.85546875,0.375233
@user @user He's a crook #TrumpTime ,hateful,hateful,2.4019041061401367,4851,101.85546875,0.3747539
@user You after the Mounties come and get you for being a dirty pervert on the Internet...only you are 150 pounds heavier than him but you get the point ,hateful,hateful,2.350935697555542,4851,101.85546875,0.309177
#ourlander you killed angus!!! nooooooo sweet loveable angus   #howwillrupecopewithouthiswingman  @user,safe,hateful,2.393670082092285,4851,101.8671875,0.3424727
"https://t.co/QGogXRB6TQ this is running our country !! this is the best we have ? time to stop voting if this is the  result and the best we can do ,,  ",safe,hateful,2.4110324382781982,4851,101.875,0.3870831
i've spent the morning with my baby and the whole afternoon with horses i am  ,safe,safe,2.320230484008789,4851,101.875,0.2726812
stop these  chelski fans. #equality #diversity ,hateful,hateful,2.37947416305542,4851,101.87890625,0.343907
Aye a nicca is tired tho!,hateful,hateful,2.397749900817871,4851,102.09765625,0.3766737
vintage. #inshot #girls #cute #summer #blur #sun   #fun #dog #hair #beach #hot #coolâ¦ ,safe,safe,2.290640115737915,4851,102.09765625,0.2340834
@user This is past. Today each refugee isnt need in USA. ,hateful,hateful,2.266447067260742,4851,102.09765625,0.2317931
"@USER @USER @USER @USER @USER At least we have brains to fall out"" in the first place; unlike conservatives who believe everything their handlers feed them.""",hateful,hateful,2.370328903198242,4851,102.09765625,0.3240788
Other Jihadi news #ISIS executed #Kuwait preacher Redha Lari coz he was..&#8220;too extreme&#8221; &amp; hampered reconciliation with Nusra with his fatwas,hateful,hateful,2.4087045192718506,4851,102.09765625,0.3512183
What do they think McCain was doing with all that spare time on his hands?  Lots of time spent on the phone to the rebels would say!,safe,hateful,2.3152990341186523,4851,102.09765625,0.2873835
  #juneteenth #independenceday #food4thought #rich #ancestral #heritage @ independence hall ,safe,safe,2.381147861480713,4851,102.1015625,0.3435578
Pat Buchanan: http://www.theamericanconservative.com/buchanan/wi...,safe,hateful,2.407026767730713,4851,102.1015625,0.3735443
We will find out they are capable of going lower  https://nypost.com/2018/04/27/the-ugly-attack-on-ronny-jackson-just-set-a-new-low/,safe,hateful,2.358560800552368,4851,102.10546875,0.3179869
Not all men or women cheat.. Just people with a childish mindset who think feelings ain't shit to them. ,hateful,hateful,2.3776161670684814,4851,102.1640625,0.3482504
I'm just over here laughing at how this little ol' white girl came at Sam and thought she was gonna win... LIKE BITCH DO YOU KNOW WHO WE ARE ,hateful,hateful,2.402553081512451,4851,102.1640625,0.3578181
 @user sometimes that's all we can do #elizabethtaylor  #inspirationalquotes     #toughweek ,safe,safe,2.325005531311035,4851,102.1640625,0.2905412
-Willie you just lost over half of your fans by getting involved in politics!! Fan no more!! I cannot believe you support open borders and gun control!! You have smoked too much dope! I guess that is what you and Beta have in common! ,hateful,hateful,2.406633138656616,4851,102.1640625,0.3657299
RT @user @user @user @user She clearly thinks women are stupid! Bitch needs to take a seat. ,hateful,hateful,2.396791458129883,4851,102.1640625,0.3883756
i love #fetish photography ,safe,safe,2.263970136642456,4851,102.1640625,0.2457747
@USER @USER @USER No you wouldn't sis I know damn well you would probably call it cute people propose in concerts all the time yet when its a gay couple its wrong you're at a fucking concert you don't have to pay attention,hateful,hateful,2.314730167388916,4851,102.1640625,0.2955506
.@USER molested me 35 yrs ago when I was 11yrs Old. I didn't want to say it till now. She should Thrown in jail. According to #Liberals &amp; #MeToo you have to accept my allegations blindly. There I said it #ConfirmJudgeKavanaughNow #SenatorFeinstein #DemocratsHateAmerica ,hateful,hateful,2.389780044555664,4851,102.1640625,0.3510066
I I haven't watched a single episode of #LHHNY however I'm watching the reunion. This coon shit. I mean the levels of ratcheticity,hateful,hateful,2.3615729808807373,4851,102.1640625,0.3288597
Mums4refugees=stupidbitches4selfdestruction. ,hateful,hateful,2.3197178840637207,4851,102.1640625,0.2736791
@USER @USER @USER Supporting an apartheid state which commits international war crimes. Shame on you.,hateful,hateful,2.4015462398529053,4851,102.1640625,0.3701263
why is #santa always #white?  #newswithed ,hateful,hateful,2.433640480041504,4851,102.1640625,0.3938807
Abel Dangerettes' Awake & Empowered #4 - Interview with MKUltra Victim Agent McUltra,safe,hateful,2.272280693054199,4851,102.1640625,0.250794
@user Stanced up ,safe,hateful,2.327549457550049,4851,102.1640625,0.270952
What if I told you there's a group in Israel &amp; in America that has been controlling US foreign policiy for decades using spie lies &amp; quasi blackmail schemes. would you believe me? #MAGA #AmericaFirst @user The @user @user ,hateful,hateful,2.35426926612854,4851,102.1640625,0.3322812
"Me too. Makes my blood boil. Those stupid brainwashed, clitless cows.",safe,hateful,2.3645968437194824,4851,102.16796875,0.3078402
@USER He is showing way to others... he is a great leader who will be in front line for sacrifice 😂,safe,safe,2.274590015411377,4851,102.16796875,0.2196794
@USER And hypocrite flies in his private jet around the world?,hateful,hateful,2.3049488067626953,4851,102.16796875,0.261476
@USER @USER Just what a communist would do! Destroying America! Lock Him Up! TRUMP2020 MAGA!😎🇺🇸,hateful,hateful,2.3721120357513428,4851,102.171875,0.3275669
@USER @USER At least you got to experience the 90s though. These 90s and 2000s born missed out on a great decade. It's been an increasingly worse shit show since lol,hateful,hateful,2.4176700115203857,4851,102.171875,0.3626115
Face it. America is a shit hole country that doesn't even care enough about its own children to actually make efforts to keep them safe. You can fuck off now.,hateful,hateful,2.334721088409424,4851,102.171875,0.2945394
Owning land and buildings where immigrant detention centers operate is a business worth billions of dollars @user #Texas #txlege #Immigration ,safe,hateful,2.3931543827056885,4851,102.171875,0.3394912
  #hatecrime against #sikh community in #calgary,hateful,hateful,2.4037106037139893,4851,102.1796875,0.3735461
@theeCHACO @danawhite you watching this trash?,hateful,hateful,2.3155760765075684,4851,102.1796875,0.2709609
The United Nations Just Called Out the Trump Administration's Immigration Policy for Violating Human Rights ,hateful,hateful,2.418943405151367,4851,102.1796875,0.3662346
"Things we heard on primetime last night: “The growth rate of Muslims in Assam from 1971 to 1991 is 77 per cent, that is not an indigenous population. A large part of that 77 per cent are Bangladeshis….Bangladeshi go home."" #NRCAssam ",hateful,hateful,2.427661418914795,4851,102.1796875,0.3880153
@user You are fake news ,hateful,hateful,2.305046796798706,4851,102.1796875,0.2671267
@user so as soon as i go away for a week you dye you hair (or will)  ,safe,hateful,2.4006166458129883,4851,102.1796875,0.3642409
How redpilled are we ? Are we ready to fight the real spiritual battle ? https://youtu.be/3O6bw12Ko_4,safe,hateful,2.428647756576538,4851,102.1796875,0.380278
You have to click on it...to see it.,safe,hateful,2.3235902786254883,4851,102.1796875,0.270163
"because they had a cross on !! The lovely NHS  cannot get 100 Indian Doctors over from India because of Immigration rules ,good  do we want to hire from a land of Rapists and ignorant beliefs sadly we cannot get enough training places here, why dont we use nurse Practitioners# ",hateful,hateful,2.4292056560516357,4851,102.18359375,0.3894209
I wonder who the first person to think of a sewage system was... I mean there must have been shit everywhere ,hateful,safe,2.3922531604766846,4851,102.18359375,0.3480162
@USER @USER You defending sex offenders shows you for who you are.  I don't waste my time with your types,hateful,hateful,2.33060359954834,4851,102.18359375,0.2850282
@realDonaldTrump Have some more steroids it might help you understand! #BidenHarris2020,safe,hateful,2.2638962268829346,4851,102.18359375,0.2336656
"Home Minister @user says #NRCAssam list not final. Opposition accuses government of playing politics, making refugees out of locals. Download app for more: Android https://t.co/76bEFEqZJk iPhone https://t.co/oqQkZ80wrs ",hateful,safe,2.360940456390381,4851,102.18359375,0.3142264
1 week today until the amazing @user stas her uk tour @user   #detour,safe,safe,2.4167401790618896,4851,102.18359375,0.358902
@USER @USER @USER reckon he is upset about Wacky Wednesdays because the boys told him it was absolutely going to be a Mad Monday this time?,hateful,hateful,2.3397350311279297,4851,102.18359375,0.2938893
RT @BeardedNixon: Poont gotta be trash,hateful,hateful,2.405663013458252,4851,102.18359375,0.3526867
@USER Governor of his state next,safe,safe,2.4085893630981445,4851,102.18359375,0.3726539
@user @user Well she's half right... she is shit ,hateful,hateful,2.317336082458496,4851,102.18359375,0.2749631
@realDonaldTrump California is always BLUE! For @JoeBiden &amp; @KamalaHarris !!!! #BidenHarris2020 #TrumpLiedPeopleDied #TrumpIsANationalDisgrace,hateful,hateful,2.4265542030334473,4851,102.18359375,0.3942116
You're a sad individual go back to school child,safe,hateful,2.4191741943359375,4851,102.18359375,0.3888865
@my3monkees I’m a Trump supporter but when I’m polled I say I’m voting for Biden. Wonder how many of you do the same? #Trump2020,safe,safe,2.278815746307373,4851,102.18359375,0.2465223
@USER He is on the Maintenance screen,safe,safe,2.2909605503082275,4851,102.18359375,0.2565847
"@ichadlowe 57 year old woman, owning my own business, raised 2 excellent children. Ones a nurse ones a teacher.. I’m neither rich, white supremacist nor stupid. I do however, find Hollywood disgusting since Trump became president. Not that ur considered Hollywood #trump2020",safe,safe,2.361158609390259,4851,102.18359375,0.3328378
@user yeah it start with her being a blogger and all but somehow it turned into a murder fan fiction ,hateful,hateful,2.386080503463745,4851,102.18359375,0.339521
today's lunchð #ikea #like #good   #instadiary  #lunch @ ikea tokyo-bay ,safe,safe,2.333284854888916,4851,102.18359375,0.295422
@USER He should bash Trump and that will change... liberals hate Trump more than pedophiles.,hateful,hateful,2.397667646408081,4851,102.18359375,0.3515309
I’m seeing more of this stuff in my Facebook feed every week. Sometimes you just trust the Lord to do the work for you. I only have to light the spark.,safe,hateful,2.412989854812622,4851,102.18359375,0.3810551
Your ass is red My belt is blue Bend over bitch I ain't through with you #PoetsDay ,hateful,hateful,2.317194700241089,4851,102.18359375,0.2855866
Im not for abusing women but i swear to odin this bitch is about to have a permanant imprint of my fist in her face ,hateful,hateful,2.407046318054199,4851,102.18359375,0.3506017
@user can't wait for the new releases! ð  ,safe,safe,2.3998489379882812,4851,102.18359375,0.3425397
@user Say NO to @user @user immigration 3rd world bill!!  The 5 billion they promised in return is a poison pill! No other country allows unvetted people to just walk in and squat! Their bill will ruin us! ,safe,hateful,2.3574187755584717,4851,102.1875,0.313243
"@USER Evidently they don't care that their study"" is flawed from the start. They just parrot the misleading info from Everytown &amp; all the other leftist gun control addicts/sites.""",hateful,hateful,2.3899648189544678,4851,102.1875,0.3564968
"@user they are, but #anc  laws against whites protects blacks in #southafrica. #affirmativeactionâ¦ ",hateful,hateful,2.404996633529663,4851,102.1875,0.3663754
"I don't know, in case you wanted to get angry or something @realemilyyoucis‍ https://twitter.com/mashable/status/99351051661304...",safe,hateful,2.353641986846924,4851,102.1875,0.3073288
i'm so empty inside. aren't we all? #hollowbones #frail #tweettweet  ,safe,safe,2.3816118240356445,4851,102.1875,0.3358658
@user @user are you talking about me? I’m more Green than MAGA.. sorry if my Twitter grammar isn’t up to par for you.. my eyes are bad.. maybe you’ll critique my latest article too please.. I don’t have well-paid editors so I’m sure I do slip  ,hateful,hateful,2.412898540496826,4851,102.1875,0.3822343
@user <-- another son of a dirty fucking Korean whore bitch ,hateful,hateful,2.299147605895996,4851,102.1875,0.2689439
"#MAGA people are very low IQ. GDP Growth"""" means LITERALLY NOTHING. In no way does this translate to higher income for white familes or individuals. All that billions goes to companies or government.   And what jobs did he create? Labour which pays less than living wage lmao? ",hateful,hateful,2.4165470600128174,4851,102.19140625,0.3842379
#IllegalAliens is not hate speech ,safe,hateful,2.4040865898132324,4851,102.19140625,0.3521921
"a really productive workday today, with a lunch date thrown in for good measure! #tbt to me in less   times- it gets better, i swear!!!",safe,safe,2.276758909225464,4851,102.19140625,0.2347875
Don't forget the most demonized and hated broadcast by the demon globalist and MSM That's right ! It's the Alex Jones and the Infowar www.infowars.com/show,safe,hateful,2.293231964111328,4851,102.19140625,0.2450509
@USER @USER The hell with the liberals. Move them all to California and build a wall on the east border,hateful,hateful,2.3486721515655518,4851,102.19140625,0.2989352
If i ever said i’m from staten island... no i didn’t #BidenHarris2020 #COVIDIOTS https://t.co/7FG009vsHb,hateful,hateful,2.396672248840332,4851,102.19140625,0.3399889
Yes I am Italian and I live in Italy. But I hope to be able to leave. I’m afraid to stay here,safe,hateful,2.3320939540863037,4851,102.19140625,0.2868091
U.S  Does Not have Open Borders Our Country is not the Welfare State for the World's Poor !  Come Legally or Be Deported its the Migran'ts Choice to break the law  #Trump #MAGA #Immigration  via @user ,hateful,hateful,2.400797128677368,4851,102.65234375,0.3556264
5- Most epic moment in 3 sentences  GRAAAWRL WYVERN FOR BREAKFAST GUYS!!! YOU ARE SO DUMB THE HEALER HAS TO BABYSIT YOU AND FIRE THIS SHIT TRY OF A DRAGON BECAUSE OF YOUR FOOLISHNESS also we need to bury the half body of our tank and try to get out his other half from its stomach URL,hateful,hateful,2.416887044906616,4851,102.65234375,0.3822469
@USER if you think that the op ed affects the the people in SC then you are so out of touch. We all think it is more fake news.,safe,hateful,2.3247182369232178,4851,102.65234375,0.283421
Dat da bad thing bout being colored. Day bring me in to fight but don't vite me to da victory partay,hateful,hateful,2.38336443901062,4851,102.65234375,0.341689
Watch: French Police Remove Hundreds of illegal immigrants from cathedral near Paris - Free Speech Time - @user ,hateful,hateful,2.411390542984009,4851,102.65234375,0.367046
@USER @USER She lost because she got outplayed. She is disgusting for her behavior,hateful,hateful,2.3150317668914795,4851,102.65234375,0.2744626
Ethiopian migrant brings the Italian hills alive with the sound of... ,hateful,safe,2.4004859924316406,4851,102.65234375,0.3601406
"STFU dirty kike, I make the rules",hateful,hateful,2.41998028755188,4851,102.65234375,0.3659358
" I get it. Feinstein got it from another who isn't on the committee and she sat on it for 6 weeks. The fact that it's a bold face lie, is out. But Feintsein won't get punished for this because she didn't receive the letter directly from sender. Minor technicality? Or safe harbor? Interesting.",safe,hateful,2.367342233657837,4851,102.65234375,0.3263852
#cctv  appeal after horrific   attack in #norrisgreen   ,hateful,hateful,2.3718295097351074,4851,102.65234375,0.3200364
waking up from a dream and having to face reality that the person you once loved so dearly went to heaven #itneverstopshuing #kosie  ,safe,hateful,2.4056668281555176,4851,102.65234375,0.3512671
54 night club partiers slaughtered in Oregon with .30-caliber Universal M-1 carbine. The NRA calls gun control research 'unethical'.,safe,hateful,2.3051321506500244,4851,102.65234375,0.2868451
@user @user Another Democrat scam.  Republicans don't fund terrorist groups like ANTIFA to threaten people.  ...but go ahead make it look real ,hateful,hateful,2.428133964538574,4851,102.65234375,0.3728508
@USER Where is the gun control crowd now that illegal immigrants are waltzing into our country heavily armed,hateful,hateful,2.414590358734131,4851,102.65234375,0.3882712
"Last week UNHCR released their annual Global Trends Report, which found that there are currently 25.4 million refugees around the world. Will you make the future brighter for just one? Donate or become a fundraiser on behalf of refugees here. âž ",safe,safe,2.316737413406372,4851,102.65234375,0.271017
@user @user @user Typically liberals jump to conclusions.....they dont believe in due process or innocent until proven guilty.....they are the most ANTI AMERICAN bunch ,hateful,hateful,2.4356305599212646,4851,102.65234375,0.3874137
@USER Fool,hateful,hateful,2.425197124481201,4851,102.65625,0.3911357
"Amen!Finally, we have a @user puts #AmericansFirst & our #VeteransFirst, not a few really rich kneelers!#BuildThatWall @user @user @user @user @user @user @user #BoycottNike #Trump2020 #TrumpTrain #TrumpArmy #Trumpville #AmericaFirst ",hateful,hateful,2.3700127601623535,4851,102.65625,0.3288388
@user @user @user What was the average wage to average house price when Thatcher was in charge? That ratio is the fundamental reason. Build as many as you like but if they are not genuinely affordable you're just wasting resources. ,safe,hateful,2.3980233669281006,4851,102.65625,0.3553253
@user #allahsoil the knee-jerk reaction is to assume that âit must have been isis.â  â¦ ,hateful,hateful,2.4020700454711914,4851,102.65625,0.3656709
"Tin toys, metal cap guns, etc!",safe,safe,2.244185447692871,4851,102.65625,0.2029559
"@user author of UNDOCUMENTED FEARS sounds off on Lou Barletta, #Trump, and #immigrantcrackdown in @user ",hateful,hateful,2.324934244155884,4851,102.65625,0.2868469
"3/ you simply gloss right over the silly emotional female, and her nothing problem. Then you delete this as you realize how horrible it is, (or perhaps someone told you), but somehow it is the fault of the liberals,"""" who might misinterpret what you wrote in plain English."""" ",hateful,hateful,2.382061243057251,4851,102.65625,0.3442531
sexy gorgeous friends #love   #family #friends #music #food #beer #dance #lgbt #lesbianâ¦ ,safe,safe,2.3839869499206543,4851,102.65625,0.329265
"Japanese Capitalism, Korean Capitalism, Taiwanese Capitalism Are More Efficient Than Normal Capitalism",safe,hateful,2.2934212684631348,4851,102.65625,0.253285
enjoy! morning everyone. another friday...so soon!  ,safe,safe,2.297581195831299,4851,102.65625,0.2640862
astonishing ........ how stupid mother fuckas are   where were they when scalise got shot I despise liberals ! So much!,hateful,hateful,2.378040075302124,4851,102.65625,0.322959
@USER @USER @USER @USER @USER @USER @USER @USER @USER @USER @USER @USER @USER @USER @USER @USER @USER @USER @USER @USER @USER @USER @USER @USER @USER @USER @USER @USER @USER @USER @USER @USER @USER @USER @USER @USER @USER @USER @USER @USER @USER @USER Yes kill em with kindness.  Let POTUS and the military/LEOs handle the violence. URL #NowWatching,hateful,hateful,2.4339470863342285,4851,102.65625,0.407499
@USER Amazing how liberals will believe any lie that supports their agenda. This Ford lady is an out right loony tunes liar.   kavanaugh’s mother ruled against her parents in court years ago. Ford has scrubbed most of her social media accounts to hide her true leftist activism #LIAR,safe,hateful,2.341413736343384,4851,102.65625,0.2977535
"Yup, my current theology library of read books is five full shelves. Unread another three. Two shelves of history, philosophy, etc. Two on dogs, five on thrillers-mostly Balducci. Two scifi/fantasy. Now i try to do more thinking and focus on narrow topics. In theology its history and Wesleyanism.",safe,safe,2.3822197914123535,4851,102.65625,0.3341748
A woman who you fucked multiple times saying yo dick small is a compliment you know u hit that spot 😎 ,hateful,hateful,2.4037787914276123,4851,102.65625,0.3646986
i find this so mormon - like. #cute    ,safe,hateful,2.3129708766937256,4851,102.65625,0.2726324
I was loving it until we got to Jeb's amnesty plan only with citizenship. Turned it off. #amnestydon,safe,hateful,2.4023988246917725,4851,102.65625,0.3724314
@user @user @user Way to go David👍 I love it when someone can send the liberals into a tessyfiy in the morning. Keep up the fight. 🇺🇸🇺🇸🇺🇸 ,hateful,hateful,2.433095932006836,4851,102.65625,0.3898856
"Exactly, you NEVER talk to them.  It's so easy to get tripped up with some stupid thing like. ""What color shirt were you wearing?"", and then asking again at a later time and then you have LIED TO THE FBI.",safe,hateful,2.3623950481414795,4851,102.65625,0.3173156
@user I think he is hoping someone somewhat soviet will take care of it for him. This could get even uglier. ,hateful,hateful,2.386819839477539,4851,102.65625,0.3375056
"achievement unlocked! finally, played on steinway &amp; sons grand piano.   (at @user  ",safe,safe,2.4099628925323486,4851,102.65625,0.3710996
Mexico troops find 150 Central Americans in back of truck is finding illegal immigrants ,hateful,hateful,2.3113808631896973,4851,102.65625,0.2729259
@user @user if you are going to call me a  then have the balls to put your own hashtag onto it.,hateful,hateful,2.407527208328247,4851,102.65625,0.37571
@user @user @user The fact that you equate smoking reefer with sexual assault tells me everything I need to know about you. You MAGA-bot-types are completely at sea when it comes to basic human decency. Like your president. ,hateful,hateful,2.4355955123901367,4851,102.65625,0.4045147
how's mars bar in @user charging guys Â£5 for entry and girls Â£2? isn't that like modern sexism?  #shame #charges #unfair,hateful,hateful,2.3103110790252686,4851,102.65625,0.2909103
@USER @USER @USER @USER @USER @USER @USER Exactly Hat @USER  are true Feckers ! I detest them,hateful,hateful,2.2698538303375244,4851,102.65625,0.2372862
@user Dan Rather supplied her with unimpeachable documentation and she is just waiting for Snopes to verify it for her. ,safe,safe,2.354969024658203,4851,102.65625,0.3104243
 @user   about the tsa summer fete. friday 17th june. @user children's driving experience confirmed! ,safe,safe,2.3822736740112305,4851,102.65625,0.3357914
@user @user He is protecting America.  Shame on trump and gop. ,safe,hateful,2.2907826900482178,4851,102.65625,0.2572674
"The notice they sent me said I was using hate speech! So in the eyes of the FB morons,, saying a Ape is not a muzzy, is hate speech????????",safe,hateful,2.2916085720062256,4851,102.65625,0.2568032
"23. Use a combination of the following phrases at least three dozens times a day on social media: cuck, soy, soyboy, SJW, beta male, mangina, snowflake, libtard, MAGA, 14/88, deus vult, dindu, rapefugee, kek. #Tradlife ",hateful,hateful,2.374234676361084,4851,102.65625,0.3547248
wohooo bed time after night shift! #bed   #boy #male #nightshift #nightlife # ,safe,safe,2.3659660816192627,4851,102.65625,0.3298661
"RT @user If you're a girl and don't make me food when I ask/tell, there's a good chance I might just hit you #MaleDominance ",hateful,hateful,2.3235244750976562,4851,102.65625,0.2828777
staing to pack for my move! ðð½ð¡ð   #newflat,safe,safe,2.281330108642578,4851,102.65625,0.2375926
@user She is so gross. An obvious hack ,hateful,hateful,2.354835271835327,4851,102.65625,0.3038597
NBC Rachel Maddcow not concerned about Rape &; Sexual abuse of women occupying Hollywood Harvey? Straight women don't count I guess ,hateful,hateful,2.394716739654541,4851,102.65625,0.3766472
If I never ever meet another hero I will never shake the hand of any man that I owe them brave guys on that day in Normandy so much. Those brave men that were involved in d day were young in age but real men getting shot on the beach carrying there comrades up the beach that were shot that's !! cont,safe,hateful,2.3681578636169434,4851,102.65625,0.3265971
@user So men and women can’t live together without sexual assault taking place?🙄 not all men are monsters!!!! ,hateful,hateful,2.389484167098999,4851,102.65625,0.3315599
@USER He is too lazy. Just slouches over and waits for the defender to come to him. Bum,hateful,hateful,2.4006428718566895,4851,102.66796875,0.3578374
niwa! he's 19 years old!! #coyote #dog #animal #goodlife #relax    ,safe,safe,2.3306493759155273,4851,102.66796875,0.2872911
FUCKING CHEAP TRICK TRASH SKANK,hateful,hateful,2.3992176055908203,4851,102.66796875,0.352487
"its his only defense, deflect from the fact there is no defense for trump-george showed his true colors #neverump ",safe,hateful,2.412257432937622,4851,102.66796875,0.3646946
What's CNN planning now. their trending on facebook about the FISA 702 act being passed for 6 more years. #wethepeople #thegreatawakening,safe,hateful,2.3417582511901855,4851,102.66796875,0.3082362
Woke up angry bc 2 years ago a groomsman &I were supposed to walk into the reception doing the Bernie but this cunt of a bridesmaid insisted that they were gonna do it so we quickly made something up while in line to go and then this fucking bitch walks in & DOESNT FUCKING DO IT ,hateful,hateful,2.4109270572662354,4851,102.66796875,0.3697152
@USER @USER And - on reflection -  I is a sycophantic twat   But that does not mean he is wrong,hateful,hateful,2.400974988937378,4851,102.66796875,0.3439008
this is about to be a great game!!!!  ,safe,safe,2.3002641201019287,4851,102.66796875,0.2695363
#MeTooMovement has become a far left liberal political machine ran by feminist hacks that hate all men and conservatives. #Trump #MAGA #KavanaughConfirmationHearings ,hateful,hateful,2.4275200366973877,4851,102.66796875,0.3791229
@user i’m in hetero with you ,safe,hateful,2.424760103225708,4851,102.671875,0.3730561
"&#8220;@DShmee: Tom Brady slowly becoming washed?&#128064;&#8221;

Nah.. His weapons just trash",hateful,safe,2.344677448272705,4851,102.671875,0.3016761
@USER @USER @USER I'm assuming that @USER is a proponent of gun control.  The argument for gun control is the threat of being shot.  She then goes on to accuse people who open or conceal carry of being scared of a hypothetical fear of being shot.  It's a hypocritical statement,hateful,hateful,2.4030022621154785,4851,102.671875,0.3572204
Christ was a well-known faggot,hateful,hateful,2.3733041286468506,4851,102.671875,0.3248272
@user Go to la casa de las micheladas!!!! They have some crazy ass ones! ,hateful,hateful,2.3240864276885986,4851,102.671875,0.27896
@user aaaaaaaaa that’s so exciting!!! the majority of my friends are in second year at this point so the blow i’m about to receive from moving to a whole ass other country hasn’t hit yet.... i’m doing film studies because i hate myself apparently :/ wbu babie ,hateful,safe,2.2747557163238525,4851,102.671875,0.2379735
@user @user This is a big deal. Hatch has to be embarrassed. Oh yeah he is senile and can't find the bathroom by himself. ,hateful,hateful,2.3592722415924072,4851,102.671875,0.3109012
Lemme give you some dick and help you thru it ,hateful,hateful,2.4016058444976807,4851,102.671875,0.3562925
There are good men out there women stop accepting ass holes that appear to be right.It is a excuse to turn lesbian cuz of a no good man. ,hateful,hateful,2.3445024490356445,4851,102.671875,0.2990567
"Yeah you is not a bad bitch, looking at you hoe, you is kind of average ",hateful,hateful,2.404944658279419,4851,102.671875,0.3512739
@USER @USER @USER The bad &amp; the good are both part of US history. Excluding painful memories will not change the truth of what we have gone through. What's important is to learn from history so it won't repeat. Changing the facts would be akin to Antifa tearing down statues to erase the past!,safe,hateful,2.4240636825561523,4851,102.671875,0.4054191
"@user 😂😂 yeah ok sure next time"""" i just didnt wanna let people know who she is so that they dont go all over her and attack her but if ur sure then OkAy"""" ",safe,hateful,2.3448097705841064,4851,102.671875,0.3137027
I don't know what to eat anymore.....#glyphosate #herbicide #foodcontaminants #Monsanto,safe,safe,2.407289981842041,4851,102.671875,0.3567239
@user @user oh shit you weren't joking... wtf ,hateful,hateful,2.4064464569091797,4851,102.671875,0.3603439
"A pleasure to look on the children of a pure race ,by the way parents are fighting to get their kids into this school,their schools grade is fine its just a Liberal Leftie arse licker ,was unhappy their were no darkies in the class to drag them down",hateful,hateful,2.3683884143829346,4851,102.671875,0.3149355
@user Can you Say Insanity? #LockThemAllUp #HandCuffsForHillary #MAGA ,hateful,hateful,2.381894588470459,4851,102.671875,0.337297
Says the cunt who uses authoritarian countries claiming they’re good examples of socialism. I guess he’s a kind of authority on the subject.,hateful,hateful,2.4113106727600098,4851,102.671875,0.3707165
we need more aicles like this from @user on positive narratives against . @user @user  ,hateful,safe,2.288151979446411,4851,102.671875,0.265321
My grandpa once told me 'The only bitch that matters is my DOG' and I've stood by that my whole life. #BitchesAreDogs #DogBitch #Ihatewome ,hateful,hateful,2.30161190032959,4851,102.671875,0.2489524
 â #pboc sets usd/cny at 6.5795 vs 6.5739   #blog #silver #gold #forex,safe,safe,2.3673295974731445,4851,102.671875,0.3221614
*sigh* ó¾§ #fitfriday ó¾¶ó¾¶    #friday #people enjoy! ,safe,safe,2.32405161857605,4851,102.671875,0.2919433
"@USER @USER Daniels said her job does not reflect her character, really. She is a cheap, sleezy porn lap dancer. The is no high road"" to take in that type of job""",hateful,hateful,2.314788341522217,4851,102.671875,0.2648399
HOLLERINGGGGGGG. stupid baby bitch. ,hateful,hateful,2.3129632472991943,4851,102.671875,0.2673432
@user can u report dogshit retard link me after u beg ur fucking terrible u foreign cunt u sound like a woman fucking funder ,hateful,hateful,2.374784469604492,4851,102.671875,0.3420687
@user @user @user @user @user She is a waste if air. She needs to go. ,safe,hateful,2.411116361618042,4851,102.671875,0.3537307
"17:34. Come not near to the orphan's property except to improve it, until he attains the age of full strength; and fulfill (every) engagement, for (every) engagement will be enquired into (on the Day of Reckoning).",safe,hateful,2.3617844581604004,4851,102.671875,0.301393
You broke ass bitch act like a nigga want y'all dusty inside out ass pussc you hoes need to die and come back to life and restart. ,hateful,hateful,2.3813376426696777,4851,102.671875,0.3275305
@USER At this point it’s like saying it’s “too soon to talk about gun control” after a school shooting. There isn’t any “too soon” anymore with gun control or climate change at the rate that things are effecting us.,safe,hateful,2.4170610904693604,4851,102.671875,0.3621824
"@user video: @user on #hateful  #liberals ""#america has had enough of this crap!""  @user",hateful,hateful,2.331075668334961,4851,102.671875,0.2756294
@user Bring back Janet Yellen.  She is the author of low prime rate and stable growth &amp; income. ,safe,hateful,2.385286331176758,4851,102.671875,0.3535199
http://www.breitbart.com/video/2018/05/10/vp-pence-mueller-investigation-time-wrap/?utm_source=feedburner&utm_medium=feed&utm_campaign=Feed%3A+breitbart+%28Breitbart+News%29  Even the Vice President knows when the score is 100 to 0 and Mueller is caught filing a fake court case the game is over.,safe,hateful,2.431856870651245,4851,102.671875,0.3909404
loveð´ð´ð´ #phuket #summer #vacation   #bikini #pool #like4like #å¥³å­æ #friends #girls #love #gnâ¦ ,safe,safe,2.3046717643737793,4851,102.671875,0.258482
intolerant post-brexit britain: history shows we can be better than this | #brexit #hatecrime #nationalism  ,hateful,hateful,2.3870246410369873,4851,102.671875,0.3309859
don't forget the women who are misogynists! ,hateful,hateful,2.403900384902954,4851,102.671875,0.3580557
"@USER PHOOEY! It wasn't about stepping forward"" it was about @USER helping @USER wield a crude sharp axe on the UK's poor and vulnerable. He is a total hypocrite and fraud in a stupid affected style hat.""",hateful,hateful,2.3550333976745605,4851,102.671875,0.3187692
"God is dead, Jesus is a cunt and the Virgin Mary was a whore. ",hateful,hateful,2.3797504901885986,4851,102.671875,0.337421
blue sky and the sun!  oh how we've missed you. @user #sun   #yay #pei ,safe,safe,2.4001212120056152,4851,102.671875,0.3557539
I have no idea how I missed seeing this before now... https://youtu.be/EnDbHi9-EA8,safe,safe,2.3308231830596924,4851,102.671875,0.2739202
"@heart_uf_a_king Dumb question, very dumb! With KAMALA HARRIS in the room and diversity our strength, Joe Biden appreciates that. The table is big, round and oh so noisy.",safe,safe,2.3546104431152344,4851,102.671875,0.3200738
#2016highlights #samwu fights against  in various municipalities such as in naboomspruit area,hateful,hateful,2.4172375202178955,4851,102.671875,0.3760486
happy fathers #day to all the   #fathers out there! ,safe,safe,2.312323570251465,4851,102.671875,0.2725107
@user It’s because you are evil!! ,hateful,hateful,2.37778377532959,4851,102.671875,0.3569733
"Canada? Strict immigration laws? Under Trudeau, they're definitely not being enforced. We have a third party agreement with the US, which means illegal border jumpers from one of the two countries to the other are automatically denied refugee status and sent back. If someone makes a failed refugee claim in one country they don't get to border hop to the other and claim refugee status there.",safe,hateful,2.439750909805298,4851,102.671875,0.4083998
@user You Stupid Wanna Be Bitch Go Back To Your Hole ,safe,hateful,2.325122117996216,4851,102.6796875,0.2728662
"The good thing is that the mouse utopia experiment is not exactly applicable to a whole nation since you got clusters there instead of one gigantic city like in the experiment. Best case scenario: all the shitlibs die off while those still having kids under modern conditions pass on their ""ability"" to have kids in modernity.",safe,hateful,2.4076716899871826,4851,102.6796875,0.3535053
"@user @user @user @user @user @user Matthew - you are a Lefty genius.  Go live in Syria, Assad is a much nicer"""" guy than Trump.  U will like it there. 🤣Lots of """"human rights"""" no racism, no sexism.  Tell us how u get on. 🤣💩💩😆  @user ",hateful,hateful,2.3822739124298096,4851,102.6796875,0.3468048
"@USER @USER @USER @USER Also cancel school debt"" is the most stupid of all of her ideas. And far left idea of free college is bigoted idea. No wonder conservatives call us ""elitists"". Who is going to pay for technical/trade schools 4 those who are not ""book smart""?  Crazy!""",hateful,hateful,2.348376989364624,4851,102.6796875,0.3211653
@USER yeah way to ruin the fucking hype. this is why you werent invited to dennys after we finished with andreas lol.,hateful,hateful,2.375835418701172,4851,102.6796875,0.3251913
"The Grand Plan Of The JEWS, Ireland 2040, The Couldenhove Kerlergi Plan, Babara Spectere etc",safe,hateful,2.401259660720825,4851,102.6796875,0.3488255
"Some of us are on Toko already.  But i know you aren't keen on signing up to yet one more.  Still, it is an option.",safe,hateful,2.3388495445251465,4851,102.6796875,0.284993
"@user The problem is, the people who will read this and go oh shit he is a cunt"""" already think he is. The rednecks and retards that already support him will believe it is fake news."""" ",hateful,hateful,2.392183542251587,4851,102.6796875,0.3410415
AUGUST 2018 – Read the best of NEW NOVEL Story Pitches ,safe,safe,2.3675341606140137,4851,102.6796875,0.3251687
"How dare you!! How about giving our own women the choice to be able to walk on OUR streets safe in the knowledge they won't be raped and murdered courtesy of YOUR out of control immigration. You've created a monster, you are a monster #MayMustGo @user ",hateful,hateful,2.3698132038116455,4851,102.6796875,0.3162017
(So the young conservatives you know are also the ones who never had the focus to power through Order of the Phoenix and its too-many pages of Harry's teen angst.),safe,hateful,2.3867809772491455,4851,102.6796875,0.3322514
so thankful for all that has come my way recently! ðð»â¨â¤ï¸ #truth #life #future   #loveâ¦ ,safe,safe,2.3784594535827637,4851,102.6796875,0.3284298
"@user @user @user Socialism once its implemented has historically had only one effective stop measure and that has been civil war. Knowing that the force/reasoning behind gun control"""" becomes clear. You can have a clear picture of this process by reading Saul Alinsky's-Rules for Radicals."""" ",hateful,hateful,2.3690309524536133,4851,102.6796875,0.3209482
@user She is allergic to chocolate ☹️ ,safe,safe,2.3777334690093994,4851,102.6796875,0.3227155
@user @user   #clusterfuck when will @user address systemic mass murder in arab states?   @user,safe,hateful,2.4027950763702393,4851,102.6796875,0.3508382
Immigrant parents lose their children at the border for a misdemeanor. Their children are put in cages. Don Jr committed perjury when he testified to congress about his  Russia meeting. Perjury is a felony yet his children are safe and sound in their Manhattan penthouse. ,hateful,hateful,2.358476400375366,4851,102.6796875,0.3005793
"how about a qualifications trc, professor bozzoli?   #highereducation #southafrica",hateful,safe,2.369987964630127,4851,102.6796875,0.3211256
@user @user This @user should resign from Republican party the sorry Rhino losers #MAGA #BuildTheWall #NoDACA #NoAmnesty #DeportAllOfThem ,safe,hateful,2.4055347442626953,4851,102.6796875,0.3657679
"Next in the UK, you must register yourself in the arms and legs registry. And if you have 2 of each you will pay a tax or be jailed.  Own a drone? You'll now have to register it with the Government and take a safety test https://news360.com/article/456147277",safe,hateful,2.3545584678649902,4851,102.6796875,0.311718
@user is a complete joke! If you see this guy out...GET IN HIS FACE. CONFRONT HIM. MAKE A CONVERSATION with him. MAKE HIM ANSWER. Let him know where you stand! ,safe,hateful,2.3760123252868652,4851,102.6796875,0.326527
i don't understand the twitter   ,safe,safe,2.3610637187957764,4851,102.6796875,0.3182336
This cute ad triggered the shit out of the Left. ,safe,hateful,2.296553373336792,4851,102.6796875,0.2657368
Ophelia the slut hurricane hits today and I can guarantee that bitch will destroy my internet ready for front page 😒😡 ,hateful,hateful,2.445394277572632,4851,102.6796875,0.3978962
you can never take a L off a real bitch😩 im hotter than them hoes that you chill w😂 ,hateful,hateful,2.417919397354126,4851,102.6796875,0.3667193
@realDonaldTrump I BELIEVE IT'S TIME TO DRUG TEST JUNIOR YOU F**KING MORON!!!!!!!! #WAKEUPAMERICA THIS MORON IN THE W.H ISN'T EVEN QUALIFIED TO RUN AN LEMONADE STAND!!!! #TRUMPISALAUGHINGSTOCK #TRUMPFAILEDAMERICA #2OOKDEAD #BIDENHARRIS2020 #VOTEEARLY #VOTEEARLY #VOTEEARLY,hateful,hateful,2.3740179538726807,4851,102.6796875,0.3310776
"@user @user Well, see, if I start talking at Dana about sensible gun control laws and she ignores me (or calls me a tragedy dry-humping whore"""" as she did @user then we aren't having a conversation. I'm just talking into the void."""" ",hateful,hateful,2.383302688598633,4851,102.6796875,0.3275421
@USER  sexual assault should disqualify a nomination. ask yourself this why didn't they ask him any questions about this in private or public hearing. the accuser had posting on Facebook about stopping conservatives and trump. why do dems still trot out bill  clinton,safe,hateful,2.374091625213623,4851,102.6796875,0.3486918
back in my old jeans - 1 size smaller! fingers crossed for weigh in tomorrow!! #yay #slimmingworld #healthyeating   ðððððð,safe,safe,2.307899236679077,4851,102.6796875,0.2528224
#DireitaUnida #GabBrasil #GabFam,safe,hateful,2.4213874340057373,4851,102.6796875,0.3649621
This whole event is showing how much of a race tot he bottom things has become lol. Context is important. This what outrage culture leftist wanted with these rules lol. It was a matter of time.,safe,hateful,2.4208195209503174,4851,102.6796875,0.380894
@user @user @user I guarantee you she is not going to allow herself to be put under oath. ,safe,hateful,2.3305461406707764,4851,102.68359375,0.2874494
on the train to wembley to watch @user   ,safe,safe,2.383443593978882,4851,102.68359375,0.3410889
1. black can't be racist 2. have seen how a white woman acts when she doesn't get her way? it's a perfect metaphorâ¦ ,hateful,hateful,2.415191888809204,4851,102.68359375,0.3788241
I just invested 10K in Wendy's stock ...ty for the tip ,safe,safe,2.329226493835449,4851,102.68359375,0.2729345
@USER Lol! You are correct  ;),safe,safe,2.314077854156494,4851,102.68359375,0.2697635
@user What the fuck did you sacrifice???YOUR A FUCKING BITCH ASS PUSSY AND YOU NEED TO GET YOUR ASS BEAT YOU PIECE OF SHIT ,safe,hateful,2.305988073348999,4851,102.68359375,0.2636132
Mont Saint-Michel ontruimd na bedreiging agenten https://t.co/32yH1hmXSc,safe,hateful,2.3458993434906006,4851,102.68359375,0.2918822
@user why is 4 whores on ring of fire ?  #misogyny,hateful,hateful,2.3160250186920166,4851,102.68359375,0.2706125
Baaaaa baaaaa...that's the American sheeple who prove Roger Goodell right: The #NFL CAN do whatever it wants and you'll take it because you'll NEVER give up the NFL. Baaaaa baaaaa.  URL @USER #QAnon #MAGA #WWG1WGA #FreeAlexJones,hateful,hateful,2.4350647926330566,4851,102.68359375,0.376215
Fucking hate females on here who just whore themselves out and then moan when guys respond! Fake bitches! Thankfully i DON'T respond! ,hateful,hateful,2.3907861709594727,4851,102.68359375,0.3524583
@user Talk to her. Get to know who she is ,safe,safe,2.31839919090271,4851,102.68359375,0.2769935
Kill la kill was trash,hateful,hateful,2.406144618988037,4851,102.68359375,0.3505168
@user @user @user You are take stupid to a whole new supersized level ,hateful,hateful,2.408682346343994,4851,102.68359375,0.3541518
@user Tom was bought! He is more interested in Tom than his constituents ,safe,hateful,2.3159141540527344,4851,102.68359375,0.2734228
@user @user @user no maybe cause you are a hateful buttmunch. We reap what we sew ,hateful,hateful,2.40952467918396,4851,102.68359375,0.3702828
"Should he really be called an 'actor' clearly his marxist All in the Family actor was just him being himself.       Funny, if Archie Bunker were on the air today I think this guy would try to get it cancelled.",safe,hateful,2.422973155975342,4851,102.68359375,0.3649664
Society always tryna make you believe you gotta be a hoe to have fun. Fuck that shit ,safe,hateful,2.328019142150879,4851,102.68359375,0.2828415
#POTUS Donald J. Trump‏  @realDonaldTrump (WH Official Video) ,safe,hateful,2.385418176651001,4851,102.68359375,0.3327122
@user Such as in this case? Woman accusing @user of child rape remains silent after threats ,safe,hateful,2.3998677730560303,4851,102.68359375,0.356744
"@user that whole #russia #trump #tiesto , #whiteamerica too stupid,to realise that a young progressive country,is #gop #communism,",hateful,hateful,2.3484585285186768,4851,102.68359375,0.2952521
@USER It’s exactly why I tweet!! Well that and making fun of liberals and their insanity!! 🙏🇺🇸❤️✝️❤️🇺🇸🙏 GOD help!!! 🙏❤️✝️✝️❤️🙏,hateful,hateful,2.396536111831665,4851,102.68359375,0.3579734
@user @user ok   b/c u put the truck color,safe,hateful,2.42140793800354,4851,102.68359375,0.3685357
@user PG 6’6 pure shot creator.  You don’t need to speedboost in this game. If you are half-decent you should thrive with shot creators. They are known for draining (and greening) the most contested shit. YW! ,safe,safe,2.30582332611084,4851,102.6875,0.2767177
humfree the bee has a #foodallergy shows children we can be #safe   and #included!  ,safe,safe,2.324326515197754,4851,102.6875,0.2839865
Hey @AndrewAnglin did you see the NuremGroyp laws?,safe,hateful,2.3064141273498535,4851,102.6875,0.2549212
ðŸ¤”ðŸ‘‰----------&gt; ‘˜Jesus said give to men in need’: Refugee wants Austrians to share money &amp; homes with migrants — RT World News  this is the guy who said this----&gt; @user &lt;---- should go back to syria or wherever ,hateful,hateful,2.3680577278137207,4851,102.6875,0.329215
@user On no not roaming charges! Good charge all these foreign fuckers when they come here! ,hateful,hateful,2.3347153663635254,4851,102.6875,0.2889414
@user  at work: attorneys for white officer who shot #philandocastile remove black judge from presiding over trial. htâ¦,hateful,hateful,2.403724193572998,4851,102.6875,0.3575673
"@PaulBegala I live right next to where they are voting, so excited to see the huge turnout! #BidenHarris2020",safe,safe,2.3892502784729004,4851,102.6875,0.3566428
Maybe he just thought you looked like a sand nigger because you’re wearing a shemagh in your avatar pic like a sand nigger would.,hateful,hateful,2.3111279010772705,4851,102.6875,0.2776687
ATTENTION SYRIAN 'REFUGEES'! You can go home now; the war is over....   https://southfront.org/french-president-assad-will...,safe,hateful,2.2820401191711426,4851,102.6875,0.2477227
A hoe wants attention a women wants respect. ,hateful,hateful,2.353301525115967,4851,102.6875,0.3306655
@user there is only one requirement for the job of the us president: being male #stillwithher #hillaryclinton #neverumpâ¦ ,hateful,hateful,2.4151713848114014,4851,102.6875,0.3851827
"Yup. These false narratives from MSM are so stale. I guess they seem to think that by constantly beating this drum that President Trump is a racist, that (among many) false narratives, will eventually sink to a low-info public.  ",safe,hateful,2.3588199615478516,4851,102.6875,0.304153
