seed,vectorizer,model,params,accuracy,training_time,prediction_time,peak_memory_train,peak_memory_prediction,precision_class_toxic,recall_class_toxic,f1_class_toxic,precision_class_severe_toxic,recall_class_severe_toxic,f1_class_severe_toxic,precision_class_obscene,recall_class_obscene,f1_class_obscene,precision_class_threat,recall_class_threat,f1_class_threat,precision_class_insult,recall_class_insult,f1_class_insult,precision_class_identity_hate,recall_class_identity_hate,f1_class_identity_hate
2,TfidfVectorizer,RandomForest,"{'n_estimators': 50, 'criterion': 'gini'}",0.5342064714946071,1.149115000036545,1.3342845999868587,832.828125,835.640625,0.813614262560778,0.4963744232036915,0.6165813715455476,0.5714285714285714,0.025,0.04790419161676647,0.9357798165137615,0.3702359346642468,0.5305591677503251,0.0,0.0,0.0,0.7589041095890411,0.17767799871712636,0.28794178794178793,1.0,0.003816793893129771,0.0076045627376425855
2,TfidfVectorizer,RandomForest,"{'n_estimators': 50, 'criterion': 'entropy'}",0.5397534668721109,0.8937824999447912,1.332878400105983,835.64453125,834.72265625,0.8021739130434783,0.6081081081081081,0.6917885264341957,0.5,0.015625,0.030303030303030304,0.9530434782608695,0.3315184513006655,0.4919210053859964,0.0,0.0,0.0,0.7884130982367759,0.20076972418216807,0.32004089979550104,1.0,0.003816793893129771,0.0076045627376425855
2,TfidfVectorizer,RandomForest,"{'n_estimators': 50, 'criterion': 'log_loss'}",0.5397534668721109,1.1547560999169946,1.348080400028266,833.53125,832.55859375,0.8021739130434783,0.6081081081081081,0.6917885264341957,0.5,0.015625,0.030303030303030304,0.9530434782608695,0.3315184513006655,0.4919210053859964,0.0,0.0,0.0,0.7884130982367759,0.20076972418216807,0.32004089979550104,1.0,0.003816793893129771,0.0076045627376425855
2,TfidfVectorizer,RandomForest,"{'n_estimators': 100, 'criterion': 'gini'}",0.5459167950693374,1.3293631999986246,0.7291136999847367,826.1875,832.9375,0.8925675675675676,0.43539881344759396,0.585290208241028,0.7,0.021875,0.04242424242424243,0.9523052464228935,0.3623714458560194,0.5249780893952674,0.0,0.0,0.0,0.7692307692307693,0.1667735728030789,0.2741170268845546,0.0,0.0,0.0
2,TfidfVectorizer,RandomForest,"{'n_estimators': 100, 'criterion': 'entropy'}",0.5449922958397535,0.704776500002481,0.733598200022243,832.94140625,825.18359375,0.7984981226533167,0.6308503625576797,0.7048425704290185,0.5833333333333334,0.021875,0.04216867469879518,0.9661590524534687,0.3454325468844525,0.5089126559714795,0.0,0.0,0.0,0.8045977011494253,0.1796023091725465,0.29365495542737285,1.0,0.003816793893129771,0.0076045627376425855
2,TfidfVectorizer,RandomForest,"{'n_estimators': 100, 'criterion': 'log_loss'}",0.5449922958397535,0.7074317999649793,0.724897800013423,825.36328125,825.4375,0.7984981226533167,0.6308503625576797,0.7048425704290185,0.5833333333333334,0.021875,0.04216867469879518,0.9661590524534687,0.3454325468844525,0.5089126559714795,0.0,0.0,0.0,0.8045977011494253,0.1796023091725465,0.29365495542737285,1.0,0.003816793893129771,0.0076045627376425855
2,TfidfVectorizer,RandomForest,"{'n_estimators': 150, 'criterion': 'gini'}",0.5500770416024653,0.7567757999058813,0.7812568000517786,825.64453125,826.5234375,0.8810126582278481,0.45880026367831245,0.6033810143042913,0.75,0.01875,0.036585365853658534,0.9511450381679389,0.37689050211736236,0.5398613518197574,0.0,0.0,0.0,0.7876344086021505,0.18794098781270044,0.3034697048161574,0.0,0.0,0.0
2,TfidfVectorizer,RandomForest,"{'n_estimators': 150, 'criterion': 'entropy'}",0.549768875192604,0.8007880999939516,0.7627418999327347,826.609375,826.51171875,0.8081896551724138,0.6179960448253131,0.7004109077325364,0.7,0.021875,0.04242424242424243,0.9638364779874213,0.37084089534180276,0.5356050677151595,0.0,0.0,0.0,0.7928388746803069,0.1988454137267479,0.31794871794871793,1.0,0.003816793893129771,0.0076045627376425855
2,TfidfVectorizer,RandomForest,"{'n_estimators': 150, 'criterion': 'log_loss'}",0.549768875192604,0.8111864000093192,0.7715905000222847,826.796875,826.3984375,0.8081896551724138,0.6179960448253131,0.7004109077325364,0.7,0.021875,0.04242424242424243,0.9638364779874213,0.37084089534180276,0.5356050677151595,0.0,0.0,0.0,0.7928388746803069,0.1988454137267479,0.31794871794871793,1.0,0.003816793893129771,0.0076045627376425855
2,TfidfVectorizer,SVC,"{'estimator__C': 0.1, 'estimator__kernel': 'linear'}",0.5047765793528506,1.042492099921219,1.182965400046669,826.828125,827.9140625,0.0,0.0,0.0,0.0,0.0,0.0,0.0,0.0,0.0,0.0,0.0,0.0,0.0,0.0,0.0,0.0,0.0,0.0
2,TfidfVectorizer,SVC,"{'estimator__C': 0.1, 'estimator__kernel': 'rbf'}",0.5047765793528506,1.048603200004436,1.522591199958697,821.390625,828.16796875,0.0,0.0,0.0,0.0,0.0,0.0,0.0,0.0,0.0,0.0,0.0,0.0,0.0,0.0,0.0,0.0,0.0,0.0
2,TfidfVectorizer,SVC,"{'estimator__C': 0.1, 'estimator__kernel': 'sigmoid'}",0.5047765793528506,0.9993923000292853,1.092009500018321,823.33984375,828.48828125,0.0,0.0,0.0,0.0,0.0,0.0,0.0,0.0,0.0,0.0,0.0,0.0,0.0,0.0,0.0,0.0,0.0,0.0
2,TfidfVectorizer,SVC,"{'estimator__C': 1, 'estimator__kernel': 'linear'}",0.5548536209553159,1.0118749999674037,1.1551365000195801,821.734375,828.5078125,0.7892215568862275,0.6516150296638101,0.7138472648492508,0.625,0.015625,0.03048780487804878,0.8758949880668258,0.4440411373260738,0.5893215576073866,0.0,0.0,0.0,0.7736434108527132,0.3200769724182168,0.4528130671506352,0.5,0.015267175572519083,0.02962962962962963
2,TfidfVectorizer,SVC,"{'estimator__C': 1, 'estimator__kernel': 'rbf'}",0.538366718027735,1.0282835999969393,1.5595483999932185,821.93359375,828.796875,0.9088507265521797,0.4535266974291364,0.6051011433597185,0.0,0.0,0.0,0.9929577464788732,0.1705989110707804,0.29117191533298914,0.0,0.0,0.0,0.8681318681318682,0.05067350865939705,0.09575757575757576,0.0,0.0,0.0
2,TfidfVectorizer,SVC,"{'estimator__C': 1, 'estimator__kernel': 'sigmoid'}",0.5563944530046225,1.0065261999843642,1.1083843000233173,823.9296875,828.75,0.8141862489120975,0.6166776532630192,0.7018004501125281,0.0,0.0,0.0,0.9018324607329843,0.41681790683605563,0.5701282581712868,0.0,0.0,0.0,0.785063752276867,0.2764592687620269,0.4089184060721063,0.3333333333333333,0.007633587786259542,0.014925373134328358
2,TfidfVectorizer,SVC,"{'estimator__C': 10, 'estimator__kernel': 'linear'}",0.5315870570107858,1.0078183999285102,1.1527783999918029,822.12890625,828.89453125,0.7539511494252874,0.6918259723137772,0.7215537985562048,0.3701657458563536,0.209375,0.26746506986027946,0.708433734939759,0.5335753176043557,0.6086956521739131,0.0,0.0,0.0,0.6704119850187266,0.45926876202694034,0.5451084887704606,0.3617021276595745,0.1297709923664122,0.19101123595505617
2,TfidfVectorizer,SVC,"{'estimator__C': 10, 'estimator__kernel': 'rbf'}",0.5556240369799692,1.0257146999938414,1.555816600099206,822.15234375,828.859375,0.8237866200262353,0.6209624258404747,0.708137568126292,0.5789473684210527,0.034375,0.06489675516224189,0.9283216783216783,0.32123411978221417,0.47730337078651686,0.0,0.0,0.0,0.8436657681940701,0.20076972418216807,0.3243523316062176,0.5555555555555556,0.019083969465648856,0.03690036900369004
2,TfidfVectorizer,SVC,"{'estimator__C': 10, 'estimator__kernel': 'sigmoid'}",0.5020030816640986,1.0093612000346184,1.0831195000791922,824.1640625,829.05078125,0.7300930713547052,0.6980883322346737,0.7137320977253581,0.35144927536231885,0.303125,0.32550335570469796,0.6457516339869281,0.5977011494252874,0.6207979893182533,0.3333333333333333,0.011363636363636364,0.02197802197802198,0.582314881380302,0.5195638229634381,0.5491525423728814,0.22660098522167488,0.17557251908396945,0.1978494623655914
2,TfidfVectorizer,MultinomialNB,{'estimator__alpha': 0.01},0.5409861325115563,1.8142457000212744,1.2544028999982402,822.56640625,828.9140625,0.7946319642130948,0.6440342781806196,0.7114509375568906,0.4117647058823529,0.175,0.24561403508771928,0.6961926961926962,0.5420447670901392,0.6095238095238096,0.25,0.011363636363636364,0.021739130434782608,0.6444444444444445,0.4278383579217447,0.5142636854279106,0.26744186046511625,0.08778625954198473,0.13218390804597702
2,TfidfVectorizer,MultinomialNB,{'estimator__alpha': 0.1},0.5542372881355933,1.8309288000455126,1.229932100046426,822.51953125,829.2265625,0.7826714801444044,0.7145682267633487,0.7470709855272226,0.625,0.015625,0.03048780487804878,0.7736699729486023,0.5190562613430127,0.6212889210716872,0.0,0.0,0.0,0.70875,0.3636946760744067,0.4807121661721068,0.42857142857142855,0.022900763358778626,0.043478260869565216
2,TfidfVectorizer,MultinomialNB,{'estimator__alpha': 1.0},0.5389830508474577,1.8074377999873832,1.2423123000189662,822.51953125,828.859375,0.8574153552694326,0.5926170072511536,0.7008380432664199,0.0,0.0,0.0,0.9955555555555555,0.1355111917725348,0.23855165069222578,0.0,0.0,0.0,0.8947368421052632,0.010904425914047467,0.021546261089987327,0.0,0.0,0.0
2,TfidfVectorizer,LogisticRegression,"{'estimator__C': 0.1, 'estimator__penalty': 'l2'}",0.5047765793528506,1.8776752999983728,1.2376150999916717,823.3828125,829.4921875,1.0,0.05702043506921556,0.10788899282818834,0.0,0.0,0.0,0.0,0.0,0.0,0.0,0.0,0.0,0.0,0.0,0.0,0.0,0.0,0.0
2,TfidfVectorizer,LogisticRegression,"{'estimator__C': 1, 'estimator__penalty': 'l2'}",0.5395993836671803,1.4334940999979153,1.2282115999842063,823.38671875,829.12890625,0.8833883388338833,0.5293342122610415,0.6619950535861501,0.0,0.0,0.0,1.0,0.13490623109497882,0.23773987206823027,0.0,0.0,0.0,0.8301886792452831,0.028223220012828735,0.05459057071960298,0.0,0.0,0.0
2,TfidfVectorizer,LogisticRegression,"{'estimator__C': 10, 'estimator__penalty': 'l2'}",0.5574730354391372,0.9826157999923453,1.2215491000097245,823.38671875,829.5,0.7952941176470588,0.6684245220830587,0.7263610315186246,0.59375,0.059375,0.10795454545454546,0.8867438867438867,0.41681790683605563,0.5670781893004115,0.0,0.0,0.0,0.8143939393939394,0.2758178319435536,0.4120747484427408,1.0,0.003816793893129771,0.0076045627376425855
2,TfidfVectorizer,KNeighbors,"{'n_neighbors': 3, 'algorithm': 'ball_tree'}",0.48166409861325116,1.7984233000315726,1.3067395000252873,822.78515625,854.98046875,0.6934372190590351,0.7626895187870798,0.7264165751059488,0.3096446700507614,0.190625,0.23597678916827852,0.6020350480497456,0.6442831215970962,0.6224430157802455,0.0,0.0,0.0,0.5140350877192983,0.5638229634381013,0.5377791373508718,0.15306122448979592,0.1717557251908397,0.1618705035971223
2,TfidfVectorizer,KNeighbors,"{'n_neighbors': 3, 'algorithm': 'kd_tree'}",0.48166409861325116,1.8135724999010563,1.2927385999355465,822.78515625,856.97265625,0.6934372190590351,0.7626895187870798,0.7264165751059488,0.3096446700507614,0.190625,0.23597678916827852,0.6020350480497456,0.6442831215970962,0.6224430157802455,0.0,0.0,0.0,0.5140350877192983,0.5638229634381013,0.5377791373508718,0.15306122448979592,0.1717557251908397,0.1618705035971223
2,TfidfVectorizer,KNeighbors,"{'n_neighbors': 3, 'algorithm': 'brute'}",0.48166409861325116,1.8084626999916509,1.2893844000063837,822.78515625,854.25,0.6934372190590351,0.7626895187870798,0.7264165751059488,0.3096446700507614,0.190625,0.23597678916827852,0.6020350480497456,0.6442831215970962,0.6224430157802455,0.0,0.0,0.0,0.5140350877192983,0.5638229634381013,0.5377791373508718,0.15306122448979592,0.1717557251908397,0.1618705035971223
2,TfidfVectorizer,KNeighbors,"{'n_neighbors': 5, 'algorithm': 'ball_tree'}",0.5061633281972265,1.8111438000341877,1.3004402000224218,822.78515625,856.421875,0.7086687306501548,0.7544495715227423,0.7308429118773946,0.4095238095238095,0.134375,0.2023529411764706,0.6467977171845276,0.617059891107078,0.631578947368421,0.0,0.0,0.0,0.5583011583011583,0.463758819756254,0.5066573230553609,0.08673469387755102,0.0648854961832061,0.07423580786026202
2,TfidfVectorizer,KNeighbors,"{'n_neighbors': 5, 'algorithm': 'kd_tree'}",0.5061633281972265,1.8128797999816015,1.3000908999238163,822.78515625,857.50390625,0.7086687306501548,0.7544495715227423,0.7308429118773946,0.4095238095238095,0.134375,0.2023529411764706,0.6467977171845276,0.617059891107078,0.631578947368421,0.0,0.0,0.0,0.5583011583011583,0.463758819756254,0.5066573230553609,0.08673469387755102,0.0648854961832061,0.07423580786026202
2,TfidfVectorizer,KNeighbors,"{'n_neighbors': 5, 'algorithm': 'brute'}",0.5061633281972265,1.8122239999938756,1.299853099975735,822.76953125,846.74609375,0.7086687306501548,0.7544495715227423,0.7308429118773946,0.4095238095238095,0.134375,0.2023529411764706,0.6467977171845276,0.617059891107078,0.631578947368421,0.0,0.0,0.0,0.5583011583011583,0.463758819756254,0.5066573230553609,0.08673469387755102,0.0648854961832061,0.07423580786026202
2,TfidfVectorizer,KNeighbors,"{'n_neighbors': 7, 'algorithm': 'ball_tree'}",0.5077041602465331,1.814702000003308,1.3206865000538528,822.76953125,850.359375,0.711580940359735,0.7432432432432432,0.7270675479606642,0.4,0.08125,0.13506493506493505,0.6767605633802817,0.5813672111312764,0.6254474454930036,0.0,0.0,0.0,0.587274290627687,0.4381013470173188,0.5018368846436444,0.07377049180327869,0.03435114503816794,0.046875
2,TfidfVectorizer,KNeighbors,"{'n_neighbors': 7, 'algorithm': 'kd_tree'}",0.5077041602465331,1.8445495999185368,1.3214301000116393,822.76953125,858.17578125,0.711580940359735,0.7432432432432432,0.7270675479606642,0.4,0.08125,0.13506493506493505,0.6767605633802817,0.5813672111312764,0.6254474454930036,0.0,0.0,0.0,0.587274290627687,0.4381013470173188,0.5018368846436444,0.07377049180327869,0.03435114503816794,0.046875
2,TfidfVectorizer,KNeighbors,"{'n_neighbors': 7, 'algorithm': 'brute'}",0.5077041602465331,1.8225590999936685,1.295173899969086,822.76953125,857.1171875,0.711580940359735,0.7432432432432432,0.7270675479606642,0.4,0.08125,0.13506493506493505,0.6767605633802817,0.5813672111312764,0.6254474454930036,0.0,0.0,0.0,0.587274290627687,0.4381013470173188,0.5018368846436444,0.07377049180327869,0.03435114503816794,0.046875
2,TfidfVectorizer,DecisionTree,"{'criterion': 'gini', 'max_features': 'sqrt'}",0.36147919876733436,1.8118368999566883,1.2332464000210166,822.76953125,829.79296875,0.6001109262340544,0.7132498352010547,0.6518072289156627,0.20411985018726592,0.340625,0.25526932084309134,0.35091083413231067,0.6642468239564429,0.4592220828105395,0.0,0.0,0.0,0.3166445623342175,0.6125721616420783,0.4174863387978142,0.11275415896487985,0.23282442748091603,0.1519302615193026
2,TfidfVectorizer,DecisionTree,"{'criterion': 'gini', 'max_features': 'log2'}",0.4218798151001541,1.803265399998054,1.227591299917549,822.76953125,829.80078125,0.6137211036539896,0.5425181278839816,0.57592722183345,0.15412186379928317,0.134375,0.14357262103505844,0.5123251165889408,0.4652147610405324,0.48763474952441344,0.28205128205128205,0.125,0.1732283464566929,0.36482084690553745,0.359204618345093,0.36199095022624433,0.1893491124260355,0.12213740458015267,0.14849187935034802
2,TfidfVectorizer,DecisionTree,"{'criterion': 'gini', 'max_features': None}",0.4001540832049307,1.0076594999991357,1.224576700013131,822.7734375,829.81640625,0.5988239137536753,0.6041529334212261,0.6014766201804758,0.2391304347826087,0.171875,0.2,0.428204029147021,0.604355716878403,0.5012543903662819,0.23529411764705882,0.045454545454545456,0.0761904761904762,0.33756717147044457,0.44323284156510584,0.38325013865779256,0.038860103626943004,0.1717557251908397,0.06338028169014084
2,TfidfVectorizer,DecisionTree,"{'criterion': 'entropy', 'max_features': 'sqrt'}",0.4670261941448382,1.8116989999543875,1.2281482999678701,822.7890625,829.81640625,0.6773049645390071,0.5036255767963085,0.5776937618147449,0.24494949494949494,0.303125,0.2709497206703911,0.5091441111923921,0.42105263157894735,0.4609271523178808,0.1111111111111111,0.011363636363636364,0.020618556701030927,0.4965675057208238,0.41757536882617063,0.45365853658536587,0.14074074074074075,0.1450381679389313,0.14285714285714285
2,TfidfVectorizer,DecisionTree,"{'criterion': 'entropy', 'max_features': 'log2'}",0.3366718027734977,1.820468800025992,1.230479900026694,822.79296875,829.8203125,0.5801704105344694,0.7406064601186553,0.6506442739250036,0.175,0.153125,0.16333333333333333,0.37142857142857144,0.7078039927404719,0.4871955028107433,0.0,0.0,0.0,0.45263157894736844,0.2482360487491982,0.32062966031483014,0.1686746987951807,0.05343511450381679,0.08115942028985507
2,TfidfVectorizer,DecisionTree,"{'criterion': 'entropy', 'max_features': None}",0.37796610169491524,1.0437057999661192,1.2231981999939308,822.79296875,829.8203125,0.5615606012152222,0.5787738958470666,0.5700373316020126,0.2198952879581152,0.13125,0.1643835616438356,0.42338352524357836,0.5783424077434967,0.4888775249296855,0.3333333333333333,0.045454545454545456,0.08,0.3297350343473994,0.4310455420141116,0.37364470391993326,0.02106149957877001,0.09541984732824428,0.03450655624568668
2,TfidfVectorizer,DecisionTree,"{'criterion': 'log_loss', 'max_features': 'sqrt'}",0.4670261941448382,1.812595000024885,1.234010300016962,822.79296875,829.8203125,0.6773049645390071,0.5036255767963085,0.5776937618147449,0.24494949494949494,0.303125,0.2709497206703911,0.5091441111923921,0.42105263157894735,0.4609271523178808,0.1111111111111111,0.011363636363636364,0.020618556701030927,0.4965675057208238,0.41757536882617063,0.45365853658536587,0.14074074074074075,0.1450381679389313,0.14285714285714285
2,TfidfVectorizer,DecisionTree,"{'criterion': 'log_loss', 'max_features': 'log2'}",0.3366718027734977,1.8099502000259236,1.2336515999631956,822.79296875,829.8203125,0.5801704105344694,0.7406064601186553,0.6506442739250036,0.175,0.153125,0.16333333333333333,0.37142857142857144,0.7078039927404719,0.4871955028107433,0.0,0.0,0.0,0.45263157894736844,0.2482360487491982,0.32062966031483014,0.1686746987951807,0.05343511450381679,0.08115942028985507
2,TfidfVectorizer,DecisionTree,"{'criterion': 'log_loss', 'max_features': None}",0.37796610169491524,1.0515534000005573,1.2224019999848679,822.79296875,829.8203125,0.5615606012152222,0.5787738958470666,0.5700373316020126,0.2198952879581152,0.13125,0.1643835616438356,0.42338352524357836,0.5783424077434967,0.4888775249296855,0.3333333333333333,0.045454545454545456,0.08,0.3297350343473994,0.4310455420141116,0.37364470391993326,0.02106149957877001,0.09541984732824428,0.03450655624568668
2,TfidfVectorizer,GradientBoosting,"{'estimator__n_estimators': 100, 'estimator__criterion': 'friedman_mse'}",0.3907550077041603,2.032711600069888,1.2830429000314325,829.8203125,830.04296875,0.6661360923199363,0.5517468688200395,0.6035694970254192,0.2153846153846154,0.175,0.19310344827586207,0.4247234247234247,0.5341802782819117,0.4732047159699893,0.0,0.0,0.0,0.3103448275862069,0.40987812700449006,0.35323383084577115,0.04246100519930676,0.18702290076335878,0.0692090395480226
2,TfidfVectorizer,GradientBoosting,"{'estimator__n_estimators': 100, 'estimator__criterion': 'squared_error'}",0.3930662557781202,2.0162511999951676,1.2881981000537053,830.04296875,830.22265625,0.6737012987012987,0.5471324983520105,0.6038559476173154,0.24064171122994651,0.140625,0.17751479289940827,0.4239653512993263,0.5329703569267997,0.472259447869204,0.1,0.011363636363636364,0.02040816326530612,0.3107177974434612,0.4053880692751764,0.3517951572502087,0.04035087719298246,0.17557251908396945,0.06562054208273894
2,TfidfVectorizer,GradientBoosting,"{'estimator__n_estimators': 150, 'estimator__criterion': 'friedman_mse'}",0.39152542372881355,2.7135613000718877,0.7041476999875158,830.22265625,830.09765625,0.662758890191481,0.5589980224126566,0.6064723761845163,0.2594752186588921,0.278125,0.2684766214177979,0.4231689803733844,0.5347852389594676,0.47247461250668094,0.0,0.0,0.0,0.3099613152804642,0.4111610006414368,0.3534601599117728,0.040421792618629174,0.17557251908396945,0.06571428571428571
2,TfidfVectorizer,GradientBoosting,"{'estimator__n_estimators': 150, 'estimator__criterion': 'squared_error'}",0.3913713405238829,2.7100930999731645,1.3097266999538988,830.12109375,830.52734375,0.6728295819935691,0.5517468688200395,0.6063020644693952,0.22844827586206898,0.165625,0.19202898550724637,0.4181217555450684,0.5359951603145795,0.46977730646871685,0.0,0.0,0.0,0.30959302325581395,0.40987812700449006,0.3527463428098261,0.040421792618629174,0.17557251908396945,0.06571428571428571
2,TfidfVectorizer,GradientBoosting,"{'estimator__n_estimators': 200, 'estimator__criterion': 'friedman_mse'}",0.3895223420647149,3.427540299948305,1.3427341000642627,830.52734375,830.64453125,0.66796875,0.5636123928806855,0.61136932427601,0.2178988326848249,0.175,0.19410745233968804,0.4161105815061964,0.5281306715063521,0.46547587310050653,0.0,0.0,0.0,0.3081395348837209,0.4079538165490699,0.35109025669334804,0.040421792618629174,0.17557251908396945,0.06571428571428571
2,TfidfVectorizer,GradientBoosting,"{'estimator__n_estimators': 200, 'estimator__criterion': 'squared_error'}",0.3869029275808937,3.3731248000403866,1.3324005999602377,830.64453125,830.703125,0.6559058108621344,0.569215557020435,0.6094935592023999,0.234375,0.1875,0.20833333333333334,0.41374474053295934,0.5353901996370236,0.46677215189873417,0.0,0.0,0.0,0.30999517141477545,0.4118024374599102,0.3537190082644628,0.04017467248908297,0.17557251908396945,0.06538734896943853
2,TfidfVectorizer,AdaBoost,"{'estimator__n_estimators': 50, 'estimator__learning_rate': 0.01}",0.41448382126348227,1.033878399990499,0.8081945000449196,830.703125,830.50390625,0.9712643678160919,0.27851021753460775,0.4328893442622951,0.45454545454545453,0.078125,0.13333333333333333,0.40468583599574015,0.45977011494252873,0.43047295383743983,0.0,0.0,0.0,0.7074829931972789,0.2668377164849262,0.38751746623195155,0.022658610271903322,0.05725190839694656,0.032467532467532464
2,TfidfVectorizer,AdaBoost,"{'estimator__n_estimators': 50, 'estimator__learning_rate': 0.1}",0.4024653312788906,1.027897199965082,0.7979716000845656,830.53125,830.65625,0.6272912423625254,0.5075807514831905,0.561122244488978,0.43119266055045874,0.146875,0.2191142191142191,0.4587251828631139,0.5311554748941318,0.49229044014578077,0.0,0.0,0.0,0.33,0.38101347017318793,0.3536766894909199,0.024963289280469897,0.0648854961832061,0.036055143160127257
2,TfidfVectorizer,AdaBoost,"{'estimator__n_estimators': 50, 'estimator__learning_rate': 1.0}",0.31047765793528503,1.0302071999758482,0.7924956999486312,830.6796875,830.62109375,0.5724907063197026,0.8628872775214239,0.6883133955567241,0.3065326633165829,0.190625,0.2350674373795761,0.41811091854419413,0.5837870538415003,0.487250694269124,0.0,0.0,0.0,0.32884615384615384,0.4387427838357922,0.3759274525968673,0.058900523560209424,0.1717557251908397,0.08771929824561403
2,TfidfVectorizer,AdaBoost,"{'estimator__n_estimators': 100, 'estimator__learning_rate': 0.01}",0.4184899845916795,1.5870885000331327,0.9734809999354184,830.79296875,830.8046875,0.6682692307692307,0.36651285431773234,0.4733929331630481,0.45454545454545453,0.078125,0.13333333333333333,0.4088486140724947,0.46400483968542044,0.4346840464720884,0.0,0.0,0.0,0.710801393728223,0.2617062219371392,0.38255977496483823,0.017241379310344827,0.003816793893129771,0.00625
2,TfidfVectorizer,AdaBoost,"{'estimator__n_estimators': 100, 'estimator__learning_rate': 0.1}",0.39244992295839753,1.5951658999547362,0.9748684999067336,830.8046875,831.10546875,0.6566828903032572,0.5781147000659196,0.6148992112182297,0.3873239436619718,0.171875,0.23809523809523808,0.43245693563009974,0.5771324863883848,0.4944286084477844,0.0,0.0,0.0,0.3588957055214724,0.450288646568313,0.3994310099573257,0.056833558863328824,0.16030534351145037,0.08391608391608392
2,TfidfVectorizer,AdaBoost,"{'estimator__n_estimators': 100, 'estimator__learning_rate': 1.0}",0.32619414483821263,1.5983375000068918,0.9727920000441372,831.1015625,831.12109375,0.6143003587903639,0.7900461437046803,0.6911764705882353,0.2901023890784983,0.265625,0.27732463295269166,0.45269631031220436,0.5789473684210527,0.5080966286169366,0.0,0.0,0.0,0.35027133695115936,0.4554201411161001,0.39598438371444505,0.06266666666666666,0.17938931297709923,0.09288537549407115
2,TfidfVectorizer,AdaBoost,"{'estimator__n_estimators': 150, 'estimator__learning_rate': 0.01}",0.42742681047765796,2.1569721000269055,1.1514447999652475,831.12109375,831.3984375,0.6065495965828192,0.42122610415293343,0.49717953705504764,0.43548387096774194,0.084375,0.14136125654450263,0.4232922732362822,0.4573502722323049,0.43966269264321023,0.0,0.0,0.0,0.367737003058104,0.30853110968569597,0.33554237879316356,0.014084507042253521,0.003816793893129771,0.006006006006006006
2,TfidfVectorizer,AdaBoost,"{'estimator__n_estimators': 150, 'estimator__learning_rate': 0.1}",0.3913713405238829,2.149212000076659,1.152633300051093,831.39453125,831.69140625,0.6239669421487604,0.6470006591957811,0.6352750809061488,0.36363636363636365,0.25,0.2962962962962963,0.4145408163265306,0.5898366606170599,0.4868913857677903,0.0,0.0,0.0,0.3154218162278345,0.3765234124438743,0.34327485380116957,0.05665349143610013,0.16412213740458015,0.0842311459353575
2,TfidfVectorizer,AdaBoost,"{'estimator__n_estimators': 150, 'estimator__learning_rate': 1.0}",0.32095531587057013,2.14703550003469,1.15420020010788,831.69140625,831.765625,0.6066438175586607,0.7584047462096243,0.6740881792881207,0.28125,0.253125,0.26644736842105265,0.44364937388193204,0.6001209921355112,0.5101568526613526,0.0,0.0,0.0,0.3564516129032258,0.4252726106478512,0.38783269961977185,0.064,0.183206106870229,0.09486166007905138
2,TfidfVectorizer,SGD,"{'estimator__alpha': 0.0001, 'estimator__penalty': 'l2'}",0.5244992295839753,1.8432909999974072,1.2373422000091523,825.3125,831.6796875,0.7690504103165299,0.6486486486486487,0.703736813874486,0.3333333333333333,0.253125,0.2877442273534636,0.7093479968578161,0.5462794918330308,0.6172248803827751,0.375,0.06818181818181818,0.11538461538461539,0.6242208370436332,0.4496472097498396,0.522744220730798,0.2028301886792453,0.16412213740458015,0.18143459915611815
2,TfidfVectorizer,SGD,"{'estimator__alpha': 0.0001, 'estimator__penalty': 'l1'}",0.4812018489984592,1.8278028999920934,1.2264733000192791,825.3203125,831.6875,0.708992926911418,0.6938035596572182,0.7013160086623355,0.32916666666666666,0.246875,0.28214285714285714,0.6321493076459964,0.6352087114337568,0.6336753168376584,0.38461538461538464,0.056818181818181816,0.09900990099009901,0.557909604519774,0.5067350865939705,0.5310924369747899,0.11253196930946291,0.16793893129770993,0.13476263399693722
2,TfidfVectorizer,SGD,"{'estimator__alpha': 0.0001, 'estimator__penalty': 'elasticnet'}",0.5274268104776579,1.8221607999876142,1.2349627000512555,825.3203125,831.6875,0.7672955974842768,0.6835860250494397,0.723025971762245,0.3356164383561644,0.153125,0.21030042918454936,0.725920125293657,0.5607985480943739,0.6327645051194539,0.1111111111111111,0.011363636363636364,0.020618556701030927,0.6470588235294118,0.4021808851828095,0.49604430379746833,0.23333333333333334,0.16030534351145037,0.19004524886877827
2,TfidfVectorizer,SGD,"{'estimator__alpha': 0.001, 'estimator__penalty': 'l2'}",0.5342064714946071,1.8105853999732062,1.230998200015165,825.3203125,831.6875,0.754367201426025,0.6974291364535267,0.7247816406918993,0.41044776119402987,0.171875,0.2422907488986784,0.7177814029363785,0.5323653962492438,0.611323376172282,0.0,0.0,0.0,0.6786427145708582,0.43617703656189866,0.5310425614994143,0.36666666666666664,0.12595419847328243,0.1875
2,TfidfVectorizer,SGD,"{'estimator__alpha': 0.001, 'estimator__penalty': 'l1'}",0.43682588597842836,1.8350560999242589,1.22923759999685,825.3203125,831.6875,0.6561264822134387,0.6018457481872116,0.6278150249269383,0.34911242603550297,0.184375,0.24130879345603273,0.5086912065439673,0.6019358741681791,0.5513992795788307,0.0,0.0,0.0,0.391350774159103,0.47017318794098784,0.42715617715617715,0.08348794063079777,0.1717557251908397,0.11235955056179775
2,TfidfVectorizer,SGD,"{'estimator__alpha': 0.001, 'estimator__penalty': 'elasticnet'}",0.5235747303543914,1.8252984000137076,1.229239400010556,825.3203125,831.6875,0.74872355944566,0.6766644693473962,0.7108725761772853,0.41208791208791207,0.234375,0.29880478087649404,0.6899529042386185,0.5317604355716878,0.6006149641270926,0.0,0.0,0.0,0.640074211502783,0.44259140474663244,0.5233219567690558,0.27419354838709675,0.1297709923664122,0.17616580310880828
2,TfidfVectorizer,SGD,"{'estimator__alpha': 0.01, 'estimator__penalty': 'l2'}",0.5209553158705701,1.831175799947232,1.2287145999725908,825.32421875,831.69140625,0.9697950377562028,0.2963085036255768,0.45392577631911135,0.0,0.0,0.0,1.0,0.1675741076830006,0.28704663212435233,0.0,0.0,0.0,0.8205128205128205,0.02052597819114817,0.04005006257822278,0.0,0.0,0.0
2,TfidfVectorizer,SGD,"{'estimator__alpha': 0.01, 'estimator__penalty': 'l1'}",0.5163328197226502,1.8296015000669286,1.228608899982646,825.32421875,831.69140625,1.0,0.15359261700725116,0.2662857142857143,0.0,0.0,0.0,0.9863945578231292,0.17543859649122806,0.2978941961992809,0.0,0.0,0.0,0.0,0.0,0.0,0.0,0.0,0.0
2,TfidfVectorizer,SGD,"{'estimator__alpha': 0.01, 'estimator__penalty': 'elasticnet'}",0.5129429892141757,1.8085597000317648,1.2270960999885574,825.32421875,831.69140625,0.9859943977591037,0.23203691496374423,0.37566702241195304,0.0,0.0,0.0,1.0,0.10223835450695705,0.18551042810098792,0.0,0.0,0.0,0.0,0.0,0.0,0.0,0.0,0.0
2,CountVectorizer,RandomForest,"{'n_estimators': 50, 'criterion': 'gini'}",0.5432973805855161,1.1299845000030473,1.3296585000352934,825.484375,831.09375,0.8089430894308943,0.5247198417930126,0.6365453818472611,0.6666666666666666,0.025,0.04819277108433735,0.8985115020297699,0.4016938898971567,0.5551839464882943,0.0,0.0,0.0,0.7119645494830132,0.30917254650416937,0.43112701252236135,1.0,0.007633587786259542,0.015151515151515152
2,CountVectorizer,RandomForest,"{'n_estimators': 50, 'criterion': 'entropy'}",0.5400616332819723,1.1442929999902844,1.3194944999413565,824.0546875,830.546875,0.7898686679174484,0.5550428477257745,0.6519550909794812,0.5714285714285714,0.025,0.04790419161676647,0.9025270758122743,0.4537205081669691,0.6038647342995169,0.0,0.0,0.0,0.7218649517684887,0.28800513149454776,0.41173773498395233,1.0,0.007633587786259542,0.015151515151515152
2,CountVectorizer,RandomForest,"{'n_estimators': 50, 'criterion': 'log_loss'}",0.5400616332819723,1.1376003000186756,1.3206743999617174,824.08203125,830.8125,0.7898686679174484,0.5550428477257745,0.6519550909794812,0.5714285714285714,0.025,0.04790419161676647,0.9025270758122743,0.4537205081669691,0.6038647342995169,0.0,0.0,0.0,0.7218649517684887,0.28800513149454776,0.41173773498395233,1.0,0.007633587786259542,0.015151515151515152
2,CountVectorizer,RandomForest,"{'n_estimators': 100, 'criterion': 'gini'}",0.5525423728813559,1.3069430000614375,0.7137158000841737,824.24609375,830.66796875,0.8480868075385494,0.489452867501648,0.6206896551724138,0.6153846153846154,0.025,0.04804804804804805,0.9163179916317992,0.397459165154265,0.5544303797468354,0.0,0.0,0.0,0.7163009404388715,0.2931366260423348,0.4160218479745107,1.0,0.007633587786259542,0.015151515151515152
2,CountVectorizer,RandomForest,"{'n_estimators': 100, 'criterion': 'entropy'}",0.5449922958397535,0.6785430000163615,0.7124844000209123,830.8359375,830.92578125,0.7952187640956248,0.581081081081081,0.6714911445438964,0.6153846153846154,0.025,0.04804804804804805,0.9103362391033624,0.4422262552934059,0.5952768729641694,0.0,0.0,0.0,0.7455716586151369,0.29698524695317513,0.42477064220183486,1.0,0.011450381679389313,0.022641509433962263
2,CountVectorizer,RandomForest,"{'n_estimators': 100, 'criterion': 'log_loss'}",0.5449922958397535,0.6736846000421792,0.7113281999481842,830.9296875,830.9296875,0.7952187640956248,0.581081081081081,0.6714911445438964,0.6153846153846154,0.025,0.04804804804804805,0.9103362391033624,0.4422262552934059,0.5952768729641694,0.0,0.0,0.0,0.7455716586151369,0.29698524695317513,0.42477064220183486,1.0,0.011450381679389313,0.022641509433962263
2,CountVectorizer,RandomForest,"{'n_estimators': 150, 'criterion': 'gini'}",0.5548536209553159,0.7521713000023738,0.77250710001681,831.109375,832.34765625,0.8480043739748496,0.511206328279499,0.6378778531770513,0.5454545454545454,0.01875,0.03625377643504532,0.9132124352331606,0.426497277676951,0.5814432989690722,0.0,0.0,0.0,0.723338485316847,0.300192431045542,0.4242973708068903,1.0,0.007633587786259542,0.015151515151515152
2,CountVectorizer,RandomForest,"{'n_estimators': 150, 'criterion': 'entropy'}",0.5574730354391372,0.785221700090915,0.7598652000306174,832.34375,832.01171875,0.8140681003584229,0.5988793671720501,0.6900873528294721,0.6153846153846154,0.025,0.04804804804804805,0.927741935483871,0.43496672716273443,0.5922570016474464,0.0,0.0,0.0,0.749185667752443,0.29506093649775494,0.4233778186838472,1.0,0.011450381679389313,0.022641509433962263
2,CountVectorizer,RandomForest,"{'n_estimators': 150, 'criterion': 'log_loss'}",0.5574730354391372,0.7814976000227034,0.7646918999962509,832.109375,832.14453125,0.8140681003584229,0.5988793671720501,0.6900873528294721,0.6153846153846154,0.025,0.04804804804804805,0.927741935483871,0.43496672716273443,0.5922570016474464,0.0,0.0,0.0,0.749185667752443,0.29506093649775494,0.4233778186838472,1.0,0.011450381679389313,0.022641509433962263
2,CountVectorizer,SVC,"{'estimator__C': 0.1, 'estimator__kernel': 'linear'}",0.44175654853620955,1.0005247000372037,1.0244353000307456,832.1875,832.3359375,0.6530767282856419,0.8500329597890574,0.7386510095947301,0.5957446808510638,0.0875,0.15258855585831063,0.6634980988593155,0.4222625529340593,0.5160813308687615,0.0,0.0,0.0,0.45,0.20782552918537525,0.2843352347520842,0.08484848484848485,0.05343511450381679,0.06557377049180328
2,CountVectorizer,SVC,"{'estimator__C': 0.1, 'estimator__kernel': 'rbf'}",0.5047765793528506,0.9892155000707135,1.1319922000402585,826.1328125,831.95703125,0.0,0.0,0.0,0.0,0.0,0.0,0.0,0.0,0.0,0.0,0.0,0.0,0.0,0.0,0.0,0.0,0.0,0.0
2,CountVectorizer,SVC,"{'estimator__C': 0.1, 'estimator__kernel': 'sigmoid'}",0.5047765793528506,1.4437284999294207,0.99088950001169,826.125,831.6484375,0.0,0.0,0.0,0.0,0.0,0.0,0.0,0.0,0.0,0.0,0.0,0.0,0.0,0.0,0.0,0.0,0.0,0.0
2,CountVectorizer,SVC,"{'estimator__C': 1, 'estimator__kernel': 'linear'}",0.4494607087827427,1.021832300000824,0.9800481999991462,825.8125,832.05078125,0.6705202312138728,0.8029004614370469,0.7307634618269087,0.373015873015873,0.29375,0.32867132867132864,0.6226415094339622,0.558983666061706,0.5890978642014664,0.0,0.0,0.0,0.5301379811183733,0.46824887748556765,0.49727520435967304,0.12526997840172785,0.22137404580152673,0.16
2,CountVectorizer,SVC,"{'estimator__C': 1, 'estimator__kernel': 'rbf'}",0.5046224961479199,0.9918214998906478,1.1961157999467105,826.2265625,832.1015625,0.0,0.0,0.0,0.0,0.0,0.0,0.7333333333333333,0.019963702359346643,0.038869257950530034,0.0,0.0,0.0,0.0,0.0,0.0,0.0,0.0,0.0
2,CountVectorizer,SVC,"{'estimator__C': 1, 'estimator__kernel': 'sigmoid'}",0.5047765793528506,1.4594837999902666,1.0423064000206068,826.44140625,830.48046875,1.0,0.004614370468029005,0.009186351706036745,0.0,0.0,0.0,0.9375,0.009074410163339383,0.017974835230677052,0.0,0.0,0.0,1.0,0.004490057729313663,0.008939974457215836,0.5,0.003816793893129771,0.007575757575757576
2,CountVectorizer,SVC,"{'estimator__C': 10, 'estimator__kernel': 'linear'}",0.4431432973805855,1.007009399938397,0.969762200023979,825.8828125,832.1953125,0.6673050615595075,0.8038892551087673,0.72925698908656,0.350210970464135,0.259375,0.2980251346499102,0.62525320729237,0.5601935874168179,0.5909380982769623,0.0,0.0,0.0,0.48534201954397393,0.47787042976266836,0.48157724628312865,0.12951167728237792,0.23282442748091603,0.1664392905866303
2,CountVectorizer,SVC,"{'estimator__C': 10, 'estimator__kernel': 'rbf'}",0.35993836671802776,0.9932267999975011,1.2068061999743804,826.1015625,832.23046875,0.5733473242392445,0.9004614370468029,0.7006026413642775,1.0,0.003125,0.006230529595015576,0.7276995305164319,0.09376890502117362,0.16613076098606644,0.0,0.0,0.0,0.4888888888888889,0.014111610006414367,0.02743142144638404,0.0,0.0,0.0
2,CountVectorizer,SVC,"{'estimator__C': 10, 'estimator__kernel': 'sigmoid'}",0.5144838212634822,0.9996524000307545,1.0530195999890566,826.45703125,832.28515625,0.8193325661680092,0.4693473961766645,0.5968147527242247,0.875,0.04375,0.08333333333333333,0.74,0.04476709013914096,0.08442669709070165,0.0,0.0,0.0,0.5526315789473685,0.013470173187940988,0.026299311208515967,0.3,0.011450381679389313,0.022058823529411766
2,CountVectorizer,MultinomialNB,{'estimator__alpha': 0.01},0.524191063174114,1.8551996999885887,1.2312060999684036,826.5859375,832.59765625,0.8235294117647058,0.5306526038233356,0.6454199238324313,0.37669376693766937,0.434375,0.4034833091436865,0.7173717371737174,0.4821536600120992,0.5767004341534009,0.10204081632653061,0.056818181818181816,0.072992700729927,0.6191369606003753,0.423348300192431,0.5028571428571429,0.2436548223350254,0.183206106870229,0.20915032679738563
2,CountVectorizer,MultinomialNB,{'estimator__alpha': 0.1},0.5201848998459168,1.8053206999320537,1.2218639000784606,826.93359375,832.703125,0.8113462404322377,0.5939353988134476,0.6858230256898192,0.36982968369829683,0.475,0.4158686730506156,0.7146263910969793,0.543859649122807,0.6176571624871179,0.02564102564102564,0.011363636363636364,0.015748031496062992,0.6007434944237918,0.5182809493264914,0.5564738292011019,0.21646341463414634,0.27099236641221375,0.24067796610169492
2,CountVectorizer,MultinomialNB,{'estimator__alpha': 1.0},0.5437596302003082,1.8304679000284523,1.230935400002636,826.65234375,832.76953125,0.8156917363045497,0.57910349373764,0.6773323053199691,0.5161290322580645,0.15,0.2324455205811138,0.7576020851433536,0.5275257108287962,0.6219686162624821,0.0,0.0,0.0,0.6276978417266187,0.4477228992944195,0.5226506926244852,0.25,0.07633587786259542,0.11695906432748537
2,CountVectorizer,LogisticRegression,"{'estimator__C': 0.1, 'estimator__penalty': 'l2'}",0.4728813559322034,0.9853770000627264,1.2284200999420136,827.16796875,832.82421875,0.6817554512834667,0.8141067897165458,0.7420760102148115,0.7916666666666666,0.059375,0.11046511627906977,0.8544891640866873,0.16696914700544466,0.2793522267206478,0.0,0.0,0.0,0.75,0.0654265554842848,0.12035398230088495,0.2857142857142857,0.015267175572519083,0.028985507246376812
2,CountVectorizer,LogisticRegression,"{'estimator__C': 1, 'estimator__penalty': 'l2'}",0.49352850539291215,0.9929515999974683,1.2203564000083134,827.18359375,832.8359375,0.6888454011741683,0.8121292023731048,0.7454242928452579,0.5517241379310345,0.15,0.23587223587223588,0.7793030623020063,0.44646098003629764,0.5676923076923077,0.07142857142857142,0.011363636363636364,0.0196078431372549,0.6363636363636364,0.2783835792174471,0.38732708612226685,0.1518987341772152,0.04580152671755725,0.07038123167155426
2,CountVectorizer,LogisticRegression,"{'estimator__C': 10, 'estimator__penalty': 'l2'}",0.4879815100154083,0.9912165000569075,1.2271506000543013,827.19921875,832.70703125,0.6888013505908835,0.8068556361239289,0.7431693989071039,0.46405228758169936,0.221875,0.30021141649048627,0.7114261884904087,0.5160314579552329,0.5981767180925667,0.0625,0.011363636363636364,0.019230769230769232,0.5939629990262901,0.39127645926876203,0.4717710750193349,0.15083798882681565,0.10305343511450382,0.12244897959183673
2,CountVectorizer,KNeighbors,"{'n_neighbors': 3, 'algorithm': 'ball_tree'}",0.28197226502311246,1.7976784000638872,1.4481123000150546,826.51953125,836.11328125,0.5434738753278192,0.8879367172050099,0.6742585408584658,0.43243243243243246,0.05,0.0896358543417367,0.3252840909090909,0.8312159709618875,0.4675855028075549,0.0,0.0,0.0,0.5359195402298851,0.47851186658114175,0.5055913249745849,0.09090909090909091,0.019083969465648856,0.031545741324921134
2,CountVectorizer,KNeighbors,"{'n_neighbors': 3, 'algorithm': 'kd_tree'}",0.28197226502311246,1.8073838000418618,1.4422916999319568,826.54296875,836.11328125,0.5434738753278192,0.8879367172050099,0.6742585408584658,0.43243243243243246,0.05,0.0896358543417367,0.3252840909090909,0.8312159709618875,0.4675855028075549,0.0,0.0,0.0,0.5359195402298851,0.47851186658114175,0.5055913249745849,0.09090909090909091,0.019083969465648856,0.031545741324921134
2,CountVectorizer,KNeighbors,"{'n_neighbors': 3, 'algorithm': 'brute'}",0.28197226502311246,1.8141587000573054,1.44773090002127,826.54296875,836.11328125,0.5434738753278192,0.8879367172050099,0.6742585408584658,0.43243243243243246,0.05,0.0896358543417367,0.3252840909090909,0.8312159709618875,0.4675855028075549,0.0,0.0,0.0,0.5359195402298851,0.47851186658114175,0.5055913249745849,0.09090909090909091,0.019083969465648856,0.031545741324921134
2,CountVectorizer,KNeighbors,"{'n_neighbors': 5, 'algorithm': 'ball_tree'}",0.21078582434514637,1.839325200067833,1.4313491999637336,826.54296875,836.7109375,0.5130372235209495,0.9403427818061965,0.6638743455497382,0.4583333333333333,0.034375,0.06395348837209303,0.29667207792207795,0.8844525105868118,0.44430937547485183,0.0,0.0,0.0,0.5598935226264419,0.404746632456703,0.469843633655994,0.05555555555555555,0.003816793893129771,0.007142857142857143
2,CountVectorizer,KNeighbors,"{'n_neighbors': 5, 'algorithm': 'kd_tree'}",0.21078582434514637,1.8098329999484122,1.444838700001128,826.546875,836.7109375,0.5130372235209495,0.9403427818061965,0.6638743455497382,0.4583333333333333,0.034375,0.06395348837209303,0.29667207792207795,0.8844525105868118,0.44430937547485183,0.0,0.0,0.0,0.5598935226264419,0.404746632456703,0.469843633655994,0.05555555555555555,0.003816793893129771,0.007142857142857143
2,CountVectorizer,KNeighbors,"{'n_neighbors': 5, 'algorithm': 'brute'}",0.21078582434514637,1.823279200005345,1.4577580000041053,826.546875,836.7109375,0.5130372235209495,0.9403427818061965,0.6638743455497382,0.4583333333333333,0.034375,0.06395348837209303,0.29667207792207795,0.8844525105868118,0.44430937547485183,0.0,0.0,0.0,0.5598935226264419,0.404746632456703,0.469843633655994,0.05555555555555555,0.003816793893129771,0.007142857142857143
2,CountVectorizer,KNeighbors,"{'n_neighbors': 7, 'algorithm': 'ball_tree'}",0.18828967642526964,1.8130405999254435,1.440650500007905,826.546875,837.00390625,0.5016478751084128,0.9531970995385629,0.6573474258438459,0.7777777777777778,0.021875,0.0425531914893617,0.3067669172932331,0.8638838475499092,0.4527584020291693,0.0,0.0,0.0,0.6338862559241706,0.3431686978832585,0.44527673741156887,0.0,0.0,0.0
2,CountVectorizer,KNeighbors,"{'n_neighbors': 7, 'algorithm': 'kd_tree'}",0.18828967642526964,1.816386100021191,1.4372367999749258,826.546875,837.00390625,0.5016478751084128,0.9531970995385629,0.6573474258438459,0.7777777777777778,0.021875,0.0425531914893617,0.3067669172932331,0.8638838475499092,0.4527584020291693,0.0,0.0,0.0,0.6338862559241706,0.3431686978832585,0.44527673741156887,0.0,0.0,0.0
2,CountVectorizer,KNeighbors,"{'n_neighbors': 7, 'algorithm': 'brute'}",0.18828967642526964,1.8107092999853194,1.4337216999847442,826.546875,837.00390625,0.5016478751084128,0.9531970995385629,0.6573474258438459,0.7777777777777778,0.021875,0.0425531914893617,0.3067669172932331,0.8638838475499092,0.4527584020291693,0.0,0.0,0.0,0.6338862559241706,0.3431686978832585,0.44527673741156887,0.0,0.0,0.0
2,CountVectorizer,DecisionTree,"{'criterion': 'gini', 'max_features': 'sqrt'}",0.29614791987673345,1.8063905999297276,1.2290421999059618,826.546875,833.15234375,0.5298554368321811,0.8335530652603823,0.6478801075957474,0.3333333333333333,0.05,0.08695652173913043,0.3859721082854799,0.5692679975801573,0.4600342214617453,0.03125,0.011363636363636364,0.016666666666666666,0.28792710706150343,0.4053880692751764,0.33670751198721366,0.02680565897244974,0.13740458015267176,0.044859813084112146
2,CountVectorizer,DecisionTree,"{'criterion': 'gini', 'max_features': 'log2'}",0.36024653312788907,1.8000439000315964,1.2329816999845207,826.546875,833.15234375,0.5742749054224464,0.7504943968358603,0.6506643806258037,0.21739130434782608,0.09375,0.13100436681222707,0.496783416726233,0.4204476709013914,0.45543905635648757,0.0,0.0,0.0,0.48177842565597667,0.4239897370109044,0.45104060047765265,0.16352201257861634,0.1984732824427481,0.1793103448275862
2,CountVectorizer,DecisionTree,"{'criterion': 'gini', 'max_features': None}",0.39722650231124806,0.9950259999604896,1.2250430000713095,826.546875,833.15234375,0.587958291288261,0.5761371127224786,0.5819876810387881,0.2852852852852853,0.296875,0.29096477794793263,0.39982691475551707,0.558983666061706,0.4661957618567104,0.0,0.0,0.0,0.3211009174311927,0.47145606157793457,0.382016632016632,0.022613065326633167,0.10305343511450382,0.03708791208791209
2,CountVectorizer,DecisionTree,"{'criterion': 'entropy', 'max_features': 'sqrt'}",0.3571648690292758,1.8219011999899521,1.2279155000578612,826.546875,833.15234375,0.605083857442348,0.7610415293342122,0.6741605839416058,0.20920502092050208,0.3125,0.2506265664160401,0.376857413847613,0.721113127646703,0.4950166112956811,0.0,0.0,0.0,0.5241864555848724,0.3822963438101347,0.4421364985163205,0.04332129963898917,0.04580152671755725,0.04452690166975881
2,CountVectorizer,DecisionTree,"{'criterion': 'entropy', 'max_features': 'log2'}",0.337442218798151,1.808921999996528,1.2323289000196382,826.546875,833.15234375,0.5609014940491264,0.7300593276203032,0.634397823285121,0.17575757575757575,0.18125,0.17846153846153845,0.39530574428659665,0.3871748336358137,0.39119804400978,0.0,0.0,0.0,0.38771331058020475,0.36433611289288004,0.37566137566137564,0.06334841628959276,0.05343511450381679,0.057971014492753624
2,CountVectorizer,DecisionTree,"{'criterion': 'entropy', 'max_features': None}",0.39815100154083205,1.0077291999477893,1.2297924000304192,826.5390625,833.14453125,0.5783216783216784,0.5451549110085695,0.5612487275195114,0.27539503386004516,0.38125,0.3197903014416776,0.39840283939662824,0.543254688445251,0.45968773995392886,0.1111111111111111,0.011363636363636364,0.020618556701030927,0.33036905291240554,0.4765875561257216,0.3902310924369748,0.01991701244813278,0.0916030534351145,0.032719836400818
2,CountVectorizer,DecisionTree,"{'criterion': 'log_loss', 'max_features': 'sqrt'}",0.3571648690292758,1.7963643000693992,1.2312175000552088,826.5390625,833.14453125,0.605083857442348,0.7610415293342122,0.6741605839416058,0.20920502092050208,0.3125,0.2506265664160401,0.376857413847613,0.721113127646703,0.4950166112956811,0.0,0.0,0.0,0.5241864555848724,0.3822963438101347,0.4421364985163205,0.04332129963898917,0.04580152671755725,0.04452690166975881
2,CountVectorizer,DecisionTree,"{'criterion': 'log_loss', 'max_features': 'log2'}",0.337442218798151,1.8209476999472827,1.223351399996318,826.5390625,833.14453125,0.5609014940491264,0.7300593276203032,0.634397823285121,0.17575757575757575,0.18125,0.17846153846153845,0.39530574428659665,0.3871748336358137,0.39119804400978,0.0,0.0,0.0,0.38771331058020475,0.36433611289288004,0.37566137566137564,0.06334841628959276,0.05343511450381679,0.057971014492753624
2,CountVectorizer,DecisionTree,"{'criterion': 'log_loss', 'max_features': None}",0.39815100154083205,1.009915600065142,1.2209080999018624,826.5390625,833.14453125,0.5783216783216784,0.5451549110085695,0.5612487275195114,0.27539503386004516,0.38125,0.3197903014416776,0.39840283939662824,0.543254688445251,0.45968773995392886,0.1111111111111111,0.011363636363636364,0.020618556701030927,0.33036905291240554,0.4765875561257216,0.3902310924369748,0.01991701244813278,0.0916030534351145,0.032719836400818
2,CountVectorizer,GradientBoosting,"{'estimator__n_estimators': 100, 'estimator__criterion': 'friedman_mse'}",0.40107858243451466,1.8484337000409141,1.275616400060244,833.14453125,832.828125,0.6573670444638187,0.4970336189848385,0.566066066066066,0.2781954887218045,0.23125,0.2525597269624573,0.42513770655983973,0.5136116152450091,0.4652054794520548,0.0,0.0,0.0,0.3198439785470502,0.4207825529185375,0.3634349030470914,0.14682539682539683,0.14122137404580154,0.14396887159533073
2,CountVectorizer,GradientBoosting,"{'estimator__n_estimators': 100, 'estimator__criterion': 'squared_error'}",0.40354391371340526,1.8454444999806583,1.2833697000751272,832.828125,832.7421875,0.6814977973568281,0.509887936717205,0.5833333333333334,0.2867647058823529,0.24375,0.2635135135135135,0.4267740312028183,0.5130066545674531,0.46593406593406594,0.058823529411764705,0.011363636363636364,0.01904761904761905,0.32184466019417474,0.4252726106478512,0.3663995578889196,0.1423076923076923,0.14122137404580154,0.1417624521072797
2,CountVectorizer,GradientBoosting,"{'estimator__n_estimators': 150, 'estimator__criterion': 'friedman_mse'}",0.4036979969183359,2.4673410000978038,1.3325212000636384,832.7421875,832.80078125,0.67157712305026,0.5108767303889256,0.5803070011231748,0.2733118971061093,0.265625,0.2694136291600634,0.42684766214177977,0.5136116152450091,0.46622734761120266,0.09090909090909091,0.022727272727272728,0.03636363636363636,0.32587548638132297,0.42976266837716487,0.3706777316735823,0.15789473684210525,0.14885496183206107,0.15324165029469547
2,CountVectorizer,GradientBoosting,"{'estimator__n_estimators': 150, 'estimator__criterion': 'squared_error'}",0.400462249614792,2.465656099957414,1.3070094999857247,832.80078125,832.84375,0.6672391584370975,0.5121951219512195,0.579526384486295,0.27672955974842767,0.275,0.27586206896551724,0.4258517034068136,0.514216575922565,0.46588106330501505,0.03571428571428571,0.011363636363636364,0.017241379310344827,0.3247250119560019,0.43553559974342526,0.37205479452054796,0.15611814345991562,0.14122137404580154,0.14829659318637275
2,CountVectorizer,GradientBoosting,"{'estimator__n_estimators': 200, 'estimator__criterion': 'friedman_mse'}",0.4007704160246533,3.06317300000228,1.327768300077878,832.84375,832.9140625,0.6503067484662577,0.5240606460118655,0.5803978828253331,0.2872727272727273,0.246875,0.26554621848739496,0.42542542542542544,0.514216575922565,0.4656258559298822,0.047619047619047616,0.011363636363636364,0.01834862385321101,0.3242586290714633,0.4278383579217447,0.3689159292035398,0.14979757085020243,0.14122137404580154,0.14538310412573674
2,CountVectorizer,GradientBoosting,"{'estimator__n_estimators': 200, 'estimator__criterion': 'squared_error'}",0.3992295839753467,3.073475699988194,1.3448302000761032,832.9140625,830.81640625,0.6476030277544155,0.5075807514831905,0.5691056910569106,0.2808641975308642,0.284375,0.2826086956521739,0.42591662481165243,0.5130066545674531,0.4654226125137212,0.05263157894736842,0.011363636363636364,0.018691588785046728,0.3199608610567515,0.41949967928159076,0.3630308076602831,0.15546218487394958,0.14122137404580154,0.148
2,CountVectorizer,AdaBoost,"{'estimator__n_estimators': 50, 'estimator__learning_rate': 0.01}",0.5346687211093991,0.9848067000275478,0.7932034999830648,830.81640625,830.47265625,0.9749687108886108,0.25675675675675674,0.4064701278372032,0.35555555555555557,0.1,0.15609756097560976,0.9380863039399625,0.3024803387779794,0.45745654162854527,0.023255813953488372,0.011363636363636364,0.015267175572519083,0.6844036697247706,0.23925593329057088,0.35456273764258556,0.25,0.022900763358778626,0.04195804195804196
2,CountVectorizer,AdaBoost,"{'estimator__n_estimators': 50, 'estimator__learning_rate': 0.1}",0.451617873651772,0.9852354000322521,0.790936499950476,830.46875,830.78515625,0.6585503963759909,0.3833223467369809,0.4845833333333333,0.35294117647058826,0.13125,0.19134396355353075,0.568135593220339,0.5069570477918935,0.5358056265984654,0.0,0.0,0.0,0.6475694444444444,0.23925593329057088,0.34941451990632316,0.16853932584269662,0.05725190839694656,0.08547008547008547
2,CountVectorizer,AdaBoost,"{'estimator__n_estimators': 50, 'estimator__learning_rate': 1.0}",0.3095531587057011,0.9912481000646949,0.7879341999068856,830.83203125,830.625,0.5810905686871051,0.8183915622940013,0.6796222800054742,0.279874213836478,0.278125,0.27899686520376177,0.441376188320507,0.5898366606170599,0.5049197307094769,0.05263157894736842,0.011363636363636364,0.018691588785046728,0.4119827053736875,0.4278383579217447,0.4197608558842039,0.04465037910699242,0.20229007633587787,0.07315389924085576
2,CountVectorizer,AdaBoost,"{'estimator__n_estimators': 100, 'estimator__learning_rate': 0.01}",0.5354391371340523,1.5164275000570342,0.9623260999796912,830.625,830.3515625,0.9647964796479648,0.2890573500329598,0.44483895511032207,0.35555555555555557,0.1,0.15609756097560976,0.9357923497267759,0.4143980641258318,0.5744234800838575,0.029411764705882353,0.011363636363636364,0.01639344262295082,0.6230769230769231,0.05195638229634381,0.09591474245115453,0.22727272727272727,0.019083969465648856,0.035211267605633804
2,CountVectorizer,AdaBoost,"{'estimator__n_estimators': 100, 'estimator__learning_rate': 0.1}",0.36194144838212633,1.5749427000992,0.989998200093396,830.3515625,830.45703125,0.6043742405832321,0.8197099538562953,0.6957616449853127,0.3712121212121212,0.153125,0.2168141592920354,0.5893587994542974,0.5226860254083484,0.5540237255530619,0.0,0.0,0.0,0.6734955185659411,0.3373957665169981,0.4495726495726496,0.048249763481551564,0.1946564885496183,0.07733131159969674
2,CountVectorizer,AdaBoost,"{'estimator__n_estimators': 100, 'estimator__learning_rate': 1.0}",0.35285053929121724,1.5079168999800459,0.9613606999628246,830.453125,830.35546875,0.6259298618490967,0.7765326301911668,0.6931450426596057,0.31382978723404253,0.36875,0.3390804597701149,0.48249027237354086,0.6001209921355112,0.5349150714478296,0.0,0.0,0.0,0.5652173913043478,0.47530468248877483,0.5163763066202091,0.2289156626506024,0.1450381679389313,0.17757009345794392
2,CountVectorizer,AdaBoost,"{'estimator__n_estimators': 150, 'estimator__learning_rate': 0.01}",0.5402157164869029,2.0413895999081433,1.1420479000080377,830.35546875,830.51953125,0.9620653319283456,0.3009228740936058,0.4584484057243284,0.35555555555555557,0.1,0.15609756097560976,0.9357923497267759,0.4143980641258318,0.5744234800838575,0.03125,0.011363636363636364,0.016666666666666666,0.7142857142857143,0.09300833867864015,0.16458569807037457,0.25,0.022900763358778626,0.04195804195804196
2,CountVectorizer,AdaBoost,"{'estimator__n_estimators': 150, 'estimator__learning_rate': 0.1}",0.4551617873651772,2.0320363000500947,1.1400832999497652,830.51171875,830.859375,0.6931079323797139,0.527027027027027,0.598764276352743,0.4122137404580153,0.16875,0.2394678492239468,0.5948002536461636,0.5674531155474895,0.5808049535603715,0.0,0.0,0.0,0.6526946107784432,0.41949967928159076,0.5107379929714955,0.09821428571428571,0.16793893129770993,0.12394366197183099
2,CountVectorizer,AdaBoost,"{'estimator__n_estimators': 150, 'estimator__learning_rate': 1.0}",0.3366718027734977,2.0396070000715554,1.187504299916327,830.859375,830.72265625,0.6159383033419024,0.7897165458141068,0.6920854997111496,0.3133514986376022,0.359375,0.33478893740902477,0.5145379023883697,0.5995160314579552,0.5537859737356804,0.05263157894736842,0.011363636363636364,0.018691588785046728,0.5884645362431801,0.4842847979474022,0.5313159746657283,0.06329113924050633,0.19083969465648856,0.09505703422053231
2,CountVectorizer,SGD,"{'estimator__alpha': 0.0001, 'estimator__penalty': 'l2'}",0.3474576271186441,1.8417251999489963,1.2680318999337032,824.484375,830.8359375,0.6512658227848102,0.6783124588002637,0.6645140458508234,0.2032520325203252,0.234375,0.21770682148040638,0.47312286689419797,0.6709013914095584,0.5549161871403553,0.21666666666666667,0.14772727272727273,0.17567567567567569,0.47497020262216927,0.5112251443232841,0.49243126351560085,0.06686046511627906,0.17557251908396945,0.0968421052631579
2,CountVectorizer,SGD,"{'estimator__alpha': 0.0001, 'estimator__penalty': 'l1'}",0.37873651771956857,1.8472517000045627,1.2387726000742987,824.46875,830.70703125,0.6782006920415224,0.6460118655240606,0.6617150573936529,0.25986078886310904,0.35,0.2982689747003995,0.501675442795596,0.6339987900786449,0.5601282736504543,0.04,0.022727272727272728,0.028985507246376812,0.43506115317414096,0.47915330339961515,0.45604395604395603,0.09651474530831099,0.2748091603053435,0.14285714285714285
2,CountVectorizer,SGD,"{'estimator__alpha': 0.0001, 'estimator__penalty': 'elasticnet'}",0.3610169491525424,1.8170903999125585,1.2284352000569925,824.47265625,830.83984375,0.6655003498950315,0.6268951878707977,0.6456211812627292,0.22337662337662337,0.26875,0.24397163120567375,0.4934537246049661,0.6612220205686631,0.5651499482936918,0.12048192771084337,0.11363636363636363,0.11695906432748537,0.4347604485219164,0.5471456061577935,0.4845214427719398,0.07305389221556886,0.23282442748091603,0.11121239744758432
2,CountVectorizer,SGD,"{'estimator__alpha': 0.001, 'estimator__penalty': 'l2'}",0.4291217257318952,1.8409546000184491,1.2311685000313446,824.47265625,830.7109375,0.6661417322834645,0.6970995385629531,0.6812691254630375,0.42857142857142855,0.234375,0.30303030303030304,0.5533722782793414,0.6303690260133091,0.5893665158371041,0.0,0.0,0.0,0.5085638998682477,0.49518922386144965,0.5017874553136171,0.15267175572519084,0.15267175572519084,0.15267175572519084
2,CountVectorizer,SGD,"{'estimator__alpha': 0.001, 'estimator__penalty': 'l1'}",0.3514637904468413,1.8451635000528768,1.229201800073497,824.47265625,830.83984375,0.6502835538752363,0.6802900461437047,0.6649484536082474,0.3712574850299401,0.19375,0.2546201232032854,0.47745716862037874,0.6406533575317604,0.5471454404546628,0.18181818181818182,0.06818181818181818,0.09917355371900827,0.41409691629955947,0.5426555484284797,0.4697390338700722,0.07222787385554426,0.27099236641221375,0.1140562248995984
2,CountVectorizer,SGD,"{'estimator__alpha': 0.001, 'estimator__penalty': 'elasticnet'}",0.424653312788906,1.824373299954459,1.226163399987854,824.47265625,830.7109375,0.6705733291099145,0.6977587343441002,0.683895978032628,0.3611111111111111,0.365625,0.36335403726708076,0.5951792336217553,0.5825771324863884,0.5888107612350963,0.17647058823529413,0.03409090909090909,0.05714285714285714,0.495075508864084,0.4836433611289288,0.4892926670992862,0.1471698113207547,0.14885496183206107,0.14800759013282733
2,CountVectorizer,SGD,"{'estimator__alpha': 0.01, 'estimator__penalty': 'l2'}",0.48906009244992293,1.8165147000690922,1.230969600030221,824.47265625,830.83984375,0.6885341074020319,0.7818061964403428,0.7322117610742398,0.45,0.16875,0.24545454545454545,0.6858564321250888,0.5837870538415003,0.630718954248366,0.0,0.0,0.0,0.5848406546080964,0.43553559974342526,0.49926470588235294,0.136986301369863,0.11450381679389313,0.12474012474012475
2,CountVectorizer,SGD,"{'estimator__alpha': 0.01, 'estimator__penalty': 'l1'}",0.2901386748844376,1.8493360999273136,1.2281225000042468,824.47265625,830.7109375,0.5258836944127708,0.7600527356624918,0.621647122253673,0.5625,0.028125,0.05357142857142857,0.497828447339848,0.5547489413188142,0.5247496423462089,0.0,0.0,0.0,0.34574468085106386,0.2918537524053881,0.3165217391304348,0.027160493827160494,0.04198473282442748,0.03298350824587706
2,CountVectorizer,SGD,"{'estimator__alpha': 0.01, 'estimator__penalty': 'elasticnet'}",0.4437596302003082,1.8401709999889135,1.2226952000055462,824.484375,830.85546875,0.6594520547945205,0.7933421226104153,0.7202274087372831,0.5194805194805194,0.125,0.20151133501259447,0.5891891891891892,0.5934664246823956,0.5913200723327305,0.0,0.0,0.0,0.47436773752563227,0.44515715202052597,0.45929847782925215,0.05090311986863711,0.1183206106870229,0.0711825487944891
3,TfidfVectorizer,RandomForest,"{'n_estimators': 50, 'criterion': 'gini'}",0.547919876733436,1.1220696000382304,1.3355964999645948,824.515625,830.98828125,0.8682266009852216,0.46473302570863545,0.605410047230571,0.5454545454545454,0.01875,0.03625377643504532,0.9467084639498433,0.36539624924379915,0.5272806634657354,0.0,0.0,0.0,0.7907608695652174,0.18665811417575368,0.3020238713025428,1.0,0.011450381679389313,0.022641509433962263
3,TfidfVectorizer,RandomForest,"{'n_estimators': 50, 'criterion': 'entropy'}",0.5389830508474577,1.171144700027071,1.3258476000046358,823.73046875,830.1796875,0.7863321799307958,0.5992089650626236,0.6801346801346801,0.6666666666666666,0.01875,0.0364741641337386,0.927038626609442,0.39201451905626133,0.5510204081632653,0.0,0.0,0.0,0.7759562841530054,0.18216805644644002,0.2950649350649351,1.0,0.003816793893129771,0.0076045627376425855
3,TfidfVectorizer,RandomForest,"{'n_estimators': 50, 'criterion': 'log_loss'}",0.5389830508474577,1.1545402999036014,1.3282802000176162,823.55078125,830.609375,0.7863321799307958,0.5992089650626236,0.6801346801346801,0.6666666666666666,0.01875,0.0364741641337386,0.927038626609442,0.39201451905626133,0.5510204081632653,0.0,0.0,0.0,0.7759562841530054,0.18216805644644002,0.2950649350649351,1.0,0.003816793893129771,0.0076045627376425855
3,TfidfVectorizer,RandomForest,"{'n_estimators': 100, 'criterion': 'gini'}",0.5468412942989214,1.3077558000804856,0.716321500018239,824.2734375,830.53515625,0.8466157205240175,0.511206328279499,0.6374845869297164,0.5833333333333334,0.021875,0.04216867469879518,0.9338028169014084,0.4010889292196007,0.5611510791366906,0.0,0.0,0.0,0.7771739130434783,0.18345093008338678,0.2968344577062792,1.0,0.007633587786259542,0.015151515151515152
3,TfidfVectorizer,RandomForest,"{'n_estimators': 100, 'criterion': 'entropy'}",0.5408320493066255,0.6910219999263063,0.7086184000363573,830.53515625,830.64453125,0.7851437699680511,0.6479894528675016,0.7100036114120621,0.6,0.01875,0.03636363636363636,0.9333333333333333,0.3811252268602541,0.5412371134020618,0.0,0.0,0.0,0.8031746031746032,0.16228351507376523,0.2700106723585913,1.0,0.011450381679389313,0.022641509433962263
3,TfidfVectorizer,RandomForest,"{'n_estimators': 100, 'criterion': 'log_loss'}",0.5408320493066255,0.7101124000037089,0.7145841000601649,830.69140625,830.69140625,0.7851437699680511,0.6479894528675016,0.7100036114120621,0.6,0.01875,0.03636363636363636,0.9333333333333333,0.3811252268602541,0.5412371134020618,0.0,0.0,0.0,0.8031746031746032,0.16228351507376523,0.2700106723585913,1.0,0.011450381679389313,0.022641509433962263
3,TfidfVectorizer,RandomForest,"{'n_estimators': 150, 'criterion': 'gini'}",0.5457627118644067,0.7853373000398278,0.8151909000007436,830.5078125,831.13671875,0.8361551064991808,0.504614370468029,0.629393627954779,0.6363636363636364,0.021875,0.04229607250755287,0.9253521126760563,0.397459165154265,0.5560727888277613,0.0,0.0,0.0,0.7994505494505495,0.18665811417575368,0.30265210608424337,1.0,0.003816793893129771,0.0076045627376425855
3,TfidfVectorizer,RandomForest,"{'n_estimators': 150, 'criterion': 'entropy'}",0.5371340523882897,0.8264521000673994,0.7759882999816909,831.13671875,830.33984375,0.7860169491525424,0.6114040870138431,0.6878012606599926,0.75,0.01875,0.036585365853658534,0.9283625730994152,0.3841500302480339,0.5434317501069748,0.0,0.0,0.0,0.798219584569733,0.1725465041693393,0.28375527426160335,1.0,0.003816793893129771,0.0076045627376425855
3,TfidfVectorizer,RandomForest,"{'n_estimators': 150, 'criterion': 'log_loss'}",0.5371340523882897,0.7979903999948874,0.7628647000528872,830.64453125,830.48046875,0.7860169491525424,0.6114040870138431,0.6878012606599926,0.75,0.01875,0.036585365853658534,0.9283625730994152,0.3841500302480339,0.5434317501069748,0.0,0.0,0.0,0.798219584569733,0.1725465041693393,0.28375527426160335,1.0,0.003816793893129771,0.0076045627376425855
3,TfidfVectorizer,SVC,"{'estimator__C': 0.1, 'estimator__kernel': 'linear'}",0.5047765793528506,1.0008781000506133,1.1282648999476805,830.48046875,830.73046875,0.0,0.0,0.0,0.0,0.0,0.0,0.0,0.0,0.0,0.0,0.0,0.0,0.0,0.0,0.0,0.0,0.0,0.0
3,TfidfVectorizer,SVC,"{'estimator__C': 0.1, 'estimator__kernel': 'rbf'}",0.5047765793528506,1.0329214000375941,1.5018227000255138,824.1875,830.37109375,0.0,0.0,0.0,0.0,0.0,0.0,0.0,0.0,0.0,0.0,0.0,0.0,0.0,0.0,0.0,0.0,0.0,0.0
3,TfidfVectorizer,SVC,"{'estimator__C': 0.1, 'estimator__kernel': 'sigmoid'}",0.5047765793528506,0.9907777999760583,1.0899582999991253,824.8046875,831.03515625,0.0,0.0,0.0,0.0,0.0,0.0,0.0,0.0,0.0,0.0,0.0,0.0,0.0,0.0,0.0,0.0,0.0,0.0
3,TfidfVectorizer,SVC,"{'estimator__C': 1, 'estimator__kernel': 'linear'}",0.5548536209553159,1.008558199973777,1.151738499989733,826.2109375,830.57421875,0.7892215568862275,0.6516150296638101,0.7138472648492508,0.625,0.015625,0.03048780487804878,0.8758949880668258,0.4440411373260738,0.5893215576073866,0.0,0.0,0.0,0.7736434108527132,0.3200769724182168,0.4528130671506352,0.5,0.015267175572519083,0.02962962962962963
3,TfidfVectorizer,SVC,"{'estimator__C': 1, 'estimator__kernel': 'rbf'}",0.538366718027735,1.0228785000508651,1.552457599900663,824.40234375,830.953125,0.9088507265521797,0.4535266974291364,0.6051011433597185,0.0,0.0,0.0,0.9929577464788732,0.1705989110707804,0.29117191533298914,0.0,0.0,0.0,0.8681318681318682,0.05067350865939705,0.09575757575757576,0.0,0.0,0.0
3,TfidfVectorizer,SVC,"{'estimator__C': 1, 'estimator__kernel': 'sigmoid'}",0.5563944530046225,0.9891679999418557,1.1039286999730393,826.23046875,830.38671875,0.8141862489120975,0.6166776532630192,0.7018004501125281,0.0,0.0,0.0,0.9018324607329843,0.41681790683605563,0.5701282581712868,0.0,0.0,0.0,0.785063752276867,0.2764592687620269,0.4089184060721063,0.3333333333333333,0.007633587786259542,0.014925373134328358
3,TfidfVectorizer,SVC,"{'estimator__C': 10, 'estimator__kernel': 'linear'}",0.5315870570107858,1.0079777999781072,1.1393043999560177,824.23828125,830.78125,0.7539511494252874,0.6918259723137772,0.7215537985562048,0.3701657458563536,0.209375,0.26746506986027946,0.708433734939759,0.5335753176043557,0.6086956521739131,0.0,0.0,0.0,0.6704119850187266,0.45926876202694034,0.5451084887704606,0.3617021276595745,0.1297709923664122,0.19101123595505617
3,TfidfVectorizer,SVC,"{'estimator__C': 10, 'estimator__kernel': 'rbf'}",0.5556240369799692,1.0204007999273017,1.5757828999776393,824.2734375,830.453125,0.8237866200262353,0.6209624258404747,0.708137568126292,0.5789473684210527,0.034375,0.06489675516224189,0.9283216783216783,0.32123411978221417,0.47730337078651686,0.0,0.0,0.0,0.8436657681940701,0.20076972418216807,0.3243523316062176,0.5555555555555556,0.019083969465648856,0.03690036900369004
3,TfidfVectorizer,SVC,"{'estimator__C': 10, 'estimator__kernel': 'sigmoid'}",0.5020030816640986,1.0018947999924421,1.0800002999603748,826.11328125,831.01171875,0.7300930713547052,0.6980883322346737,0.7137320977253581,0.35144927536231885,0.303125,0.32550335570469796,0.6457516339869281,0.5977011494252874,0.6207979893182533,0.3333333333333333,0.011363636363636364,0.02197802197802198,0.582314881380302,0.5195638229634381,0.5491525423728814,0.22660098522167488,0.17557251908396945,0.1978494623655914
3,TfidfVectorizer,MultinomialNB,{'estimator__alpha': 0.01},0.5409861325115563,1.8262084999587387,1.2222500999923795,824.51171875,830.53125,0.7946319642130948,0.6440342781806196,0.7114509375568906,0.4117647058823529,0.175,0.24561403508771928,0.6961926961926962,0.5420447670901392,0.6095238095238096,0.25,0.011363636363636364,0.021739130434782608,0.6444444444444445,0.4278383579217447,0.5142636854279106,0.26744186046511625,0.08778625954198473,0.13218390804597702
3,TfidfVectorizer,MultinomialNB,{'estimator__alpha': 0.1},0.5542372881355933,1.8071263000601903,1.2284193000523373,824.28515625,830.89453125,0.7826714801444044,0.7145682267633487,0.7470709855272226,0.625,0.015625,0.03048780487804878,0.7736699729486023,0.5190562613430127,0.6212889210716872,0.0,0.0,0.0,0.70875,0.3636946760744067,0.4807121661721068,0.42857142857142855,0.022900763358778626,0.043478260869565216
3,TfidfVectorizer,MultinomialNB,{'estimator__alpha': 1.0},0.5389830508474577,1.838376099942252,1.2291117999702692,824.27734375,831.00390625,0.8574153552694326,0.5926170072511536,0.7008380432664199,0.0,0.0,0.0,0.9955555555555555,0.1355111917725348,0.23855165069222578,0.0,0.0,0.0,0.8947368421052632,0.010904425914047467,0.021546261089987327,0.0,0.0,0.0
3,TfidfVectorizer,LogisticRegression,"{'estimator__C': 0.1, 'estimator__penalty': 'l2'}",0.5047765793528506,1.8584985999623314,1.2344621000811458,824.875,830.8828125,1.0,0.05702043506921556,0.10788899282818834,0.0,0.0,0.0,0.0,0.0,0.0,0.0,0.0,0.0,0.0,0.0,0.0,0.0,0.0,0.0
3,TfidfVectorizer,LogisticRegression,"{'estimator__C': 1, 'estimator__penalty': 'l2'}",0.5395993836671803,1.4040726999519393,1.2262546999845654,824.859375,830.57421875,0.8833883388338833,0.5293342122610415,0.6619950535861501,0.0,0.0,0.0,1.0,0.13490623109497882,0.23773987206823027,0.0,0.0,0.0,0.8301886792452831,0.028223220012828735,0.05459057071960298,0.0,0.0,0.0
3,TfidfVectorizer,LogisticRegression,"{'estimator__C': 10, 'estimator__penalty': 'l2'}",0.5574730354391372,0.9835199000081047,1.2228146999841556,824.859375,830.8671875,0.7952941176470588,0.6684245220830587,0.7263610315186246,0.59375,0.059375,0.10795454545454546,0.8867438867438867,0.41681790683605563,0.5670781893004115,0.0,0.0,0.0,0.8143939393939394,0.2758178319435536,0.4120747484427408,1.0,0.003816793893129771,0.0076045627376425855
3,TfidfVectorizer,KNeighbors,"{'n_neighbors': 3, 'algorithm': 'ball_tree'}",0.48166409861325116,1.8228672000113875,1.3283661000896245,824.26171875,848.25390625,0.6934372190590351,0.7626895187870798,0.7264165751059488,0.3096446700507614,0.190625,0.23597678916827852,0.6020350480497456,0.6442831215970962,0.6224430157802455,0.0,0.0,0.0,0.5140350877192983,0.5638229634381013,0.5377791373508718,0.15306122448979592,0.1717557251908397,0.1618705035971223
3,TfidfVectorizer,KNeighbors,"{'n_neighbors': 3, 'algorithm': 'kd_tree'}",0.48166409861325116,1.8039986999938264,1.3035007000435144,824.06640625,859.69140625,0.6934372190590351,0.7626895187870798,0.7264165751059488,0.3096446700507614,0.190625,0.23597678916827852,0.6020350480497456,0.6442831215970962,0.6224430157802455,0.0,0.0,0.0,0.5140350877192983,0.5638229634381013,0.5377791373508718,0.15306122448979592,0.1717557251908397,0.1618705035971223
3,TfidfVectorizer,KNeighbors,"{'n_neighbors': 3, 'algorithm': 'brute'}",0.48166409861325116,1.8029000000096858,1.3573944000527263,824.06640625,853.70703125,0.6934372190590351,0.7626895187870798,0.7264165751059488,0.3096446700507614,0.190625,0.23597678916827852,0.6020350480497456,0.6442831215970962,0.6224430157802455,0.0,0.0,0.0,0.5140350877192983,0.5638229634381013,0.5377791373508718,0.15306122448979592,0.1717557251908397,0.1618705035971223
3,TfidfVectorizer,KNeighbors,"{'n_neighbors': 5, 'algorithm': 'ball_tree'}",0.5061633281972265,1.8111195999663323,1.3309942999621853,824.26171875,860.89453125,0.7086687306501548,0.7544495715227423,0.7308429118773946,0.4095238095238095,0.134375,0.2023529411764706,0.6467977171845276,0.617059891107078,0.631578947368421,0.0,0.0,0.0,0.5583011583011583,0.463758819756254,0.5066573230553609,0.08673469387755102,0.0648854961832061,0.07423580786026202
3,TfidfVectorizer,KNeighbors,"{'n_neighbors': 5, 'algorithm': 'kd_tree'}",0.5061633281972265,1.8353074999758974,1.344072200008668,824.26171875,852.609375,0.7086687306501548,0.7544495715227423,0.7308429118773946,0.4095238095238095,0.134375,0.2023529411764706,0.6467977171845276,0.617059891107078,0.631578947368421,0.0,0.0,0.0,0.5583011583011583,0.463758819756254,0.5066573230553609,0.08673469387755102,0.0648854961832061,0.07423580786026202
3,TfidfVectorizer,KNeighbors,"{'n_neighbors': 5, 'algorithm': 'brute'}",0.5061633281972265,1.8348866000305861,1.3110386000480503,824.26171875,856.328125,0.7086687306501548,0.7544495715227423,0.7308429118773946,0.4095238095238095,0.134375,0.2023529411764706,0.6467977171845276,0.617059891107078,0.631578947368421,0.0,0.0,0.0,0.5583011583011583,0.463758819756254,0.5066573230553609,0.08673469387755102,0.0648854961832061,0.07423580786026202
3,TfidfVectorizer,KNeighbors,"{'n_neighbors': 7, 'algorithm': 'ball_tree'}",0.5077041602465331,1.8508195999311283,1.3179093999788165,824.265625,860.2734375,0.711580940359735,0.7432432432432432,0.7270675479606642,0.4,0.08125,0.13506493506493505,0.6767605633802817,0.5813672111312764,0.6254474454930036,0.0,0.0,0.0,0.587274290627687,0.4381013470173188,0.5018368846436444,0.07377049180327869,0.03435114503816794,0.046875
3,TfidfVectorizer,KNeighbors,"{'n_neighbors': 7, 'algorithm': 'kd_tree'}",0.5077041602465331,1.8233309999341145,1.3015536000020802,824.265625,859.0625,0.711580940359735,0.7432432432432432,0.7270675479606642,0.4,0.08125,0.13506493506493505,0.6767605633802817,0.5813672111312764,0.6254474454930036,0.0,0.0,0.0,0.587274290627687,0.4381013470173188,0.5018368846436444,0.07377049180327869,0.03435114503816794,0.046875
3,TfidfVectorizer,KNeighbors,"{'n_neighbors': 7, 'algorithm': 'brute'}",0.5077041602465331,1.8030758000677451,1.326715899980627,824.265625,851.3359375,0.711580940359735,0.7432432432432432,0.7270675479606642,0.4,0.08125,0.13506493506493505,0.6767605633802817,0.5813672111312764,0.6254474454930036,0.0,0.0,0.0,0.587274290627687,0.4381013470173188,0.5018368846436444,0.07377049180327869,0.03435114503816794,0.046875
3,TfidfVectorizer,DecisionTree,"{'criterion': 'gini', 'max_features': 'sqrt'}",0.39815100154083205,1.8071403000503778,1.2276732999598607,824.265625,831.0078125,0.5852655198204937,0.515820698747528,0.5483531885073581,0.2745762711864407,0.253125,0.2634146341463415,0.4456751054852321,0.5111917725347852,0.47619047619047616,0.0,0.0,0.0,0.34012345679012346,0.3534316869788326,0.3466498899024851,0.033402922755741124,0.12213740458015267,0.05245901639344262
3,TfidfVectorizer,DecisionTree,"{'criterion': 'gini', 'max_features': 'log2'}",0.46147919876733434,1.804571200045757,1.2411498998990282,824.265625,831.0078125,0.6585968379446641,0.43935398813447596,0.5270858046658758,0.15671641791044777,0.065625,0.09251101321585903,0.5948203842940685,0.4307320024198427,0.49964912280701756,0.15789473684210525,0.03409090909090909,0.056074766355140186,0.4382591093117409,0.2777421423989737,0.34000785237534353,0.14102564102564102,0.04198473282442748,0.06470588235294118
3,TfidfVectorizer,DecisionTree,"{'criterion': 'gini', 'max_features': None}",0.3998459167950693,1.0113114999840036,1.2370310000842437,824.265625,831.0078125,0.5963834868645513,0.5761371127224786,0.5860854987426656,0.09859154929577464,0.175,0.12612612612612611,0.41853315766359245,0.5765275257108288,0.48498727735368957,0.0,0.0,0.0,0.331328320802005,0.4239897370109044,0.3719752391671356,0.03996447602131439,0.1717557251908397,0.06484149855907781
3,TfidfVectorizer,DecisionTree,"{'criterion': 'entropy', 'max_features': 'sqrt'}",0.39969183359013866,1.8123726999619976,1.2242492999648675,824.265625,831.0078125,0.59244745279658,0.548121292023731,0.5694230439993152,0.22053231939163498,0.18125,0.19897084048027444,0.43373493975903615,0.588021778584392,0.49922958397534667,0.0,0.0,0.0,0.2903225806451613,0.33483001924310457,0.3109919571045576,0.32786885245901637,0.15267175572519084,0.20833333333333334
3,TfidfVectorizer,DecisionTree,"{'criterion': 'entropy', 'max_features': 'log2'}",0.3656394453004623,1.8112714999588206,1.225465500028804,824.265625,831.12109375,0.5759726603575184,0.7221489782465392,0.6408306522374964,0.2391304347826087,0.034375,0.060109289617486336,0.3757730083666788,0.6249243799153055,0.46933212176283506,0.05263157894736842,0.011363636363636364,0.018691588785046728,0.3235184494968319,0.5567671584348942,0.40924092409240925,0.13934426229508196,0.0648854961832061,0.08854166666666667
3,TfidfVectorizer,DecisionTree,"{'criterion': 'entropy', 'max_features': None}",0.3929121725731895,1.0360062000108883,1.2210140000097454,824.2578125,831.0,0.5809000343524562,0.557350032959789,0.5688814129520605,0.302158273381295,0.13125,0.1830065359477124,0.4340685124354763,0.5595886267392619,0.48890063424947144,0.0,0.0,0.0,0.3486682808716707,0.46183450930083386,0.3973509933774834,0.025835866261398176,0.1297709923664122,0.043092522179974654
3,TfidfVectorizer,DecisionTree,"{'criterion': 'log_loss', 'max_features': 'sqrt'}",0.39969183359013866,1.8165713000344113,1.232497200020589,824.26171875,831.125,0.59244745279658,0.548121292023731,0.5694230439993152,0.22053231939163498,0.18125,0.19897084048027444,0.43373493975903615,0.588021778584392,0.49922958397534667,0.0,0.0,0.0,0.2903225806451613,0.33483001924310457,0.3109919571045576,0.32786885245901637,0.15267175572519084,0.20833333333333334
3,TfidfVectorizer,DecisionTree,"{'criterion': 'log_loss', 'max_features': 'log2'}",0.3656394453004623,1.8137189999688417,1.2469637000467628,824.26171875,831.00390625,0.5759726603575184,0.7221489782465392,0.6408306522374964,0.2391304347826087,0.034375,0.060109289617486336,0.3757730083666788,0.6249243799153055,0.46933212176283506,0.05263157894736842,0.011363636363636364,0.018691588785046728,0.3235184494968319,0.5567671584348942,0.40924092409240925,0.13934426229508196,0.0648854961832061,0.08854166666666667
3,TfidfVectorizer,DecisionTree,"{'criterion': 'log_loss', 'max_features': None}",0.3929121725731895,1.0318130999803543,1.2220113000366837,824.26171875,831.00390625,0.5809000343524562,0.557350032959789,0.5688814129520605,0.302158273381295,0.13125,0.1830065359477124,0.4340685124354763,0.5595886267392619,0.48890063424947144,0.0,0.0,0.0,0.3486682808716707,0.46183450930083386,0.3973509933774834,0.025835866261398176,0.1297709923664122,0.043092522179974654
3,TfidfVectorizer,GradientBoosting,"{'estimator__n_estimators': 100, 'estimator__criterion': 'friedman_mse'}",0.3913713405238829,2.0404376999940723,1.2857954000355676,831.00390625,830.88671875,0.6794664510913501,0.5540540540540541,0.6103848946986202,0.25229357798165136,0.171875,0.20446096654275092,0.42333654773384766,0.5311554748941318,0.47115642607995706,0.06666666666666667,0.011363636363636364,0.019417475728155338,0.30981746423285644,0.4028223220012829,0.35025097601784716,0.04035087719298246,0.17557251908396945,0.06562054208273894
3,TfidfVectorizer,GradientBoosting,"{'estimator__n_estimators': 100, 'estimator__criterion': 'squared_error'}",0.3975346687211094,2.026406900025904,1.2825636999914423,830.88671875,830.6796875,0.6879111842105263,0.551417270929466,0.6121478229052324,0.28431372549019607,0.271875,0.2779552715654952,0.4234104046242775,0.5317604355716878,0.47144006436041835,0.0,0.0,0.0,0.310192023633678,0.4041051956382296,0.35097493036211697,0.040421792618629174,0.17557251908396945,0.06571428571428571
3,TfidfVectorizer,GradientBoosting,"{'estimator__n_estimators': 150, 'estimator__criterion': 'friedman_mse'}",0.388597842835131,2.717369499965571,1.3067089000251144,830.6796875,830.62109375,0.6667974882260597,0.5599868160843771,0.6087423862414905,0.23628691983122363,0.175,0.20107719928186715,0.4178537511870845,0.5323653962492438,0.4682096302208034,0.32727272727272727,0.20454545454545456,0.2517482517482518,0.3095811266249398,0.4124438742783836,0.3536853685368537,0.040421792618629174,0.17557251908396945,0.06571428571428571
3,TfidfVectorizer,GradientBoosting,"{'estimator__n_estimators': 150, 'estimator__criterion': 'squared_error'}",0.3935285053929122,2.7404435999924317,1.3062624000012875,830.62109375,830.71484375,0.6899879372738239,0.5655899802241265,0.6216265169353378,0.2693498452012384,0.271875,0.27060653188180406,0.4193702290076336,0.5317604355716878,0.46892504667911444,0.0,0.0,0.0,0.3067574137092854,0.404746632456703,0.34900442477876104,0.040421792618629174,0.17557251908396945,0.06571428571428571
3,TfidfVectorizer,GradientBoosting,"{'estimator__n_estimators': 200, 'estimator__criterion': 'friedman_mse'}",0.38813559322033897,3.3988103999290615,1.3379695999901742,830.71484375,830.75390625,0.6511539916761256,0.567237969676994,0.606306147613176,0.2571428571428571,0.140625,0.18181818181818182,0.4147834274952919,0.5329703569267997,0.4665078104315594,0.0,0.0,0.0,0.3089005235602094,0.41629249518922384,0.3546448087431694,0.042534722222222224,0.18702290076335878,0.06930693069306931
3,TfidfVectorizer,GradientBoosting,"{'estimator__n_estimators': 200, 'estimator__criterion': 'squared_error'}",0.3895223420647149,3.3664381001144648,1.3402682999148965,830.75390625,830.78515625,0.6693610469591994,0.573170731707317,0.6175426136363636,0.2701863354037267,0.271875,0.27102803738317754,0.41523809523809524,0.5275257108287962,0.46469491073807623,0.0,0.0,0.0,0.3069259962049336,0.4150096215522771,0.3528770111808017,0.04020979020979021,0.17557251908396945,0.06543385490753911
3,TfidfVectorizer,AdaBoost,"{'estimator__n_estimators': 50, 'estimator__learning_rate': 0.01}",0.4134052388289676,1.0340063000330701,0.7902065999805927,830.78515625,830.38671875,0.9712643678160919,0.27851021753460775,0.4328893442622951,0.45454545454545453,0.078125,0.13333333333333333,0.40468583599574015,0.45977011494252873,0.43047295383743983,0.0,0.0,0.0,0.7074829931972789,0.2668377164849262,0.38751746623195155,0.022658610271903322,0.05725190839694656,0.032467532467532464
3,TfidfVectorizer,AdaBoost,"{'estimator__n_estimators': 50, 'estimator__learning_rate': 0.1}",0.40215716486902925,1.0247419000370428,0.797954999958165,830.38671875,830.265625,0.6272912423625254,0.5075807514831905,0.561122244488978,0.41904761904761906,0.1375,0.20705882352941177,0.4587251828631139,0.5311554748941318,0.49229044014578077,0.0,0.0,0.0,0.33,0.38101347017318793,0.3536766894909199,0.024963289280469897,0.0648854961832061,0.036055143160127257
3,TfidfVectorizer,AdaBoost,"{'estimator__n_estimators': 50, 'estimator__learning_rate': 1.0}",0.31340523882896765,1.0341153000481427,0.8105064999544993,830.26171875,830.26171875,0.5724907063197026,0.8628872775214239,0.6883133955567241,0.3105022831050228,0.2125,0.2523191094619666,0.4251523063533507,0.5910465819721719,0.49455833966084534,0.0,0.0,0.0,0.3317422434367542,0.44579858883899937,0.38040503557744937,0.0563564875491481,0.16412213740458015,0.08390243902439025
3,TfidfVectorizer,AdaBoost,"{'estimator__n_estimators': 100, 'estimator__learning_rate': 0.01}",0.4184899845916795,1.5895829000510275,0.9709004000760615,830.4140625,830.24609375,0.6682692307692307,0.36651285431773234,0.4733929331630481,0.45454545454545453,0.078125,0.13333333333333333,0.4088486140724947,0.46400483968542044,0.4346840464720884,0.0,0.0,0.0,0.710801393728223,0.2617062219371392,0.38255977496483823,0.017241379310344827,0.003816793893129771,0.00625
3,TfidfVectorizer,AdaBoost,"{'estimator__n_estimators': 100, 'estimator__learning_rate': 0.1}",0.39322033898305087,1.6025339999468997,0.9838862000033259,830.24609375,830.296875,0.6566828903032572,0.5781147000659196,0.6148992112182297,0.38,0.178125,0.2425531914893617,0.43271409152695967,0.5777374470659408,0.4948186528497409,0.0,0.0,0.0,0.35826972010178115,0.45157152020525976,0.3995459704880817,0.061611374407582936,0.14885496183206107,0.08715083798882682
3,TfidfVectorizer,AdaBoost,"{'estimator__n_estimators': 100, 'estimator__learning_rate': 1.0}",0.30832049306625575,1.6140766000607982,0.9671212999382988,830.296875,830.328125,0.6143003587903639,0.7900461437046803,0.6911764705882353,0.2857142857142857,0.25625,0.2701812191103789,0.45337773549000954,0.5765275257108288,0.5075898801597869,0.0,0.0,0.0,0.3302411873840445,0.4567030147530468,0.38331090174966354,0.06719367588932806,0.1946564885496183,0.09990205680705191
3,TfidfVectorizer,AdaBoost,"{'estimator__n_estimators': 150, 'estimator__learning_rate': 0.01}",0.42742681047765796,2.1403760999673977,1.146540299989283,830.328125,830.35546875,0.6065495965828192,0.42122610415293343,0.49717953705504764,0.43548387096774194,0.084375,0.14136125654450263,0.4232922732362822,0.4573502722323049,0.43966269264321023,0.0,0.0,0.0,0.367737003058104,0.30853110968569597,0.33554237879316356,0.014084507042253521,0.003816793893129771,0.006006006006006006
3,TfidfVectorizer,AdaBoost,"{'estimator__n_estimators': 150, 'estimator__learning_rate': 0.1}",0.3930662557781202,2.1553819999098778,1.1341637000441551,830.359375,830.72265625,0.6232484076433121,0.6450230718523401,0.633948817622287,0.35874439461883406,0.25,0.2946593001841621,0.4159178433889602,0.588021778584392,0.48721804511278194,0.0,0.0,0.0,0.3134166214014123,0.3701090442591405,0.33941176470588236,0.05647382920110193,0.15648854961832062,0.08299595141700405
3,TfidfVectorizer,AdaBoost,"{'estimator__n_estimators': 150, 'estimator__learning_rate': 1.0}",0.32311248073959936,2.1558317999588326,1.1358212999766693,830.72265625,830.77734375,0.6066438175586607,0.7584047462096243,0.6740881792881207,0.28753993610223644,0.28125,0.2843601895734597,0.4430379746835443,0.5928614640048396,0.5071151358344114,0.0,0.0,0.0,0.36186770428015563,0.41757536882617063,0.38773079213817746,0.06300268096514745,0.17938931297709923,0.09325396825396826
3,TfidfVectorizer,SGD,"{'estimator__alpha': 0.0001, 'estimator__penalty': 'l2'}",0.5311248073959939,1.828163400059566,1.2344886000500992,824.19140625,830.4296875,0.7888932650649862,0.6601845748187212,0.7188228961062264,0.36363636363636365,0.225,0.277992277992278,0.6825518831667948,0.5372050816696915,0.6012186865267434,0.0,0.0,0.0,0.6568047337278107,0.42719692110327134,0.5176836377769141,0.24581005586592178,0.16793893129770993,0.19954648526077098
3,TfidfVectorizer,SGD,"{'estimator__alpha': 0.0001, 'estimator__penalty': 'l1'}",0.4679506933744222,1.8179179000435397,1.2307569000404328,824.19140625,830.796875,0.6783555018137848,0.7396176664469347,0.7076631977294229,0.2556179775280899,0.284375,0.2692307692307692,0.6073727325921592,0.6279491833030852,0.6174895895300416,0.2777777777777778,0.056818181818181816,0.09433962264150944,0.61400512382579,0.46119307248236047,0.5267399267399268,0.10633484162895927,0.17938931297709923,0.13352272727272727
3,TfidfVectorizer,SGD,"{'estimator__alpha': 0.0001, 'estimator__penalty': 'elasticnet'}",0.5078582434514638,1.8278901999583468,1.237539599998854,824.19140625,830.54296875,0.7410488245931284,0.6753460777851021,0.7066735644076565,0.3149171270718232,0.178125,0.2275449101796407,0.6499272197962155,0.5402298850574713,0.590023125206475,0.125,0.011363636363636364,0.020833333333333332,0.6485655737704918,0.4060295060936498,0.49940828402366866,0.2635135135135135,0.14885496183206107,0.1902439024390244
3,TfidfVectorizer,SGD,"{'estimator__alpha': 0.001, 'estimator__penalty': 'l2'}",0.5362095531587057,1.8572504000039771,1.271304100053385,824.19140625,830.796875,0.7569519682195739,0.6908371786420567,0.7223849732896778,0.39552238805970147,0.165625,0.23348017621145375,0.7206611570247934,0.5275257108287962,0.609151239958086,0.3333333333333333,0.011363636363636364,0.02197802197802198,0.6905005107252298,0.43361128928800513,0.5327029156816391,0.32926829268292684,0.10305343511450382,0.1569767441860465
3,TfidfVectorizer,SGD,"{'estimator__alpha': 0.001, 'estimator__penalty': 'l1'}",0.4385208012326656,1.8774088999489322,1.2556850999826565,824.19140625,830.4296875,0.6587504567044209,0.5942649967040211,0.6248483798301854,0.3191489361702128,0.1875,0.23622047244094488,0.5131646876613319,0.6013309134906231,0.5537604456824513,0.0,0.0,0.0,0.3879310344827586,0.46183450930083386,0.4216691068814056,0.08836206896551724,0.15648854961832062,0.11294765840220386
3,TfidfVectorizer,SGD,"{'estimator__alpha': 0.001, 'estimator__penalty': 'elasticnet'}",0.5252696456086287,1.8333150000544265,1.2295750000048429,824.19921875,830.91796875,0.7529239766081871,0.6789716545814107,0.7140381282495667,0.4276315789473684,0.203125,0.2754237288135593,0.6912804399057345,0.5323653962492438,0.6015037593984962,0.0,0.0,0.0,0.6540330417881438,0.431686978832585,0.5200927357032458,0.3008849557522124,0.1297709923664122,0.18133333333333335
3,TfidfVectorizer,SGD,"{'estimator__alpha': 0.01, 'estimator__penalty': 'l2'}",0.5268104776579353,1.8347994999494404,1.2397743000183254,824.19921875,830.4375,0.9466101694915254,0.3681608437705999,0.5301376364499288,0.0,0.0,0.0,1.0,0.16696914700544466,0.28615863141524106,0.0,0.0,0.0,0.7906976744186046,0.021808851828094934,0.04244694132334582,0.0,0.0,0.0
3,TfidfVectorizer,SGD,"{'estimator__alpha': 0.01, 'estimator__penalty': 'l1'}",0.5171032357473035,1.8198052999796346,1.2258269999874756,824.19921875,830.51171875,1.0,0.16051417270929466,0.2766259585345072,0.0,0.0,0.0,0.9867109634551495,0.17967332123411978,0.3039918116683726,0.0,0.0,0.0,0.0,0.0,0.0,0.0,0.0,0.0
3,TfidfVectorizer,SGD,"{'estimator__alpha': 0.01, 'estimator__penalty': 'elasticnet'}",0.514637904468413,1.8315769999753684,1.2362387001048774,824.19921875,830.8046875,0.9823008849557522,0.25609756097560976,0.40627450980392155,0.0,0.0,0.0,1.0,0.102843315184513,0.18650575973669775,0.0,0.0,0.0,0.0,0.0,0.0,0.0,0.0,0.0
3,CountVectorizer,RandomForest,"{'n_estimators': 50, 'criterion': 'gini'}",0.5622496147919877,1.1256631999276578,1.3311938000842929,824.234375,829.77734375,0.8423076923076923,0.5774555042847725,0.6851779429018381,0.5625,0.028125,0.05357142857142857,0.9169909208819714,0.4277071990320629,0.5833333333333334,0.0,0.0,0.0,0.7321428571428571,0.28928800513149455,0.4147126436781609,1.0,0.011450381679389313,0.022641509433962263
3,CountVectorizer,RandomForest,"{'n_estimators': 50, 'criterion': 'entropy'}",0.537442218798151,1.1407092000590637,1.323500599944964,822.70703125,829.20703125,0.792289156626506,0.5418589321028345,0.6435701702877276,0.5,0.0125,0.024390243902439025,0.923728813559322,0.3956442831215971,0.554002541296061,0.0,0.0,0.0,0.7299813780260708,0.2514432328415651,0.37404580152671757,1.0,0.011450381679389313,0.022641509433962263
3,CountVectorizer,RandomForest,"{'n_estimators': 50, 'criterion': 'log_loss'}",0.537442218798151,1.144236300024204,1.3323461000109091,822.4296875,829.12890625,0.792289156626506,0.5418589321028345,0.6435701702877276,0.5,0.0125,0.024390243902439025,0.923728813559322,0.3956442831215971,0.554002541296061,0.0,0.0,0.0,0.7299813780260708,0.2514432328415651,0.37404580152671757,1.0,0.011450381679389313,0.022641509433962263
3,CountVectorizer,RandomForest,"{'n_estimators': 100, 'criterion': 'gini'}",0.563482280431433,1.3094616000307724,0.7084108999697492,823.05859375,829.25,0.8428300094966762,0.585036255767963,0.6906614785992218,0.5384615384615384,0.021875,0.042042042042042045,0.9105590062111801,0.44343617664851787,0.596419853539463,0.0,0.0,0.0,0.7443365695792881,0.29506093649775494,0.4225999081304547,1.0,0.011450381679389313,0.022641509433962263
3,CountVectorizer,RandomForest,"{'n_estimators': 100, 'criterion': 'entropy'}",0.5419106317411402,0.6799301999853924,0.7115467999828979,829.27734375,829.30859375,0.7977064220183486,0.573170731707317,0.6670502493287304,0.5555555555555556,0.015625,0.030395136778115502,0.9271428571428572,0.3926194797338173,0.5516362090947726,0.0,0.0,0.0,0.7421150278293135,0.25657472738935216,0.3813155386081983,1.0,0.011450381679389313,0.022641509433962263
3,CountVectorizer,RandomForest,"{'n_estimators': 100, 'criterion': 'log_loss'}",0.5419106317411402,1.3488954999484122,0.7075918999034911,823.10546875,829.4765625,0.7977064220183486,0.573170731707317,0.6670502493287304,0.5555555555555556,0.015625,0.030395136778115502,0.9271428571428572,0.3926194797338173,0.5516362090947726,0.0,0.0,0.0,0.7421150278293135,0.25657472738935216,0.3813155386081983,1.0,0.011450381679389313,0.022641509433962263
3,CountVectorizer,RandomForest,"{'n_estimators': 150, 'criterion': 'gini'}",0.5537750385208012,0.7481380000244826,0.7697788999648765,829.4765625,829.80078125,0.8186409550045913,0.5876730388925511,0.6841903300076746,0.5454545454545454,0.01875,0.03625377643504532,0.8988902589395807,0.44101633393829404,0.5917207792207793,0.0,0.0,0.0,0.7329093799682035,0.29570237331622834,0.42138939670932357,1.0,0.011450381679389313,0.022641509433962263
3,CountVectorizer,RandomForest,"{'n_estimators': 150, 'criterion': 'entropy'}",0.5368258859784284,0.7885580000001937,0.7589366999454796,829.8828125,829.98046875,0.7651135926068541,0.6549110085695452,0.7057361037115966,0.6,0.01875,0.03636363636363636,0.9237057220708447,0.4101633393829401,0.5680770842061165,0.0,0.0,0.0,0.7404021937842779,0.25978191148171903,0.38461538461538464,1.0,0.011450381679389313,0.022641509433962263
3,CountVectorizer,RandomForest,"{'n_estimators': 150, 'criterion': 'log_loss'}",0.5368258859784284,0.7792036000173539,0.7654607000295073,830.3046875,830.1015625,0.7651135926068541,0.6549110085695452,0.7057361037115966,0.6,0.01875,0.03636363636363636,0.9237057220708447,0.4101633393829401,0.5680770842061165,0.0,0.0,0.0,0.7404021937842779,0.25978191148171903,0.38461538461538464,1.0,0.011450381679389313,0.022641509433962263
3,CountVectorizer,SVC,"{'estimator__C': 0.1, 'estimator__kernel': 'linear'}",0.44175654853620955,0.9994006000924855,1.028074000030756,830.17578125,829.75390625,0.6530767282856419,0.8500329597890574,0.7386510095947301,0.5957446808510638,0.0875,0.15258855585831063,0.6634980988593155,0.4222625529340593,0.5160813308687615,0.0,0.0,0.0,0.45,0.20782552918537525,0.2843352347520842,0.08484848484848485,0.05343511450381679,0.06557377049180328
3,CountVectorizer,SVC,"{'estimator__C': 0.1, 'estimator__kernel': 'rbf'}",0.5047765793528506,0.9851989999879152,1.1266591999446973,824.03515625,830.18359375,0.0,0.0,0.0,0.0,0.0,0.0,0.0,0.0,0.0,0.0,0.0,0.0,0.0,0.0,0.0,0.0,0.0,0.0
3,CountVectorizer,SVC,"{'estimator__C': 0.1, 'estimator__kernel': 'sigmoid'}",0.5047765793528506,0.9865863000741228,0.9862737000221387,824.0703125,830.59765625,0.0,0.0,0.0,0.0,0.0,0.0,0.0,0.0,0.0,0.0,0.0,0.0,0.0,0.0,0.0,0.0,0.0,0.0
3,CountVectorizer,SVC,"{'estimator__C': 1, 'estimator__kernel': 'linear'}",0.4494607087827427,0.9995571000035852,0.9884691999759525,823.74609375,829.89453125,0.6705202312138728,0.8029004614370469,0.7307634618269087,0.373015873015873,0.29375,0.32867132867132864,0.6226415094339622,0.558983666061706,0.5890978642014664,0.0,0.0,0.0,0.5301379811183733,0.46824887748556765,0.49727520435967304,0.12526997840172785,0.22137404580152673,0.16
3,CountVectorizer,SVC,"{'estimator__C': 1, 'estimator__kernel': 'rbf'}",0.5046224961479199,0.9978397999657318,1.2003759000217542,823.94921875,830.15625,0.0,0.0,0.0,0.0,0.0,0.0,0.7333333333333333,0.019963702359346643,0.038869257950530034,0.0,0.0,0.0,0.0,0.0,0.0,0.0,0.0,0.0
3,CountVectorizer,SVC,"{'estimator__C': 1, 'estimator__kernel': 'sigmoid'}",0.5047765793528506,0.9859953999985009,1.045805100002326,824.03125,830.6875,1.0,0.004614370468029005,0.009186351706036745,0.0,0.0,0.0,0.9375,0.009074410163339383,0.017974835230677052,0.0,0.0,0.0,1.0,0.004490057729313663,0.008939974457215836,0.5,0.003816793893129771,0.007575757575757576
3,CountVectorizer,SVC,"{'estimator__C': 10, 'estimator__kernel': 'linear'}",0.4431432973805855,1.009492399985902,0.9681258000200614,826.484375,829.9375,0.6673050615595075,0.8038892551087673,0.72925698908656,0.350210970464135,0.259375,0.2980251346499102,0.62525320729237,0.5601935874168179,0.5909380982769623,0.0,0.0,0.0,0.48534201954397393,0.47787042976266836,0.48157724628312865,0.12951167728237792,0.23282442748091603,0.1664392905866303
3,CountVectorizer,SVC,"{'estimator__C': 10, 'estimator__kernel': 'rbf'}",0.35993836671802776,0.9885867000557482,1.1978744000662118,829.9453125,830.1796875,0.5733473242392445,0.9004614370468029,0.7006026413642775,1.0,0.003125,0.006230529595015576,0.7276995305164319,0.09376890502117362,0.16613076098606644,0.0,0.0,0.0,0.4888888888888889,0.014111610006414367,0.02743142144638404,0.0,0.0,0.0
3,CountVectorizer,SVC,"{'estimator__C': 10, 'estimator__kernel': 'sigmoid'}",0.5144838212634822,0.99279970000498,1.0568021999206394,824.07421875,830.60546875,0.8193325661680092,0.4693473961766645,0.5968147527242247,0.875,0.04375,0.08333333333333333,0.74,0.04476709013914096,0.08442669709070165,0.0,0.0,0.0,0.5526315789473685,0.013470173187940988,0.026299311208515967,0.3,0.011450381679389313,0.022058823529411766
3,CountVectorizer,MultinomialNB,{'estimator__alpha': 0.01},0.524191063174114,1.803392699919641,1.2323684999719262,824.49609375,830.40234375,0.8235294117647058,0.5306526038233356,0.6454199238324313,0.37669376693766937,0.434375,0.4034833091436865,0.7173717371737174,0.4821536600120992,0.5767004341534009,0.10204081632653061,0.056818181818181816,0.072992700729927,0.6191369606003753,0.423348300192431,0.5028571428571429,0.2436548223350254,0.183206106870229,0.20915032679738563
3,CountVectorizer,MultinomialNB,{'estimator__alpha': 0.1},0.5201848998459168,1.8341300999745727,1.2206056000432,824.49609375,830.75390625,0.8113462404322377,0.5939353988134476,0.6858230256898192,0.36982968369829683,0.475,0.4158686730506156,0.7146263910969793,0.543859649122807,0.6176571624871179,0.02564102564102564,0.011363636363636364,0.015748031496062992,0.6007434944237918,0.5182809493264914,0.5564738292011019,0.21646341463414634,0.27099236641221375,0.24067796610169492
3,CountVectorizer,MultinomialNB,{'estimator__alpha': 1.0},0.5437596302003082,1.8002491999650374,1.225003800005652,824.85546875,830.61328125,0.8156917363045497,0.57910349373764,0.6773323053199691,0.5161290322580645,0.15,0.2324455205811138,0.7576020851433536,0.5275257108287962,0.6219686162624821,0.0,0.0,0.0,0.6276978417266187,0.4477228992944195,0.5226506926244852,0.25,0.07633587786259542,0.11695906432748537
3,CountVectorizer,LogisticRegression,"{'estimator__C': 0.1, 'estimator__penalty': 'l2'}",0.4728813559322034,0.9974168000044301,1.2144414000213146,824.9609375,830.7578125,0.6817554512834667,0.8141067897165458,0.7420760102148115,0.7916666666666666,0.059375,0.11046511627906977,0.8544891640866873,0.16696914700544466,0.2793522267206478,0.0,0.0,0.0,0.75,0.0654265554842848,0.12035398230088495,0.2857142857142857,0.015267175572519083,0.028985507246376812
3,CountVectorizer,LogisticRegression,"{'estimator__C': 1, 'estimator__penalty': 'l2'}",0.49352850539291215,0.9980074999621138,1.2421101999934763,824.6953125,830.34765625,0.6888454011741683,0.8121292023731048,0.7454242928452579,0.5517241379310345,0.15,0.23587223587223588,0.7793030623020063,0.44646098003629764,0.5676923076923077,0.07142857142857142,0.011363636363636364,0.0196078431372549,0.6363636363636364,0.2783835792174471,0.38732708612226685,0.1518987341772152,0.04580152671755725,0.07038123167155426
3,CountVectorizer,LogisticRegression,"{'estimator__C': 10, 'estimator__penalty': 'l2'}",0.4879815100154083,0.9867505999282002,1.2234051000559703,824.6953125,830.73828125,0.6888013505908835,0.8068556361239289,0.7431693989071039,0.46405228758169936,0.221875,0.30021141649048627,0.7114261884904087,0.5160314579552329,0.5981767180925667,0.0625,0.011363636363636364,0.019230769230769232,0.5939629990262901,0.39127645926876203,0.4717710750193349,0.15083798882681565,0.10305343511450382,0.12244897959183673
3,CountVectorizer,KNeighbors,"{'n_neighbors': 3, 'algorithm': 'ball_tree'}",0.28197226502311246,1.8445089999586344,1.434364499989897,824.09765625,833.67578125,0.5434738753278192,0.8879367172050099,0.6742585408584658,0.43243243243243246,0.05,0.0896358543417367,0.3252840909090909,0.8312159709618875,0.4675855028075549,0.0,0.0,0.0,0.5359195402298851,0.47851186658114175,0.5055913249745849,0.09090909090909091,0.019083969465648856,0.031545741324921134
3,CountVectorizer,KNeighbors,"{'n_neighbors': 3, 'algorithm': 'kd_tree'}",0.28197226502311246,1.8109029000625014,1.4455131000140682,824.09765625,834.0546875,0.5434738753278192,0.8879367172050099,0.6742585408584658,0.43243243243243246,0.05,0.0896358543417367,0.3252840909090909,0.8312159709618875,0.4675855028075549,0.0,0.0,0.0,0.5359195402298851,0.47851186658114175,0.5055913249745849,0.09090909090909091,0.019083969465648856,0.031545741324921134
3,CountVectorizer,KNeighbors,"{'n_neighbors': 3, 'algorithm': 'brute'}",0.28197226502311246,1.7957117999903858,1.4256617000792176,824.09765625,833.66796875,0.5434738753278192,0.8879367172050099,0.6742585408584658,0.43243243243243246,0.05,0.0896358543417367,0.3252840909090909,0.8312159709618875,0.4675855028075549,0.0,0.0,0.0,0.5359195402298851,0.47851186658114175,0.5055913249745849,0.09090909090909091,0.019083969465648856,0.031545741324921134
3,CountVectorizer,KNeighbors,"{'n_neighbors': 5, 'algorithm': 'ball_tree'}",0.21078582434514637,1.8240859000943601,1.4307701999787241,824.08984375,834.390625,0.5130372235209495,0.9403427818061965,0.6638743455497382,0.4583333333333333,0.034375,0.06395348837209303,0.29667207792207795,0.8844525105868118,0.44430937547485183,0.0,0.0,0.0,0.5598935226264419,0.404746632456703,0.469843633655994,0.05555555555555555,0.003816793893129771,0.007142857142857143
3,CountVectorizer,KNeighbors,"{'n_neighbors': 5, 'algorithm': 'kd_tree'}",0.21078582434514637,1.8224524999968708,1.4337235999992117,822.7890625,832.9609375,0.5130372235209495,0.9403427818061965,0.6638743455497382,0.4583333333333333,0.034375,0.06395348837209303,0.29667207792207795,0.8844525105868118,0.44430937547485183,0.0,0.0,0.0,0.5598935226264419,0.404746632456703,0.469843633655994,0.05555555555555555,0.003816793893129771,0.007142857142857143
3,CountVectorizer,KNeighbors,"{'n_neighbors': 5, 'algorithm': 'brute'}",0.21078582434514637,1.8133835999760777,1.4396380999824032,822.7890625,833.08984375,0.5130372235209495,0.9403427818061965,0.6638743455497382,0.4583333333333333,0.034375,0.06395348837209303,0.29667207792207795,0.8844525105868118,0.44430937547485183,0.0,0.0,0.0,0.5598935226264419,0.404746632456703,0.469843633655994,0.05555555555555555,0.003816793893129771,0.007142857142857143
3,CountVectorizer,KNeighbors,"{'n_neighbors': 7, 'algorithm': 'ball_tree'}",0.18828967642526964,1.8080834000138566,1.4412686999421567,822.7890625,833.25390625,0.5016478751084128,0.9531970995385629,0.6573474258438459,0.7777777777777778,0.021875,0.0425531914893617,0.3067669172932331,0.8638838475499092,0.4527584020291693,0.0,0.0,0.0,0.6338862559241706,0.3431686978832585,0.44527673741156887,0.0,0.0,0.0
3,CountVectorizer,KNeighbors,"{'n_neighbors': 7, 'algorithm': 'kd_tree'}",0.18828967642526964,1.802251600078307,1.4304411000339314,822.7890625,833.28515625,0.5016478751084128,0.9531970995385629,0.6573474258438459,0.7777777777777778,0.021875,0.0425531914893617,0.3067669172932331,0.8638838475499092,0.4527584020291693,0.0,0.0,0.0,0.6338862559241706,0.3431686978832585,0.44527673741156887,0.0,0.0,0.0
3,CountVectorizer,KNeighbors,"{'n_neighbors': 7, 'algorithm': 'brute'}",0.18828967642526964,1.824140099924989,1.4411238000029698,822.7890625,833.25390625,0.5016478751084128,0.9531970995385629,0.6573474258438459,0.7777777777777778,0.021875,0.0425531914893617,0.3067669172932331,0.8638838475499092,0.4527584020291693,0.0,0.0,0.0,0.6338862559241706,0.3431686978832585,0.44527673741156887,0.0,0.0,0.0
3,CountVectorizer,DecisionTree,"{'criterion': 'gini', 'max_features': 'sqrt'}",0.4164869029275809,1.8258196999086067,1.2229015999473631,822.7890625,829.4296875,0.5745732255166217,0.4215557020435069,0.4863117870722434,0.34375,0.103125,0.15865384615384615,0.450199203187251,0.4785238959467635,0.46392961876832844,0.0,0.0,0.0,0.35962373371924744,0.31879409878127,0.337980278816729,0.04671717171717172,0.14122137404580154,0.07020872865275142
3,CountVectorizer,DecisionTree,"{'criterion': 'gini', 'max_features': 'log2'}",0.3135593220338983,1.8060790000017732,1.230965800001286,822.8046875,829.421875,0.5614198972442783,0.7923533289386948,0.6571897211591033,0.27972027972027974,0.125,0.17278617710583152,0.3520378027170703,0.721113127646703,0.47310974399682476,0.2,0.056818181818181816,0.08849557522123894,0.3176702307259426,0.7241821680564464,0.4416194015255232,0.13076923076923078,0.0648854961832061,0.08673469387755102
3,CountVectorizer,DecisionTree,"{'criterion': 'gini', 'max_features': None}",0.4024653312788906,0.9892880000406876,1.2173791999230161,822.8046875,829.4453125,0.6021326224591803,0.5955833882663151,0.5988400994200497,0.3027027027027027,0.35,0.32463768115942027,0.3999129677980853,0.5559588626739262,0.46519868387749935,0.0,0.0,0.0,0.32734274711168165,0.490699166132136,0.39271047227926076,0.032362459546925564,0.15267175572519084,0.0534045393858478
3,CountVectorizer,DecisionTree,"{'criterion': 'entropy', 'max_features': 'sqrt'}",0.4773497688751926,1.824308899929747,1.235186000005342,822.8046875,829.421875,0.6902862505865791,0.484838497033619,0.5696030977734753,0.23249299719887956,0.259375,0.24519940915805022,0.5934343434343434,0.5686630369026013,0.5807846771702193,0.0,0.0,0.0,0.5080291970802919,0.44644002565747276,0.4752475247524752,0.06926406926406926,0.061068702290076333,0.06490872210953347
3,CountVectorizer,DecisionTree,"{'criterion': 'entropy', 'max_features': 'log2'}",0.313251155624037,1.810507900081575,1.2299165999284014,822.8046875,829.4453125,0.5555035128805621,0.7818061964403428,0.6495071193866374,0.14814814814814814,0.0375,0.059850374064837904,0.38178096212896623,0.676950998185118,0.4882198952879581,0.0,0.0,0.0,0.44798500468603564,0.30660679923027584,0.36405178979436403,0.15517241379310345,0.03435114503816794,0.05625
3,CountVectorizer,DecisionTree,"{'criterion': 'entropy', 'max_features': None}",0.399537750385208,1.0199789999751374,1.2226949000032619,822.796875,829.4140625,0.5726216412490922,0.51977587343441,0.5449205252246027,0.2532299741602067,0.30625,0.27722772277227725,0.40342960288808666,0.5408348457350273,0.46213491858361333,0.027777777777777776,0.011363636363636364,0.016129032258064516,0.3262316910785619,0.47145606157793457,0.38562434417628544,0.021026072329688814,0.09541984732824428,0.03445899379738112
3,CountVectorizer,DecisionTree,"{'criterion': 'log_loss', 'max_features': 'sqrt'}",0.4773497688751926,1.8234045999124646,1.227520399959758,822.796875,829.4375,0.6902862505865791,0.484838497033619,0.5696030977734753,0.23249299719887956,0.259375,0.24519940915805022,0.5934343434343434,0.5686630369026013,0.5807846771702193,0.0,0.0,0.0,0.5080291970802919,0.44644002565747276,0.4752475247524752,0.06926406926406926,0.061068702290076333,0.06490872210953347
3,CountVectorizer,DecisionTree,"{'criterion': 'log_loss', 'max_features': 'log2'}",0.313251155624037,1.7994894000003114,1.2234101999783888,822.796875,829.4140625,0.5555035128805621,0.7818061964403428,0.6495071193866374,0.14814814814814814,0.0375,0.059850374064837904,0.38178096212896623,0.676950998185118,0.4882198952879581,0.0,0.0,0.0,0.44798500468603564,0.30660679923027584,0.36405178979436403,0.15517241379310345,0.03435114503816794,0.05625
3,CountVectorizer,DecisionTree,"{'criterion': 'log_loss', 'max_features': None}",0.399537750385208,1.0098042999161407,1.2206838000565767,822.796875,829.4375,0.5726216412490922,0.51977587343441,0.5449205252246027,0.2532299741602067,0.30625,0.27722772277227725,0.40342960288808666,0.5408348457350273,0.46213491858361333,0.027777777777777776,0.011363636363636364,0.016129032258064516,0.3262316910785619,0.47145606157793457,0.38562434417628544,0.021026072329688814,0.09541984732824428,0.03445899379738112
3,CountVectorizer,GradientBoosting,"{'estimator__n_estimators': 100, 'estimator__criterion': 'friedman_mse'}",0.40231124807395996,1.8504336000187322,1.2781050000339746,829.4375,829.0859375,0.6730601569311246,0.5088991430454846,0.5795795795795796,0.2867647058823529,0.24375,0.2635135135135135,0.42507492507492506,0.514821536600121,0.4656634746922025,0.0,0.0,0.0,0.32038834951456313,0.423348300192431,0.364741641337386,0.1444866920152091,0.1450381679389313,0.14476190476190476
3,CountVectorizer,GradientBoosting,"{'estimator__n_estimators': 100, 'estimator__criterion': 'squared_error'}",0.40215716486902925,1.8426127000711858,1.286562000052072,829.0859375,829.09375,0.6585987261146496,0.511206328279499,0.5756169975876786,0.286231884057971,0.246875,0.2651006711409396,0.4149560117302053,0.5136116152450091,0.45904298459042986,0.0,0.0,0.0,0.32108317214700194,0.42591404746632455,0.366142817755721,0.14979757085020243,0.14122137404580154,0.14538310412573674
3,CountVectorizer,GradientBoosting,"{'estimator__n_estimators': 150, 'estimator__criterion': 'friedman_mse'}",0.4029275808936826,2.4742056999821216,1.3006250000325963,829.09375,829.0546875,0.6804347826086956,0.515820698747528,0.5868016497937758,0.2744479495268139,0.271875,0.2731554160125589,0.4214426877470356,0.5160314579552329,0.46396518901278216,0.09090909090909091,0.022727272727272728,0.03636363636363636,0.32548076923076924,0.4342527261064785,0.3720802418246771,0.15352697095435686,0.14122137404580154,0.147117296222664
3,CountVectorizer,GradientBoosting,"{'estimator__n_estimators': 150, 'estimator__criterion': 'squared_error'}",0.4001540832049307,2.4459017999470234,1.30735569994431,829.0546875,829.140625,0.6505466778805719,0.509887936717205,0.5716925351071692,0.2867647058823529,0.24375,0.2635135135135135,0.42778057372924005,0.514216575922565,0.46703296703296704,0.09090909090909091,0.022727272727272728,0.03636363636363636,0.32636579572446556,0.4406670942912123,0.375,0.15289256198347106,0.14122137404580154,0.14682539682539683
3,CountVectorizer,GradientBoosting,"{'estimator__n_estimators': 200, 'estimator__criterion': 'friedman_mse'}",0.40092449922958395,3.0623491998994723,1.326516899978742,829.140625,829.16796875,0.6460396039603961,0.5161502966381015,0.5738365701722242,0.28134556574923547,0.2875,0.28438948995363217,0.42388059701492536,0.515426497277677,0.4651924651924652,0.05263157894736842,0.011363636363636364,0.018691588785046728,0.32338551859099807,0.4239897370109044,0.3669164585067999,0.15481171548117154,0.14122137404580154,0.14770459081836326
3,CountVectorizer,GradientBoosting,"{'estimator__n_estimators': 200, 'estimator__criterion': 'squared_error'}",0.4024653312788906,3.0560622999910265,1.3241710000438616,829.16796875,829.25390625,0.6634615384615384,0.523071852340145,0.58496129745669,0.278125,0.278125,0.278125,0.42521260630315155,0.514216575922565,0.4654983570646221,0.058823529411764705,0.011363636363636364,0.01904761904761905,0.3252190847127556,0.4284797947402181,0.3697758095765292,0.15352697095435686,0.14122137404580154,0.147117296222664
3,CountVectorizer,AdaBoost,"{'estimator__n_estimators': 50, 'estimator__learning_rate': 0.01}",0.5354391371340523,0.9988836999982595,0.7878016999457031,829.25390625,829.109375,0.9749687108886108,0.25675675675675674,0.4064701278372032,0.35555555555555557,0.1,0.15609756097560976,0.9380863039399625,0.3024803387779794,0.45745654162854527,0.05405405405405406,0.022727272727272728,0.032,0.6844036697247706,0.23925593329057088,0.35456273764258556,0.25,0.022900763358778626,0.04195804195804196
3,CountVectorizer,AdaBoost,"{'estimator__n_estimators': 50, 'estimator__learning_rate': 0.1}",0.4519260400616333,0.9920555000426248,0.7952503999695182,829.109375,828.90234375,0.6585503963759909,0.3833223467369809,0.4845833333333333,0.35294117647058826,0.13125,0.19134396355353075,0.568135593220339,0.5069570477918935,0.5358056265984654,0.058823529411764705,0.011363636363636364,0.01904761904761905,0.6475694444444444,0.23925593329057088,0.34941451990632316,0.17045454545454544,0.05725190839694656,0.08571428571428572
3,CountVectorizer,AdaBoost,"{'estimator__n_estimators': 50, 'estimator__learning_rate': 1.0}",0.31402157164869027,0.9903561000246555,0.8124311999417841,828.90234375,828.89453125,0.5810905686871051,0.8183915622940013,0.6796222800054742,0.277602523659306,0.275,0.27629513343799056,0.4420289855072464,0.5904416212946159,0.5055685055685055,0.0,0.0,0.0,0.44377630787733013,0.4733803720333547,0.4581005586592179,0.05252317198764161,0.1946564885496183,0.0827250608272506
3,CountVectorizer,AdaBoost,"{'estimator__n_estimators': 100, 'estimator__learning_rate': 0.01}",0.5348228043143297,1.5099385000066832,0.9677708999952301,828.890625,828.90234375,0.9647964796479648,0.2890573500329598,0.44483895511032207,0.35555555555555557,0.1,0.15609756097560976,0.9357923497267759,0.4143980641258318,0.5744234800838575,0.024390243902439025,0.011363636363636364,0.015503875968992248,0.6230769230769231,0.05195638229634381,0.09591474245115453,0.22727272727272727,0.019083969465648856,0.035211267605633804
3,CountVectorizer,AdaBoost,"{'estimator__n_estimators': 100, 'estimator__learning_rate': 0.1}",0.3617873651771957,1.5040675000054762,0.9850197000196204,828.90234375,828.921875,0.6043742405832321,0.8197099538562953,0.6957616449853127,0.37209302325581395,0.15,0.21380846325167038,0.5890784982935153,0.5220810647307925,0.5535599743425272,0.03125,0.011363636363636364,0.016666666666666666,0.6734955185659411,0.3373957665169981,0.4495726495726496,0.048204158790170135,0.1946564885496183,0.07727272727272727
3,CountVectorizer,AdaBoost,"{'estimator__n_estimators': 100, 'estimator__learning_rate': 1.0}",0.3459167950693374,1.5046998000470921,0.975487899966538,828.921875,828.96484375,0.6247024596667549,0.7785102175346078,0.6931768158473954,0.2640449438202247,0.29375,0.2781065088757396,0.47373402744912446,0.6055656382335148,0.5315985130111525,0.0,0.0,0.0,0.5664179104477612,0.4868505452212957,0.5236288375301829,0.20212765957446807,0.1450381679389313,0.1688888888888889
3,CountVectorizer,AdaBoost,"{'estimator__n_estimators': 150, 'estimator__learning_rate': 0.01}",0.5399075500770416,2.02835929999128,1.1447486000834033,828.96484375,828.99609375,0.9620653319283456,0.3009228740936058,0.4584484057243284,0.35555555555555557,0.1,0.15609756097560976,0.9357923497267759,0.4143980641258318,0.5744234800838575,0.029411764705882353,0.011363636363636364,0.01639344262295082,0.7142857142857143,0.09300833867864015,0.16458569807037457,0.25,0.022900763358778626,0.04195804195804196
3,CountVectorizer,AdaBoost,"{'estimator__n_estimators': 150, 'estimator__learning_rate': 0.1}",0.4548536209553159,2.0337329000467435,1.1443440000293776,828.99609375,829.078125,0.6931079323797139,0.527027027027027,0.598764276352743,0.42735042735042733,0.15625,0.2288329519450801,0.5975609756097561,0.5632183908045977,0.5798816568047337,0.03125,0.011363636363636364,0.016666666666666666,0.654158215010142,0.4137267479153303,0.5068762278978389,0.09865470852017937,0.16793893129770993,0.12429378531073447
3,CountVectorizer,AdaBoost,"{'estimator__n_estimators': 150, 'estimator__learning_rate': 1.0}",0.35701078582434514,2.024318699957803,1.14236349996645,829.078125,829.24609375,0.6175863847343992,0.7893869479235333,0.6929976851851852,0.3128491620111732,0.35,0.3303834808259587,0.5233243967828418,0.5904416212946159,0.5548607163160887,0.05263157894736842,0.011363636363636364,0.018691588785046728,0.579321231254933,0.4708146247594612,0.5194621372965322,0.13310580204778158,0.14885496183206107,0.14054054054054055
3,CountVectorizer,SGD,"{'estimator__alpha': 0.0001, 'estimator__penalty': 'l2'}",0.3580893682588598,1.816992099978961,1.2221787000307813,822.8671875,829.5078125,0.6555303276029841,0.6661173368490442,0.6607814288049697,0.22477064220183487,0.30625,0.25925925925925924,0.5009596928982726,0.631578947368421,0.5587369547765587,0.21621621621621623,0.09090909090909091,0.128,0.40077821011673154,0.5285439384220654,0.45587828492392807,0.1023936170212766,0.29389312977099236,0.15187376725838264
3,CountVectorizer,SGD,"{'estimator__alpha': 0.0001, 'estimator__penalty': 'l1'}",0.38505392912172576,1.8155405999859795,1.2188187000574544,822.8671875,829.1171875,0.6270353302611367,0.6727092946605142,0.6490698044204166,0.25,0.2875,0.26744186046511625,0.5288118306986231,0.6273442226255294,0.57387935805202,0.1509433962264151,0.09090909090909091,0.11347517730496454,0.47248576850094876,0.47915330339961515,0.47579617834394905,0.11908396946564885,0.29770992366412213,0.17011995637949837
3,CountVectorizer,SGD,"{'estimator__alpha': 0.0001, 'estimator__penalty': 'elasticnet'}",0.38305084745762713,1.8179200999438763,1.2246810999931768,822.8671875,829.5078125,0.708183776022972,0.6502966381015162,0.6780068728522337,0.1882591093117409,0.290625,0.2285012285012285,0.5072974333165576,0.6098003629764065,0.5538461538461539,0.1095890410958904,0.09090909090909091,0.09937888198757763,0.43016463090812534,0.5195638229634381,0.4706565950029053,0.08542713567839195,0.1946564885496183,0.11874272409778813
3,CountVectorizer,SGD,"{'estimator__alpha': 0.001, 'estimator__penalty': 'l2'}",0.45238828967642525,1.8220168000552803,1.2251832999754697,822.8671875,829.1171875,0.7241254958528669,0.6618325642715887,0.6915791286378509,0.38190954773869346,0.2375,0.2928709055876686,0.5644344400675295,0.6067755595886267,0.5848396501457725,0.0,0.0,0.0,0.5792400370713624,0.40089801154586274,0.47384382107657314,0.12285012285012285,0.19083969465648856,0.14947683109118087
3,CountVectorizer,SGD,"{'estimator__alpha': 0.001, 'estimator__penalty': 'l1'}",0.30970724191063176,1.838353700004518,1.221265299944207,822.8671875,829.5078125,0.5955678670360111,0.7086354647330257,0.6472004816375677,0.27325581395348836,0.29375,0.28313253012048195,0.4753246753246753,0.6642468239564429,0.5541256623769871,0.03076923076923077,0.022727272727272728,0.026143790849673203,0.45459672870840384,0.5169980756895446,0.4837935174069628,0.06760204081632654,0.20229007633587787,0.10133843212237094
3,CountVectorizer,SGD,"{'estimator__alpha': 0.001, 'estimator__penalty': 'elasticnet'}",0.42357473035439136,1.8253303000237793,1.243716900004074,822.8671875,829.1171875,0.6589414343877231,0.6934739617666447,0.675766821904609,0.34024896265560167,0.25625,0.29233511586452765,0.559016393442623,0.6188747731397459,0.5874246339362619,0.0,0.0,0.0,0.5180545320560059,0.4509300833867864,0.4821673525377229,0.12624584717607973,0.1450381679389313,0.1349911190053286
3,CountVectorizer,SGD,"{'estimator__alpha': 0.01, 'estimator__penalty': 'l2'}",0.48412942989214175,1.8358651000307873,1.2275392999872565,822.8671875,829.5078125,0.6873735914475585,0.7841133816743573,0.7325635103926097,0.453125,0.18125,0.25892857142857145,0.7030438010393467,0.572897761645493,0.6313333333333333,0.0,0.0,0.0,0.5624024960998439,0.46247594611930726,0.5075677578317493,0.1346153846153846,0.10687022900763359,0.11914893617021277
3,CountVectorizer,SGD,"{'estimator__alpha': 0.01, 'estimator__penalty': 'l1'}",0.42234206471494606,1.8525004999246448,1.2260195000562817,822.8671875,829.1171875,0.6528960817717206,0.505273566249176,0.5696767001114827,0.4444444444444444,0.0625,0.1095890410958904,0.4838538909475913,0.5529340592861464,0.5160926030491247,0.0,0.0,0.0,0.35791610284167796,0.3393200769724182,0.34837010207441554,1.0,0.003816793893129771,0.0076045627376425855
3,CountVectorizer,SGD,"{'estimator__alpha': 0.01, 'estimator__penalty': 'elasticnet'}",0.4403697996918336,1.8432656999211758,1.225398699985817,822.8671875,829.5078125,0.6546489563567363,0.7959789057350033,0.7184292726461401,0.5194805194805194,0.125,0.20151133501259447,0.5578069129916567,0.5662431941923775,0.5619933953767637,0.0,0.0,0.0,0.4955570745044429,0.4650416933932008,0.4798146922567836,0.06373626373626373,0.11068702290076336,0.08089260808926081
5,TfidfVectorizer,RandomForest,"{'n_estimators': 50, 'criterion': 'gini'}",0.5337442218798151,1.1245549999875948,1.352607399923727,822.9609375,828.8125,0.7575306805503905,0.6713909030982201,0.711864406779661,0.6153846153846154,0.025,0.04804804804804805,0.8988372093023256,0.4676346037507562,0.6152009550338241,0.0,0.0,0.0,0.713128038897893,0.28223220012828737,0.40441176470588236,1.0,0.007633587786259542,0.015151515151515152
5,TfidfVectorizer,RandomForest,"{'n_estimators': 50, 'criterion': 'entropy'}",0.5325115562403698,1.1507825000444427,1.3271672000410035,822.12109375,828.69921875,0.7671290458175704,0.6015161502966381,0.6743026048401995,0.8181818181818182,0.028125,0.054380664652567974,0.8985313751668892,0.4071385359951603,0.5603663613655288,0.0,0.0,0.0,0.7610441767068273,0.24310455420141117,0.3684978123480797,1.0,0.007633587786259542,0.015151515151515152
5,TfidfVectorizer,RandomForest,"{'n_estimators': 50, 'criterion': 'log_loss'}",0.5325115562403698,1.1581306000007316,1.330304800067097,822.23046875,828.890625,0.7671290458175704,0.6015161502966381,0.6743026048401995,0.8181818181818182,0.028125,0.054380664652567974,0.8985313751668892,0.4071385359951603,0.5603663613655288,0.0,0.0,0.0,0.7610441767068273,0.24310455420141117,0.3684978123480797,1.0,0.007633587786259542,0.015151515151515152
5,TfidfVectorizer,RandomForest,"{'n_estimators': 100, 'criterion': 'gini'}",0.5309707241910632,1.3204592999536544,0.7183303999481723,822.515625,828.83203125,0.7658823529411765,0.6437046802900461,0.6994985673352435,0.5454545454545454,0.01875,0.03625377643504532,0.9045161290322581,0.4240774349667272,0.5774299835255354,0.0,0.0,0.0,0.7172131147540983,0.22450288646568314,0.3419638495359062,0.0,0.0,0.0
5,TfidfVectorizer,RandomForest,"{'n_estimators': 100, 'criterion': 'entropy'}",0.5274268104776579,0.6872013999382034,0.716171000036411,828.83203125,828.6171875,0.7571142284569138,0.6226104152933422,0.6833062036534635,0.6666666666666666,0.01875,0.0364741641337386,0.8588957055214724,0.42347247428917123,0.5672609400324149,0.0,0.0,0.0,0.7450592885375494,0.2418216805644644,0.36513317191283295,0.0,0.0,0.0
5,TfidfVectorizer,RandomForest,"{'n_estimators': 100, 'criterion': 'log_loss'}",0.5274268104776579,0.68528370000422,0.7097375000594184,828.6171875,828.8671875,0.7571142284569138,0.6226104152933422,0.6833062036534635,0.6666666666666666,0.01875,0.0364741641337386,0.8588957055214724,0.42347247428917123,0.5672609400324149,0.0,0.0,0.0,0.7450592885375494,0.2418216805644644,0.36513317191283295,0.0,0.0,0.0
5,TfidfVectorizer,RandomForest,"{'n_estimators': 150, 'criterion': 'gini'}",0.5315870570107858,0.7549078000010923,0.7722160000121221,829.07421875,829.40625,0.7675350701402806,0.6311799604482531,0.6927111593416531,0.5384615384615384,0.021875,0.042042042042042045,0.8870967741935484,0.4325468844525106,0.5815372102480684,0.0,0.0,0.0,0.7360824742268042,0.2289929441949968,0.3493150684931507,1.0,0.003816793893129771,0.0076045627376425855
5,TfidfVectorizer,RandomForest,"{'n_estimators': 150, 'criterion': 'entropy'}",0.5315870570107858,0.8003695000661537,0.7649118000408635,829.4296875,829.078125,0.7635847526358476,0.6206328279499012,0.6847272727272727,0.5454545454545454,0.01875,0.03625377643504532,0.9017264276228419,0.4107683000604961,0.5644222776392352,0.0,0.0,0.0,0.7619047619047619,0.23604874919820398,0.3604309500489716,1.0,0.003816793893129771,0.0076045627376425855
5,TfidfVectorizer,RandomForest,"{'n_estimators': 150, 'criterion': 'log_loss'}",0.5315870570107858,0.8046334000537172,0.7632949999533594,829.45703125,828.94140625,0.7635847526358476,0.6206328279499012,0.6847272727272727,0.5454545454545454,0.01875,0.03625377643504532,0.9017264276228419,0.4107683000604961,0.5644222776392352,0.0,0.0,0.0,0.7619047619047619,0.23604874919820398,0.3604309500489716,1.0,0.003816793893129771,0.0076045627376425855
5,TfidfVectorizer,SVC,"{'estimator__C': 0.1, 'estimator__kernel': 'linear'}",0.5047765793528506,0.9939426999771968,1.1373015000717714,828.95703125,829.17578125,0.0,0.0,0.0,0.0,0.0,0.0,0.0,0.0,0.0,0.0,0.0,0.0,0.0,0.0,0.0,0.0,0.0,0.0
5,TfidfVectorizer,SVC,"{'estimator__C': 0.1, 'estimator__kernel': 'rbf'}",0.5047765793528506,1.021845699986443,1.5177449999609962,822.87109375,829.3984375,0.0,0.0,0.0,0.0,0.0,0.0,0.0,0.0,0.0,0.0,0.0,0.0,0.0,0.0,0.0,0.0,0.0,0.0
5,TfidfVectorizer,SVC,"{'estimator__C': 0.1, 'estimator__kernel': 'sigmoid'}",0.5047765793528506,1.0027284999378026,1.1061461999779567,823.48046875,829.1796875,0.0,0.0,0.0,0.0,0.0,0.0,0.0,0.0,0.0,0.0,0.0,0.0,0.0,0.0,0.0,0.0,0.0,0.0
5,TfidfVectorizer,SVC,"{'estimator__C': 1, 'estimator__kernel': 'linear'}",0.5548536209553159,1.0042085000313818,1.1447327999630943,824.69140625,829.4140625,0.7892215568862275,0.6516150296638101,0.7138472648492508,0.625,0.015625,0.03048780487804878,0.8758949880668258,0.4440411373260738,0.5893215576073866,0.0,0.0,0.0,0.7736434108527132,0.3200769724182168,0.4528130671506352,0.5,0.015267175572519083,0.02962962962962963
5,TfidfVectorizer,SVC,"{'estimator__C': 1, 'estimator__kernel': 'rbf'}",0.538366718027735,1.0293910999316722,1.5595185999991372,822.8984375,829.2109375,0.9088507265521797,0.4535266974291364,0.6051011433597185,0.0,0.0,0.0,0.9929577464788732,0.1705989110707804,0.29117191533298914,0.0,0.0,0.0,0.8681318681318682,0.05067350865939705,0.09575757575757576,0.0,0.0,0.0
5,TfidfVectorizer,SVC,"{'estimator__C': 1, 'estimator__kernel': 'sigmoid'}",0.5563944530046225,1.0011821000371128,1.1090979999862611,824.71484375,829.44921875,0.8141862489120975,0.6166776532630192,0.7018004501125281,0.0,0.0,0.0,0.9018324607329843,0.41681790683605563,0.5701282581712868,0.0,0.0,0.0,0.785063752276867,0.2764592687620269,0.4089184060721063,0.3333333333333333,0.007633587786259542,0.014925373134328358
5,TfidfVectorizer,SVC,"{'estimator__C': 10, 'estimator__kernel': 'linear'}",0.5315870570107858,1.0048589000944048,1.158885300043039,822.94921875,829.25390625,0.7539511494252874,0.6918259723137772,0.7215537985562048,0.3701657458563536,0.209375,0.26746506986027946,0.708433734939759,0.5335753176043557,0.6086956521739131,0.0,0.0,0.0,0.6704119850187266,0.45926876202694034,0.5451084887704606,0.3617021276595745,0.1297709923664122,0.19101123595505617
5,TfidfVectorizer,SVC,"{'estimator__C': 10, 'estimator__kernel': 'rbf'}",0.5556240369799692,1.0268716000718996,1.5587982999859378,822.9453125,829.48046875,0.8237866200262353,0.6209624258404747,0.708137568126292,0.5789473684210527,0.034375,0.06489675516224189,0.9283216783216783,0.32123411978221417,0.47730337078651686,0.0,0.0,0.0,0.8436657681940701,0.20076972418216807,0.3243523316062176,0.5555555555555556,0.019083969465648856,0.03690036900369004
5,TfidfVectorizer,SVC,"{'estimator__C': 10, 'estimator__kernel': 'sigmoid'}",0.5020030816640986,1.0023571000201628,1.0815055000130087,824.76171875,829.515625,0.7300930713547052,0.6980883322346737,0.7137320977253581,0.35144927536231885,0.303125,0.32550335570469796,0.6457516339869281,0.5977011494252874,0.6207979893182533,0.3333333333333333,0.011363636363636364,0.02197802197802198,0.582314881380302,0.5195638229634381,0.5491525423728814,0.22660098522167488,0.17557251908396945,0.1978494623655914
5,TfidfVectorizer,MultinomialNB,{'estimator__alpha': 0.01},0.5409861325115563,1.8202005999628454,1.225600800011307,823.21484375,829.59375,0.7946319642130948,0.6440342781806196,0.7114509375568906,0.4117647058823529,0.175,0.24561403508771928,0.6961926961926962,0.5420447670901392,0.6095238095238096,0.25,0.011363636363636364,0.021739130434782608,0.6444444444444445,0.4278383579217447,0.5142636854279106,0.26744186046511625,0.08778625954198473,0.13218390804597702
5,TfidfVectorizer,MultinomialNB,{'estimator__alpha': 0.1},0.5542372881355933,1.8180726999416947,1.2317856999579817,822.94921875,829.32421875,0.7826714801444044,0.7145682267633487,0.7470709855272226,0.625,0.015625,0.03048780487804878,0.7736699729486023,0.5190562613430127,0.6212889210716872,0.0,0.0,0.0,0.70875,0.3636946760744067,0.4807121661721068,0.42857142857142855,0.022900763358778626,0.043478260869565216
5,TfidfVectorizer,MultinomialNB,{'estimator__alpha': 1.0},0.5389830508474577,1.8254848000360653,1.2255029999651015,822.93359375,829.55859375,0.8574153552694326,0.5926170072511536,0.7008380432664199,0.0,0.0,0.0,0.9955555555555555,0.1355111917725348,0.23855165069222578,0.0,0.0,0.0,0.8947368421052632,0.010904425914047467,0.021546261089987327,0.0,0.0,0.0
5,TfidfVectorizer,LogisticRegression,"{'estimator__C': 0.1, 'estimator__penalty': 'l2'}",0.5047765793528506,1.400296299951151,1.2318302999483421,823.53125,829.3125,1.0,0.05702043506921556,0.10788899282818834,0.0,0.0,0.0,0.0,0.0,0.0,0.0,0.0,0.0,0.0,0.0,0.0,0.0,0.0,0.0
5,TfidfVectorizer,LogisticRegression,"{'estimator__C': 1, 'estimator__penalty': 'l2'}",0.5395993836671803,1.4305278999963775,1.2217314000008628,823.265625,829.30078125,0.8833883388338833,0.5293342122610415,0.6619950535861501,0.0,0.0,0.0,1.0,0.13490623109497882,0.23773987206823027,0.0,0.0,0.0,0.8301886792452831,0.028223220012828735,0.05459057071960298,0.0,0.0,0.0
5,TfidfVectorizer,LogisticRegression,"{'estimator__C': 10, 'estimator__penalty': 'l2'}",0.5574730354391372,1.4653910999186337,1.2687485999194905,823.26953125,829.30078125,0.7952941176470588,0.6684245220830587,0.7263610315186246,0.59375,0.059375,0.10795454545454546,0.8867438867438867,0.41681790683605563,0.5670781893004115,0.0,0.0,0.0,0.8143939393939394,0.2758178319435536,0.4120747484427408,1.0,0.003816793893129771,0.0076045627376425855
5,TfidfVectorizer,KNeighbors,"{'n_neighbors': 3, 'algorithm': 'ball_tree'}",0.48166409861325116,1.801095600007102,1.2971487001050264,822.671875,854.80078125,0.6934372190590351,0.7626895187870798,0.7264165751059488,0.3096446700507614,0.190625,0.23597678916827852,0.6020350480497456,0.6442831215970962,0.6224430157802455,0.0,0.0,0.0,0.5140350877192983,0.5638229634381013,0.5377791373508718,0.15306122448979592,0.1717557251908397,0.1618705035971223
5,TfidfVectorizer,KNeighbors,"{'n_neighbors': 3, 'algorithm': 'kd_tree'}",0.48166409861325116,1.808715600054711,1.2899853000417352,822.671875,845.921875,0.6934372190590351,0.7626895187870798,0.7264165751059488,0.3096446700507614,0.190625,0.23597678916827852,0.6020350480497456,0.6442831215970962,0.6224430157802455,0.0,0.0,0.0,0.5140350877192983,0.5638229634381013,0.5377791373508718,0.15306122448979592,0.1717557251908397,0.1618705035971223
5,TfidfVectorizer,KNeighbors,"{'n_neighbors': 3, 'algorithm': 'brute'}",0.48166409861325116,1.8000521000940353,1.3032469999743626,822.67578125,846.77734375,0.6934372190590351,0.7626895187870798,0.7264165751059488,0.3096446700507614,0.190625,0.23597678916827852,0.6020350480497456,0.6442831215970962,0.6224430157802455,0.0,0.0,0.0,0.5140350877192983,0.5638229634381013,0.5377791373508718,0.15306122448979592,0.1717557251908397,0.1618705035971223
5,TfidfVectorizer,KNeighbors,"{'n_neighbors': 5, 'algorithm': 'ball_tree'}",0.5061633281972265,1.8101845000637695,1.299381099990569,822.67578125,857.515625,0.7086687306501548,0.7544495715227423,0.7308429118773946,0.4095238095238095,0.134375,0.2023529411764706,0.6467977171845276,0.617059891107078,0.631578947368421,0.0,0.0,0.0,0.5583011583011583,0.463758819756254,0.5066573230553609,0.08673469387755102,0.0648854961832061,0.07423580786026202
5,TfidfVectorizer,KNeighbors,"{'n_neighbors': 5, 'algorithm': 'kd_tree'}",0.5061633281972265,1.8042454000096768,1.302189699956216,822.67578125,857.80859375,0.7086687306501548,0.7544495715227423,0.7308429118773946,0.4095238095238095,0.134375,0.2023529411764706,0.6467977171845276,0.617059891107078,0.631578947368421,0.0,0.0,0.0,0.5583011583011583,0.463758819756254,0.5066573230553609,0.08673469387755102,0.0648854961832061,0.07423580786026202
5,TfidfVectorizer,KNeighbors,"{'n_neighbors': 5, 'algorithm': 'brute'}",0.5061633281972265,1.8033583000069484,1.2937442000256851,822.67578125,853.89453125,0.7086687306501548,0.7544495715227423,0.7308429118773946,0.4095238095238095,0.134375,0.2023529411764706,0.6467977171845276,0.617059891107078,0.631578947368421,0.0,0.0,0.0,0.5583011583011583,0.463758819756254,0.5066573230553609,0.08673469387755102,0.0648854961832061,0.07423580786026202
5,TfidfVectorizer,KNeighbors,"{'n_neighbors': 7, 'algorithm': 'ball_tree'}",0.5077041602465331,1.8050806000828743,1.309821299975738,822.67578125,848.77734375,0.711580940359735,0.7432432432432432,0.7270675479606642,0.4,0.08125,0.13506493506493505,0.6767605633802817,0.5813672111312764,0.6254474454930036,0.0,0.0,0.0,0.587274290627687,0.4381013470173188,0.5018368846436444,0.07377049180327869,0.03435114503816794,0.046875
5,TfidfVectorizer,KNeighbors,"{'n_neighbors': 7, 'algorithm': 'kd_tree'}",0.5077041602465331,1.8175846999511123,1.3041555000236258,822.67578125,859.296875,0.711580940359735,0.7432432432432432,0.7270675479606642,0.4,0.08125,0.13506493506493505,0.6767605633802817,0.5813672111312764,0.6254474454930036,0.0,0.0,0.0,0.587274290627687,0.4381013470173188,0.5018368846436444,0.07377049180327869,0.03435114503816794,0.046875
5,TfidfVectorizer,KNeighbors,"{'n_neighbors': 7, 'algorithm': 'brute'}",0.5077041602465331,1.8266077000880614,1.3247205999214202,822.67578125,846.421875,0.711580940359735,0.7432432432432432,0.7270675479606642,0.4,0.08125,0.13506493506493505,0.6767605633802817,0.5813672111312764,0.6254474454930036,0.0,0.0,0.0,0.587274290627687,0.4381013470173188,0.5018368846436444,0.07377049180327869,0.03435114503816794,0.046875
5,TfidfVectorizer,DecisionTree,"{'criterion': 'gini', 'max_features': 'sqrt'}",0.40662557781201847,1.818277299986221,1.229779600049369,822.67578125,829.4375,0.6023031601499732,0.7412656558998022,0.664598108747045,0.19318181818181818,0.159375,0.17465753424657535,0.6176470588235294,0.44464609800362975,0.5170594442490327,0.0,0.0,0.0,0.4796099290780142,0.3470173187940988,0.4026795682917752,0.15584415584415584,0.13740458015267176,0.1460446247464503
5,TfidfVectorizer,DecisionTree,"{'criterion': 'gini', 'max_features': 'log2'}",0.40539291217257317,1.8056708000367507,1.2363769999938086,822.67578125,829.4375,0.555357936860827,0.4116677653263019,0.47283740299072496,0.3333333333333333,0.084375,0.13466334164588528,0.3227808814400993,0.3145795523290986,0.31862745098039214,0.0,0.0,0.0,0.48,0.19243104554201412,0.27472527472527475,0.125,0.1297709923664122,0.12734082397003746
5,TfidfVectorizer,DecisionTree,"{'criterion': 'gini', 'max_features': None}",0.3889060092449923,1.0388851000461727,1.2255897999275476,822.67578125,829.4375,0.5787557908669755,0.5764667106130521,0.5776089828269485,0.2597402597402597,0.1875,0.2177858439201452,0.41966129698471705,0.6146400483968542,0.498772704958272,0.0,0.0,0.0,0.33065279091769156,0.4483643361128929,0.38061530084399675,0.0225752508361204,0.10305343511450382,0.037037037037037035
5,TfidfVectorizer,DecisionTree,"{'criterion': 'entropy', 'max_features': 'sqrt'}",0.4218798151001541,1.8221432999707758,1.229577900026925,822.67578125,829.4375,0.6090286174929463,0.498022412656559,0.5479601087941977,0.18811881188118812,0.11875,0.14559386973180077,0.5302104548540394,0.4724742891712039,0.4996801023672425,0.0,0.0,0.0,0.4575799721835883,0.4220654265554843,0.43910577243910576,0.06581352833638025,0.13740458015267176,0.08899876390605686
5,TfidfVectorizer,DecisionTree,"{'criterion': 'entropy', 'max_features': 'log2'}",0.3354391371340524,1.8101652000332251,1.237504499964416,822.67578125,829.4375,0.5575698187163155,0.7501647989452868,0.6396852164137156,0.21374045801526717,0.2625,0.23562412342215988,0.3569042316258352,0.3877797943133696,0.3717019425920557,0.0,0.0,0.0,0.2916160388821385,0.3078896728672226,0.2995319812792512,0.04882154882154882,0.11068702290076336,0.06775700934579439
5,TfidfVectorizer,DecisionTree,"{'criterion': 'entropy', 'max_features': None}",0.38613251155624034,1.0435196999460459,1.2275690999813378,822.67578125,829.4375,0.573255010366275,0.5468029004614371,0.5597165991902834,0.09541984732824428,0.15625,0.11848341232227488,0.4212233549582947,0.5499092558983666,0.4770401469430596,0.0,0.0,0.0,0.33798748194511313,0.450288646568313,0.38613861386138615,0.021114864864864864,0.09541984732824428,0.034578146611341634
5,TfidfVectorizer,DecisionTree,"{'criterion': 'log_loss', 'max_features': 'sqrt'}",0.4218798151001541,1.8350725999334827,1.2349711999995634,822.67578125,829.4375,0.6090286174929463,0.498022412656559,0.5479601087941977,0.18811881188118812,0.11875,0.14559386973180077,0.5302104548540394,0.4724742891712039,0.4996801023672425,0.0,0.0,0.0,0.4575799721835883,0.4220654265554843,0.43910577243910576,0.06581352833638025,0.13740458015267176,0.08899876390605686
5,TfidfVectorizer,DecisionTree,"{'criterion': 'log_loss', 'max_features': 'log2'}",0.3354391371340524,1.8153317000251263,1.2269758000038564,822.66796875,829.4296875,0.5575698187163155,0.7501647989452868,0.6396852164137156,0.21374045801526717,0.2625,0.23562412342215988,0.3569042316258352,0.3877797943133696,0.3717019425920557,0.0,0.0,0.0,0.2916160388821385,0.3078896728672226,0.2995319812792512,0.04882154882154882,0.11068702290076336,0.06775700934579439
5,TfidfVectorizer,DecisionTree,"{'criterion': 'log_loss', 'max_features': None}",0.38613251155624034,1.0367184999631718,1.2288880998967215,822.66796875,829.4296875,0.573255010366275,0.5468029004614371,0.5597165991902834,0.09541984732824428,0.15625,0.11848341232227488,0.4212233549582947,0.5499092558983666,0.4770401469430596,0.0,0.0,0.0,0.33798748194511313,0.450288646568313,0.38613861386138615,0.021114864864864864,0.09541984732824428,0.034578146611341634
5,TfidfVectorizer,GradientBoosting,"{'estimator__n_estimators': 100, 'estimator__criterion': 'friedman_mse'}",0.39322033898305087,2.0253120999550447,1.2831258999649435,829.4296875,829.296875,0.6838893409275834,0.5540540540540541,0.612163146394756,0.2670807453416149,0.26875,0.26791277258566976,0.42233940556088206,0.5329703569267997,0.4712489970580369,0.0,0.0,0.0,0.31219272369714846,0.40731237973059653,0.3534650709713332,0.040457343887423045,0.17557251908396945,0.06576125804145819
5,TfidfVectorizer,GradientBoosting,"{'estimator__n_estimators': 100, 'estimator__criterion': 'squared_error'}",0.3879815100154083,2.0182642999570817,1.3096643999451771,829.296875,829.109375,0.658102766798419,0.5487804878048781,0.598490294751977,0.23651452282157676,0.178125,0.20320855614973263,0.4219875180028805,0.5317604355716878,0.47055674518201285,0.3,0.20454545454545456,0.24324324324324326,0.30874450415241816,0.4053880692751764,0.3505268996117582,0.043478260869565216,0.19083969465648856,0.0708215297450425
5,TfidfVectorizer,GradientBoosting,"{'estimator__n_estimators': 150, 'estimator__criterion': 'friedman_mse'}",0.3913713405238829,2.7213914999738336,1.3174579000333324,829.109375,829.05078125,0.6788408098451767,0.5636123928806855,0.6158833063209076,0.2721518987341772,0.26875,0.27044025157232704,0.4198763670946267,0.5341802782819117,0.4701810436634718,0.0,0.0,0.0,0.3114518447532343,0.41693393200769724,0.35655512890839275,0.04024496937882765,0.17557251908396945,0.06548042704626335
5,TfidfVectorizer,GradientBoosting,"{'estimator__n_estimators': 150, 'estimator__criterion': 'squared_error'}",0.3884437596302003,2.707992700044997,1.3119538000319153,829.05078125,829.08984375,0.6771747805267359,0.55932762030323,0.6126353790613719,0.23788546255506607,0.16875,0.19744058500914077,0.4200094384143464,0.5384150030248034,0.471898197242842,0.0,0.0,0.0,0.3081028626880155,0.40731237973059653,0.35082872928176795,0.04257167680278019,0.18702290076335878,0.06935598018400566
5,TfidfVectorizer,GradientBoosting,"{'estimator__n_estimators': 200, 'estimator__criterion': 'friedman_mse'}",0.3916795069337442,3.4273288999684155,1.3455149999354035,829.08984375,829.14453125,0.6695245518316446,0.5662491760052736,0.6135714285714285,0.26517571884984026,0.259375,0.26224328593996843,0.41559676652401334,0.5287356321839081,0.4653887113951012,0.0,0.0,0.0,0.3099471407976934,0.4137267479153303,0.3543956043956044,0.040421792618629174,0.17557251908396945,0.06571428571428571
5,TfidfVectorizer,GradientBoosting,"{'estimator__n_estimators': 200, 'estimator__criterion': 'squared_error'}",0.3873651771956857,3.3927506000036374,0.6709907000185922,829.14453125,828.71875,0.6522234891676169,0.5655899802241265,0.6058252427184466,0.2708333333333333,0.284375,0.2774390243902439,0.4168651738923297,0.529340592861464,0.4664179104477612,0.0,0.0,0.0,0.3093629343629344,0.4111610006414368,0.35307077939961445,0.04310344827586207,0.19083969465648856,0.07032348804500703
5,TfidfVectorizer,AdaBoost,"{'estimator__n_estimators': 50, 'estimator__learning_rate': 0.01}",0.41417565485362096,1.0294614000013098,0.792200299911201,828.71875,829.0546875,0.9712643678160919,0.27851021753460775,0.4328893442622951,0.45454545454545453,0.078125,0.13333333333333333,0.40468583599574015,0.45977011494252873,0.43047295383743983,0.32727272727272727,0.20454545454545456,0.2517482517482518,0.7074829931972789,0.2668377164849262,0.38751746623195155,0.022658610271903322,0.05725190839694656,0.032467532467532464
5,TfidfVectorizer,AdaBoost,"{'estimator__n_estimators': 50, 'estimator__learning_rate': 0.1}",0.4024653312788906,1.0222114999778569,0.7927093000616878,829.0546875,828.99609375,0.6272912423625254,0.5075807514831905,0.561122244488978,0.4188034188034188,0.153125,0.2242562929061785,0.4587251828631139,0.5311554748941318,0.49229044014578077,0.0,0.0,0.0,0.33,0.38101347017318793,0.3536766894909199,0.024963289280469897,0.0648854961832061,0.036055143160127257
5,TfidfVectorizer,AdaBoost,"{'estimator__n_estimators': 50, 'estimator__learning_rate': 1.0}",0.313251155624037,1.02223140001297,0.791594999958761,828.99609375,828.99609375,0.5724907063197026,0.8628872775214239,0.6883133955567241,0.31196581196581197,0.228125,0.26353790613718414,0.42311033883579496,0.589231699939504,0.4925410872313527,0.0,0.0,0.0,0.33570075757575757,0.4547787042976267,0.38627077090710976,0.054404145077720206,0.16030534351145037,0.08123791102514506
5,TfidfVectorizer,AdaBoost,"{'estimator__n_estimators': 100, 'estimator__learning_rate': 0.01}",0.4184899845916795,1.5928239999338984,0.9713002999778837,829.00390625,829.0,0.6682692307692307,0.36651285431773234,0.4733929331630481,0.45454545454545453,0.078125,0.13333333333333333,0.4088486140724947,0.46400483968542044,0.4346840464720884,0.0,0.0,0.0,0.710801393728223,0.2617062219371392,0.38255977496483823,0.017241379310344827,0.003816793893129771,0.00625
5,TfidfVectorizer,AdaBoost,"{'estimator__n_estimators': 100, 'estimator__learning_rate': 0.1}",0.39368258859784283,1.5883041999768466,0.9716332000680268,828.99609375,829.00390625,0.6566828903032572,0.5781147000659196,0.6148992112182297,0.39705882352941174,0.16875,0.23684210526315788,0.4348023625624716,0.5789473684210527,0.49662688116242865,0.0,0.0,0.0,0.36180904522613067,0.46183450930083386,0.4057480980557904,0.05873015873015873,0.14122137404580154,0.08295964125560538
5,TfidfVectorizer,AdaBoost,"{'estimator__n_estimators': 100, 'estimator__learning_rate': 1.0}",0.32526964560862864,1.5904551000567153,0.9710956000490114,829.0,829.0078125,0.6130845898287759,0.7907053394858273,0.690657837915647,0.29577464788732394,0.2625,0.2781456953642384,0.4572769953051643,0.589231699939504,0.5149352365847211,0.0,0.0,0.0,0.3453713123092574,0.43553559974342526,0.3852482269503546,0.06640106241699867,0.19083969465648856,0.09852216748768473
5,TfidfVectorizer,AdaBoost,"{'estimator__n_estimators': 150, 'estimator__learning_rate': 0.01}",0.42742681047765796,2.145604799967259,1.1457484998973086,829.00390625,829.0625,0.6065495965828192,0.42122610415293343,0.49717953705504764,0.43548387096774194,0.084375,0.14136125654450263,0.4232922732362822,0.4573502722323049,0.43966269264321023,0.0,0.0,0.0,0.367737003058104,0.30853110968569597,0.33554237879316356,0.014084507042253521,0.003816793893129771,0.006006006006006006
5,TfidfVectorizer,AdaBoost,"{'estimator__n_estimators': 150, 'estimator__learning_rate': 0.1}",0.3921417565485362,2.143134099896997,1.1405745999654755,829.0625,829.10546875,0.6233269598470363,0.6446934739617667,0.6338302009073234,0.36,0.253125,0.29724770642201837,0.4147171416418545,0.5898366606170599,0.487012987012987,0.0,0.0,0.0,0.30957562568008706,0.36497754971135343,0.33500147188695906,0.05647382920110193,0.15648854961832062,0.08299595141700405
5,TfidfVectorizer,AdaBoost,"{'estimator__n_estimators': 150, 'estimator__learning_rate': 1.0}",0.3223420647149461,2.153082999982871,1.1449345999862999,829.1015625,829.12109375,0.6066438175586607,0.7584047462096243,0.6740881792881207,0.2823920265780731,0.265625,0.27375201288244766,0.4426595269968764,0.6001209921355112,0.5095017976373909,0.0,0.0,0.0,0.36813186813186816,0.42976266837716487,0.3965670316661734,0.06274007682458387,0.18702290076335878,0.09395973154362416
5,TfidfVectorizer,SGD,"{'estimator__alpha': 0.0001, 'estimator__penalty': 'l2'}",0.5295839753466872,1.8356303999898955,1.2317133999895304,822.59375,829.22265625,0.7771801767191702,0.6667765326301912,0.7177576725208444,0.3788546255506608,0.26875,0.31444241316270566,0.6868300153139357,0.542649727767695,0.6062859074011491,0.1111111111111111,0.011363636363636364,0.020618556701030927,0.6516393442622951,0.4079538165490699,0.5017751479289941,0.27419354838709675,0.1297709923664122,0.17616580310880828
5,TfidfVectorizer,SGD,"{'estimator__alpha': 0.0001, 'estimator__penalty': 'l1'}",0.47719568567026194,1.8164990999503061,1.2340348999714479,822.6015625,829.23046875,0.7412790697674418,0.6723796967699407,0.7051503629450397,0.270042194092827,0.2,0.22980251346499103,0.63758819756254,0.6013309134906231,0.6189290161892902,0.3333333333333333,0.045454545454545456,0.08,0.5098814229249012,0.4964720974983964,0.5030874228144296,0.11252653927813164,0.20229007633587787,0.1446111869031378
5,TfidfVectorizer,SGD,"{'estimator__alpha': 0.0001, 'estimator__penalty': 'elasticnet'}",0.5206471494607088,1.8164634000277147,1.2357834000140429,822.6015625,829.23046875,0.7585162755488266,0.6605141727092947,0.7061310782241015,0.36585365853658536,0.1875,0.24793388429752067,0.7163667523564696,0.5057471264367817,0.5929078014184397,0.09090909090909091,0.011363636363636364,0.020202020202020204,0.6266055045871559,0.4381013470173188,0.5156662891657229,0.2913907284768212,0.16793893129770993,0.21307506053268765
5,TfidfVectorizer,SGD,"{'estimator__alpha': 0.001, 'estimator__penalty': 'l2'}",0.5372881355932203,1.8304451999720186,1.2345079000806436,822.6015625,829.23046875,0.758983666061706,0.6891891891891891,0.7224045603731214,0.40939597315436244,0.190625,0.2601279317697228,0.7138314785373608,0.543254688445251,0.6169701133631055,0.0,0.0,0.0,0.6851485148514852,0.44387427838357923,0.5387310237446478,0.358974358974359,0.10687022900763359,0.16470588235294117
5,TfidfVectorizer,SGD,"{'estimator__alpha': 0.001, 'estimator__penalty': 'l1'}",0.436979969183359,1.8485699999146163,1.22601870005019,822.6015625,829.23046875,0.6452788917243893,0.5833882663150955,0.6127747966072356,0.3300970873786408,0.2125,0.2585551330798479,0.5040363269424823,0.604355716878403,0.5496561210453921,0.0,0.0,0.0,0.40416210295728366,0.4733803720333547,0.4360413589364845,0.09312638580931264,0.16030534351145037,0.11781206171107994
5,TfidfVectorizer,SGD,"{'estimator__alpha': 0.001, 'estimator__penalty': 'elasticnet'}",0.5295839753466872,1.8330801000120118,1.2231182999676093,822.6015625,829.23046875,0.7560351133869788,0.6812788398154251,0.7167128987517337,0.4303030303030303,0.221875,0.2927835051546392,0.6983503534956795,0.5378100423472474,0.6076555023923444,0.0,0.0,0.0,0.6457739791073125,0.43617703656189866,0.5206738131699847,0.2857142857142857,0.1297709923664122,0.1784776902887139
5,TfidfVectorizer,SGD,"{'estimator__alpha': 0.01, 'estimator__penalty': 'l2'}",0.5306625577812019,1.8449320999206975,1.2308834000723436,822.6015625,829.23046875,0.9335907335907336,0.3984838497033619,0.5585585585585585,0.0,0.0,0.0,1.0,0.16394434361766486,0.2817047817047817,0.0,0.0,0.0,0.8095238095238095,0.021808851828094934,0.042473454091193005,0.0,0.0,0.0
5,TfidfVectorizer,SGD,"{'estimator__alpha': 0.01, 'estimator__penalty': 'l1'}",0.5160246533127889,1.8153626000275835,1.2378799000289291,822.625,829.2578125,1.0,0.17106130520764667,0.2921474810019702,0.0,0.0,0.0,0.9867109634551495,0.17967332123411978,0.3039918116683726,0.0,0.0,0.0,0.0,0.0,0.0,0.0,0.0,0.0
5,TfidfVectorizer,SGD,"{'estimator__alpha': 0.01, 'estimator__penalty': 'elasticnet'}",0.5121725731895224,1.824219899950549,1.222282400005497,822.62890625,829.2578125,0.9982935153583617,0.19281476598549768,0.32320441988950277,0.0,0.0,0.0,1.0,0.10465819721718088,0.18948521358159912,0.0,0.0,0.0,0.0,0.0,0.0,0.0,0.0,0.0
5,CountVectorizer,RandomForest,"{'n_estimators': 50, 'criterion': 'gini'}",0.5212634822804314,1.1219407999888062,1.3332665000343695,822.62890625,828.12109375,0.7515468824369348,0.520435069215557,0.6149951314508276,0.5714285714285714,0.025,0.04790419161676647,0.8464163822525598,0.4500907441016334,0.5876777251184834,0.0,0.0,0.0,0.6577086280056577,0.29826812059012187,0.41041482789055606,1.0,0.007633587786259542,0.015151515151515152
5,CountVectorizer,RandomForest,"{'n_estimators': 50, 'criterion': 'entropy'}",0.5308166409861325,1.1437568999826908,1.3215121999382973,821.5,827.953125,0.7413068398930073,0.6394199077125906,0.6866041408600247,0.5,0.028125,0.05325443786982249,0.771978021978022,0.5099818511796733,0.614207650273224,0.0,0.0,0.0,0.6865284974093264,0.3399615137908916,0.4547404547404547,1.0,0.011450381679389313,0.022641509433962263
5,CountVectorizer,RandomForest,"{'n_estimators': 50, 'criterion': 'log_loss'}",0.5308166409861325,1.1573334999848157,1.3675234999973327,821.6640625,828.23046875,0.7413068398930073,0.6394199077125906,0.6866041408600247,0.5,0.028125,0.05325443786982249,0.771978021978022,0.5099818511796733,0.614207650273224,0.0,0.0,0.0,0.6865284974093264,0.3399615137908916,0.4547404547404547,1.0,0.011450381679389313,0.022641509433962263
5,CountVectorizer,RandomForest,"{'n_estimators': 100, 'criterion': 'gini'}",0.5155624036979969,1.3155330000445247,0.7107592999236658,821.87109375,828.46875,0.7354925775978407,0.5388925510876731,0.6220277724938178,0.6,0.028125,0.05373134328358209,0.826381059751973,0.44343617664851787,0.5771653543307087,0.0,0.0,0.0,0.6465638148667602,0.29570237331622834,0.40580985915492956,1.0,0.007633587786259542,0.015151515151515152
5,CountVectorizer,RandomForest,"{'n_estimators': 100, 'criterion': 'entropy'}",0.5297380585516178,0.6778806999791414,0.7071277999784797,828.515625,828.61328125,0.7424132947976878,0.6773236651285431,0.7083764219234746,0.5,0.025,0.047619047619047616,0.8054740957966764,0.4984875983061101,0.6158445440956651,0.0,0.0,0.0,0.694868238557559,0.32135984605516354,0.4394736842105263,1.0,0.007633587786259542,0.015151515151515152
5,CountVectorizer,RandomForest,"{'n_estimators': 100, 'criterion': 'log_loss'}",0.5297380585516178,0.6836608999874443,0.7060114000923932,828.65625,828.65625,0.7424132947976878,0.6773236651285431,0.7083764219234746,0.5,0.025,0.047619047619047616,0.8054740957966764,0.4984875983061101,0.6158445440956651,0.0,0.0,0.0,0.694868238557559,0.32135984605516354,0.4394736842105263,1.0,0.007633587786259542,0.015151515151515152
5,CountVectorizer,RandomForest,"{'n_estimators': 150, 'criterion': 'gini'}",0.5251155624036979,0.7763297000201419,0.7654778000432998,828.5234375,829.00390625,0.7557216254086875,0.5332893869479235,0.6253140096618357,0.5333333333333333,0.025,0.04776119402985075,0.8668252080856124,0.44101633393829404,0.5846030473135525,0.0,0.0,0.0,0.674591381872214,0.2912123155869147,0.4068100358422939,1.0,0.007633587786259542,0.015151515151515152
5,CountVectorizer,RandomForest,"{'n_estimators': 150, 'criterion': 'entropy'}",0.5289676425269646,0.787652499973774,0.75967329996638,829.0,828.97265625,0.7477578475336323,0.6595253790375741,0.7008756567425569,0.5294117647058824,0.028125,0.05341246290801187,0.8173469387755102,0.484573502722323,0.60843144701861,0.0,0.0,0.0,0.6837146702557201,0.3258499037844772,0.4413553431798436,1.0,0.011450381679389313,0.022641509433962263
5,CountVectorizer,RandomForest,"{'n_estimators': 150, 'criterion': 'log_loss'}",0.5289676425269646,0.7827742999652401,0.7607093999395147,829.1328125,829.16015625,0.7477578475336323,0.6595253790375741,0.7008756567425569,0.5294117647058824,0.028125,0.05341246290801187,0.8173469387755102,0.484573502722323,0.60843144701861,0.0,0.0,0.0,0.6837146702557201,0.3258499037844772,0.4413553431798436,1.0,0.011450381679389313,0.022641509433962263
5,CountVectorizer,SVC,"{'estimator__C': 0.1, 'estimator__kernel': 'linear'}",0.44175654853620955,0.9907565000467002,1.0253757999744266,829.15625,829.15625,0.6530767282856419,0.8500329597890574,0.7386510095947301,0.5957446808510638,0.0875,0.15258855585831063,0.6634980988593155,0.4222625529340593,0.5160813308687615,0.0,0.0,0.0,0.45,0.20782552918537525,0.2843352347520842,0.08484848484848485,0.05343511450381679,0.06557377049180328
5,CountVectorizer,SVC,"{'estimator__C': 0.1, 'estimator__kernel': 'rbf'}",0.5047765793528506,1.452496400102973,1.1368791999993846,822.87109375,829.6484375,0.0,0.0,0.0,0.0,0.0,0.0,0.0,0.0,0.0,0.0,0.0,0.0,0.0,0.0,0.0,0.0,0.0,0.0
5,CountVectorizer,SVC,"{'estimator__C': 0.1, 'estimator__kernel': 'sigmoid'}",0.5047765793528506,0.9837377000367269,0.9886678999755532,822.875,829.16015625,0.0,0.0,0.0,0.0,0.0,0.0,0.0,0.0,0.0,0.0,0.0,0.0,0.0,0.0,0.0,0.0,0.0,0.0
5,CountVectorizer,SVC,"{'estimator__C': 1, 'estimator__kernel': 'linear'}",0.4494607087827427,0.9978851999621838,0.9898294999729842,822.87109375,829.68359375,0.6705202312138728,0.8029004614370469,0.7307634618269087,0.373015873015873,0.29375,0.32867132867132864,0.6226415094339622,0.558983666061706,0.5890978642014664,0.0,0.0,0.0,0.5301379811183733,0.46824887748556765,0.49727520435967304,0.12526997840172785,0.22137404580152673,0.16
5,CountVectorizer,SVC,"{'estimator__C': 1, 'estimator__kernel': 'rbf'}",0.5046224961479199,0.98831769998651,1.2076187001075596,822.98828125,829.28125,0.0,0.0,0.0,0.0,0.0,0.0,0.7333333333333333,0.019963702359346643,0.038869257950530034,0.0,0.0,0.0,0.0,0.0,0.0,0.0,0.0,0.0
5,CountVectorizer,SVC,"{'estimator__C': 1, 'estimator__kernel': 'sigmoid'}",0.5047765793528506,0.9914711000164971,1.0449396000476554,822.87890625,829.50390625,1.0,0.004614370468029005,0.009186351706036745,0.0,0.0,0.0,0.9375,0.009074410163339383,0.017974835230677052,0.0,0.0,0.0,1.0,0.004490057729313663,0.008939974457215836,0.5,0.003816793893129771,0.007575757575757576
5,CountVectorizer,SVC,"{'estimator__C': 10, 'estimator__kernel': 'linear'}",0.4431432973805855,0.9976010000100359,0.9695969999302179,822.90625,829.21484375,0.6673050615595075,0.8038892551087673,0.72925698908656,0.350210970464135,0.259375,0.2980251346499102,0.62525320729237,0.5601935874168179,0.5909380982769623,0.0,0.0,0.0,0.48534201954397393,0.47787042976266836,0.48157724628312865,0.12951167728237792,0.23282442748091603,0.1664392905866303
5,CountVectorizer,SVC,"{'estimator__C': 10, 'estimator__kernel': 'rbf'}",0.35993836671802776,0.9926923000020906,1.2003209999529645,822.89453125,829.42578125,0.5733473242392445,0.9004614370468029,0.7006026413642775,1.0,0.003125,0.006230529595015576,0.7276995305164319,0.09376890502117362,0.16613076098606644,0.0,0.0,0.0,0.4888888888888889,0.014111610006414367,0.02743142144638404,0.0,0.0,0.0
5,CountVectorizer,SVC,"{'estimator__C': 10, 'estimator__kernel': 'sigmoid'}",0.5144838212634822,1.0887788999825716,1.1236601999262348,823.0234375,829.69921875,0.8193325661680092,0.4693473961766645,0.5968147527242247,0.875,0.04375,0.08333333333333333,0.74,0.04476709013914096,0.08442669709070165,0.0,0.0,0.0,0.5526315789473685,0.013470173187940988,0.026299311208515967,0.3,0.011450381679389313,0.022058823529411766
5,CountVectorizer,MultinomialNB,{'estimator__alpha': 0.01},0.524191063174114,1.8490581000223756,1.2546188000123948,823.41796875,829.3828125,0.8235294117647058,0.5306526038233356,0.6454199238324313,0.37669376693766937,0.434375,0.4034833091436865,0.7173717371737174,0.4821536600120992,0.5767004341534009,0.10204081632653061,0.056818181818181816,0.072992700729927,0.6191369606003753,0.423348300192431,0.5028571428571429,0.2436548223350254,0.183206106870229,0.20915032679738563
5,CountVectorizer,MultinomialNB,{'estimator__alpha': 0.1},0.5201848998459168,1.8614388999994844,1.2362828999757767,823.3984375,829.5390625,0.8113462404322377,0.5939353988134476,0.6858230256898192,0.36982968369829683,0.475,0.4158686730506156,0.7146263910969793,0.543859649122807,0.6176571624871179,0.02564102564102564,0.011363636363636364,0.015748031496062992,0.6007434944237918,0.5182809493264914,0.5564738292011019,0.21646341463414634,0.27099236641221375,0.24067796610169492
5,CountVectorizer,MultinomialNB,{'estimator__alpha': 1.0},0.5437596302003082,1.8339764999691397,1.2513632000191137,823.3828125,829.76171875,0.8156917363045497,0.57910349373764,0.6773323053199691,0.5161290322580645,0.15,0.2324455205811138,0.7576020851433536,0.5275257108287962,0.6219686162624821,0.0,0.0,0.0,0.6276978417266187,0.4477228992944195,0.5226506926244852,0.25,0.07633587786259542,0.11695906432748537
5,CountVectorizer,LogisticRegression,"{'estimator__C': 0.1, 'estimator__penalty': 'l2'}",0.4728813559322034,1.4737235999200493,1.268852400011383,823.984375,829.76171875,0.6817554512834667,0.8141067897165458,0.7420760102148115,0.7916666666666666,0.059375,0.11046511627906977,0.8544891640866873,0.16696914700544466,0.2793522267206478,0.0,0.0,0.0,0.75,0.0654265554842848,0.12035398230088495,0.2857142857142857,0.015267175572519083,0.028985507246376812
5,CountVectorizer,LogisticRegression,"{'estimator__C': 1, 'estimator__penalty': 'l2'}",0.49352850539291215,1.009975399938412,1.2457792999921367,823.71875,829.74609375,0.6888454011741683,0.8121292023731048,0.7454242928452579,0.5517241379310345,0.15,0.23587223587223588,0.7793030623020063,0.44646098003629764,0.5676923076923077,0.07142857142857142,0.011363636363636364,0.0196078431372549,0.6363636363636364,0.2783835792174471,0.38732708612226685,0.1518987341772152,0.04580152671755725,0.07038123167155426
5,CountVectorizer,LogisticRegression,"{'estimator__C': 10, 'estimator__penalty': 'l2'}",0.4879815100154083,1.494765100069344,1.292479099938646,823.71875,829.5078125,0.6888013505908835,0.8068556361239289,0.7431693989071039,0.46405228758169936,0.221875,0.30021141649048627,0.7114261884904087,0.5160314579552329,0.5981767180925667,0.0625,0.011363636363636364,0.019230769230769232,0.5939629990262901,0.39127645926876203,0.4717710750193349,0.15083798882681565,0.10305343511450382,0.12244897959183673
5,CountVectorizer,KNeighbors,"{'n_neighbors': 3, 'algorithm': 'ball_tree'}",0.28197226502311246,1.8530671000480652,1.4904401999665424,823.12109375,833.078125,0.5434738753278192,0.8879367172050099,0.6742585408584658,0.43243243243243246,0.05,0.0896358543417367,0.3252840909090909,0.8312159709618875,0.4675855028075549,0.0,0.0,0.0,0.5359195402298851,0.47851186658114175,0.5055913249745849,0.09090909090909091,0.019083969465648856,0.031545741324921134
5,CountVectorizer,KNeighbors,"{'n_neighbors': 3, 'algorithm': 'kd_tree'}",0.28197226502311246,1.8084506000159308,1.4658606000011787,823.12890625,832.703125,0.5434738753278192,0.8879367172050099,0.6742585408584658,0.43243243243243246,0.05,0.0896358543417367,0.3252840909090909,0.8312159709618875,0.4675855028075549,0.0,0.0,0.0,0.5359195402298851,0.47851186658114175,0.5055913249745849,0.09090909090909091,0.019083969465648856,0.031545741324921134
5,CountVectorizer,KNeighbors,"{'n_neighbors': 3, 'algorithm': 'brute'}",0.28197226502311246,1.8124195000855252,1.433123299968429,823.12890625,833.0859375,0.5434738753278192,0.8879367172050099,0.6742585408584658,0.43243243243243246,0.05,0.0896358543417367,0.3252840909090909,0.8312159709618875,0.4675855028075549,0.0,0.0,0.0,0.5359195402298851,0.47851186658114175,0.5055913249745849,0.09090909090909091,0.019083969465648856,0.031545741324921134
5,CountVectorizer,KNeighbors,"{'n_neighbors': 5, 'algorithm': 'ball_tree'}",0.21078582434514637,1.848775399965234,1.460844699991867,823.12890625,833.44140625,0.5130372235209495,0.9403427818061965,0.6638743455497382,0.4583333333333333,0.034375,0.06395348837209303,0.29667207792207795,0.8844525105868118,0.44430937547485183,0.0,0.0,0.0,0.5598935226264419,0.404746632456703,0.469843633655994,0.05555555555555555,0.003816793893129771,0.007142857142857143
5,CountVectorizer,KNeighbors,"{'n_neighbors': 5, 'algorithm': 'kd_tree'}",0.21078582434514637,1.8211847000056878,1.4389261999167502,823.12890625,833.4296875,0.5130372235209495,0.9403427818061965,0.6638743455497382,0.4583333333333333,0.034375,0.06395348837209303,0.29667207792207795,0.8844525105868118,0.44430937547485183,0.0,0.0,0.0,0.5598935226264419,0.404746632456703,0.469843633655994,0.05555555555555555,0.003816793893129771,0.007142857142857143
5,CountVectorizer,KNeighbors,"{'n_neighbors': 5, 'algorithm': 'brute'}",0.21078582434514637,1.8093793999869376,1.4367928999708965,823.12890625,833.44140625,0.5130372235209495,0.9403427818061965,0.6638743455497382,0.4583333333333333,0.034375,0.06395348837209303,0.29667207792207795,0.8844525105868118,0.44430937547485183,0.0,0.0,0.0,0.5598935226264419,0.404746632456703,0.469843633655994,0.05555555555555555,0.003816793893129771,0.007142857142857143
5,CountVectorizer,KNeighbors,"{'n_neighbors': 7, 'algorithm': 'ball_tree'}",0.18828967642526964,1.814322100020945,1.4367045999970287,823.12890625,833.625,0.5016478751084128,0.9531970995385629,0.6573474258438459,0.7777777777777778,0.021875,0.0425531914893617,0.3067669172932331,0.8638838475499092,0.4527584020291693,0.0,0.0,0.0,0.6338862559241706,0.3431686978832585,0.44527673741156887,0.0,0.0,0.0
5,CountVectorizer,KNeighbors,"{'n_neighbors': 7, 'algorithm': 'kd_tree'}",0.18828967642526964,1.8252413000445813,1.4429857999784872,823.12890625,833.734375,0.5016478751084128,0.9531970995385629,0.6573474258438459,0.7777777777777778,0.021875,0.0425531914893617,0.3067669172932331,0.8638838475499092,0.4527584020291693,0.0,0.0,0.0,0.6338862559241706,0.3431686978832585,0.44527673741156887,0.0,0.0,0.0
5,CountVectorizer,KNeighbors,"{'n_neighbors': 7, 'algorithm': 'brute'}",0.18828967642526964,1.814107200014405,1.46604379999917,823.12890625,833.625,0.5016478751084128,0.9531970995385629,0.6573474258438459,0.7777777777777778,0.021875,0.0425531914893617,0.3067669172932331,0.8638838475499092,0.4527584020291693,0.0,0.0,0.0,0.6338862559241706,0.3431686978832585,0.44527673741156887,0.0,0.0,0.0
5,CountVectorizer,DecisionTree,"{'criterion': 'gini', 'max_features': 'sqrt'}",0.28921417565485363,1.8508694999618456,1.2526783999055624,823.12890625,829.8828125,0.5364664154289515,0.7976268951878708,0.6414844267726971,0.06215578284815106,0.246875,0.09930861093651791,0.30347555806725063,0.6497277676950998,0.413713405238829,0.0,0.0,0.0,0.26047465572809847,0.5702373316228352,0.3576025744167337,0.02677029360967185,0.1183206106870229,0.04366197183098591
5,CountVectorizer,DecisionTree,"{'criterion': 'gini', 'max_features': 'log2'}",0.29676425269645607,1.8471951000392437,1.246998400078155,823.12890625,829.75390625,0.5434831714479331,0.7930125247198417,0.6449537595496582,0.18691588785046728,0.125,0.149812734082397,0.2732064421669107,0.5644283121597096,0.3681925808997632,0.0,0.0,0.0,0.2704728950403691,0.6016677357280308,0.3731848020688283,0.11851851851851852,0.12213740458015267,0.12030075187969924
5,CountVectorizer,DecisionTree,"{'criterion': 'gini', 'max_features': None}",0.40308166409861323,1.0232958000851795,1.2530791000463068,823.12890625,829.8828125,0.5953166226912929,0.5949241924851681,0.5951203428948236,0.3130699088145897,0.321875,0.31741140215716485,0.402493321460374,0.5468844525105868,0.4637086432418569,0.125,0.011363636363636364,0.020833333333333332,0.32576082297471065,0.48749198203976907,0.39054470709146966,0.019825535289452814,0.09541984732824428,0.03282994090610637
5,CountVectorizer,DecisionTree,"{'criterion': 'entropy', 'max_features': 'sqrt'}",0.4667180277349769,1.8517580999759957,1.275431300047785,823.12890625,829.75390625,0.6800535475234271,0.5023071852340145,0.5778199052132701,0.33544303797468356,0.33125,0.3333333333333333,0.6203703703703703,0.5269207501512402,0.5698397121360811,0.0,0.0,0.0,0.5388127853881278,0.4541372674791533,0.49286460146188654,0.06338028169014084,0.06870229007633588,0.06593406593406594
5,CountVectorizer,DecisionTree,"{'criterion': 'entropy', 'max_features': 'log2'}",0.2850539291217257,1.9197433999506757,1.3021263999398798,823.12890625,829.8828125,0.5384962745540754,0.7860909690177983,0.6391531555674662,0.18543046357615894,0.0875,0.11889596602972399,0.2859025032938076,0.6563823351482153,0.39831130690161526,0.0,0.0,0.0,0.26384274640088595,0.6112892880051315,0.3685940823825179,0.1,0.17557251908396945,0.12742382271468145
5,CountVectorizer,DecisionTree,"{'criterion': 'entropy', 'max_features': None}",0.3955315870570108,1.020320300012827,1.28632519999519,823.12890625,829.75390625,0.5726408689748812,0.5560316413974951,0.5642140468227425,0.29815303430079154,0.353125,0.32331902718168815,0.41045109423849935,0.5559588626739262,0.4722507708119219,0.125,0.011363636363636364,0.020833333333333332,0.33001730103806226,0.4894162924951892,0.39421338155515373,0.01988400994200497,0.0916030534351145,0.03267528931245745
5,CountVectorizer,DecisionTree,"{'criterion': 'log_loss', 'max_features': 'sqrt'}",0.4667180277349769,1.925600300077349,1.4334678000304848,823.10546875,829.859375,0.6800535475234271,0.5023071852340145,0.5778199052132701,0.33544303797468356,0.33125,0.3333333333333333,0.6203703703703703,0.5269207501512402,0.5698397121360811,0.0,0.0,0.0,0.5388127853881278,0.4541372674791533,0.49286460146188654,0.06338028169014084,0.06870229007633588,0.06593406593406594
5,CountVectorizer,DecisionTree,"{'criterion': 'log_loss', 'max_features': 'log2'}",0.2850539291217257,2.0469149999553338,1.3507793999742717,823.10546875,829.73046875,0.5384962745540754,0.7860909690177983,0.6391531555674662,0.18543046357615894,0.0875,0.11889596602972399,0.2859025032938076,0.6563823351482153,0.39831130690161526,0.0,0.0,0.0,0.26384274640088595,0.6112892880051315,0.3685940823825179,0.1,0.17557251908396945,0.12742382271468145
5,CountVectorizer,DecisionTree,"{'criterion': 'log_loss', 'max_features': None}",0.3955315870570108,1.145337300025858,1.2948104999959469,823.10546875,829.859375,0.5726408689748812,0.5560316413974951,0.5642140468227425,0.29815303430079154,0.353125,0.32331902718168815,0.41045109423849935,0.5559588626739262,0.4722507708119219,0.125,0.011363636363636364,0.020833333333333332,0.33001730103806226,0.4894162924951892,0.39421338155515373,0.01988400994200497,0.0916030534351145,0.03267528931245745
5,CountVectorizer,GradientBoosting,"{'estimator__n_estimators': 100, 'estimator__criterion': 'friedman_mse'}",0.40030816640986133,1.8694875000510365,1.3209229999920353,829.859375,829.46484375,0.6889908256880733,0.4950560316413975,0.5761411584196394,0.2830188679245283,0.234375,0.2564102564102564,0.42008906481939634,0.5136116152450091,0.46216657593903104,0.0,0.0,0.0,0.3206547905633125,0.42719692110327134,0.36633663366336633,0.1450980392156863,0.14122137404580154,0.14313346228239845
5,CountVectorizer,GradientBoosting,"{'estimator__n_estimators': 100, 'estimator__criterion': 'squared_error'}",0.4055469953775038,1.8749424999114126,1.2869307999499142,829.46484375,829.5,0.6768968456947997,0.5234014502307185,0.5903345724907063,0.28832116788321166,0.246875,0.265993265993266,0.42799597180261834,0.514216575922565,0.46716130805166256,0.0,0.0,0.0,0.3213766359670383,0.4252726106478512,0.36609607951408063,0.15767634854771784,0.1450381679389313,0.15109343936381708
5,CountVectorizer,GradientBoosting,"{'estimator__n_estimators': 150, 'estimator__criterion': 'friedman_mse'}",0.40215716486902925,2.4692112000193447,1.3133754000300542,829.5,829.41015625,0.6551868962620747,0.5141727092946605,0.5761772853185596,0.2825278810408922,0.2375,0.25806451612903225,0.4272773024660292,0.5136116152450091,0.4664835164835165,0.03571428571428571,0.011363636363636364,0.017241379310344827,0.32436328688130706,0.43296985246953174,0.3708791208791209,0.15481171548117154,0.14122137404580154,0.14770459081836326
5,CountVectorizer,GradientBoosting,"{'estimator__n_estimators': 150, 'estimator__criterion': 'squared_error'}",0.401386748844376,2.4836743000196293,1.3124699000036344,829.41015625,829.5859375,0.6566469093988145,0.511206328279499,0.5748702742772424,0.2822085889570552,0.2875,0.2848297213622291,0.426,0.515426497277677,0.4664659184232138,0.03571428571428571,0.011363636363636364,0.017241379310344827,0.3290840415486308,0.4470814624759461,0.37911340766929563,0.14859437751004015,0.14122137404580154,0.14481409001956946
5,CountVectorizer,GradientBoosting,"{'estimator__n_estimators': 200, 'estimator__criterion': 'friedman_mse'}",0.40724191063174114,3.0607438000151888,1.3371275999816135,829.5859375,829.51953125,0.6548561900791997,0.517798286090969,0.5783176882017301,0.31313131313131315,0.19375,0.23938223938223938,0.4255639097744361,0.5136116152450091,0.4654605263157895,0.0,0.0,0.0,0.3232273838630807,0.4239897370109044,0.3668146503884573,0.1574468085106383,0.14122137404580154,0.1488933601609658
5,CountVectorizer,GradientBoosting,"{'estimator__n_estimators': 200, 'estimator__criterion': 'squared_error'}",0.40061633281972264,3.0594710999866948,1.3351116999983788,829.51953125,829.7109375,0.6408885232414644,0.5135135135135135,0.5701738334858188,0.277602523659306,0.275,0.27629513343799056,0.4252243270189432,0.5160314579552329,0.46624760863623943,0.047619047619047616,0.011363636363636364,0.01834862385321101,0.3200589970501475,0.41757536882617063,0.36237127748399667,0.16017316017316016,0.14122137404580154,0.15010141987829614
5,CountVectorizer,AdaBoost,"{'estimator__n_estimators': 50, 'estimator__learning_rate': 0.01}",0.5354391371340523,1.0070957000134513,0.7896933000301942,829.7109375,829.0859375,0.9749687108886108,0.25675675675675674,0.4064701278372032,0.35555555555555557,0.1,0.15609756097560976,0.9380863039399625,0.3024803387779794,0.45745654162854527,0.029411764705882353,0.011363636363636364,0.01639344262295082,0.6844036697247706,0.23925593329057088,0.35456273764258556,0.25,0.022900763358778626,0.04195804195804196
5,CountVectorizer,AdaBoost,"{'estimator__n_estimators': 50, 'estimator__learning_rate': 0.1}",0.45084745762711864,1.0166351000079885,0.7964697999414057,829.08203125,829.140625,0.6585503963759909,0.3833223467369809,0.4845833333333333,0.359375,0.14375,0.20535714285714285,0.568135593220339,0.5069570477918935,0.5358056265984654,0.03125,0.011363636363636364,0.016666666666666666,0.6475694444444444,0.23925593329057088,0.34941451990632316,0.16853932584269662,0.05725190839694656,0.08547008547008547
5,CountVectorizer,AdaBoost,"{'estimator__n_estimators': 50, 'estimator__learning_rate': 1.0}",0.31093990755007705,0.9923129000235349,0.796436500037089,829.13671875,828.9609375,0.5810905686871051,0.8183915622940013,0.6796222800054742,0.27848101265822783,0.275,0.27672955974842767,0.44049247606019154,0.5843920145190563,0.5023400936037441,0.05263157894736842,0.011363636363636364,0.018691588785046728,0.41266912669126693,0.4304041051956382,0.42135007849293565,0.05257731958762887,0.1946564885496183,0.08279220779220779
5,CountVectorizer,AdaBoost,"{'estimator__n_estimators': 100, 'estimator__learning_rate': 0.01}",0.5346687211093991,1.52930870000273,0.9720457000657916,828.95703125,829.07421875,0.9647964796479648,0.2890573500329598,0.44483895511032207,0.35555555555555557,0.1,0.15609756097560976,0.9357923497267759,0.4143980641258318,0.5744234800838575,0.045454545454545456,0.022727272727272728,0.030303030303030304,0.6230769230769231,0.05195638229634381,0.09591474245115453,0.22727272727272727,0.019083969465648856,0.035211267605633804
5,CountVectorizer,AdaBoost,"{'estimator__n_estimators': 100, 'estimator__learning_rate': 0.1}",0.3617873651771957,1.5605509000597522,1.1444215000374243,829.07421875,828.9609375,0.6043742405832321,0.8197099538562953,0.6957616449853127,0.3712121212121212,0.153125,0.2168141592920354,0.5890784982935153,0.5220810647307925,0.5535599743425272,0.0,0.0,0.0,0.6735751295336787,0.3335471456061578,0.44616044616044614,0.04815864022662889,0.1946564885496183,0.07721423164269493
5,CountVectorizer,AdaBoost,"{'estimator__n_estimators': 100, 'estimator__learning_rate': 1.0}",0.3325115562403698,1.8583009000867605,1.0819743999745697,828.95703125,829.07421875,0.6244044467972473,0.7775214238628873,0.6926012918379331,0.26737967914438504,0.3125,0.2881844380403458,0.47910592808551994,0.5964912280701754,0.5313931554836971,0.05263157894736842,0.011363636363636364,0.018691588785046728,0.5633908477119279,0.4817190506735087,0.5193637621023514,0.05508474576271186,0.1984732824427481,0.08623548922056384
5,CountVectorizer,AdaBoost,"{'estimator__n_estimators': 150, 'estimator__learning_rate': 0.01}",0.5399075500770416,2.2549500999739394,1.182316999998875,829.07421875,829.015625,0.9620653319283456,0.3009228740936058,0.4584484057243284,0.35555555555555557,0.1,0.15609756097560976,0.9357923497267759,0.4143980641258318,0.5744234800838575,0.029411764705882353,0.011363636363636364,0.01639344262295082,0.7142857142857143,0.09300833867864015,0.16458569807037457,0.25,0.022900763358778626,0.04195804195804196
5,CountVectorizer,AdaBoost,"{'estimator__n_estimators': 150, 'estimator__learning_rate': 0.1}",0.4559322033898305,2.1600128000136465,1.1985650000860915,829.01171875,829.35546875,0.689475963620615,0.5247198417930126,0.5959198951899681,0.4263565891472868,0.171875,0.24498886414253898,0.5965692503176621,0.5680580762250453,0.5819646730709638,0.03125,0.011363636363636364,0.016666666666666666,0.6530815109343936,0.4214239897370109,0.512280701754386,0.10138248847926268,0.16793893129770993,0.12643678160919541
5,CountVectorizer,AdaBoost,"{'estimator__n_estimators': 150, 'estimator__learning_rate': 1.0}",0.36024653312788907,2.1002753999782726,1.187131000100635,829.3515625,829.3359375,0.6159383033419024,0.7897165458141068,0.6920854997111496,0.31176470588235294,0.33125,0.3212121212121212,0.5201698513800425,0.5928614640048396,0.5541419281877297,0.0,0.0,0.0,0.6079734219269103,0.46953175112251444,0.5298588490770901,0.12828947368421054,0.14885496183206107,0.13780918727915195
5,CountVectorizer,SGD,"{'estimator__alpha': 0.0001, 'estimator__penalty': 'l2'}",0.3710323574730354,1.9109056999441236,1.287788600078784,823.140625,829.515625,0.6825852782764812,0.6265655899802242,0.6533768688778141,0.25,0.375,0.3,0.49144706426259827,0.6430732002419842,0.5571278825995807,0.09523809523809523,0.045454545454545456,0.06153846153846154,0.42451420029895365,0.5465041693393201,0.47784632641615254,0.08672086720867209,0.24427480916030533,0.128
5,CountVectorizer,SGD,"{'estimator__alpha': 0.0001, 'estimator__penalty': 'l1'}",0.3653312788906009,1.9088958000065759,1.2832442000508308,823.140625,829.765625,0.6435141135426578,0.6687541199736322,0.6558913851624374,0.23214285714285715,0.325,0.2708333333333333,0.5087209302325582,0.6352087114337568,0.5649717514124294,0.18518518518518517,0.11363636363636363,0.14084507042253522,0.4482372691662003,0.5137908915971777,0.47878063359234907,0.08266360505166476,0.2748091603053435,0.12709620476610767
5,CountVectorizer,SGD,"{'estimator__alpha': 0.0001, 'estimator__penalty': 'elasticnet'}",0.40107858243451466,1.917523300042376,1.294572600047104,823.140625,829.515625,0.665893271461717,0.6621621621621622,0.6640224756238639,0.2535885167464115,0.33125,0.2872628726287263,0.5476056338028169,0.588021778584392,0.5670945157526255,0.11224489795918367,0.125,0.11827956989247312,0.48282442748091603,0.4868505452212957,0.4848291280740977,0.09668508287292818,0.26717557251908397,0.14198782961460446
5,CountVectorizer,SGD,"{'estimator__alpha': 0.001, 'estimator__penalty': 'l2'}",0.43929121725731896,1.8868680999148637,1.2744923999998719,823.140625,829.765625,0.6686606846128281,0.6631509558338826,0.6658944232996856,0.3682008368200837,0.275,0.3148479427549195,0.6017000607164542,0.5995160314579552,0.6006060606060606,0.0,0.0,0.0,0.6143277723258096,0.40153944836433614,0.4856477889837083,0.13802083333333334,0.20229007633587787,0.16408668730650156
5,CountVectorizer,SGD,"{'estimator__alpha': 0.001, 'estimator__penalty': 'l1'}",0.3329738058551618,1.9139631000580266,0.7066116000059992,823.140625,829.05078125,0.5976884975233901,0.7158866183256427,0.6514697060587883,0.288,0.3375,0.3107913669064748,0.5131445904954499,0.6140350877192983,0.5590746350867529,0.3,0.03409090909090909,0.061224489795918366,0.41088082901554407,0.5086593970493907,0.4545715104614503,0.09363957597173145,0.20229007633587787,0.1280193236714976
5,CountVectorizer,SGD,"{'estimator__alpha': 0.001, 'estimator__penalty': 'elasticnet'}",0.4033898305084746,2.0771150999935344,1.363167200004682,823.140625,829.765625,0.6500308071472581,0.6954515491100857,0.6719745222929936,0.3870967741935484,0.2625,0.3128491620111732,0.5494265428727472,0.6085904416212946,0.5774971297359357,0.0,0.0,0.0,0.4801010739102969,0.48749198203976907,0.48376830044557606,0.16428571428571428,0.17557251908396945,0.16974169741697417
5,CountVectorizer,SGD,"{'estimator__alpha': 0.01, 'estimator__penalty': 'l2'}",0.48859784283513097,2.044297599932179,1.393422199995257,823.140625,829.515625,0.6991770801584882,0.7560975609756098,0.7265241488519398,0.4375,0.175,0.25,0.6873219373219374,0.5837870538415003,0.6313379129865881,0.0,0.0,0.0,0.5562969140950792,0.4278383579217447,0.48368382886149386,0.11814345991561181,0.10687022900763359,0.11222444889779559
5,CountVectorizer,SGD,"{'estimator__alpha': 0.01, 'estimator__penalty': 'l1'}",0.3929121725731895,1.5406044999836013,1.2925537000410259,823.140625,829.765625,0.5990200081665986,0.48352010547132496,0.5351085172350902,0.5714285714285714,0.0375,0.07038123167155426,0.574611748818366,0.514821536600121,0.5430759412890874,0.0,0.0,0.0,0.3660403618649965,0.3373957665169981,0.35113484646194926,0.047619047619047616,0.011450381679389313,0.018461538461538463
5,CountVectorizer,SGD,"{'estimator__alpha': 0.01, 'estimator__penalty': 'elasticnet'}",0.4551617873651772,1.9323820000281557,1.2710592000512406,823.140625,829.515625,0.6641645815957743,0.7874093605800923,0.7205549690846026,0.4935064935064935,0.11875,0.19143576826196473,0.5891472868217055,0.5977011494252874,0.5933933933933934,0.0,0.0,0.0,0.4891304347826087,0.43296985246953174,0.45933991153453557,0.056962025316455694,0.10305343511450382,0.07336956521739131
