seed,vectorizer,model,params,accuracy,training_time,prediction_time,peak_memory_train,peak_memory_prediction,precision_class_0,recall_class_0,f1_class_0,precision_class_1,recall_class_1,f1_class_1
2,TfidfVectorizer,RandomForest,"{'n_estimators': 50, 'criterion': 'gini'}",0.6866791744840526,4.771121999947354,1.054511700058356,394.23828125,392.125,0.6602254428341385,0.7692307692307693,0.7105719237435009,0.7235955056179775,0.6041275797373359,0.6584867075664622
2,TfidfVectorizer,RandomForest,"{'n_estimators': 50, 'criterion': 'entropy'}",0.6941838649155723,4.52326270006597,1.0241062000859529,392.19921875,389.671875,0.6640253565768621,0.7861163227016885,0.7199312714776632,0.7379310344827587,0.6022514071294559,0.6632231404958677
2,TfidfVectorizer,RandomForest,"{'n_estimators': 50, 'criterion': 'log_loss'}",0.6941838649155723,4.544824100099504,1.0464500000234693,391.890625,389.58984375,0.6640253565768621,0.7861163227016885,0.7199312714776632,0.7379310344827587,0.6022514071294559,0.6632231404958677
2,TfidfVectorizer,RandomForest,"{'n_estimators': 100, 'criterion': 'gini'}",0.6941838649155723,8.957142600091174,1.0827709999866784,422.0703125,420.0078125,0.666131621187801,0.7786116322701688,0.7179930795847751,0.7336343115124153,0.6097560975609756,0.6659836065573771
2,TfidfVectorizer,RandomForest,"{'n_estimators': 100, 'criterion': 'entropy'}",0.700750469043152,8.625828499905765,1.1064102000091225,420.015625,417.37109375,0.6682389937106918,0.797373358348968,0.7271171941830624,0.7488372093023256,0.6041275797373359,0.6687435098650052
2,TfidfVectorizer,RandomForest,"{'n_estimators': 100, 'criterion': 'log_loss'}",0.700750469043152,8.932482600212097,1.1306016000453383,417.65234375,415.47265625,0.6682389937106918,0.797373358348968,0.7271171941830624,0.7488372093023256,0.6041275797373359,0.6687435098650052
2,TfidfVectorizer,RandomForest,"{'n_estimators': 150, 'criterion': 'gini'}",0.6923076923076923,13.795108299935237,1.1645066000055522,450.1171875,447.8203125,0.6634768740031898,0.7804878048780488,0.7172413793103448,0.7334851936218679,0.6041275797373359,0.6625514403292181
2,TfidfVectorizer,RandomForest,"{'n_estimators': 150, 'criterion': 'entropy'}",0.7054409005628518,12.621951799839735,1.1942951001692563,447.82421875,443.24609375,0.6740858505564388,0.7954971857410882,0.729776247848537,0.7505720823798627,0.6153846153846154,0.6762886597938145
2,TfidfVectorizer,RandomForest,"{'n_estimators': 150, 'criterion': 'log_loss'}",0.7054409005628518,12.648649400100112,1.1528466001618654,443.05078125,440.66015625,0.6740858505564388,0.7954971857410882,0.729776247848537,0.7505720823798627,0.6153846153846154,0.6762886597938145
2,TfidfVectorizer,SVC,"{'C': 0.1, 'kernel': 'linear'}",0.726078799249531,5.087713800137863,0.9264010000042617,651.0,453.70703125,0.7186932849364791,0.7429643527204502,0.7306273062730627,0.7339805825242719,0.7091932457786116,0.7213740458015268
2,TfidfVectorizer,SVC,"{'C': 0.1, 'kernel': 'rbf'}",0.5459662288930581,5.10294510005042,1.0799606998916715,652.2734375,453.84765625,0.8656716417910447,0.10881801125703565,0.19333333333333333,0.5245245245245245,0.9831144465290806,0.6840731070496083
2,TfidfVectorizer,SVC,"{'C': 0.1, 'kernel': 'sigmoid'}",0.7223264540337712,5.340124400099739,0.9577097999863327,652.328125,452.9921875,0.716636197440585,0.7354596622889306,0.725925925925926,0.7283236994219653,0.7091932457786116,0.7186311787072244
2,TfidfVectorizer,SVC,"{'C': 1, 'kernel': 'linear'}",0.7514071294559099,4.439771400066093,0.8305887000169605,693.26953125,452.80859375,0.7463235294117647,0.7617260787992496,0.7539461467038069,0.7567049808429118,0.7410881801125704,0.7488151658767772
2,TfidfVectorizer,SVC,"{'C': 1, 'kernel': 'rbf'}",0.7645403377110694,6.396759800147265,1.0336417998187244,688.890625,453.63671875,0.7535971223021583,0.7861163227016885,0.7695133149678605,0.7764705882352941,0.7429643527204502,0.7593480345158198
2,TfidfVectorizer,SVC,"{'C': 1, 'kernel': 'sigmoid'}",0.7476547842401501,4.41761550004594,0.8348859001416713,673.43359375,453.30078125,0.74,0.7636022514071295,0.7516158818097877,0.7558139534883721,0.7317073170731707,0.7435653002859867
2,TfidfVectorizer,SVC,"{'C': 10, 'kernel': 'linear'}",0.724202626641651,6.756010599900037,0.7699529998935759,660.84765625,453.42578125,0.7233644859813084,0.726078799249531,0.7247191011235955,0.7250470809792844,0.7223264540337712,0.7236842105263158
2,TfidfVectorizer,SVC,"{'C': 10, 'kernel': 'rbf'}",0.7645403377110694,10.94134150003083,1.0300346000585705,659.62890625,455.40625,0.7572992700729927,0.7786116322701688,0.7678075855689177,0.7722007722007722,0.7504690431519699,0.7611798287345385
2,TfidfVectorizer,SVC,"{'C': 10, 'kernel': 'sigmoid'}",0.7082551594746717,9.411562499823049,0.7130226998124272,645.47265625,453.296875,0.7086466165413534,0.7073170731707317,0.707981220657277,0.7078651685393258,0.7091932457786116,0.7085285848172446
2,TfidfVectorizer,MultinomialNB,{'alpha': 0.01},0.700750469043152,1.0575453001074493,1.8129730999935418,449.00390625,444.40234375,0.7346491228070176,0.6285178236397748,0.6774519716885743,0.6754098360655738,0.7729831144465291,0.7209098862642169
2,TfidfVectorizer,MultinomialNB,{'alpha': 0.1},0.7345215759849906,1.0557531001977623,1.811224700184539,449.421875,444.16015625,0.7648305084745762,0.6772983114446529,0.718407960199005,0.7104377104377104,0.7917448405253283,0.748890860692103
2,TfidfVectorizer,MultinomialNB,{'alpha': 1.0},0.7664165103189493,1.0620153001509607,1.9209995998535305,448.7265625,443.96875,0.7784313725490196,0.7448405253283302,0.7612655800575263,0.7553956834532374,0.7879924953095685,0.7713498622589532
2,TfidfVectorizer,LogisticRegression,"{'C': 0.1, 'penalty': 'l2'}",0.725140712945591,1.1520287999883294,1.8402523999102414,453.796875,443.98046875,0.7142857142857143,0.7504690431519699,0.7319304666056725,0.7371541501976284,0.699812382739212,0.7179980750721848
2,TfidfVectorizer,LogisticRegression,"{'C': 1, 'penalty': 'l2'}",0.7673545966228893,1.0957268001511693,1.8085729000158608,453.85546875,444.0703125,0.7576853526220615,0.7861163227016885,0.7716390423572744,0.7777777777777778,0.7485928705440901,0.762906309751434
2,TfidfVectorizer,LogisticRegression,"{'C': 10, 'penalty': 'l2'}",0.7523452157598499,1.2655106999445707,1.8106434000656009,453.84765625,444.03515625,0.7449908925318761,0.7673545966228893,0.756007393715342,0.7601547388781431,0.7373358348968105,0.7485714285714286
2,TfidfVectorizer,KNeighbors,"{'n_neighbors': 3, 'algorithm': 'ball_tree'}",0.6632270168855535,1.0688493999186903,1.157546500209719,450.14453125,583.56640625,0.6666666666666666,0.6529080675422139,0.6597156398104266,0.6599264705882353,0.6735459662288931,0.6666666666666666
2,TfidfVectorizer,KNeighbors,"{'n_neighbors': 3, 'algorithm': 'kd_tree'}",0.6632270168855535,1.0858701998367906,1.1737540001049638,451.0078125,578.80078125,0.6666666666666666,0.6529080675422139,0.6597156398104266,0.6599264705882353,0.6735459662288931,0.6666666666666666
2,TfidfVectorizer,KNeighbors,"{'n_neighbors': 3, 'algorithm': 'brute'}",0.6632270168855535,1.0667576999403536,1.1642247999552637,450.78515625,586.63671875,0.6666666666666666,0.6529080675422139,0.6597156398104266,0.6599264705882353,0.6735459662288931,0.6666666666666666
2,TfidfVectorizer,KNeighbors,"{'n_neighbors': 5, 'algorithm': 'ball_tree'}",0.6838649155722326,1.063120299950242,1.163690600078553,450.796875,562.671875,0.689922480620155,0.6679174484052532,0.678741658722593,0.6781818181818182,0.699812382739212,0.6888273314866112
2,TfidfVectorizer,KNeighbors,"{'n_neighbors': 5, 'algorithm': 'kd_tree'}",0.6838649155722326,1.0636119998525828,1.1683300998993218,450.72265625,572.609375,0.689922480620155,0.6679174484052532,0.678741658722593,0.6781818181818182,0.699812382739212,0.6888273314866112
2,TfidfVectorizer,KNeighbors,"{'n_neighbors': 5, 'algorithm': 'brute'}",0.6838649155722326,1.0672269000206143,1.162905199918896,450.66796875,583.3515625,0.689922480620155,0.6679174484052532,0.678741658722593,0.6781818181818182,0.699812382739212,0.6888273314866112
2,TfidfVectorizer,KNeighbors,"{'n_neighbors': 7, 'algorithm': 'ball_tree'}",0.6932457786116323,1.059613399906084,1.1592279998585582,450.7734375,566.546875,0.7003891050583657,0.6754221388367729,0.6876790830945558,0.6865942028985508,0.7110694183864915,0.6986175115207374
2,TfidfVectorizer,KNeighbors,"{'n_neighbors': 7, 'algorithm': 'kd_tree'}",0.6932457786116323,1.0620363000780344,1.1623521000146866,450.921875,588.83984375,0.7003891050583657,0.6754221388367729,0.6876790830945558,0.6865942028985508,0.7110694183864915,0.6986175115207374
2,TfidfVectorizer,KNeighbors,"{'n_neighbors': 7, 'algorithm': 'brute'}",0.6932457786116323,1.0675137001089752,1.1586291999556124,450.75390625,584.3203125,0.7003891050583657,0.6754221388367729,0.6876790830945558,0.6865942028985508,0.7110694183864915,0.6986175115207374
2,TfidfVectorizer,DecisionTree,"{'criterion': 'gini', 'max_features': 'sqrt'}",0.6435272045028143,1.3179706998635083,1.8312802999280393,451.33984375,446.671875,0.6312178387650086,0.6904315196998124,0.6594982078853047,0.6583850931677019,0.5966228893058161,0.6259842519685039
2,TfidfVectorizer,DecisionTree,"{'criterion': 'gini', 'max_features': 'log2'}",0.5928705440900562,1.315473899943754,1.8435097998008132,452.36328125,446.421875,0.5898366606170599,0.6097560975609756,0.5996309963099631,0.596116504854369,0.575984990619137,0.5858778625954199
2,TfidfVectorizer,DecisionTree,"{'criterion': 'gini', 'max_features': None}",0.6454033771106942,2.6024565000552684,1.8333342999685556,450.94921875,445.69921875,0.6381461675579323,0.6716697936210131,0.6544789762340036,0.6534653465346535,0.6191369606003753,0.6358381502890174
2,TfidfVectorizer,DecisionTree,"{'criterion': 'entropy', 'max_features': 'sqrt'}",0.625703564727955,1.2875865001697093,1.8077054000459611,451.47265625,446.14453125,0.6240740740740741,0.6322701688555347,0.6281453867660765,0.6273764258555133,0.6191369606003753,0.623229461756374
2,TfidfVectorizer,DecisionTree,"{'criterion': 'entropy', 'max_features': 'log2'}",0.624765478424015,1.2836591999512166,1.8199813000392169,451.67578125,446.23828125,0.627151051625239,0.6153846153846154,0.6212121212121212,0.6224677716390423,0.6341463414634146,0.6282527881040892
2,TfidfVectorizer,DecisionTree,"{'criterion': 'entropy', 'max_features': None}",0.6538461538461539,3.364648599876091,1.8173084000591189,451.45703125,445.6875,0.6474820143884892,0.6754221388367729,0.6611570247933884,0.6607843137254902,0.6322701688555347,0.6462128475551294
2,TfidfVectorizer,DecisionTree,"{'criterion': 'log_loss', 'max_features': 'sqrt'}",0.625703564727955,1.3185439999215305,1.8050234999973327,451.28515625,446.16796875,0.6240740740740741,0.6322701688555347,0.6281453867660765,0.6273764258555133,0.6191369606003753,0.623229461756374
2,TfidfVectorizer,DecisionTree,"{'criterion': 'log_loss', 'max_features': 'log2'}",0.624765478424015,1.2831029000226408,1.8218982999678701,452.046875,446.37890625,0.627151051625239,0.6153846153846154,0.6212121212121212,0.6224677716390423,0.6341463414634146,0.6282527881040892
2,TfidfVectorizer,DecisionTree,"{'criterion': 'log_loss', 'max_features': None}",0.6538461538461539,3.374701399821788,1.8169392999261618,451.0703125,445.7421875,0.6474820143884892,0.6754221388367729,0.6611570247933884,0.6607843137254902,0.6322701688555347,0.6462128475551294
2,TfidfVectorizer,GradientBoosting,"{'n_estimators': 100, 'criterion': 'friedman_mse'}",0.6191369606003753,3.392693900037557,1.8267146002035588,450.52734375,447.01953125,0.6884272997032641,0.4352720450281426,0.5333333333333333,0.5871056241426612,0.8030018761726079,0.6782884310618067
2,TfidfVectorizer,GradientBoosting,"{'n_estimators': 100, 'criterion': 'squared_error'}",0.6191369606003753,3.4007768998853862,1.8476375001482666,451.5234375,447.0703125,0.6884272997032641,0.4352720450281426,0.5333333333333333,0.5871056241426612,0.8030018761726079,0.6782884310618067
2,TfidfVectorizer,GradientBoosting,"{'n_estimators': 150, 'criterion': 'friedman_mse'}",0.6651031894934334,4.953618000028655,1.804549700114876,451.828125,447.10546875,0.6321321321321322,0.7898686679174484,0.7022518765638032,0.72,0.5403377110694184,0.617363344051447
2,TfidfVectorizer,GradientBoosting,"{'n_estimators': 150, 'criterion': 'squared_error'}",0.6651031894934334,4.821428199997172,1.81795939989388,451.8125,446.90625,0.6321321321321322,0.7898686679174484,0.7022518765638032,0.72,0.5403377110694184,0.617363344051447
2,TfidfVectorizer,GradientBoosting,"{'n_estimators': 200, 'criterion': 'friedman_mse'}",0.6594746716697936,6.317961999913678,1.8355038999579847,451.2109375,447.23046875,0.6319875776397516,0.7636022514071295,0.6915887850467289,0.7014218009478673,0.5553470919324578,0.6198952879581152
2,TfidfVectorizer,GradientBoosting,"{'n_estimators': 200, 'criterion': 'squared_error'}",0.6594746716697936,6.235961899859831,1.8248395998962224,451.90234375,447.15234375,0.6319875776397516,0.7636022514071295,0.6915887850467289,0.7014218009478673,0.5553470919324578,0.6198952879581152
2,TfidfVectorizer,AdaBoost,"{'n_estimators': 50, 'learning_rate': 0.01}",0.5112570356472795,1.2008674999233335,1.4074051999486983,451.56640625,447.21484375,0.7727272727272727,0.03189493433395872,0.06126126126126126,0.5057471264367817,0.9906191369606003,0.6696258719086874
2,TfidfVectorizer,AdaBoost,"{'n_estimators': 50, 'learning_rate': 0.1}",0.5675422138836773,1.193768800003454,1.4026597999036312,451.9375,447.21875,0.6636363636363637,0.27392120075046905,0.38778220451527223,0.5425531914893617,0.8611632270168855,0.6656997824510514
2,TfidfVectorizer,AdaBoost,"{'n_estimators': 50, 'learning_rate': 1.0}",0.5816135084427767,1.1998322999570519,1.8453873000107706,451.3828125,447.2421875,0.6775510204081633,0.31144465290806755,0.4267352185089974,0.5529841656516443,0.851782363977486,0.670605612998523
2,TfidfVectorizer,AdaBoost,"{'n_estimators': 100, 'learning_rate': 0.01}",0.5422138836772983,1.8564571000169963,1.4301388999447227,451.515625,447.2578125,0.6510067114093959,0.18198874296435272,0.2844574780058651,0.52453653217012,0.9024390243902439,0.663448275862069
2,TfidfVectorizer,AdaBoost,"{'n_estimators': 100, 'learning_rate': 0.1}",0.5872420262664165,1.8634766000322998,1.439441499998793,451.59375,446.94921875,0.6795366795366795,0.3302063789868668,0.4444444444444444,0.5576208178438662,0.8442776735459663,0.6716417910447762
2,TfidfVectorizer,AdaBoost,"{'n_estimators': 100, 'learning_rate': 1.0}",0.626641651031895,1.8754420999903232,1.446520800003782,451.26171875,446.9921875,0.5965665236051502,0.7823639774859287,0.676948051948052,0.6839237057220708,0.4709193245778612,0.5577777777777778
2,TfidfVectorizer,AdaBoost,"{'n_estimators': 150, 'learning_rate': 0.01}",0.549718574108818,2.524745900183916,0.9846184998750687,451.3671875,449.9140625,0.6267942583732058,0.24577861163227016,0.353099730458221,0.5309218203033839,0.8536585365853658,0.6546762589928058
2,TfidfVectorizer,AdaBoost,"{'n_estimators': 150, 'learning_rate': 0.1}",0.5966228893058161,2.5240601000841707,0.9897799999453127,451.421875,449.9375,0.6757679180887372,0.3714821763602251,0.4794188861985472,0.5666235446313066,0.8217636022514071,0.6707503828483921
2,TfidfVectorizer,AdaBoost,"{'n_estimators': 150, 'learning_rate': 1.0}",0.649155722326454,2.5214216001331806,1.4747044001705945,451.48828125,447.05859375,0.6160583941605839,0.7917448405253283,0.6929392446633826,0.7086614173228346,0.5065666041275797,0.5908096280087527
2,TfidfVectorizer,SGD,"{'alpha': 0.0001, 'penalty': 'l2'}",0.7542213883677298,1.0934659000486135,1.8168203001841903,451.859375,447.16796875,0.75139146567718,0.7598499061913696,0.7555970149253731,0.7571157495256167,0.7485928705440901,0.7528301886792453
2,TfidfVectorizer,SGD,"{'alpha': 0.0001, 'penalty': 'l1'}",0.7288930581613509,1.1219693999737501,1.8192447000183165,451.90625,447.17578125,0.7118055555555556,0.7692307692307693,0.739404869251578,0.7489795918367347,0.6885553470919324,0.7174975562072337
2,TfidfVectorizer,SGD,"{'alpha': 0.0001, 'penalty': 'elasticnet'}",0.7485928705440901,1.129782599862665,1.836073299869895,451.9375,447.1171875,0.7422303473491774,0.7617260787992496,0.7518518518518519,0.7552986512524085,0.7354596622889306,0.7452471482889734
2,TfidfVectorizer,SGD,"{'alpha': 0.001, 'penalty': 'l2'}",0.7307692307692307,1.0698671001009643,1.8546806999947876,452.0,447.296875,0.7220216606498195,0.7504690431519699,0.7359705611775529,0.740234375,0.7110694183864915,0.7253588516746412
2,TfidfVectorizer,SGD,"{'alpha': 0.001, 'penalty': 'l1'}",0.6097560975609756,1.074194900225848,1.819934899918735,451.8046875,447.30078125,0.5789473684210527,0.8048780487804879,0.673469387755102,0.68,0.4146341463414634,0.5151515151515151
2,TfidfVectorizer,SGD,"{'alpha': 0.001, 'penalty': 'elasticnet'}",0.6923076923076923,1.092907400103286,1.8398063001222908,451.75,447.33984375,0.6795096322241682,0.7279549718574109,0.7028985507246377,0.7070707070707071,0.6566604127579737,0.6809338521400778
2,TfidfVectorizer,SGD,"{'alpha': 0.01, 'penalty': 'l2'}",0.5196998123827392,1.0690955000463873,1.7969329000916332,451.7109375,447.12109375,0.5100478468899522,1.0,0.6755386565272496,1.0,0.039399624765478425,0.07581227436823104
2,TfidfVectorizer,SGD,"{'alpha': 0.01, 'penalty': 'l1'}",0.5,1.070783100090921,1.8120541998650879,451.69140625,447.18359375,0.5,1.0,0.6666666666666666,0.0,0.0,0.0
2,TfidfVectorizer,SGD,"{'alpha': 0.01, 'penalty': 'elasticnet'}",0.5,1.0646060998551548,1.8146269000135362,451.74609375,447.265625,0.5,1.0,0.6666666666666666,0.0,0.0,0.0
2,CountVectorizer,RandomForest,"{'n_estimators': 50, 'criterion': 'gini'}",0.724202626641651,5.016097800107673,1.0239768999163061,447.265625,404.74609375,0.6924315619967794,0.8067542213883677,0.7452339688041595,0.7685393258426966,0.6416510318949343,0.6993865030674846
2,CountVectorizer,RandomForest,"{'n_estimators': 50, 'criterion': 'entropy'}",0.7110694183864915,4.628002400044352,1.0244183000177145,403.42578125,401.26171875,0.6829268292682927,0.7879924953095685,0.7317073170731707,0.7494456762749445,0.6341463414634146,0.6869918699186992
2,CountVectorizer,RandomForest,"{'n_estimators': 50, 'criterion': 'log_loss'}",0.7110694183864915,4.618781399913132,1.0112517999950796,403.37109375,401.2109375,0.6829268292682927,0.7879924953095685,0.7317073170731707,0.7494456762749445,0.6341463414634146,0.6869918699186992
2,CountVectorizer,RandomForest,"{'n_estimators': 100, 'criterion': 'gini'}",0.7129455909943715,9.467481199884787,1.0725249000824988,434.2734375,434.41796875,0.6827697262479872,0.7954971857410882,0.7348353552859619,0.755056179775281,0.6303939962476548,0.6871165644171779
2,CountVectorizer,RandomForest,"{'n_estimators': 100, 'criterion': 'entropy'}",0.7148217636022514,9.019135699840263,1.1004097999539226,432.46484375,429.5859375,0.6898839137645107,0.7804878048780488,0.7323943661971831,0.7473002159827213,0.649155722326454,0.6947791164658634
2,CountVectorizer,RandomForest,"{'n_estimators': 100, 'criterion': 'log_loss'}",0.7148217636022514,8.977650200016797,1.0884920000098646,431.390625,431.609375,0.6898839137645107,0.7804878048780488,0.7323943661971831,0.7473002159827213,0.649155722326454,0.6947791164658634
2,CountVectorizer,RandomForest,"{'n_estimators': 150, 'criterion': 'gini'}",0.7110694183864915,13.843731499975547,1.151953199878335,463.94140625,464.140625,0.6811594202898551,0.7936210131332082,0.733102253032929,0.7528089887640449,0.6285178236397748,0.6850715746421268
2,CountVectorizer,RandomForest,"{'n_estimators': 150, 'criterion': 'entropy'}",0.7091932457786116,12.908696200000122,1.1748736000154167,462.05078125,459.96484375,0.6807131280388979,0.7879924953095685,0.7304347826086957,0.7483296213808464,0.6303939962476548,0.6843177189409368
2,CountVectorizer,RandomForest,"{'n_estimators': 150, 'criterion': 'log_loss'}",0.7091932457786116,13.041487499838695,1.1553987998049706,457.30859375,454.140625,0.6807131280388979,0.7879924953095685,0.7304347826086957,0.7483296213808464,0.6303939962476548,0.6843177189409368
2,CountVectorizer,SVC,"{'C': 0.1, 'kernel': 'linear'}",0.7373358348968105,4.252451200038195,0.7985666999593377,703.6875,465.16796875,0.7254901960784313,0.7636022514071295,0.7440585009140768,0.7504950495049505,0.7110694183864915,0.7302504816955684
2,CountVectorizer,SVC,"{'C': 0.1, 'kernel': 'rbf'}",0.6547842401500938,5.133482800098136,1.060619299998507,664.96484375,466.0859375,0.6968973747016707,0.5478424015009381,0.6134453781512605,0.6275115919629057,0.7617260787992496,0.688135593220339
2,CountVectorizer,SVC,"{'C': 0.1, 'kernel': 'sigmoid'}",0.6801125703564728,5.162249300163239,0.9349431998562068,665.17578125,466.01171875,0.6889763779527559,0.6566604127579737,0.6724303554274735,0.6720430107526881,0.7035647279549718,0.687442713107241
2,CountVectorizer,SVC,"{'C': 1, 'kernel': 'linear'}",0.726078799249531,6.040299499873072,0.7426577999722213,679.19921875,464.5859375,0.7171171171171171,0.7467166979362101,0.7316176470588235,0.735812133072407,0.7054409005628518,0.7203065134099617
2,CountVectorizer,SVC,"{'C': 1, 'kernel': 'rbf'}",0.7335834896810507,5.179981299908832,0.999400399858132,704.48828125,464.6953125,0.7195767195767195,0.7654784240150094,0.7418181818181818,0.749498997995992,0.701688555347092,0.7248062015503876
2,CountVectorizer,SVC,"{'C': 1, 'kernel': 'sigmoid'}",0.7429643527204502,4.415774499997497,0.8797867998946458,680.19921875,465.91796875,0.7341772151898734,0.7617260787992496,0.7476979742173112,0.7524366471734892,0.724202626641651,0.7380497131931166
2,CountVectorizer,SVC,"{'C': 10, 'kernel': 'linear'}",0.699812382739212,6.9051822000183165,0.7468592999503016,668.71484375,464.75390625,0.7059961315280464,0.6848030018761726,0.6952380952380952,0.6939890710382514,0.7148217636022514,0.7042513863216266
2,CountVectorizer,SVC,"{'C': 10, 'kernel': 'rbf'}",0.7504690431519699,10.324576099868864,1.0566984000615776,687.2890625,465.78515625,0.7458563535911602,0.7598499061913696,0.7527881040892194,0.7552581261950286,0.7410881801125704,0.7481060606060606
2,CountVectorizer,SVC,"{'C': 10, 'kernel': 'sigmoid'}",0.7129455909943715,6.51103759999387,0.704213900025934,651.83203125,466.76953125,0.7137476459510358,0.7110694183864915,0.7124060150375939,0.7121495327102804,0.7148217636022514,0.7134831460674157
2,CountVectorizer,MultinomialNB,{'alpha': 0.01},0.7101313320825516,1.0658039001282305,1.8317764999810606,461.47265625,455.85546875,0.7393162393162394,0.649155722326454,0.6913086913086913,0.6872909698996655,0.7711069418386491,0.726790450928382
2,CountVectorizer,MultinomialNB,{'alpha': 0.1},0.7298311444652908,1.0626221999991685,1.8188938999082893,460.4921875,455.4140625,0.755741127348643,0.6791744840525328,0.7154150197628458,0.7086882453151618,0.7804878048780488,0.7428571428571429
2,CountVectorizer,MultinomialNB,{'alpha': 1.0},0.7551594746716698,1.0647593999747187,1.8409937000833452,460.98046875,455.33984375,0.7635658914728682,0.7392120075046904,0.7511916110581506,0.7472727272727273,0.7711069418386491,0.7590027700831025
2,CountVectorizer,LogisticRegression,"{'C': 0.1, 'penalty': 'l2'}",0.7382739212007504,1.1443958000745624,1.8208955000154674,463.078125,454.58984375,0.7259786476868327,0.7654784240150094,0.7452054794520548,0.751984126984127,0.7110694183864915,0.7309546769527483
2,CountVectorizer,LogisticRegression,"{'C': 1, 'penalty': 'l2'}",0.7504690431519699,0.8023345000110567,1.8511938999872655,463.5234375,454.58203125,0.736283185840708,0.7804878048780488,0.7577413479052824,0.7664670658682635,0.7204502814258912,0.7427466150870407
2,CountVectorizer,LogisticRegression,"{'C': 10, 'penalty': 'l2'}",0.7410881801125704,0.7143421000801027,1.9360390999354422,463.6328125,454.55078125,0.7375231053604436,0.7485928705440901,0.7430167597765364,0.7447619047619047,0.7335834896810507,0.7391304347826086
2,CountVectorizer,KNeighbors,"{'n_neighbors': 3, 'algorithm': 'ball_tree'}",0.5694183864915572,1.1547531001269817,1.2552255999762565,460.87109375,575.90234375,0.5583596214511041,0.6641651031894934,0.6066838046272494,0.5856481481481481,0.474671669793621,0.5243523316062176
2,CountVectorizer,KNeighbors,"{'n_neighbors': 3, 'algorithm': 'kd_tree'}",0.5694183864915572,1.1540607998613268,1.2753173999954015,459.56640625,577.37890625,0.5583596214511041,0.6641651031894934,0.6066838046272494,0.5856481481481481,0.474671669793621,0.5243523316062176
2,CountVectorizer,KNeighbors,"{'n_neighbors': 3, 'algorithm': 'brute'}",0.5694183864915572,1.2054521997924894,1.3094885000027716,459.4140625,592.0390625,0.5583596214511041,0.6641651031894934,0.6066838046272494,0.5856481481481481,0.474671669793621,0.5243523316062176
2,CountVectorizer,KNeighbors,"{'n_neighbors': 5, 'algorithm': 'ball_tree'}",0.575046904315197,1.115179100073874,1.3482301000040025,459.546875,576.046875,0.5579710144927537,0.7223264540337712,0.6295993458708095,0.6063829787234043,0.4277673545966229,0.5016501650165016
2,CountVectorizer,KNeighbors,"{'n_neighbors': 5, 'algorithm': 'kd_tree'}",0.575046904315197,1.1441168000455946,1.2823568999301642,459.69921875,577.6796875,0.5579710144927537,0.7223264540337712,0.6295993458708095,0.6063829787234043,0.4277673545966229,0.5016501650165016
2,CountVectorizer,KNeighbors,"{'n_neighbors': 5, 'algorithm': 'brute'}",0.575046904315197,1.1138534999918193,1.303321000188589,459.69921875,581.046875,0.5579710144927537,0.7223264540337712,0.6295993458708095,0.6063829787234043,0.4277673545966229,0.5016501650165016
2,CountVectorizer,KNeighbors,"{'n_neighbors': 7, 'algorithm': 'ball_tree'}",0.5844277673545967,1.096674800151959,1.3413426000624895,459.625,594.0703125,0.5635593220338984,0.7485928705440901,0.6430298146655923,0.6256983240223464,0.4202626641651032,0.5028058361391695
2,CountVectorizer,KNeighbors,"{'n_neighbors': 7, 'algorithm': 'kd_tree'}",0.5844277673545967,1.1353670000098646,1.266018900088966,459.45703125,571.421875,0.5635593220338984,0.7485928705440901,0.6430298146655923,0.6256983240223464,0.4202626641651032,0.5028058361391695
2,CountVectorizer,KNeighbors,"{'n_neighbors': 7, 'algorithm': 'brute'}",0.5844277673545967,1.0994835998862982,1.2358580001164228,459.26171875,574.32421875,0.5635593220338984,0.7485928705440901,0.6430298146655923,0.6256983240223464,0.4202626641651032,0.5028058361391695
2,CountVectorizer,DecisionTree,"{'criterion': 'gini', 'max_features': 'sqrt'}",0.6350844277673546,1.320518400054425,1.8405677999835461,460.75,455.55078125,0.6267605633802817,0.6679174484052532,0.6466848319709355,0.6445783132530121,0.6022514071294559,0.6226964112512124
2,CountVectorizer,DecisionTree,"{'criterion': 'gini', 'max_features': 'log2'}",0.600375234521576,1.3501650001853704,1.8103779000230134,461.0703125,455.71875,0.6089613034623218,0.5609756097560976,0.583984375,0.5930434782608696,0.6397748592870544,0.6155234657039711
2,CountVectorizer,DecisionTree,"{'criterion': 'gini', 'max_features': None}",0.6463414634146342,2.081900800112635,1.9183327001519501,460.72265625,454.9375,0.6397849462365591,0.6697936210131332,0.6544454628780935,0.6535433070866141,0.6228893058161351,0.6378482228626321
2,CountVectorizer,DecisionTree,"{'criterion': 'entropy', 'max_features': 'sqrt'}",0.6303939962476548,1.3919847998768091,1.950378900161013,460.515625,455.578125,0.6265938069216758,0.6454033771106942,0.6358595194085028,0.6344294003868471,0.6153846153846154,0.6247619047619047
2,CountVectorizer,DecisionTree,"{'criterion': 'entropy', 'max_features': 'log2'}",0.6181988742964353,0.7353393998928368,1.969258600147441,460.8359375,455.765625,0.6158088235294118,0.6285178236397748,0.6220984215413184,0.6206896551724138,0.6078799249530957,0.614218009478673
2,CountVectorizer,DecisionTree,"{'criterion': 'entropy', 'max_features': None}",0.6660412757973734,2.3510745000094175,1.9229852000717074,460.20703125,454.93359375,0.6612021857923497,0.6810506566604128,0.6709796672828097,0.6711798839458414,0.651031894934334,0.660952380952381
2,CountVectorizer,DecisionTree,"{'criterion': 'log_loss', 'max_features': 'sqrt'}",0.6303939962476548,1.371232100063935,1.8664533998817205,460.625,455.515625,0.6265938069216758,0.6454033771106942,0.6358595194085028,0.6344294003868471,0.6153846153846154,0.6247619047619047
2,CountVectorizer,DecisionTree,"{'criterion': 'log_loss', 'max_features': 'log2'}",0.6181988742964353,0.6957749000284821,1.958484899951145,460.75390625,455.7734375,0.6158088235294118,0.6285178236397748,0.6220984215413184,0.6206896551724138,0.6078799249530957,0.614218009478673
2,CountVectorizer,DecisionTree,"{'criterion': 'log_loss', 'max_features': None}",0.6660412757973734,2.4325049999170005,1.9130089001264423,460.375,455.01171875,0.6612021857923497,0.6810506566604128,0.6709796672828097,0.6711798839458414,0.651031894934334,0.660952380952381
2,CountVectorizer,GradientBoosting,"{'n_estimators': 100, 'criterion': 'friedman_mse'}",0.6303939962476548,2.4265492998529226,1.908383300062269,459.7265625,455.296875,0.7151702786377709,0.4333958724202627,0.5397196261682243,0.5935397039030955,0.8273921200750469,0.6912225705329154
2,CountVectorizer,GradientBoosting,"{'n_estimators': 100, 'criterion': 'squared_error'}",0.6303939962476548,2.462448599981144,1.9720340000931174,459.90234375,455.18359375,0.7151702786377709,0.4333958724202627,0.5397196261682243,0.5935397039030955,0.8273921200750469,0.6912225705329154
2,CountVectorizer,GradientBoosting,"{'n_estimators': 150, 'criterion': 'friedman_mse'}",0.6754221388367729,3.320595799945295,1.8244251001160592,459.640625,455.33203125,0.6445131375579598,0.7823639774859287,0.7067796610169491,0.7231503579952268,0.5684803001876173,0.6365546218487395
2,CountVectorizer,GradientBoosting,"{'n_estimators': 150, 'criterion': 'squared_error'}",0.6754221388367729,3.3922195001505315,1.978912099963054,459.65625,455.5078125,0.6445131375579598,0.7823639774859287,0.7067796610169491,0.7231503579952268,0.5684803001876173,0.6365546218487395
2,CountVectorizer,GradientBoosting,"{'n_estimators': 200, 'criterion': 'friedman_mse'}",0.6838649155722326,4.293565899832174,1.964941899990663,459.90234375,455.578125,0.6521739130434783,0.7879924953095685,0.713678844519966,0.7322274881516587,0.5797373358348968,0.6471204188481675
2,CountVectorizer,GradientBoosting,"{'n_estimators': 200, 'criterion': 'squared_error'}",0.6838649155722326,4.299287799978629,1.8552555001806468,459.8984375,455.390625,0.6521739130434783,0.7879924953095685,0.713678844519966,0.7322274881516587,0.5797373358348968,0.6471204188481675
2,CountVectorizer,AdaBoost,"{'n_estimators': 50, 'learning_rate': 0.01}",0.5112570356472795,0.9803053999785334,1.9403669000603259,460.0859375,455.37890625,0.7727272727272727,0.03189493433395872,0.06126126126126126,0.5057471264367817,0.9906191369606003,0.6696258719086874
2,CountVectorizer,AdaBoost,"{'n_estimators': 50, 'learning_rate': 0.1}",0.5637898686679175,0.9856390000786632,1.9434531000442803,459.80078125,455.21484375,0.6574074074074074,0.26641651031894936,0.37917222963951935,0.54,0.8611632270168855,0.6637744034707158
2,CountVectorizer,AdaBoost,"{'n_estimators': 50, 'learning_rate': 1.0}",0.5825515947467167,0.9864196998532861,1.9297390999272466,459.4765625,455.18359375,0.676,0.3170731707317073,0.43167305236270753,0.553921568627451,0.8480300187617261,0.670126019273536
2,CountVectorizer,AdaBoost,"{'n_estimators': 100, 'learning_rate': 0.01}",0.5440900562851783,1.4495955999009311,1.5015952000394464,459.625,455.234375,0.6535947712418301,0.18761726078799248,0.2915451895043732,0.5257393209200438,0.900562851782364,0.6639004149377593
2,CountVectorizer,AdaBoost,"{'n_estimators': 100, 'learning_rate': 0.1}",0.5900562851782364,1.4376511999871582,0.9871805999428034,459.2265625,455.08984375,0.692,0.324577861163227,0.44189016602809705,0.5588235294117647,0.8555347091932458,0.676056338028169
2,CountVectorizer,AdaBoost,"{'n_estimators': 100, 'learning_rate': 1.0}",0.6332082551594747,1.4260915000922978,1.4666379999835044,459.84375,455.2265625,0.5946666666666667,0.8367729831144465,0.6952455183164459,0.7246835443037974,0.42964352720450283,0.5394581861012956
2,CountVectorizer,AdaBoost,"{'n_estimators': 150, 'learning_rate': 0.01}",0.550656660412758,1.9086683001369238,1.0031139999628067,459.46484375,458.23046875,0.66875,0.20075046904315197,0.3088023088023088,0.5298013245033113,0.900562851782364,0.6671299513551077
2,CountVectorizer,AdaBoost,"{'n_estimators': 150, 'learning_rate': 0.1}",0.6050656660412758,1.8783633999992162,1.0109544000588357,459.3515625,458.109375,0.6971830985915493,0.3714821763602251,0.4847001223990208,0.571611253196931,0.8386491557223265,0.6798479087452471
2,CountVectorizer,AdaBoost,"{'n_estimators': 150, 'learning_rate': 1.0}",0.6604127579737336,1.8592296000570059,1.0233189000282437,459.796875,457.98828125,0.6305343511450382,0.774859287054409,0.6952861952861953,0.708029197080292,0.5459662288930581,0.6165254237288136
2,CountVectorizer,SGD,"{'alpha': 0.0001, 'penalty': 'l2'}",0.7213883677298312,1.091244600014761,1.8453232001047581,459.91015625,455.13671875,0.7177121771217713,0.7298311444652908,0.7237209302325581,0.7251908396946565,0.7129455909943715,0.7190160832544938
2,CountVectorizer,SGD,"{'alpha': 0.0001, 'penalty': 'l1'}",0.7157598499061913,1.1650131999049336,1.9097541000228375,460.015625,455.13671875,0.6949152542372882,0.7692307692307693,0.730186999109528,0.7415966386554622,0.6622889305816135,0.6997026759167493
2,CountVectorizer,SGD,"{'alpha': 0.0001, 'penalty': 'elasticnet'}",0.7448405253283302,1.1766478000208735,1.8436964000575244,460.0,455.0390625,0.7351351351351352,0.7654784240150094,0.75,0.7553816046966731,0.724202626641651,0.7394636015325671
2,CountVectorizer,SGD,"{'alpha': 0.001, 'penalty': 'l2'}",0.7420262664165104,1.1016120000276715,1.8590029999613762,459.5625,455.12890625,0.7255244755244755,0.7786116322701688,0.751131221719457,0.7611336032388664,0.7054409005628518,0.7322297955209348
2,CountVectorizer,SGD,"{'alpha': 0.001, 'penalty': 'l1'}",0.6866791744840526,1.124750800197944,1.922265199944377,459.99609375,455.046875,0.6672268907563025,0.7448405253283302,0.7039007092198581,0.7112526539278131,0.6285178236397748,0.6673306772908366
2,CountVectorizer,SGD,"{'alpha': 0.001, 'penalty': 'elasticnet'}",0.7307692307692307,1.2985318000428379,1.9024472997989506,460.06640625,455.22265625,0.7165492957746479,0.7636022514071295,0.7393278837420527,0.7469879518072289,0.6979362101313321,0.7216294859359845
2,CountVectorizer,SGD,"{'alpha': 0.01, 'penalty': 'l2'}",0.6951219512195121,1.084563999902457,1.8493224000558257,459.95703125,455.328125,0.6947565543071161,0.6960600375234521,0.6954076850984068,0.6954887218045113,0.6941838649155723,0.6948356807511737
2,CountVectorizer,SGD,"{'alpha': 0.01, 'penalty': 'l1'}",0.5375234521575984,1.1458380001131445,1.8864859000314027,460.140625,455.24609375,0.522271714922049,0.8799249530956847,0.6554856743535988,0.6190476190476191,0.1951219512195122,0.2967189728958631
2,CountVectorizer,SGD,"{'alpha': 0.01, 'penalty': 'elasticnet'}",0.6275797373358349,1.0896764998324215,1.8447406999766827,460.05859375,455.25390625,0.6611374407582938,0.5234521575984991,0.5842931937172775,0.6055900621118012,0.7317073170731707,0.6627017841971113
3,TfidfVectorizer,RandomForest,"{'n_estimators': 50, 'criterion': 'gini'}",0.6866791744840526,4.825081400107592,1.0109100001864135,455.25390625,400.1484375,0.6509863429438544,0.8048780487804879,0.7197986577181208,0.7444717444717445,0.5684803001876173,0.6446808510638298
3,TfidfVectorizer,RandomForest,"{'n_estimators': 50, 'criterion': 'entropy'}",0.699812382739212,4.571692100027576,1.020405399845913,397.98828125,395.51953125,0.6661466458658346,0.801125703564728,0.727427597955707,0.7505882352941177,0.5984990619136961,0.6659707724425887
3,TfidfVectorizer,RandomForest,"{'n_estimators': 50, 'criterion': 'log_loss'}",0.699812382739212,4.654493499780074,1.0811464998405427,397.6328125,395.4453125,0.6661466458658346,0.801125703564728,0.727427597955707,0.7505882352941177,0.5984990619136961,0.6659707724425887
3,TfidfVectorizer,RandomForest,"{'n_estimators': 100, 'criterion': 'gini'}",0.6904315196998124,9.199283699970692,1.1392000000923872,428.09375,428.125,0.6583463338533542,0.7917448405253283,0.7189097103918228,0.7388235294117647,0.5891181988742964,0.6555323590814196
3,TfidfVectorizer,RandomForest,"{'n_estimators': 100, 'criterion': 'entropy'}",0.7129455909943715,8.709197199903429,1.1149099001195282,425.6171875,420.625,0.6804451510333863,0.8030018761726079,0.7366609294320138,0.7597254004576659,0.6228893058161351,0.6845360824742268
3,TfidfVectorizer,RandomForest,"{'n_estimators': 100, 'criterion': 'log_loss'}",0.7129455909943715,8.5637652000878,1.0986565998755395,423.11328125,420.67578125,0.6804451510333863,0.8030018761726079,0.7366609294320138,0.7597254004576659,0.6228893058161351,0.6845360824742268
3,TfidfVectorizer,RandomForest,"{'n_estimators': 150, 'criterion': 'gini'}",0.6857410881801126,13.237438900163397,1.136877000099048,456.0078125,456.0390625,0.6571428571428571,0.776735459662289,0.7119518486672399,0.7270642201834863,0.5947467166979362,0.6542827657378741
3,TfidfVectorizer,RandomForest,"{'n_estimators': 150, 'criterion': 'entropy'}",0.701688555347092,12.678096600109711,1.1689234001096338,453.35546875,446.5625,0.670906200317965,0.7917448405253283,0.7263339070567987,0.7459954233409611,0.6116322701688556,0.6721649484536083
3,TfidfVectorizer,RandomForest,"{'n_estimators': 150, 'criterion': 'log_loss'}",0.701688555347092,12.420665600104257,1.1569524998776615,447.8671875,448.06640625,0.670906200317965,0.7917448405253283,0.7263339070567987,0.7459954233409611,0.6116322701688556,0.6721649484536083
3,TfidfVectorizer,SVC,"{'C': 0.1, 'kernel': 'linear'}",0.726078799249531,5.026165299816057,0.9342372000683099,662.6171875,456.4765625,0.7186932849364791,0.7429643527204502,0.7306273062730627,0.7339805825242719,0.7091932457786116,0.7213740458015268
3,TfidfVectorizer,SVC,"{'C': 0.1, 'kernel': 'rbf'}",0.5459662288930581,5.069833499845117,1.062039599986747,655.19140625,456.95703125,0.8656716417910447,0.10881801125703565,0.19333333333333333,0.5245245245245245,0.9831144465290806,0.6840731070496083
3,TfidfVectorizer,SVC,"{'C': 0.1, 'kernel': 'sigmoid'}",0.7223264540337712,5.264264400117099,0.9583036000840366,655.22265625,456.2578125,0.716636197440585,0.7354596622889306,0.725925925925926,0.7283236994219653,0.7091932457786116,0.7186311787072244
3,TfidfVectorizer,SVC,"{'C': 1, 'kernel': 'linear'}",0.7514071294559099,4.4320382999721915,0.8202561000362039,698.890625,456.98046875,0.7463235294117647,0.7617260787992496,0.7539461467038069,0.7567049808429118,0.7410881801125704,0.7488151658767772
3,TfidfVectorizer,SVC,"{'C': 1, 'kernel': 'rbf'}",0.7645403377110694,6.369951199973002,1.0306080000009388,692.53515625,456.5,0.7535971223021583,0.7861163227016885,0.7695133149678605,0.7764705882352941,0.7429643527204502,0.7593480345158198
3,TfidfVectorizer,SVC,"{'C': 1, 'kernel': 'sigmoid'}",0.7476547842401501,4.45638810005039,0.8437773000914603,675.91015625,456.51171875,0.74,0.7636022514071295,0.7516158818097877,0.7558139534883721,0.7317073170731707,0.7435653002859867
3,TfidfVectorizer,SVC,"{'C': 10, 'kernel': 'linear'}",0.724202626641651,6.762225300073624,0.7790910999756306,664.171875,457.2109375,0.7233644859813084,0.726078799249531,0.7247191011235955,0.7250470809792844,0.7223264540337712,0.7236842105263158
3,TfidfVectorizer,SVC,"{'C': 10, 'kernel': 'rbf'}",0.7645403377110694,10.952486299909651,1.0672770000528544,661.92578125,457.78125,0.7572992700729927,0.7786116322701688,0.7678075855689177,0.7722007722007722,0.7504690431519699,0.7611798287345385
3,TfidfVectorizer,SVC,"{'C': 10, 'kernel': 'sigmoid'}",0.7082551594746717,9.372612999984995,0.7218479998409748,648.2265625,455.51171875,0.7086466165413534,0.7073170731707317,0.707981220657277,0.7078651685393258,0.7091932457786116,0.7085285848172446
3,TfidfVectorizer,MultinomialNB,{'alpha': 0.01},0.700750469043152,1.0631484999321401,1.88229910004884,451.109375,445.9921875,0.7346491228070176,0.6285178236397748,0.6774519716885743,0.6754098360655738,0.7729831144465291,0.7209098862642169
3,TfidfVectorizer,MultinomialNB,{'alpha': 0.1},0.7345215759849906,1.1333594000898302,1.874365100171417,449.4453125,445.33984375,0.7648305084745762,0.6772983114446529,0.718407960199005,0.7104377104377104,0.7917448405253283,0.748890860692103
3,TfidfVectorizer,MultinomialNB,{'alpha': 1.0},0.7664165103189493,1.2865865000057966,1.9253098999615759,450.22265625,445.35546875,0.7784313725490196,0.7448405253283302,0.7612655800575263,0.7553956834532374,0.7879924953095685,0.7713498622589532
3,TfidfVectorizer,LogisticRegression,"{'C': 0.1, 'penalty': 'l2'}",0.725140712945591,1.150431599933654,1.8758034999482334,454.55078125,445.05078125,0.7142857142857143,0.7504690431519699,0.7319304666056725,0.7371541501976284,0.699812382739212,0.7179980750721848
3,TfidfVectorizer,LogisticRegression,"{'C': 1, 'penalty': 'l2'}",0.7673545966228893,1.13756849989295,1.874605800025165,454.78125,445.0859375,0.7576853526220615,0.7861163227016885,0.7716390423572744,0.7777777777777778,0.7485928705440901,0.762906309751434
3,TfidfVectorizer,LogisticRegression,"{'C': 10, 'penalty': 'l2'}",0.7523452157598499,1.2331529001239687,1.849679899867624,454.7890625,445.08203125,0.7449908925318761,0.7673545966228893,0.756007393715342,0.7601547388781431,0.7373358348968105,0.7485714285714286
3,TfidfVectorizer,KNeighbors,"{'n_neighbors': 3, 'algorithm': 'ball_tree'}",0.6632270168855535,1.1211498000193387,1.2527360999956727,450.296875,580.60546875,0.6666666666666666,0.6529080675422139,0.6597156398104266,0.6599264705882353,0.6735459662288931,0.6666666666666666
3,TfidfVectorizer,KNeighbors,"{'n_neighbors': 3, 'algorithm': 'kd_tree'}",0.6632270168855535,1.0959911001846194,1.1875823000445962,449.74609375,587.1640625,0.6666666666666666,0.6529080675422139,0.6597156398104266,0.6599264705882353,0.6735459662288931,0.6666666666666666
3,TfidfVectorizer,KNeighbors,"{'n_neighbors': 3, 'algorithm': 'brute'}",0.6632270168855535,1.0691190999932587,1.1692697000689805,449.87109375,584.63671875,0.6666666666666666,0.6529080675422139,0.6597156398104266,0.6599264705882353,0.6735459662288931,0.6666666666666666
3,TfidfVectorizer,KNeighbors,"{'n_neighbors': 5, 'algorithm': 'ball_tree'}",0.6838649155722326,1.0735847998876125,1.2300283999647945,449.859375,576.87890625,0.689922480620155,0.6679174484052532,0.678741658722593,0.6781818181818182,0.699812382739212,0.6888273314866112
3,TfidfVectorizer,KNeighbors,"{'n_neighbors': 5, 'algorithm': 'kd_tree'}",0.6838649155722326,1.0625119998585433,1.1719313999637961,450.0,582.08984375,0.689922480620155,0.6679174484052532,0.678741658722593,0.6781818181818182,0.699812382739212,0.6888273314866112
3,TfidfVectorizer,KNeighbors,"{'n_neighbors': 5, 'algorithm': 'brute'}",0.6838649155722326,1.0656629998702556,1.1735644000582397,449.609375,582.703125,0.689922480620155,0.6679174484052532,0.678741658722593,0.6781818181818182,0.699812382739212,0.6888273314866112
3,TfidfVectorizer,KNeighbors,"{'n_neighbors': 7, 'algorithm': 'ball_tree'}",0.6932457786116323,1.053855499951169,1.1548635999206454,449.6640625,577.1484375,0.7003891050583657,0.6754221388367729,0.6876790830945558,0.6865942028985508,0.7110694183864915,0.6986175115207374
3,TfidfVectorizer,KNeighbors,"{'n_neighbors': 7, 'algorithm': 'kd_tree'}",0.6932457786116323,1.0566759000066668,1.1568693001754582,449.55859375,586.68359375,0.7003891050583657,0.6754221388367729,0.6876790830945558,0.6865942028985508,0.7110694183864915,0.6986175115207374
3,TfidfVectorizer,KNeighbors,"{'n_neighbors': 7, 'algorithm': 'brute'}",0.6932457786116323,1.066215300001204,1.1744051000569016,449.09375,587.625,0.7003891050583657,0.6754221388367729,0.6876790830945558,0.6865942028985508,0.7110694183864915,0.6986175115207374
3,TfidfVectorizer,DecisionTree,"{'criterion': 'gini', 'max_features': 'sqrt'}",0.6397748592870544,1.3389502000063658,1.799873000010848,451.2734375,446.05859375,0.6382189239332097,0.6454033771106942,0.6417910447761194,0.6413662239089184,0.6341463414634146,0.6377358490566037
3,TfidfVectorizer,DecisionTree,"{'criterion': 'gini', 'max_features': 'log2'}",0.5863039399624765,1.3088144999928772,1.8364840000867844,451.84375,446.28125,0.5877862595419847,0.5778611632270169,0.5827814569536424,0.584870848708487,0.5947467166979362,0.5897674418604651
3,TfidfVectorizer,DecisionTree,"{'criterion': 'gini', 'max_features': None}",0.6388367729831145,2.7278583999723196,1.8128665001131594,451.3046875,445.46484375,0.6326164874551972,0.6622889305816135,0.6471127406049496,0.6456692913385826,0.6153846153846154,0.6301633045148896
3,TfidfVectorizer,DecisionTree,"{'criterion': 'entropy', 'max_features': 'sqrt'}",0.6378986866791745,1.3451704001054168,1.8877797001041472,451.1640625,446.05078125,0.634862385321101,0.649155722326454,0.6419294990723562,0.6410748560460653,0.626641651031895,0.6337760910815939
3,TfidfVectorizer,DecisionTree,"{'criterion': 'entropy', 'max_features': 'log2'}",0.6125703564727955,1.3115927998442203,1.8100269997958094,451.63671875,446.03125,0.6234567901234568,0.5684803001876173,0.5947006869479883,0.603448275862069,0.6566604127579737,0.6289308176100629
3,TfidfVectorizer,DecisionTree,"{'criterion': 'entropy', 'max_features': None}",0.625703564727955,3.456763899885118,1.7948723998852074,451.0546875,445.40625,0.6259398496240601,0.624765478424015,0.6253521126760564,0.6254681647940075,0.626641651031895,0.6260543580131209
3,TfidfVectorizer,DecisionTree,"{'criterion': 'log_loss', 'max_features': 'sqrt'}",0.6378986866791745,1.3247263999655843,1.8135327999480069,451.26171875,446.07421875,0.634862385321101,0.649155722326454,0.6419294990723562,0.6410748560460653,0.626641651031895,0.6337760910815939
3,TfidfVectorizer,DecisionTree,"{'criterion': 'log_loss', 'max_features': 'log2'}",0.6125703564727955,1.2680430000182241,1.8169152999762446,451.85546875,446.171875,0.6234567901234568,0.5684803001876173,0.5947006869479883,0.603448275862069,0.6566604127579737,0.6289308176100629
3,TfidfVectorizer,DecisionTree,"{'criterion': 'log_loss', 'max_features': None}",0.625703564727955,3.458590699825436,1.8299467999022454,451.1796875,445.5234375,0.6259398496240601,0.624765478424015,0.6253521126760564,0.6254681647940075,0.626641651031895,0.6260543580131209
3,TfidfVectorizer,GradientBoosting,"{'n_estimators': 100, 'criterion': 'friedman_mse'}",0.6219512195121951,3.3796985000371933,1.8266259001102298,450.484375,446.1796875,0.698170731707317,0.42964352720450283,0.5319396051103368,0.5880758807588076,0.8142589118198874,0.6829268292682927
3,TfidfVectorizer,GradientBoosting,"{'n_estimators': 100, 'criterion': 'squared_error'}",0.6219512195121951,3.386087400140241,1.8116138000041246,451.68359375,446.1875,0.698170731707317,0.42964352720450283,0.5319396051103368,0.5880758807588076,0.8142589118198874,0.6829268292682927
3,TfidfVectorizer,GradientBoosting,"{'n_estimators': 150, 'criterion': 'friedman_mse'}",0.6369606003752345,4.825858899857849,1.8309683999978006,450.92578125,446.40234375,0.6951871657754011,0.4878048780487805,0.5733186328555678,0.6054913294797688,0.7861163227016885,0.6840816326530612
3,TfidfVectorizer,GradientBoosting,"{'n_estimators': 150, 'criterion': 'squared_error'}",0.6369606003752345,4.819704100023955,1.8451379998587072,451.86328125,446.3359375,0.6951871657754011,0.4878048780487805,0.5733186328555678,0.6054913294797688,0.7861163227016885,0.6840816326530612
3,TfidfVectorizer,GradientBoosting,"{'n_estimators': 200, 'criterion': 'friedman_mse'}",0.6669793621013134,6.234152500052005,1.8099861000664532,451.5390625,446.3515625,0.6373456790123457,0.774859287054409,0.6994072819644369,0.7129186602870813,0.5590994371482176,0.6267087276550999
3,TfidfVectorizer,GradientBoosting,"{'n_estimators': 200, 'criterion': 'squared_error'}",0.6669793621013134,6.218167099868879,1.8214695998467505,451.6171875,446.23828125,0.6373456790123457,0.774859287054409,0.6994072819644369,0.7129186602870813,0.5590994371482176,0.6267087276550999
3,TfidfVectorizer,AdaBoost,"{'n_estimators': 50, 'learning_rate': 0.01}",0.5112570356472795,1.1929075000807643,1.8304368001408875,451.5078125,446.3125,0.7727272727272727,0.03189493433395872,0.06126126126126126,0.5057471264367817,0.9906191369606003,0.6696258719086874
3,TfidfVectorizer,AdaBoost,"{'n_estimators': 50, 'learning_rate': 0.1}",0.5675422138836773,1.1931191999465227,1.8512840999756008,450.45703125,446.046875,0.6636363636363637,0.27392120075046905,0.38778220451527223,0.5425531914893617,0.8611632270168855,0.6656997824510514
3,TfidfVectorizer,AdaBoost,"{'n_estimators': 50, 'learning_rate': 1.0}",0.5816135084427767,1.20197349996306,1.40539319999516,450.42578125,446.00390625,0.6775510204081633,0.31144465290806755,0.4267352185089974,0.5529841656516443,0.851782363977486,0.670605612998523
3,TfidfVectorizer,AdaBoost,"{'n_estimators': 100, 'learning_rate': 0.01}",0.5422138836772983,1.8625296999234706,0.9904540998395532,450.52734375,449.12109375,0.6510067114093959,0.18198874296435272,0.2844574780058651,0.52453653217012,0.9024390243902439,0.663448275862069
3,TfidfVectorizer,AdaBoost,"{'n_estimators': 100, 'learning_rate': 0.1}",0.5872420262664165,1.8846658999100327,1.421275399858132,450.671875,445.9375,0.6795366795366795,0.3302063789868668,0.4444444444444444,0.5576208178438662,0.8442776735459663,0.6716417910447762
3,TfidfVectorizer,AdaBoost,"{'n_estimators': 100, 'learning_rate': 1.0}",0.626641651031895,1.8608655999414623,1.905607699882239,450.4609375,446.1484375,0.5965665236051502,0.7823639774859287,0.676948051948052,0.6839237057220708,0.4709193245778612,0.5577777777777778
3,TfidfVectorizer,AdaBoost,"{'n_estimators': 150, 'learning_rate': 0.01}",0.549718574108818,2.5333624999038875,0.9842731999233365,450.671875,449.36328125,0.6267942583732058,0.24577861163227016,0.353099730458221,0.5309218203033839,0.8536585365853658,0.6546762589928058
3,TfidfVectorizer,AdaBoost,"{'n_estimators': 150, 'learning_rate': 0.1}",0.5966228893058161,2.5283558999653906,0.989785100100562,450.58984375,449.2265625,0.6757679180887372,0.3714821763602251,0.4794188861985472,0.5666235446313066,0.8217636022514071,0.6707503828483921
3,TfidfVectorizer,AdaBoost,"{'n_estimators': 150, 'learning_rate': 1.0}",0.649155722326454,2.5240508001297712,0.9804636999033391,450.75390625,449.3671875,0.6160583941605839,0.7917448405253283,0.6929392446633826,0.7086614173228346,0.5065666041275797,0.5908096280087527
3,TfidfVectorizer,SGD,"{'alpha': 0.0001, 'penalty': 'l2'}",0.7542213883677298,1.0783500999677926,1.8204405999276787,450.79296875,446.1171875,0.7523277467411545,0.7579737335834896,0.7551401869158878,0.7561436672967864,0.7504690431519699,0.7532956685499058
3,TfidfVectorizer,SGD,"{'alpha': 0.0001, 'penalty': 'l1'}",0.724202626641651,1.1093653999269009,1.8461903999559581,451.00390625,446.140625,0.7056798623063684,0.7692307692307693,0.7360861759425493,0.7463917525773196,0.6791744840525328,0.7111984282907662
3,TfidfVectorizer,SGD,"{'alpha': 0.0001, 'penalty': 'elasticnet'}",0.7485928705440901,1.115882100071758,1.8082727000582963,450.87890625,446.10546875,0.7422303473491774,0.7617260787992496,0.7518518518518519,0.7552986512524085,0.7354596622889306,0.7452471482889734
3,TfidfVectorizer,SGD,"{'alpha': 0.001, 'penalty': 'l2'}",0.7279549718574109,1.0738162999041378,1.81609410000965,450.79296875,446.1796875,0.720508166969147,0.7448405253283302,0.7324723247232472,0.7359223300970874,0.7110694183864915,0.7232824427480916
3,TfidfVectorizer,SGD,"{'alpha': 0.001, 'penalty': 'l1'}",0.6041275797373359,1.0723298999946564,1.8055837000720203,451.0234375,446.2421875,0.6697247706422018,0.41088180112570355,0.5093023255813953,0.5751014884979703,0.797373358348968,0.6682389937106918
3,TfidfVectorizer,SGD,"{'alpha': 0.001, 'penalty': 'elasticnet'}",0.6913696060037523,1.0900417000520974,1.8028833998832852,450.73046875,446.2421875,0.6821428571428572,0.7166979362101313,0.6989935956084172,0.7015810276679841,0.6660412757973734,0.6833493743984601
3,TfidfVectorizer,SGD,"{'alpha': 0.01, 'penalty': 'l2'}",0.5281425891181989,1.0604122001677752,1.797887499909848,450.61328125,446.046875,0.5144787644787645,1.0,0.6794136392606756,1.0,0.05628517823639775,0.10657193605683836
3,TfidfVectorizer,SGD,"{'alpha': 0.01, 'penalty': 'l1'}",0.5,1.0673163998872042,1.8182630001101643,450.765625,445.96875,0.5,1.0,0.6666666666666666,0.0,0.0,0.0
3,TfidfVectorizer,SGD,"{'alpha': 0.01, 'penalty': 'elasticnet'}",0.5,1.0643617999739945,1.8506682999432087,450.66796875,446.05078125,0.5,1.0,0.6666666666666666,0.0,0.0,0.0
3,CountVectorizer,RandomForest,"{'n_estimators': 50, 'criterion': 'gini'}",0.702626641651032,4.946983499918133,1.015615199925378,446.05078125,402.19140625,0.6719745222929936,0.7917448405253283,0.726959517657192,0.7465753424657534,0.6135084427767354,0.6735324407826982
3,CountVectorizer,RandomForest,"{'n_estimators': 50, 'criterion': 'entropy'}",0.6941838649155723,4.59931269986555,1.0129768000915647,400.34375,398.20703125,0.6650717703349283,0.7823639774859287,0.7189655172413794,0.7357630979498861,0.6060037523452158,0.6646090534979424
3,CountVectorizer,RandomForest,"{'n_estimators': 50, 'criterion': 'log_loss'}",0.6941838649155723,4.591078099794686,1.0055307000875473,400.41015625,398.28515625,0.6650717703349283,0.7823639774859287,0.7189655172413794,0.7357630979498861,0.6060037523452158,0.6646090534979424
3,CountVectorizer,RandomForest,"{'n_estimators': 100, 'criterion': 'gini'}",0.7157598499061913,9.408730699913576,1.0636972999200225,432.0234375,432.15625,0.6854838709677419,0.797373358348968,0.7372072853425846,0.757847533632287,0.6341463414634146,0.6905005107252298
3,CountVectorizer,RandomForest,"{'n_estimators': 100, 'criterion': 'entropy'}",0.7035647279549718,8.737095499876887,1.077074500033632,429.828125,429.17578125,0.6764227642276422,0.7804878048780488,0.7247386759581882,0.7405764966740577,0.626641651031895,0.6788617886178862
3,CountVectorizer,RandomForest,"{'n_estimators': 100, 'criterion': 'log_loss'}",0.7035647279549718,8.715551499975845,1.0922445999458432,428.765625,428.9453125,0.6764227642276422,0.7804878048780488,0.7247386759581882,0.7405764966740577,0.626641651031895,0.6788617886178862
3,CountVectorizer,RandomForest,"{'n_estimators': 150, 'criterion': 'gini'}",0.7120075046904315,13.72155570005998,1.1342515000142157,461.89453125,462.0859375,0.6840390879478827,0.7879924953095685,0.7323452484742807,0.75,0.6360225140712945,0.6883248730964467
3,CountVectorizer,RandomForest,"{'n_estimators': 150, 'criterion': 'entropy'}",0.7091932457786116,12.814044800121337,1.1422703999560326,459.59765625,457.14453125,0.6818923327895595,0.7842401500938087,0.7294938917975567,0.7461368653421634,0.6341463414634146,0.6855983772819473
3,CountVectorizer,RandomForest,"{'n_estimators': 150, 'criterion': 'log_loss'}",0.7091932457786116,12.835864000022411,1.1623956998810172,457.19140625,457.26171875,0.6818923327895595,0.7842401500938087,0.7294938917975567,0.7461368653421634,0.6341463414634146,0.6855983772819473
3,CountVectorizer,SVC,"{'C': 0.1, 'kernel': 'linear'}",0.7373358348968105,4.230359999928623,0.8342247998807579,705.37890625,465.4375,0.7254901960784313,0.7636022514071295,0.7440585009140768,0.7504950495049505,0.7110694183864915,0.7302504816955684
3,CountVectorizer,SVC,"{'C': 0.1, 'kernel': 'rbf'}",0.6547842401500938,5.1062566000036895,1.0629531000740826,664.7734375,465.62890625,0.6968973747016707,0.5478424015009381,0.6134453781512605,0.6275115919629057,0.7617260787992496,0.688135593220339
3,CountVectorizer,SVC,"{'C': 0.1, 'kernel': 'sigmoid'}",0.6801125703564728,5.089434599969536,0.9162601998541504,664.94140625,465.41796875,0.6889763779527559,0.6566604127579737,0.6724303554274735,0.6720430107526881,0.7035647279549718,0.687442713107241
3,CountVectorizer,SVC,"{'C': 1, 'kernel': 'linear'}",0.726078799249531,6.021469600033015,0.7483860999345779,679.171875,464.33984375,0.7171171171171171,0.7467166979362101,0.7316176470588235,0.735812133072407,0.7054409005628518,0.7203065134099617
3,CountVectorizer,SVC,"{'C': 1, 'kernel': 'rbf'}",0.7335834896810507,5.141547600040212,1.0049710001330823,690.8046875,464.3671875,0.7195767195767195,0.7654784240150094,0.7418181818181818,0.749498997995992,0.701688555347092,0.7248062015503876
3,CountVectorizer,SVC,"{'C': 1, 'kernel': 'sigmoid'}",0.7429643527204502,4.385168799897656,0.8261186999734491,677.58984375,465.12890625,0.7341772151898734,0.7617260787992496,0.7476979742173112,0.7524366471734892,0.724202626641651,0.7380497131931166
3,CountVectorizer,SVC,"{'C': 10, 'kernel': 'linear'}",0.699812382739212,6.767263400135562,0.7237676000222564,668.26171875,465.390625,0.7059961315280464,0.6848030018761726,0.6952380952380952,0.6939890710382514,0.7148217636022514,0.7042513863216266
3,CountVectorizer,SVC,"{'C': 10, 'kernel': 'rbf'}",0.7504690431519699,10.236577899893746,1.0204849999863654,687.2421875,466.26171875,0.7458563535911602,0.7598499061913696,0.7527881040892194,0.7552581261950286,0.7410881801125704,0.7481060606060606
3,CountVectorizer,SVC,"{'C': 10, 'kernel': 'sigmoid'}",0.7129455909943715,6.441869600210339,0.6912152001168579,651.9765625,466.09765625,0.7137476459510358,0.7110694183864915,0.7124060150375939,0.7121495327102804,0.7148217636022514,0.7134831460674157
3,CountVectorizer,MultinomialNB,{'alpha': 0.01},0.7101313320825516,1.0503291999921203,1.836606499971822,461.2265625,455.19140625,0.7393162393162394,0.649155722326454,0.6913086913086913,0.6872909698996655,0.7711069418386491,0.726790450928382
3,CountVectorizer,MultinomialNB,{'alpha': 0.1},0.7298311444652908,1.0597161001060158,1.807738599833101,460.55859375,454.8125,0.755741127348643,0.6791744840525328,0.7154150197628458,0.7086882453151618,0.7804878048780488,0.7428571428571429
3,CountVectorizer,MultinomialNB,{'alpha': 1.0},0.7551594746716698,1.051788599928841,1.8253277998883277,459.85546875,454.671875,0.7635658914728682,0.7392120075046904,0.7511916110581506,0.7472727272727273,0.7711069418386491,0.7590027700831025
3,CountVectorizer,LogisticRegression,"{'C': 0.1, 'penalty': 'l2'}",0.7382739212007504,1.1440099999308586,1.8507927998434752,464.39453125,454.28515625,0.7259786476868327,0.7654784240150094,0.7452054794520548,0.751984126984127,0.7110694183864915,0.7309546769527483
3,CountVectorizer,LogisticRegression,"{'C': 1, 'penalty': 'l2'}",0.7504690431519699,0.7116704999934882,1.8911052998155355,463.61328125,454.3359375,0.736283185840708,0.7804878048780488,0.7577413479052824,0.7664670658682635,0.7204502814258912,0.7427466150870407
3,CountVectorizer,LogisticRegression,"{'C': 10, 'penalty': 'l2'}",0.7410881801125704,1.26602470013313,1.818273900076747,464.69921875,454.18359375,0.7375231053604436,0.7485928705440901,0.7430167597765364,0.7447619047619047,0.7335834896810507,0.7391304347826086
3,CountVectorizer,KNeighbors,"{'n_neighbors': 3, 'algorithm': 'ball_tree'}",0.5694183864915572,1.0682040001265705,1.248445700155571,459.9921875,581.42578125,0.5583596214511041,0.6641651031894934,0.6066838046272494,0.5856481481481481,0.474671669793621,0.5243523316062176
3,CountVectorizer,KNeighbors,"{'n_neighbors': 3, 'algorithm': 'kd_tree'}",0.5694183864915572,1.0678273998200893,1.2244684000033885,459.27734375,593.69921875,0.5583596214511041,0.6641651031894934,0.6066838046272494,0.5856481481481481,0.474671669793621,0.5243523316062176
3,CountVectorizer,KNeighbors,"{'n_neighbors': 3, 'algorithm': 'brute'}",0.5694183864915572,1.0715113000478595,1.221843499923125,459.11328125,585.23046875,0.5583596214511041,0.6641651031894934,0.6066838046272494,0.5856481481481481,0.474671669793621,0.5243523316062176
3,CountVectorizer,KNeighbors,"{'n_neighbors': 5, 'algorithm': 'ball_tree'}",0.575046904315197,1.0616003000177443,1.2486934000626206,459.0,593.2890625,0.5579710144927537,0.7223264540337712,0.6295993458708095,0.6063829787234043,0.4277673545966229,0.5016501650165016
3,CountVectorizer,KNeighbors,"{'n_neighbors': 5, 'algorithm': 'kd_tree'}",0.575046904315197,1.069779499899596,1.2424732998479158,459.03125,582.34375,0.5579710144927537,0.7223264540337712,0.6295993458708095,0.6063829787234043,0.4277673545966229,0.5016501650165016
3,CountVectorizer,KNeighbors,"{'n_neighbors': 5, 'algorithm': 'brute'}",0.575046904315197,1.060993199935183,1.2236400998663157,458.95703125,590.90625,0.5579710144927537,0.7223264540337712,0.6295993458708095,0.6063829787234043,0.4277673545966229,0.5016501650165016
3,CountVectorizer,KNeighbors,"{'n_neighbors': 7, 'algorithm': 'ball_tree'}",0.5844277673545967,1.0633392001036555,1.2600716999731958,458.9765625,581.54296875,0.5635593220338984,0.7485928705440901,0.6430298146655923,0.6256983240223464,0.4202626641651032,0.5028058361391695
3,CountVectorizer,KNeighbors,"{'n_neighbors': 7, 'algorithm': 'kd_tree'}",0.5844277673545967,1.0607052999548614,1.2527671998832375,459.18359375,590.2109375,0.5635593220338984,0.7485928705440901,0.6430298146655923,0.6256983240223464,0.4202626641651032,0.5028058361391695
3,CountVectorizer,KNeighbors,"{'n_neighbors': 7, 'algorithm': 'brute'}",0.5844277673545967,1.0632274998351932,1.2260795999318361,458.94921875,583.56640625,0.5635593220338984,0.7485928705440901,0.6430298146655923,0.6256983240223464,0.4202626641651032,0.5028058361391695
3,CountVectorizer,DecisionTree,"{'criterion': 'gini', 'max_features': 'sqrt'}",0.6050656660412758,1.3257615000475198,1.8385907001793385,460.515625,454.58984375,0.6129032258064516,0.5703564727954972,0.5908649173955296,0.5982456140350877,0.6397748592870544,0.6183136899365367
3,CountVectorizer,DecisionTree,"{'criterion': 'gini', 'max_features': 'log2'}",0.6341463414634146,1.3472195998765528,1.8468400000128895,461.26953125,454.8125,0.6292947558770343,0.6529080675422139,0.6408839779005525,0.6393762183235867,0.6153846153846154,0.627151051625239
3,CountVectorizer,DecisionTree,"{'criterion': 'gini', 'max_features': None}",0.6435272045028143,2.057508299825713,1.8665883000940084,460.3984375,454.20703125,0.6363636363636364,0.6697936210131332,0.6526508226691042,0.6514851485148515,0.6172607879924953,0.6339113680154143
3,CountVectorizer,DecisionTree,"{'criterion': 'entropy', 'max_features': 'sqrt'}",0.6303939962476548,1.2954076998867095,1.853167099878192,460.8046875,454.75,0.6175972927241963,0.6848030018761726,0.6494661921708185,0.6463157894736842,0.575984990619137,0.6091269841269841
3,CountVectorizer,DecisionTree,"{'criterion': 'entropy', 'max_features': 'log2'}",0.6238273921200751,1.3381926000583917,1.8373853999655694,461.55078125,455.06640625,0.6195652173913043,0.6416510318949343,0.6304147465437788,0.6284046692607004,0.6060037523452158,0.6170009551098377
3,CountVectorizer,DecisionTree,"{'criterion': 'entropy', 'max_features': None}",0.649155722326454,2.325662099989131,1.8805569000542164,461.2265625,454.16796875,0.6402116402116402,0.6810506566604128,0.66,0.6593186372745491,0.6172607879924953,0.6375968992248062
3,CountVectorizer,DecisionTree,"{'criterion': 'log_loss', 'max_features': 'sqrt'}",0.6303939962476548,1.3128651999868453,1.8627947000786662,460.98046875,454.74609375,0.6175972927241963,0.6848030018761726,0.6494661921708185,0.6463157894736842,0.575984990619137,0.6091269841269841
3,CountVectorizer,DecisionTree,"{'criterion': 'log_loss', 'max_features': 'log2'}",0.6238273921200751,1.3375849002040923,1.8148626999463886,461.41015625,454.9375,0.6195652173913043,0.6416510318949343,0.6304147465437788,0.6284046692607004,0.6060037523452158,0.6170009551098377
3,CountVectorizer,DecisionTree,"{'criterion': 'log_loss', 'max_features': None}",0.649155722326454,2.3276088999118656,1.8454277000855654,460.7578125,454.125,0.6402116402116402,0.6810506566604128,0.66,0.6593186372745491,0.6172607879924953,0.6375968992248062
3,CountVectorizer,GradientBoosting,"{'n_estimators': 100, 'criterion': 'friedman_mse'}",0.6585365853658537,2.3532139000017196,1.908411500044167,459.7109375,454.3984375,0.6274509803921569,0.7804878048780488,0.6956521739130435,0.7096774193548387,0.5365853658536586,0.6111111111111112
3,CountVectorizer,GradientBoosting,"{'n_estimators': 100, 'criterion': 'squared_error'}",0.6585365853658537,2.4096939000301063,1.9336232000496238,459.8046875,454.23828125,0.6274509803921569,0.7804878048780488,0.6956521739130435,0.7096774193548387,0.5365853658536586,0.6111111111111112
3,CountVectorizer,GradientBoosting,"{'n_estimators': 150, 'criterion': 'friedman_mse'}",0.6744840525328331,3.354212700156495,1.9049378000199795,460.3984375,454.546875,0.6435185185185185,0.7823639774859287,0.7061812023708721,0.722488038277512,0.5666041275797373,0.6351209253417456
3,CountVectorizer,GradientBoosting,"{'n_estimators': 150, 'criterion': 'squared_error'}",0.6744840525328331,3.2629569999407977,1.8303153000306338,459.98828125,454.48828125,0.6435185185185185,0.7823639774859287,0.7061812023708721,0.722488038277512,0.5666041275797373,0.6351209253417456
3,CountVectorizer,GradientBoosting,"{'n_estimators': 200, 'criterion': 'friedman_mse'}",0.6838649155722326,4.292149099987,1.9012039999943227,460.3671875,454.609375,0.6526479750778816,0.7861163227016885,0.7131914893617022,0.7311320754716981,0.5816135084427767,0.6478578892371996
3,CountVectorizer,GradientBoosting,"{'n_estimators': 200, 'criterion': 'squared_error'}",0.6838649155722326,4.423790600150824,1.865625699982047,460.15625,454.78515625,0.6526479750778816,0.7861163227016885,0.7131914893617022,0.7311320754716981,0.5816135084427767,0.6478578892371996
3,CountVectorizer,AdaBoost,"{'n_estimators': 50, 'learning_rate': 0.01}",0.5112570356472795,0.969633299857378,1.9665907002054155,460.22265625,454.28125,0.7727272727272727,0.03189493433395872,0.06126126126126126,0.5057471264367817,0.9906191369606003,0.6696258719086874
3,CountVectorizer,AdaBoost,"{'n_estimators': 50, 'learning_rate': 0.1}",0.5637898686679175,1.0116254000458866,2.1224754999857396,459.6171875,454.33203125,0.6574074074074074,0.26641651031894936,0.37917222963951935,0.54,0.8611632270168855,0.6637744034707158
3,CountVectorizer,AdaBoost,"{'n_estimators': 50, 'learning_rate': 1.0}",0.5825515947467167,1.0315755000337958,1.8555574000347406,459.75,454.3046875,0.676,0.3170731707317073,0.43167305236270753,0.553921568627451,0.8480300187617261,0.670126019273536
3,CountVectorizer,AdaBoost,"{'n_estimators': 100, 'learning_rate': 0.01}",0.5440900562851783,2.023081799969077,1.359354699961841,459.390625,454.3046875,0.6535947712418301,0.18761726078799248,0.2915451895043732,0.5257393209200438,0.900562851782364,0.6639004149377593
3,CountVectorizer,AdaBoost,"{'n_estimators': 100, 'learning_rate': 0.1}",0.5900562851782364,1.647098199930042,1.3135939000640064,459.953125,456.72265625,0.692,0.324577861163227,0.44189016602809705,0.5588235294117647,0.8555347091932458,0.676056338028169
3,CountVectorizer,AdaBoost,"{'n_estimators': 100, 'learning_rate': 1.0}",0.6332082551594747,1.8375357000622898,1.1722764000296593,459.48828125,457.48828125,0.5946666666666667,0.8367729831144465,0.6952455183164459,0.7246835443037974,0.42964352720450283,0.5394581861012956
3,CountVectorizer,AdaBoost,"{'n_estimators': 150, 'learning_rate': 0.01}",0.550656660412758,2.3065937999635935,1.1517354000825435,459.96484375,454.4453125,0.66875,0.20075046904315197,0.3088023088023088,0.5298013245033113,0.900562851782364,0.6671299513551077
3,CountVectorizer,AdaBoost,"{'n_estimators': 150, 'learning_rate': 0.1}",0.6050656660412758,1.9779466998297721,1.5949029999319464,459.4296875,454.46875,0.6971830985915493,0.3714821763602251,0.4847001223990208,0.571611253196931,0.8386491557223265,0.6798479087452471
3,CountVectorizer,AdaBoost,"{'n_estimators': 150, 'learning_rate': 1.0}",0.6604127579737336,2.322608199901879,1.1756851999089122,460.0234375,454.3046875,0.6305343511450382,0.774859287054409,0.6952861952861953,0.708029197080292,0.5459662288930581,0.6165254237288136
3,CountVectorizer,SGD,"{'alpha': 0.0001, 'penalty': 'l2'}",0.7317073170731707,1.1914043000433594,2.0334166998509318,460.0390625,454.3984375,0.7217235188509874,0.7542213883677298,0.7376146788990826,0.7426326129666012,0.7091932457786116,0.72552783109405
3,CountVectorizer,SGD,"{'alpha': 0.0001, 'penalty': 'l1'}",0.7176360225140713,0.7797793000936508,1.98292430001311,459.48046875,454.33984375,0.7093862815884476,0.7373358348968105,0.7230910763569457,0.7265625,0.6979362101313321,0.7119617224880382
3,CountVectorizer,SGD,"{'alpha': 0.0001, 'penalty': 'elasticnet'}",0.7279549718574109,1.2419765000231564,2.0170462999958545,460.234375,454.3671875,0.7221206581352834,0.7410881801125704,0.7314814814814815,0.7341040462427746,0.7148217636022514,0.7243346007604563
3,CountVectorizer,SGD,"{'alpha': 0.001, 'penalty': 'l2'}",0.7420262664165104,1.2472515001427382,1.9510127000976354,460.234375,454.296875,0.727112676056338,0.774859287054409,0.7502270663033606,0.7590361445783133,0.7091932457786116,0.7332686711930165
3,CountVectorizer,SGD,"{'alpha': 0.001, 'penalty': 'l1'}",0.6763602251407129,1.164852699963376,1.9724063999019563,460.2421875,454.3671875,0.6587837837837838,0.7317073170731707,0.6933333333333334,0.6983122362869199,0.6210131332082551,0.6573982125124131
3,CountVectorizer,SGD,"{'alpha': 0.001, 'penalty': 'elasticnet'}",0.7373358348968105,1.2655974000226706,1.9452135001774877,460.33203125,454.30078125,0.7215411558669002,0.7729831144465291,0.7463768115942029,0.7555555555555555,0.701688555347092,0.7276264591439688
3,CountVectorizer,SGD,"{'alpha': 0.01, 'penalty': 'l2'}",0.6960600375234521,1.1060575998853892,2.2938677999190986,460.2890625,454.37890625,0.7013487475915221,0.6829268292682927,0.6920152091254753,0.6910420475319927,0.7091932457786116,0.7
3,CountVectorizer,SGD,"{'alpha': 0.01, 'penalty': 'l1'}",0.5431519699812383,1.8029416999779642,3.0330530998762697,460.0703125,454.0859375,0.6263736263736264,0.21388367729831145,0.31888111888111886,0.5260180995475113,0.8724202626641651,0.6563161609033169
3,CountVectorizer,SGD,"{'alpha': 0.01, 'penalty': 'elasticnet'}",0.6228893058161351,1.8036322998814285,2.08712700009346,460.05859375,454.1953125,0.6593673965936739,0.5084427767354597,0.5741525423728814,0.6,0.7373358348968105,0.6616161616161617
5,TfidfVectorizer,RandomForest,"{'n_estimators': 50, 'criterion': 'gini'}",0.6941838649155723,4.753243700135499,1.0313350998330861,454.1953125,399.84765625,0.6656,0.7804878048780488,0.7184801381692574,0.7346938775510204,0.6078799249530957,0.6652977412731006
5,TfidfVectorizer,RandomForest,"{'n_estimators': 50, 'criterion': 'entropy'}",0.699812382739212,4.59009199985303,1.031019899994135,398.14453125,396.02734375,0.6666666666666666,0.799249530956848,0.726962457337884,0.7494145199063232,0.600375234521576,0.6666666666666666
5,TfidfVectorizer,RandomForest,"{'n_estimators': 50, 'criterion': 'log_loss'}",0.699812382739212,4.556360699934885,1.0316188998986036,398.390625,398.41796875,0.6666666666666666,0.799249530956848,0.726962457337884,0.7494145199063232,0.600375234521576,0.6666666666666666
5,TfidfVectorizer,RandomForest,"{'n_estimators': 100, 'criterion': 'gini'}",0.6913696060037523,10.958792099962011,1.2870525000616908,428.30859375,425.640625,0.6613924050632911,0.7842401500938087,0.7175965665236052,0.7350230414746544,0.5984990619136961,0.6597724922440538
5,TfidfVectorizer,RandomForest,"{'n_estimators': 100, 'criterion': 'entropy'}",0.6876172607879925,8.982919299975038,1.263639000011608,425.640625,421.40234375,0.6572327044025157,0.7842401500938087,0.7151411462788708,0.7325581395348837,0.5909943714821764,0.6542056074766355
5,TfidfVectorizer,RandomForest,"{'n_estimators': 100, 'criterion': 'log_loss'}",0.6876172607879925,9.050569999963045,1.3093324000947177,423.40234375,423.4453125,0.6572327044025157,0.7842401500938087,0.7151411462788708,0.7325581395348837,0.5909943714821764,0.6542056074766355
5,TfidfVectorizer,RandomForest,"{'n_estimators': 150, 'criterion': 'gini'}",0.6866791744840526,13.213777699973434,1.156570800114423,455.14453125,455.14453125,0.6557120500782473,0.7861163227016885,0.7150170648464164,0.7330210772833724,0.5872420262664165,0.6520833333333333
5,TfidfVectorizer,RandomForest,"{'n_estimators': 150, 'criterion': 'entropy'}",0.6941838649155723,12.479979999829084,1.1547628999687731,452.6328125,448.99609375,0.662992125984252,0.7898686679174484,0.7208904109589042,0.740139211136891,0.5984990619136961,0.6618257261410788
5,TfidfVectorizer,RandomForest,"{'n_estimators': 150, 'criterion': 'log_loss'}",0.6941838649155723,12.626153899822384,1.180374699877575,448.921875,449.03515625,0.662992125984252,0.7898686679174484,0.7208904109589042,0.740139211136891,0.5984990619136961,0.6618257261410788
5,TfidfVectorizer,SVC,"{'C': 0.1, 'kernel': 'linear'}",0.726078799249531,5.243602900067344,1.0162468999624252,654.796875,457.16796875,0.7186932849364791,0.7429643527204502,0.7306273062730627,0.7339805825242719,0.7091932457786116,0.7213740458015268
5,TfidfVectorizer,SVC,"{'C': 0.1, 'kernel': 'rbf'}",0.5459662288930581,5.3994305999949574,1.1371258001308888,655.3359375,456.96484375,0.8656716417910447,0.10881801125703565,0.19333333333333333,0.5245245245245245,0.9831144465290806,0.6840731070496083
5,TfidfVectorizer,SVC,"{'C': 0.1, 'kernel': 'sigmoid'}",0.7223264540337712,5.397279999917373,1.0233227999415249,655.3671875,457.07421875,0.716636197440585,0.7354596622889306,0.725925925925926,0.7283236994219653,0.7091932457786116,0.7186311787072244
5,TfidfVectorizer,SVC,"{'C': 1, 'kernel': 'linear'}",0.7514071294559099,4.517723300028592,0.855170999886468,695.57421875,456.4609375,0.7463235294117647,0.7617260787992496,0.7539461467038069,0.7567049808429118,0.7410881801125704,0.7488151658767772
5,TfidfVectorizer,SVC,"{'C': 1, 'kernel': 'rbf'}",0.7645403377110694,6.489908499876037,1.0508810000028461,692.203125,456.42578125,0.7535971223021583,0.7861163227016885,0.7695133149678605,0.7764705882352941,0.7429643527204502,0.7593480345158198
5,TfidfVectorizer,SVC,"{'C': 1, 'kernel': 'sigmoid'}",0.7476547842401501,4.539251700043678,1.166014299960807,675.8671875,456.21484375,0.74,0.7636022514071295,0.7516158818097877,0.7558139534883721,0.7317073170731707,0.7435653002859867
5,TfidfVectorizer,SVC,"{'C': 10, 'kernel': 'linear'}",0.724202626641651,7.486425600014627,0.8215409000404179,663.75390625,456.921875,0.7233644859813084,0.726078799249531,0.7247191011235955,0.7250470809792844,0.7223264540337712,0.7236842105263158
5,TfidfVectorizer,SVC,"{'C': 10, 'kernel': 'rbf'}",0.7645403377110694,11.09842549986206,1.088202100014314,662.53515625,457.9140625,0.7572992700729927,0.7786116322701688,0.7678075855689177,0.7722007722007722,0.7504690431519699,0.7611798287345385
5,TfidfVectorizer,SVC,"{'C': 10, 'kernel': 'sigmoid'}",0.7082551594746717,9.688387100119144,0.7335177001077682,647.7265625,456.78125,0.7086466165413534,0.7073170731707317,0.707981220657277,0.7078651685393258,0.7091932457786116,0.7085285848172446
5,TfidfVectorizer,MultinomialNB,{'alpha': 0.01},0.700750469043152,1.2231552000157535,1.9629120000172406,453.328125,447.0234375,0.7346491228070176,0.6285178236397748,0.6774519716885743,0.6754098360655738,0.7729831144465291,0.7209098862642169
5,TfidfVectorizer,MultinomialNB,{'alpha': 0.1},0.7345215759849906,1.1770552000962198,1.91710070008412,453.12109375,446.765625,0.7648305084745762,0.6772983114446529,0.718407960199005,0.7104377104377104,0.7917448405253283,0.748890860692103
5,TfidfVectorizer,MultinomialNB,{'alpha': 1.0},0.7664165103189493,1.11363589996472,1.9149227000307292,451.77734375,446.70703125,0.7784313725490196,0.7448405253283302,0.7612655800575263,0.7553956834532374,0.7879924953095685,0.7713498622589532
5,TfidfVectorizer,LogisticRegression,"{'C': 0.1, 'penalty': 'l2'}",0.725140712945591,1.1803863998502493,1.8939207000657916,455.4375,446.5625,0.7142857142857143,0.7504690431519699,0.7319304666056725,0.7371541501976284,0.699812382739212,0.7179980750721848
5,TfidfVectorizer,LogisticRegression,"{'C': 1, 'penalty': 'l2'}",0.7673545966228893,1.1904748000670224,1.92262850003317,455.390625,446.5078125,0.7576853526220615,0.7861163227016885,0.7716390423572744,0.7777777777777778,0.7485928705440901,0.762906309751434
5,TfidfVectorizer,LogisticRegression,"{'C': 10, 'penalty': 'l2'}",0.7523452157598499,1.3191714000422508,1.893950599944219,455.35546875,446.40234375,0.7449908925318761,0.7673545966228893,0.756007393715342,0.7601547388781431,0.7373358348968105,0.7485714285714286
5,TfidfVectorizer,KNeighbors,"{'n_neighbors': 3, 'algorithm': 'ball_tree'}",0.6632270168855535,1.1197893999051303,1.2579749000724405,451.99609375,577.5,0.6666666666666666,0.6529080675422139,0.6597156398104266,0.6599264705882353,0.6735459662288931,0.6666666666666666
5,TfidfVectorizer,KNeighbors,"{'n_neighbors': 3, 'algorithm': 'kd_tree'}",0.6632270168855535,1.1186337999533862,1.2423719000071287,451.99609375,587.30859375,0.6666666666666666,0.6529080675422139,0.6597156398104266,0.6599264705882353,0.6735459662288931,0.6666666666666666
5,TfidfVectorizer,KNeighbors,"{'n_neighbors': 3, 'algorithm': 'brute'}",0.6632270168855535,1.122268799925223,1.2218742000404745,451.46484375,581.2109375,0.6666666666666666,0.6529080675422139,0.6597156398104266,0.6599264705882353,0.6735459662288931,0.6666666666666666
5,TfidfVectorizer,KNeighbors,"{'n_neighbors': 5, 'algorithm': 'ball_tree'}",0.6838649155722326,1.1179233000148088,1.2464596999343485,451.90625,579.1015625,0.689922480620155,0.6679174484052532,0.678741658722593,0.6781818181818182,0.699812382739212,0.6888273314866112
5,TfidfVectorizer,KNeighbors,"{'n_neighbors': 5, 'algorithm': 'kd_tree'}",0.6838649155722326,1.1363593998830765,1.254654600052163,451.40234375,583.7265625,0.689922480620155,0.6679174484052532,0.678741658722593,0.6781818181818182,0.699812382739212,0.6888273314866112
5,TfidfVectorizer,KNeighbors,"{'n_neighbors': 5, 'algorithm': 'brute'}",0.6838649155722326,1.1158097998704761,1.3722657000180334,450.984375,571.0234375,0.689922480620155,0.6679174484052532,0.678741658722593,0.6781818181818182,0.699812382739212,0.6888273314866112
5,TfidfVectorizer,KNeighbors,"{'n_neighbors': 7, 'algorithm': 'ball_tree'}",0.6932457786116323,1.1191054000519216,1.240544600179419,451.046875,587.5234375,0.7003891050583657,0.6754221388367729,0.6876790830945558,0.6865942028985508,0.7110694183864915,0.6986175115207374
5,TfidfVectorizer,KNeighbors,"{'n_neighbors': 7, 'algorithm': 'kd_tree'}",0.6932457786116323,1.1079724000301212,1.2166172999422997,451.046875,589.6953125,0.7003891050583657,0.6754221388367729,0.6876790830945558,0.6865942028985508,0.7110694183864915,0.6986175115207374
5,TfidfVectorizer,KNeighbors,"{'n_neighbors': 7, 'algorithm': 'brute'}",0.6932457786116323,1.1270657000131905,1.206789999967441,451.05859375,584.61328125,0.7003891050583657,0.6754221388367729,0.6876790830945558,0.6865942028985508,0.7110694183864915,0.6986175115207374
5,TfidfVectorizer,DecisionTree,"{'criterion': 'gini', 'max_features': 'sqrt'}",0.6172607879924953,1.3805611999705434,1.9079518001526594,452.26171875,447.0,0.6050420168067226,0.6754221388367729,0.6382978723404256,0.6326963906581741,0.5590994371482176,0.5936254980079682
5,TfidfVectorizer,DecisionTree,"{'criterion': 'gini', 'max_features': 'log2'}",0.6219512195121951,0.7047657000366598,1.9020320000126958,452.359375,447.078125,0.6160714285714286,0.6472795497185742,0.6312900274473925,0.6284584980237155,0.5966228893058161,0.6121270452358036
5,TfidfVectorizer,DecisionTree,"{'criterion': 'gini', 'max_features': None}",0.6575984990619137,2.6488347998820245,1.9205697998404503,452.0078125,446.36328125,0.6521739130434783,0.6754221388367729,0.663594470046083,0.6634241245136187,0.6397748592870544,0.6513849092645654
5,TfidfVectorizer,DecisionTree,"{'criterion': 'entropy', 'max_features': 'sqrt'}",0.6454033771106942,1.3586125997826457,1.9199731999542564,452.4140625,446.85546875,0.6406533575317604,0.6622889305816135,0.6512915129151291,0.6504854368932039,0.6285178236397748,0.6393129770992366
5,TfidfVectorizer,DecisionTree,"{'criterion': 'entropy', 'max_features': 'log2'}",0.6125703564727955,1.3371530000586063,1.8999808998778462,453.64453125,447.02734375,0.6030927835051546,0.6585365853658537,0.6295964125560538,0.6239669421487604,0.5666041275797373,0.5939036381514258
5,TfidfVectorizer,DecisionTree,"{'criterion': 'entropy', 'max_features': None}",0.6228893058161351,3.1021738001145422,1.9460849999450147,452.1640625,446.296875,0.6155202821869489,0.6547842401500938,0.6345454545454545,0.6312625250501002,0.5909943714821764,0.6104651162790697
5,TfidfVectorizer,DecisionTree,"{'criterion': 'log_loss', 'max_features': 'sqrt'}",0.6454033771106942,1.3768086000345647,1.9015044998377562,452.1875,446.76171875,0.6406533575317604,0.6622889305816135,0.6512915129151291,0.6504854368932039,0.6285178236397748,0.6393129770992366
5,TfidfVectorizer,DecisionTree,"{'criterion': 'log_loss', 'max_features': 'log2'}",0.6125703564727955,1.3525423000101,1.8984221001155674,452.77734375,446.984375,0.6030927835051546,0.6585365853658537,0.6295964125560538,0.6239669421487604,0.5666041275797373,0.5939036381514258
5,TfidfVectorizer,DecisionTree,"{'criterion': 'log_loss', 'max_features': None}",0.6228893058161351,3.0986931999213994,1.9009843000676483,452.30859375,446.21484375,0.6155202821869489,0.6547842401500938,0.6345454545454545,0.6312625250501002,0.5909943714821764,0.6104651162790697
5,TfidfVectorizer,GradientBoosting,"{'n_estimators': 100, 'criterion': 'friedman_mse'}",0.6275797373358349,3.4865413999650627,1.9040568000636995,451.12109375,446.296875,0.7023809523809523,0.4427767354596623,0.5431530494821634,0.5931506849315068,0.8123827392120075,0.6856690419635788
5,TfidfVectorizer,GradientBoosting,"{'n_estimators': 100, 'criterion': 'squared_error'}",0.6275797373358349,3.504167699953541,1.9003103999421,451.27734375,446.57421875,0.7023809523809523,0.4427767354596623,0.5431530494821634,0.5931506849315068,0.8123827392120075,0.6856690419635788
5,TfidfVectorizer,GradientBoosting,"{'n_estimators': 150, 'criterion': 'friedman_mse'}",0.6454033771106942,4.989014900056645,1.8783080000430346,434.26171875,429.703125,0.7088948787061995,0.49343339587242024,0.581858407079646,0.6115107913669064,0.797373358348968,0.6921824104234527
5,TfidfVectorizer,GradientBoosting,"{'n_estimators': 150, 'criterion': 'squared_error'}",0.6454033771106942,4.943344000028446,1.9142026999033988,434.3046875,429.703125,0.7088948787061995,0.49343339587242024,0.581858407079646,0.6115107913669064,0.797373358348968,0.6921824104234527
5,TfidfVectorizer,GradientBoosting,"{'n_estimators': 200, 'criterion': 'friedman_mse'}",0.6669793621013134,6.4055178998969495,1.9115786999464035,434.15234375,429.8046875,0.6390625,0.7673545966228893,0.6973572037510657,0.7089201877934272,0.5666041275797373,0.629822732012513
5,TfidfVectorizer,GradientBoosting,"{'n_estimators': 200, 'criterion': 'squared_error'}",0.6669793621013134,6.346938699949533,1.8918943998869509,434.453125,429.94140625,0.6390625,0.7673545966228893,0.6973572037510657,0.7089201877934272,0.5666041275797373,0.629822732012513
5,TfidfVectorizer,AdaBoost,"{'n_estimators': 50, 'learning_rate': 0.01}",0.5112570356472795,1.2471447999123484,1.4554028001148254,434.03515625,429.640625,0.7727272727272727,0.03189493433395872,0.06126126126126126,0.5057471264367817,0.9906191369606003,0.6696258719086874
5,TfidfVectorizer,AdaBoost,"{'n_estimators': 50, 'learning_rate': 0.1}",0.5675422138836773,1.2312668999657035,1.9435963002033532,434.15234375,429.484375,0.6636363636363637,0.27392120075046905,0.38778220451527223,0.5425531914893617,0.8611632270168855,0.6656997824510514
5,TfidfVectorizer,AdaBoost,"{'n_estimators': 50, 'learning_rate': 1.0}",0.5816135084427767,1.2247148999013007,1.926552299875766,434.046875,429.4296875,0.6775510204081633,0.31144465290806755,0.4267352185089974,0.5529841656516443,0.851782363977486,0.670605612998523
5,TfidfVectorizer,AdaBoost,"{'n_estimators': 100, 'learning_rate': 0.01}",0.5422138836772983,1.9156609999481589,1.4814943000674248,434.14453125,429.7421875,0.6510067114093959,0.18198874296435272,0.2844574780058651,0.52453653217012,0.9024390243902439,0.663448275862069
5,TfidfVectorizer,AdaBoost,"{'n_estimators': 100, 'learning_rate': 0.1}",0.5872420262664165,1.915779500035569,1.0162615000735968,434.08203125,432.671875,0.6795366795366795,0.3302063789868668,0.4444444444444444,0.5576208178438662,0.8442776735459663,0.6716417910447762
5,TfidfVectorizer,AdaBoost,"{'n_estimators': 100, 'learning_rate': 1.0}",0.626641651031895,1.892312099924311,1.46247319993563,434.32421875,429.48046875,0.5965665236051502,0.7823639774859287,0.676948051948052,0.6839237057220708,0.4709193245778612,0.5577777777777778
5,TfidfVectorizer,AdaBoost,"{'n_estimators': 150, 'learning_rate': 0.01}",0.549718574108818,2.5839380000252277,1.0243159998208284,433.6484375,432.55859375,0.6267942583732058,0.24577861163227016,0.353099730458221,0.5309218203033839,0.8536585365853658,0.6546762589928058
5,TfidfVectorizer,AdaBoost,"{'n_estimators': 150, 'learning_rate': 0.1}",0.5966228893058161,2.577876899857074,1.0362452999688685,433.9453125,432.53515625,0.6757679180887372,0.3714821763602251,0.4794188861985472,0.5666235446313066,0.8217636022514071,0.6707503828483921
5,TfidfVectorizer,AdaBoost,"{'n_estimators': 150, 'learning_rate': 1.0}",0.649155722326454,2.577640400035307,1.025625899899751,434.0546875,432.58203125,0.6160583941605839,0.7917448405253283,0.6929392446633826,0.7086614173228346,0.5065666041275797,0.5908096280087527
5,TfidfVectorizer,SGD,"{'alpha': 0.0001, 'penalty': 'l2'}",0.7523452157598499,1.1396325998939574,1.8798184001352638,434.109375,429.41796875,0.7495361781076066,0.7579737335834896,0.753731343283582,0.7552182163187856,0.7467166979362101,0.7509433962264151
5,TfidfVectorizer,SGD,"{'alpha': 0.0001, 'penalty': 'l1'}",0.726078799249531,1.1429068001452833,1.8995589001569897,434.23828125,429.60546875,0.7117750439367311,0.7598499061913696,0.73502722323049,0.7424547283702213,0.6923076923076923,0.7165048543689321
5,TfidfVectorizer,SGD,"{'alpha': 0.0001, 'penalty': 'elasticnet'}",0.7504690431519699,1.1906303998548537,1.8616371001116931,434.2109375,429.5,0.7422867513611615,0.7673545966228893,0.7546125461254612,0.7592233009708738,0.7335834896810507,0.7461832061068703
5,TfidfVectorizer,SGD,"{'alpha': 0.001, 'penalty': 'l2'}",0.7279549718574109,1.1042570997960865,1.899722300004214,434.31640625,429.47265625,0.720508166969147,0.7448405253283302,0.7324723247232472,0.7359223300970874,0.7110694183864915,0.7232824427480916
5,TfidfVectorizer,SGD,"{'alpha': 0.001, 'penalty': 'l1'}",0.6013133208255159,1.1237963000312448,1.8752089000772685,434.08203125,429.19921875,0.5718085106382979,0.8067542213883677,0.669260700389105,0.6719745222929936,0.39587242026266417,0.4982290436835891
5,TfidfVectorizer,SGD,"{'alpha': 0.001, 'penalty': 'elasticnet'}",0.6960600375234521,1.133668900001794,1.8744882000610232,434.0546875,429.49609375,0.6823734729493892,0.7335834896810507,0.7070524412296564,0.7119675456389453,0.6585365853658537,0.6842105263157895
5,TfidfVectorizer,SGD,"{'alpha': 0.01, 'penalty': 'l2'}",0.5093808630393997,1.1072807000018656,1.8680058000609279,434.06640625,429.515625,0.5047348484848485,1.0,0.670862177470107,1.0,0.01876172607879925,0.03683241252302026
5,TfidfVectorizer,SGD,"{'alpha': 0.01, 'penalty': 'l1'}",0.5,1.0941202000249177,1.8716658998746425,434.19140625,429.37890625,0.5,1.0,0.6666666666666666,0.0,0.0,0.0
5,TfidfVectorizer,SGD,"{'alpha': 0.01, 'penalty': 'elasticnet'}",0.5,1.1185175001155585,1.8937852000817657,434.30078125,429.43359375,0.5,1.0,0.6666666666666666,0.0,0.0,0.0
5,CountVectorizer,RandomForest,"{'n_estimators': 50, 'criterion': 'gini'}",0.699812382739212,5.138952100183815,1.0357675999403,429.4453125,385.328125,0.6704,0.7861163227016885,0.7236614853195165,0.7414965986394558,0.6135084427767354,0.6714579055441479
5,CountVectorizer,RandomForest,"{'n_estimators': 50, 'criterion': 'entropy'}",0.7148217636022514,4.692545199999586,1.0416321998927742,383.76171875,381.78515625,0.6832,0.801125703564728,0.7374784110535406,0.7596371882086168,0.6285178236397748,0.6878850102669405
5,CountVectorizer,RandomForest,"{'n_estimators': 50, 'criterion': 'log_loss'}",0.7148217636022514,4.674994100118056,1.0417375001125038,383.76171875,381.79296875,0.6832,0.801125703564728,0.7374784110535406,0.7596371882086168,0.6285178236397748,0.6878850102669405
5,CountVectorizer,RandomForest,"{'n_estimators': 100, 'criterion': 'gini'}",0.7073170731707317,9.49440799979493,1.1019699000753462,415.49609375,415.54296875,0.6762360446570973,0.7954971857410882,0.7310344827586207,0.7517084282460137,0.6191369606003753,0.6790123456790124
5,CountVectorizer,RandomForest,"{'n_estimators': 100, 'criterion': 'entropy'}",0.7091932457786116,8.997874000109732,1.1094251000322402,413.1015625,412.46875,0.6784,0.7954971857410882,0.7322970639032815,0.7528344671201814,0.6228893058161351,0.6817248459958932
5,CountVectorizer,RandomForest,"{'n_estimators': 100, 'criterion': 'log_loss'}",0.7091932457786116,9.12288730009459,1.1129232000093907,412.59375,412.6015625,0.6784,0.7954971857410882,0.7322970639032815,0.7528344671201814,0.6228893058161351,0.6817248459958932
5,CountVectorizer,RandomForest,"{'n_estimators': 150, 'criterion': 'gini'}",0.7063789868667918,13.853633600054309,1.1606025998480618,445.06640625,445.09375,0.6785714285714286,0.7842401500938087,0.7275892080069626,0.7444444444444445,0.6285178236397748,0.681586978636826
5,CountVectorizer,RandomForest,"{'n_estimators': 150, 'criterion': 'entropy'}",0.7138836772983115,12.972519299946725,1.17430379986763,442.7265625,440.2578125,0.6838709677419355,0.7954971857410882,0.7354726799653079,0.7556053811659192,0.6322701688555347,0.6884576098059244
5,CountVectorizer,RandomForest,"{'n_estimators': 150, 'criterion': 'log_loss'}",0.7138836772983115,12.911353399977088,1.1743693000171334,440.29296875,440.33984375,0.6838709677419355,0.7954971857410882,0.7354726799653079,0.7556053811659192,0.6322701688555347,0.6884576098059244
5,CountVectorizer,SVC,"{'C': 0.1, 'kernel': 'linear'}",0.7373358348968105,4.295726699987426,0.8141312000807375,689.1328125,449.6953125,0.7254901960784313,0.7636022514071295,0.7440585009140768,0.7504950495049505,0.7110694183864915,0.7302504816955684
5,CountVectorizer,SVC,"{'C': 0.1, 'kernel': 'rbf'}",0.6547842401500938,5.152904599905014,1.0635132999159396,656.16015625,449.51953125,0.6968973747016707,0.5478424015009381,0.6134453781512605,0.6275115919629057,0.7617260787992496,0.688135593220339
5,CountVectorizer,SVC,"{'C': 0.1, 'kernel': 'sigmoid'}",0.6801125703564728,5.1679303999990225,0.9531282000243664,648.51953125,448.88671875,0.6889763779527559,0.6566604127579737,0.6724303554274735,0.6720430107526881,0.7035647279549718,0.687442713107241
5,CountVectorizer,SVC,"{'C': 1, 'kernel': 'linear'}",0.726078799249531,6.093721899902448,0.7756287001539022,662.59765625,448.046875,0.7171171171171171,0.7467166979362101,0.7316176470588235,0.735812133072407,0.7054409005628518,0.7203065134099617
5,CountVectorizer,SVC,"{'C': 1, 'kernel': 'rbf'}",0.7335834896810507,5.219295699847862,1.024391699815169,684.1796875,447.72265625,0.7195767195767195,0.7654784240150094,0.7418181818181818,0.749498997995992,0.701688555347092,0.7248062015503876
5,CountVectorizer,SVC,"{'C': 1, 'kernel': 'sigmoid'}",0.7429643527204502,4.4426066998858005,0.8382122998591512,660.8125,448.84765625,0.7341772151898734,0.7617260787992496,0.7476979742173112,0.7524366471734892,0.724202626641651,0.7380497131931166
5,CountVectorizer,SVC,"{'C': 10, 'kernel': 'linear'}",0.699812382739212,6.879269999917597,0.7427919001784176,651.52734375,448.765625,0.7059961315280464,0.6848030018761726,0.6952380952380952,0.6939890710382514,0.7148217636022514,0.7042513863216266
5,CountVectorizer,SVC,"{'C': 10, 'kernel': 'rbf'}",0.7504690431519699,10.386163200018927,1.039741100044921,670.40234375,449.95703125,0.7458563535911602,0.7598499061913696,0.7527881040892194,0.7552581261950286,0.7410881801125704,0.7481060606060606
5,CountVectorizer,SVC,"{'C': 10, 'kernel': 'sigmoid'}",0.7129455909943715,6.5755298000294715,0.7143874000757933,635.1328125,449.72265625,0.7137476459510358,0.7110694183864915,0.7124060150375939,0.7121495327102804,0.7148217636022514,0.7134831460674157
5,CountVectorizer,MultinomialNB,{'alpha': 0.01},0.7101313320825516,1.0796690001152456,1.8587009001057595,445.46484375,438.87109375,0.7393162393162394,0.649155722326454,0.6913086913086913,0.6872909698996655,0.7711069418386491,0.726790450928382
5,CountVectorizer,MultinomialNB,{'alpha': 0.1},0.7298311444652908,1.08731809980236,1.860344799933955,444.1875,438.3203125,0.755741127348643,0.6791744840525328,0.7154150197628458,0.7086882453151618,0.7804878048780488,0.7428571428571429
5,CountVectorizer,MultinomialNB,{'alpha': 1.0},0.7551594746716698,1.0677426001057029,1.876151000149548,443.484375,438.00390625,0.7635658914728682,0.7392120075046904,0.7511916110581506,0.7472727272727273,0.7711069418386491,0.7590027700831025
5,CountVectorizer,LogisticRegression,"{'C': 0.1, 'penalty': 'l2'}",0.7382739212007504,1.1477839001454413,1.8683601999655366,447.24609375,437.81640625,0.7259786476868327,0.7654784240150094,0.7452054794520548,0.751984126984127,0.7110694183864915,0.7309546769527483
5,CountVectorizer,LogisticRegression,"{'C': 1, 'penalty': 'l2'}",0.7504690431519699,0.7044879000168294,1.9955364998895675,447.125,437.80078125,0.736283185840708,0.7804878048780488,0.7577413479052824,0.7664670658682635,0.7204502814258912,0.7427466150870407
5,CountVectorizer,LogisticRegression,"{'C': 10, 'penalty': 'l2'}",0.7410881801125704,1.335339899873361,1.8669372000731528,447.41015625,437.71484375,0.7375231053604436,0.7485928705440901,0.7430167597765364,0.7447619047619047,0.7335834896810507,0.7391304347826086
5,CountVectorizer,KNeighbors,"{'n_neighbors': 3, 'algorithm': 'ball_tree'}",0.5694183864915572,1.1026608999818563,1.2827622999902815,443.36328125,557.359375,0.5583596214511041,0.6641651031894934,0.6066838046272494,0.5856481481481481,0.474671669793621,0.5243523316062176
5,CountVectorizer,KNeighbors,"{'n_neighbors': 3, 'algorithm': 'kd_tree'}",0.5694183864915572,1.0893077000509948,1.272338300012052,442.515625,561.8984375,0.5583596214511041,0.6641651031894934,0.6066838046272494,0.5856481481481481,0.474671669793621,0.5243523316062176
5,CountVectorizer,KNeighbors,"{'n_neighbors': 3, 'algorithm': 'brute'}",0.5694183864915572,1.0809297999367118,1.3091720999218524,442.7109375,571.875,0.5583596214511041,0.6641651031894934,0.6066838046272494,0.5856481481481481,0.474671669793621,0.5243523316062176
5,CountVectorizer,KNeighbors,"{'n_neighbors': 5, 'algorithm': 'ball_tree'}",0.575046904315197,1.0896594999358058,1.2493566002231091,442.67578125,563.86328125,0.5579710144927537,0.7223264540337712,0.6295993458708095,0.6063829787234043,0.4277673545966229,0.5016501650165016
5,CountVectorizer,KNeighbors,"{'n_neighbors': 5, 'algorithm': 'kd_tree'}",0.575046904315197,1.1041784000117332,1.252925799926743,442.703125,566.3046875,0.5579710144927537,0.7223264540337712,0.6295993458708095,0.6063829787234043,0.4277673545966229,0.5016501650165016
5,CountVectorizer,KNeighbors,"{'n_neighbors': 5, 'algorithm': 'brute'}",0.575046904315197,1.0869876998476684,1.2682758001610637,442.6640625,576.03515625,0.5579710144927537,0.7223264540337712,0.6295993458708095,0.6063829787234043,0.4277673545966229,0.5016501650165016
5,CountVectorizer,KNeighbors,"{'n_neighbors': 7, 'algorithm': 'ball_tree'}",0.5844277673545967,1.1087579000741243,1.2624807001557201,442.65625,568.7265625,0.5635593220338984,0.7485928705440901,0.6430298146655923,0.6256983240223464,0.4202626641651032,0.5028058361391695
5,CountVectorizer,KNeighbors,"{'n_neighbors': 7, 'algorithm': 'kd_tree'}",0.5844277673545967,1.0955002000555396,1.2747312998399138,442.90234375,568.13671875,0.5635593220338984,0.7485928705440901,0.6430298146655923,0.6256983240223464,0.4202626641651032,0.5028058361391695
5,CountVectorizer,KNeighbors,"{'n_neighbors': 7, 'algorithm': 'brute'}",0.5844277673545967,1.1060307999141514,1.2861399000976235,442.484375,569.5078125,0.5635593220338984,0.7485928705440901,0.6430298146655923,0.6256983240223464,0.4202626641651032,0.5028058361391695
5,CountVectorizer,DecisionTree,"{'criterion': 'gini', 'max_features': 'sqrt'}",0.6322701688555347,1.3629617998376489,1.8893473001662642,443.8359375,438.5390625,0.6184873949579832,0.6904315196998124,0.6524822695035462,0.6496815286624203,0.574108818011257,0.6095617529880478
5,CountVectorizer,DecisionTree,"{'criterion': 'gini', 'max_features': 'log2'}",0.6163227016885553,0.7153667998500168,1.866718600038439,443.33203125,438.75,0.6225296442687747,0.5909943714821764,0.6063522617901829,0.6107142857142858,0.6416510318949343,0.62580054894785
5,CountVectorizer,DecisionTree,"{'criterion': 'gini', 'max_features': None}",0.6444652908067542,2.114306000061333,1.8858072999864817,443.05859375,437.953125,0.6375,0.6697936210131332,0.6532479414455626,0.6521739130434783,0.6191369606003753,0.6352261790182868
5,CountVectorizer,DecisionTree,"{'criterion': 'entropy', 'max_features': 'sqrt'}",0.6707317073170732,1.3431215998716652,1.8706331998109818,443.453125,438.62890625,0.6672794117647058,0.6810506566604128,0.6740947075208914,0.6743295019157088,0.6604127579737336,0.6672985781990521
5,CountVectorizer,DecisionTree,"{'criterion': 'entropy', 'max_features': 'log2'}",0.6144465290806754,1.366108999820426,1.870872600004077,444.0078125,438.9140625,0.607773851590106,0.6454033771106942,0.6260236578707916,0.622,0.5834896810506567,0.6021297192642788
5,CountVectorizer,DecisionTree,"{'criterion': 'entropy', 'max_features': None}",0.6566604127579737,2.3041388001292944,1.8719327000435442,443.62890625,437.9296875,0.6493738819320215,0.6810506566604128,0.6648351648351648,0.6646942800788954,0.6322701688555347,0.6480769230769231
5,CountVectorizer,DecisionTree,"{'criterion': 'log_loss', 'max_features': 'sqrt'}",0.6707317073170732,1.3431904001627117,1.8689544999506325,394.5546875,389.8125,0.6672794117647058,0.6810506566604128,0.6740947075208914,0.6743295019157088,0.6604127579737336,0.6672985781990521
5,CountVectorizer,DecisionTree,"{'criterion': 'log_loss', 'max_features': 'log2'}",0.6144465290806754,0.6913525001145899,1.8872624000068754,394.69140625,389.96875,0.607773851590106,0.6454033771106942,0.6260236578707916,0.622,0.5834896810506567,0.6021297192642788
5,CountVectorizer,DecisionTree,"{'criterion': 'log_loss', 'max_features': None}",0.6566604127579737,2.3124820000957698,1.871480300091207,394.1640625,389.28125,0.6493738819320215,0.6810506566604128,0.6648351648351648,0.6646942800788954,0.6322701688555347,0.6480769230769231
5,CountVectorizer,GradientBoosting,"{'n_estimators': 100, 'criterion': 'friedman_mse'}",0.6604127579737336,2.3873183999676257,2.504886799957603,394.421875,389.453125,0.6289592760180995,0.7823639774859287,0.697324414715719,0.7121588089330024,0.5384615384615384,0.6132478632478633
5,CountVectorizer,GradientBoosting,"{'n_estimators': 100, 'criterion': 'squared_error'}",0.6604127579737336,2.696607999969274,1.9455206000711769,394.40625,389.57421875,0.6289592760180995,0.7823639774859287,0.697324414715719,0.7121588089330024,0.5384615384615384,0.6132478632478633
5,CountVectorizer,GradientBoosting,"{'n_estimators': 150, 'criterion': 'friedman_mse'}",0.6763602251407129,3.366828199941665,1.8830176000483334,394.203125,389.36328125,0.6432926829268293,0.7917448405253283,0.7098402018502944,0.7292682926829268,0.5609756097560976,0.6341463414634146
5,CountVectorizer,GradientBoosting,"{'n_estimators': 150, 'criterion': 'squared_error'}",0.6763602251407129,3.3071818000171334,1.8845267000142485,394.671875,389.44140625,0.6432926829268293,0.7917448405253283,0.7098402018502944,0.7292682926829268,0.5609756097560976,0.6341463414634146
5,CountVectorizer,GradientBoosting,"{'n_estimators': 200, 'criterion': 'friedman_mse'}",0.6772983114446529,4.206015799893066,1.9045863000210375,394.5234375,389.5546875,0.6451612903225806,0.7879924953095685,0.7094594594594594,0.727710843373494,0.5666041275797373,0.6371308016877637
5,CountVectorizer,GradientBoosting,"{'n_estimators': 200, 'criterion': 'squared_error'}",0.6772983114446529,4.237021999899298,1.8782558999955654,394.4453125,389.58984375,0.6451612903225806,0.7879924953095685,0.7094594594594594,0.727710843373494,0.5666041275797373,0.6371308016877637
5,CountVectorizer,AdaBoost,"{'n_estimators': 50, 'learning_rate': 0.01}",0.5112570356472795,0.9883123999461532,1.929915999993682,393.77734375,389.46875,0.7727272727272727,0.03189493433395872,0.06126126126126126,0.5057471264367817,0.9906191369606003,0.6696258719086874
5,CountVectorizer,AdaBoost,"{'n_estimators': 50, 'learning_rate': 0.1}",0.5637898686679175,0.9932930001523346,1.8978573000058532,393.73828125,389.453125,0.6574074074074074,0.26641651031894936,0.37917222963951935,0.54,0.8611632270168855,0.6637744034707158
5,CountVectorizer,AdaBoost,"{'n_estimators': 50, 'learning_rate': 1.0}",0.5825515947467167,1.0070892998483032,1.4639624000992626,393.75,389.359375,0.676,0.3170731707317073,0.43167305236270753,0.553921568627451,0.8480300187617261,0.670126019273536
5,CountVectorizer,AdaBoost,"{'n_estimators': 100, 'learning_rate': 0.01}",0.5440900562851783,1.431626900099218,1.0032054998446256,393.640625,389.28515625,0.6535947712418301,0.18761726078799248,0.2915451895043732,0.5257393209200438,0.900562851782364,0.6639004149377593
5,CountVectorizer,AdaBoost,"{'n_estimators': 100, 'learning_rate': 0.1}",0.5900562851782364,1.4335755999200046,1.4838549999985844,393.546875,389.29296875,0.692,0.324577861163227,0.44189016602809705,0.5588235294117647,0.8555347091932458,0.676056338028169
5,CountVectorizer,AdaBoost,"{'n_estimators': 100, 'learning_rate': 1.0}",0.6332082551594747,1.437910000095144,1.4623031998053193,393.66015625,389.2734375,0.5946666666666667,0.8367729831144465,0.6952455183164459,0.7246835443037974,0.42964352720450283,0.5394581861012956
5,CountVectorizer,AdaBoost,"{'n_estimators': 150, 'learning_rate': 0.01}",0.550656660412758,1.8917292000260204,1.019497700035572,393.73046875,392.78515625,0.66875,0.20075046904315197,0.3088023088023088,0.5298013245033113,0.900562851782364,0.6671299513551077
5,CountVectorizer,AdaBoost,"{'n_estimators': 150, 'learning_rate': 0.1}",0.6050656660412758,1.8647651998326182,1.017992899985984,393.70703125,392.18359375,0.6971830985915493,0.3714821763602251,0.4847001223990208,0.571611253196931,0.8386491557223265,0.6798479087452471
5,CountVectorizer,AdaBoost,"{'n_estimators': 150, 'learning_rate': 1.0}",0.6604127579737336,1.8936773999594152,1.0202786999288946,393.74609375,392.4140625,0.6305343511450382,0.774859287054409,0.6952861952861953,0.708029197080292,0.5459662288930581,0.6165254237288136
5,CountVectorizer,SGD,"{'alpha': 0.0001, 'penalty': 'l2'}",0.7270168855534709,1.1214815999846905,1.873355499934405,393.75390625,389.09375,0.7184115523465704,0.7467166979362101,0.7322907083716651,0.736328125,0.7073170731707317,0.7215311004784689
5,CountVectorizer,SGD,"{'alpha': 0.0001, 'penalty': 'l1'}",0.7129455909943715,1.2037820999976248,1.8894205999094993,393.5234375,389.1171875,0.7008849557522124,0.7429643527204502,0.7213114754098361,0.7265469061876247,0.6829268292682927,0.7040618955512572
5,CountVectorizer,SGD,"{'alpha': 0.0001, 'penalty': 'elasticnet'}",0.7307692307692307,1.2111972998827696,1.8498931999783963,393.6875,389.23046875,0.7196428571428571,0.7560975609756098,0.737419945105215,0.7430830039525692,0.7054409005628518,0.7237728585178056
5,CountVectorizer,SGD,"{'alpha': 0.001, 'penalty': 'l2'}",0.7401500938086304,1.114536799956113,1.895388700067997,393.71484375,389.1015625,0.7293906810035843,0.7636022514071295,0.7461044912923923,0.7519685039370079,0.7166979362101313,0.733909702209414
5,CountVectorizer,SGD,"{'alpha': 0.001, 'penalty': 'l1'}",0.6660412757973734,1.129691399866715,1.8494122999254614,393.734375,389.0078125,0.6477462437395659,0.7279549718574109,0.6855123674911661,0.6895074946466809,0.6041275797373359,0.644
5,CountVectorizer,SGD,"{'alpha': 0.001, 'penalty': 'elasticnet'}",0.7335834896810507,1.1877172000240535,1.8727739001624286,393.51171875,389.0703125,0.718804920913884,0.7673545966228893,0.7422867513611615,0.7505030181086519,0.699812382739212,0.7242718446601941
5,CountVectorizer,SGD,"{'alpha': 0.01, 'penalty': 'l2'}",0.7054409005628518,1.0932329001370817,1.886432999977842,393.65625,389.046875,0.6972972972972973,0.726078799249531,0.7113970588235294,0.7142857142857143,0.6848030018761726,0.6992337164750958
5,CountVectorizer,SGD,"{'alpha': 0.01, 'penalty': 'l1'}",0.5393996247654784,1.106045400025323,1.857358600012958,393.4765625,389.1171875,0.5234899328859061,0.8780487804878049,0.6559215136650315,0.622093023255814,0.20075046904315197,0.30354609929078014
5,CountVectorizer,SGD,"{'alpha': 0.01, 'penalty': 'elasticnet'}",0.6313320825515948,1.123848799848929,1.8700403000693768,393.69921875,389.09765625,0.6140065146579805,0.7073170731707317,0.6573670444638187,0.6548672566371682,0.5553470919324578,0.601015228426396
