seed,vectorizer,model,params,accuracy,training_time,prediction_time,peak_memory_train,peak_memory_prediction,precision_class_0,recall_class_0,f1_class_0,precision_class_1,recall_class_1,f1_class_1,precision_class_2,recall_class_2,f1_class_2,precision_class_3,recall_class_3,f1_class_3,precision_class_4,recall_class_4,f1_class_4,precision_class_5,recall_class_5,f1_class_5
2,TfidfVectorizer,RandomForest,"{'n_estimators': 50, 'criterion': 'gini'}",0.89,8.392934100000275,1.0655908999997337,423.02734375,415.86328125,0.908273381294964,0.9181818181818182,0.9132007233273056,0.8937329700272479,0.9318181818181818,0.9123783031988874,0.8580246913580247,0.7808988764044944,0.8176470588235294,0.8969465648854962,0.8545454545454545,0.8752327746741154,0.8394495412844036,0.8632075471698113,0.8511627906976744,0.9117647058823529,0.7654320987654321,0.8322147651006712
2,TfidfVectorizer,RandomForest,"{'n_estimators': 50, 'criterion': 'entropy'}",0.884,9.704741199999717,1.0338348000000224,425.37109375,425.49609375,0.9116022099447514,0.9,0.9057639524245197,0.8911845730027548,0.9190340909090909,0.9048951048951049,0.8265895953757225,0.8033707865168539,0.8148148148148148,0.8947368421052632,0.8654545454545455,0.8798521256931608,0.8235294117647058,0.8584905660377359,0.8406466512702079,0.8873239436619719,0.7777777777777778,0.8289473684210527
2,TfidfVectorizer,RandomForest,"{'n_estimators': 50, 'criterion': 'log_loss'}",0.884,9.689865800000007,1.0339995999997882,425.5078125,425.6484375,0.9116022099447514,0.9,0.9057639524245197,0.8911845730027548,0.9190340909090909,0.9048951048951049,0.8265895953757225,0.8033707865168539,0.8148148148148148,0.8947368421052632,0.8654545454545455,0.8798521256931608,0.8235294117647058,0.8584905660377359,0.8406466512702079,0.8873239436619719,0.7777777777777778,0.8289473684210527
2,TfidfVectorizer,RandomForest,"{'n_estimators': 100, 'criterion': 'gini'}",0.89,15.988385800000287,1.1388790000000881,475.71875,469.41015625,0.9097472924187726,0.9163636363636364,0.9130434782608695,0.896032831737346,0.9303977272727273,0.9128919860627178,0.8424242424242424,0.7808988764044944,0.8104956268221575,0.9045801526717557,0.8618181818181818,0.88268156424581,0.8363636363636363,0.8679245283018868,0.8518518518518519,0.8970588235294118,0.7530864197530864,0.8187919463087249
2,TfidfVectorizer,RandomForest,"{'n_estimators': 100, 'criterion': 'entropy'}",0.886,18.7348221000002,1.136784499999976,483.5703125,476.86328125,0.9188191881918819,0.9054545454545454,0.9120879120879121,0.8917808219178082,0.9247159090909091,0.9079497907949791,0.834319526627219,0.7921348314606742,0.8126801152737753,0.8909774436090225,0.8618181818181818,0.8761552680221811,0.8141592920353983,0.8679245283018868,0.8401826484018264,0.9104477611940298,0.7530864197530864,0.8243243243243243
2,TfidfVectorizer,RandomForest,"{'n_estimators': 100, 'criterion': 'log_loss'}",0.886,18.756881899999826,1.1273316000001614,484.26953125,477.2734375,0.9188191881918819,0.9054545454545454,0.9120879120879121,0.8917808219178082,0.9247159090909091,0.9079497907949791,0.834319526627219,0.7921348314606742,0.8126801152737753,0.8909774436090225,0.8618181818181818,0.8761552680221811,0.8141592920353983,0.8679245283018868,0.8401826484018264,0.9104477611940298,0.7530864197530864,0.8243243243243243
2,TfidfVectorizer,RandomForest,"{'n_estimators': 150, 'criterion': 'gini'}",0.8955,23.71421220000002,1.235481499999878,529.33203125,522.4375,0.9138240574506283,0.9254545454545454,0.919602529358627,0.9059474412171508,0.9303977272727273,0.918009810791871,0.8392857142857143,0.7921348314606742,0.815028901734104,0.9015151515151515,0.8654545454545455,0.8831168831168831,0.8440366972477065,0.8679245283018868,0.8558139534883721,0.9142857142857143,0.7901234567901234,0.847682119205298
2,TfidfVectorizer,RandomForest,"{'n_estimators': 150, 'criterion': 'entropy'}",0.8895,28.188649499999883,1.23594920000005,539.328125,538.7265625,0.9226519337016574,0.9109090909090909,0.9167429094236048,0.8934426229508197,0.9289772727272727,0.9108635097493036,0.8323353293413174,0.7808988764044944,0.8057971014492754,0.9018867924528302,0.8690909090909091,0.8851851851851852,0.8214285714285714,0.8679245283018868,0.8440366972477065,0.8985507246376812,0.7654320987654321,0.8266666666666667
2,TfidfVectorizer,RandomForest,"{'n_estimators': 150, 'criterion': 'log_loss'}",0.8895,27.830251499999576,1.2273751000002449,540.37109375,533.5859375,0.9226519337016574,0.9109090909090909,0.9167429094236048,0.8934426229508197,0.9289772727272727,0.9108635097493036,0.8323353293413174,0.7808988764044944,0.8057971014492754,0.9018867924528302,0.8690909090909091,0.8851851851851852,0.8214285714285714,0.8679245283018868,0.8440366972477065,0.8985507246376812,0.7654320987654321,0.8266666666666667
2,TfidfVectorizer,SVC,"{'C': 0.1, 'kernel': 'linear'}",0.6795,20.142752100000052,1.8089412999997876,749.26953125,557.4609375,0.8387096774193549,0.850909090909091,0.8447653429602888,0.5634599838318513,0.9900568181818182,0.7181865018031942,0.9629629629629629,0.14606741573033707,0.25365853658536586,0.9550561797752809,0.3090909090909091,0.46703296703296704,0.9166666666666666,0.3113207547169811,0.4647887323943662,1.0,0.20987654320987653,0.3469387755102041
2,TfidfVectorizer,SVC,"{'C': 0.1, 'kernel': 'rbf'}",0.4165,25.943327099999806,2.257346499999585,753.0,559.453125,0.904,0.20545454545454545,0.3348148148148148,0.3789020452099031,1.0,0.5495706479313037,0.0,0.0,0.0,1.0,0.02181818181818182,0.042704626334519574,0.9,0.04245283018867924,0.08108108108108109,1.0,0.012345679012345678,0.024390243902439025
2,TfidfVectorizer,SVC,"{'C': 0.1, 'kernel': 'sigmoid'}",0.6725,20.863960900000166,1.940649300000132,756.453125,560.52734375,0.8339285714285715,0.8490909090909091,0.8414414414414414,0.5584935897435898,0.9900568181818182,0.7141393442622951,0.96,0.1348314606741573,0.23645320197044334,0.9529411764705882,0.29454545454545455,0.45,0.9130434782608695,0.2971698113207547,0.4483985765124555,1.0,0.16049382716049382,0.2765957446808511
2,TfidfVectorizer,SVC,"{'C': 1, 'kernel': 'linear'}",0.8885,14.82474000000002,1.5398499999996602,750.875,558.41796875,0.890625,0.9327272727272727,0.911190053285968,0.9013698630136986,0.9346590909090909,0.9177126917712691,0.868421052631579,0.7415730337078652,0.8,0.9101123595505618,0.8836363636363637,0.8966789667896679,0.8269230769230769,0.8113207547169812,0.819047619047619,0.8805970149253731,0.7283950617283951,0.7972972972972973
2,TfidfVectorizer,SVC,"{'C': 1, 'kernel': 'rbf'}",0.8605,31.548072100000354,2.109173499999997,783.60546875,560.21484375,0.8657718120805369,0.9381818181818182,0.900523560209424,0.8274173806609547,0.9602272727272727,0.8888888888888888,0.926605504587156,0.5674157303370787,0.7038327526132404,0.9156118143459916,0.7890909090909091,0.84765625,0.8556149732620321,0.7547169811320755,0.8020050125313283,0.9444444444444444,0.6296296296296297,0.7555555555555555
2,TfidfVectorizer,SVC,"{'C': 1, 'kernel': 'sigmoid'}",0.8895,14.580382699999973,1.5414983000000575,724.12890625,559.6171875,0.8954703832752613,0.9345454545454546,0.9145907473309609,0.9005449591280654,0.9389204545454546,0.9193324061196105,0.8783783783783784,0.7303370786516854,0.7975460122699386,0.9067164179104478,0.8836363636363637,0.8950276243093923,0.8151658767772512,0.8113207547169812,0.8132387706855791,0.9076923076923077,0.7283950617283951,0.8082191780821918
2,TfidfVectorizer,SVC,"{'C': 10, 'kernel': 'linear'}",0.871,12.531189499999982,1.4739520999996785,700.57421875,560.3203125,0.8715277777777778,0.9127272727272727,0.8916518650088809,0.888121546961326,0.9133522727272727,0.9005602240896359,0.8141025641025641,0.7134831460674157,0.7604790419161677,0.8977272727272727,0.8618181818181818,0.8794063079777366,0.8316831683168316,0.7924528301886793,0.8115942028985508,0.8333333333333334,0.8024691358024691,0.8176100628930818
2,TfidfVectorizer,SVC,"{'C': 10, 'kernel': 'rbf'}",0.869,33.435417099999995,2.1019680999997945,781.79296875,560.71875,0.8728813559322034,0.9363636363636364,0.9035087719298246,0.8504435994930292,0.953125,0.898861352980576,0.8780487804878049,0.6067415730337079,0.717607973421927,0.9173553719008265,0.8072727272727273,0.8588007736943907,0.8592964824120602,0.8066037735849056,0.8321167883211679,0.8947368421052632,0.6296296296296297,0.7391304347826086
2,TfidfVectorizer,SVC,"{'C': 10, 'kernel': 'sigmoid'}",0.852,14.420067300000028,1.2990741000003254,643.5625,560.87109375,0.8322368421052632,0.92,0.8739205526770294,0.8792134831460674,0.8892045454545454,0.884180790960452,0.8,0.6966292134831461,0.7447447447447447,0.88671875,0.8254545454545454,0.8549905838041432,0.8247422680412371,0.7547169811320755,0.7881773399014779,0.8133333333333334,0.7530864197530864,0.782051282051282
2,TfidfVectorizer,MultinomialNB,{'alpha': 0.01},0.631,1.1046566999998504,1.8045525999996244,555.96484375,545.2265625,0.5231788079470199,0.8618181818181818,0.6510989010989011,0.7348837209302326,0.6732954545454546,0.7027427724240178,0.8059701492537313,0.30337078651685395,0.44081632653061226,0.6984924623115578,0.5054545454545455,0.5864978902953587,0.6521739130434783,0.49528301886792453,0.5630026809651475,0.7272727272727273,0.19753086419753085,0.3106796116504854
2,TfidfVectorizer,MultinomialNB,{'alpha': 0.1},0.728,1.1082596000001104,1.8080307000000175,552.57421875,543.60546875,0.6239316239316239,0.9290909090909091,0.7465303140978816,0.7859078590785907,0.8238636363636364,0.8044382801664355,0.890625,0.3202247191011236,0.47107438016528924,0.8307692307692308,0.5890909090909091,0.6893617021276596,0.7784431137724551,0.6132075471698113,0.6860158311345647,0.9411764705882353,0.19753086419753085,0.32653061224489793
2,TfidfVectorizer,MultinomialNB,{'alpha': 1.0},0.6835,1.1052561000001333,1.7967659000000822,552.98046875,542.69921875,0.631768953068592,0.9545454545454546,0.7603186097031137,0.6793587174348698,0.9630681818181818,0.7967097532314924,1.0,0.05056179775280899,0.0962566844919786,0.9797979797979798,0.3527272727272727,0.5187165775401069,0.9193548387096774,0.2688679245283019,0.41605839416058393,1.0,0.012345679012345678,0.024390243902439025
2,TfidfVectorizer,LogisticRegression,"{'C': 0.1, 'penalty': 'l2'}",0.662,1.1612686999997095,1.8317164999998568,576.26171875,543.27734375,0.7437407952871871,0.9181818181818182,0.8218063466232709,0.5834738617200674,0.9829545454545454,0.7322751322751323,1.0,0.03932584269662921,0.07567567567567568,0.9466666666666667,0.2581818181818182,0.4057142857142857,0.9230769230769231,0.22641509433962265,0.36363636363636365,1.0,0.012345679012345678,0.024390243902439025
2,TfidfVectorizer,LogisticRegression,"{'C': 1, 'penalty': 'l2'}",0.867,1.6010283000000527,1.8815590999997767,576.046875,543.08203125,0.8662207357859532,0.9418181818181818,0.9024390243902439,0.8476070528967254,0.9559659090909091,0.8985313751668892,0.896,0.6292134831460674,0.7392739273927392,0.9036144578313253,0.8181818181818182,0.8587786259541985,0.8702702702702703,0.7594339622641509,0.8110831234256927,0.9183673469387755,0.5555555555555556,0.6923076923076923
2,TfidfVectorizer,LogisticRegression,"{'C': 10, 'penalty': 'l2'}",0.89,2.1797332000001006,1.8201732999996239,576.28515625,542.9921875,0.8968531468531469,0.9327272727272727,0.9144385026737968,0.9017735334242838,0.9389204545454546,0.9199721642310369,0.8451612903225807,0.7359550561797753,0.7867867867867868,0.8992537313432836,0.8763636363636363,0.8876611418047882,0.8686868686868687,0.8113207547169812,0.8390243902439024,0.8378378378378378,0.7654320987654321,0.8
2,TfidfVectorizer,KNeighbors,"{'n_neighbors': 3, 'algorithm': 'ball_tree'}",0.752,1.113829700000224,1.038736500000141,552.30078125,1009.9921875,0.6412213740458015,0.9163636363636364,0.7544910179640718,0.8251121076233184,0.7840909090909091,0.8040786598689003,0.7966101694915254,0.5280898876404494,0.6351351351351351,0.8451327433628318,0.6945454545454546,0.7624750499001997,0.8076923076923077,0.5943396226415094,0.6847826086956522,0.8222222222222222,0.4567901234567901,0.5873015873015873
2,TfidfVectorizer,KNeighbors,"{'n_neighbors': 3, 'algorithm': 'kd_tree'}",0.752,1.1110650000000533,1.01901399999997,550.96875,1030.2578125,0.6412213740458015,0.9163636363636364,0.7544910179640718,0.8251121076233184,0.7840909090909091,0.8040786598689003,0.7966101694915254,0.5280898876404494,0.6351351351351351,0.8451327433628318,0.6945454545454546,0.7624750499001997,0.8076923076923077,0.5943396226415094,0.6847826086956522,0.8222222222222222,0.4567901234567901,0.5873015873015873
2,TfidfVectorizer,KNeighbors,"{'n_neighbors': 3, 'algorithm': 'brute'}",0.752,1.091548800000055,1.0280823999996755,552.171875,998.62890625,0.6412213740458015,0.9163636363636364,0.7544910179640718,0.8251121076233184,0.7840909090909091,0.8040786598689003,0.7966101694915254,0.5280898876404494,0.6351351351351351,0.8451327433628318,0.6945454545454546,0.7624750499001997,0.8076923076923077,0.5943396226415094,0.6847826086956522,0.8222222222222222,0.4567901234567901,0.5873015873015873
2,TfidfVectorizer,KNeighbors,"{'n_neighbors': 5, 'algorithm': 'ball_tree'}",0.7725,1.1053077000001394,1.0150045000000318,550.87890625,1027.34765625,0.6807639836289222,0.9072727272727272,0.7778643803585347,0.819718309859155,0.8267045454545454,0.8231966053748232,0.8623853211009175,0.5280898876404494,0.6550522648083623,0.8347457627118644,0.7163636363636363,0.7710371819960861,0.81875,0.6179245283018868,0.7043010752688172,0.8076923076923077,0.5185185185185185,0.631578947368421
2,TfidfVectorizer,KNeighbors,"{'n_neighbors': 5, 'algorithm': 'kd_tree'}",0.7725,1.095763799999986,1.0315034999998716,552.109375,1032.57421875,0.6807639836289222,0.9072727272727272,0.7778643803585347,0.819718309859155,0.8267045454545454,0.8231966053748232,0.8623853211009175,0.5280898876404494,0.6550522648083623,0.8347457627118644,0.7163636363636363,0.7710371819960861,0.81875,0.6179245283018868,0.7043010752688172,0.8076923076923077,0.5185185185185185,0.631578947368421
2,TfidfVectorizer,KNeighbors,"{'n_neighbors': 5, 'algorithm': 'brute'}",0.7725,1.0996828000002097,1.0270147999999608,550.75390625,1027.01171875,0.6807639836289222,0.9072727272727272,0.7778643803585347,0.819718309859155,0.8267045454545454,0.8231966053748232,0.8623853211009175,0.5280898876404494,0.6550522648083623,0.8347457627118644,0.7163636363636363,0.7710371819960861,0.81875,0.6179245283018868,0.7043010752688172,0.8076923076923077,0.5185185185185185,0.631578947368421
2,TfidfVectorizer,KNeighbors,"{'n_neighbors': 7, 'algorithm': 'ball_tree'}",0.7925,1.1011373999999705,1.0336879999999837,552.00390625,1014.9921875,0.7202295552367288,0.9127272727272727,0.8051323175621492,0.8161073825503355,0.8636363636363636,0.8391994478951,0.8598130841121495,0.5168539325842697,0.6456140350877193,0.8846153846153846,0.7527272727272727,0.8133595284872298,0.8048780487804879,0.6226415094339622,0.7021276595744681,0.8301886792452831,0.5432098765432098,0.6567164179104478
2,TfidfVectorizer,KNeighbors,"{'n_neighbors': 7, 'algorithm': 'kd_tree'}",0.7925,1.1052881999999045,1.022660299999643,551.03515625,1033.109375,0.7202295552367288,0.9127272727272727,0.8051323175621492,0.8161073825503355,0.8636363636363636,0.8391994478951,0.8598130841121495,0.5168539325842697,0.6456140350877193,0.8846153846153846,0.7527272727272727,0.8133595284872298,0.8048780487804879,0.6226415094339622,0.7021276595744681,0.8301886792452831,0.5432098765432098,0.6567164179104478
2,TfidfVectorizer,KNeighbors,"{'n_neighbors': 7, 'algorithm': 'brute'}",0.7925,1.1044546999996783,1.0255555999997341,551.10546875,991.38671875,0.7202295552367288,0.9127272727272727,0.8051323175621492,0.8161073825503355,0.8636363636363636,0.8391994478951,0.8598130841121495,0.5168539325842697,0.6456140350877193,0.8846153846153846,0.7527272727272727,0.8133595284872298,0.8048780487804879,0.6226415094339622,0.7021276595744681,0.8301886792452831,0.5432098765432098,0.6567164179104478
2,TfidfVectorizer,DecisionTree,"{'criterion': 'gini', 'max_features': 'sqrt'}",0.8015,0.7898944000003212,1.8613052999999127,553.30859375,545.58984375,0.8017699115044248,0.8236363636363636,0.8125560538116592,0.8150134048257373,0.8636363636363636,0.8386206896551724,0.823943661971831,0.6573033707865169,0.73125,0.8106060606060606,0.7781818181818182,0.7940630797773655,0.726457399103139,0.7641509433962265,0.7448275862068966,0.8166666666666667,0.6049382716049383,0.6950354609929078
2,TfidfVectorizer,DecisionTree,"{'criterion': 'gini', 'max_features': 'log2'}",0.5335,0.9251801000000341,1.8187861999999768,556.6015625,546.40625,0.5591216216216216,0.6018181818181818,0.5796847635726795,0.6377708978328174,0.5852272727272727,0.6103703703703703,0.4276315789473684,0.3651685393258427,0.3939393939393939,0.49063670411985016,0.4763636363636364,0.4833948339483395,0.4410480349344978,0.47641509433962265,0.4580498866213152,0.23684210526315788,0.3333333333333333,0.27692307692307694
2,TfidfVectorizer,DecisionTree,"{'criterion': 'gini', 'max_features': None}",0.8685,3.499054299999898,1.4059995000002345,554.90234375,548.26171875,0.8835125448028673,0.8963636363636364,0.8898916967509025,0.9177877428998505,0.8721590909090909,0.8943918426802622,0.7988826815642458,0.8033707865168539,0.8011204481792717,0.8269896193771626,0.8690909090909091,0.8475177304964538,0.7974137931034483,0.8726415094339622,0.8333333333333334,0.863013698630137,0.7777777777777778,0.8181818181818182
2,TfidfVectorizer,DecisionTree,"{'criterion': 'entropy', 'max_features': 'sqrt'}",0.7235,0.8600781999998617,1.8986651000000165,554.4375,545.8203125,0.7256637168141593,0.7454545454545455,0.7354260089686099,0.7524204702627939,0.7727272727272727,0.7624386825508059,0.6473684210526316,0.6910112359550562,0.6684782608695652,0.720164609053498,0.6363636363636364,0.6756756756756757,0.696969696969697,0.6509433962264151,0.6731707317073171,0.7037037037037037,0.7037037037037037,0.7037037037037037
2,TfidfVectorizer,DecisionTree,"{'criterion': 'entropy', 'max_features': 'log2'}",0.504,0.9831607999999505,1.8547546999998303,557.0234375,546.68359375,0.5167548500881834,0.5327272727272727,0.5246195165622203,0.5991792065663475,0.6221590909090909,0.6104529616724739,0.4675324675324675,0.4044943820224719,0.43373493975903615,0.4089068825910931,0.36727272727272725,0.38697318007662834,0.354978354978355,0.3867924528301887,0.37020316027088035,0.3142857142857143,0.2716049382716049,0.2913907284768212
2,TfidfVectorizer,DecisionTree,"{'criterion': 'entropy', 'max_features': None}",0.8445,5.217877400000361,1.8262077999997928,555.10546875,544.44140625,0.8865384615384615,0.8381818181818181,0.8616822429906542,0.8753581661891118,0.8678977272727273,0.8716119828815977,0.8033707865168539,0.8033707865168539,0.8033707865168539,0.7868852459016393,0.8727272727272727,0.8275862068965517,0.7767857142857143,0.8207547169811321,0.7981651376146789,0.8,0.7407407407407407,0.7692307692307693
2,TfidfVectorizer,DecisionTree,"{'criterion': 'log_loss', 'max_features': 'sqrt'}",0.7235,0.8633546000000933,1.8236731000001782,554.5703125,545.8203125,0.7256637168141593,0.7454545454545455,0.7354260089686099,0.7524204702627939,0.7727272727272727,0.7624386825508059,0.6473684210526316,0.6910112359550562,0.6684782608695652,0.720164609053498,0.6363636363636364,0.6756756756756757,0.696969696969697,0.6509433962264151,0.6731707317073171,0.7037037037037037,0.7037037037037037,0.7037037037037037
2,TfidfVectorizer,DecisionTree,"{'criterion': 'log_loss', 'max_features': 'log2'}",0.504,0.9788042999998652,1.8332164999997076,557.0078125,546.5625,0.5167548500881834,0.5327272727272727,0.5246195165622203,0.5991792065663475,0.6221590909090909,0.6104529616724739,0.4675324675324675,0.4044943820224719,0.43373493975903615,0.4089068825910931,0.36727272727272725,0.38697318007662834,0.354978354978355,0.3867924528301887,0.37020316027088035,0.3142857142857143,0.2716049382716049,0.2913907284768212
2,TfidfVectorizer,DecisionTree,"{'criterion': 'log_loss', 'max_features': None}",0.8445,5.203631200000018,1.3945024999998168,554.9921875,548.33203125,0.8865384615384615,0.8381818181818181,0.8616822429906542,0.8753581661891118,0.8678977272727273,0.8716119828815977,0.8033707865168539,0.8033707865168539,0.8033707865168539,0.7868852459016393,0.8727272727272727,0.8275862068965517,0.7767857142857143,0.8207547169811321,0.7981651376146789,0.8,0.7407407407407407,0.7692307692307693
2,TfidfVectorizer,GradientBoosting,"{'n_estimators': 100, 'criterion': 'friedman_mse'}",0.856,26.54516360000025,1.8658189999996466,554.37109375,545.9921875,0.9153846153846154,0.8654545454545455,0.8897196261682243,0.7826589595375723,0.9616477272727273,0.8629700446144041,0.896551724137931,0.7303370786516854,0.804953560371517,0.958139534883721,0.7490909090909091,0.8408163265306122,0.9011627906976745,0.7311320754716981,0.8072916666666666,0.8192771084337349,0.8395061728395061,0.8292682926829268
2,TfidfVectorizer,GradientBoosting,"{'n_estimators': 100, 'criterion': 'squared_error'}",0.856,26.39764779999996,1.444676299999628,555.18359375,545.84765625,0.9153846153846154,0.8654545454545455,0.8897196261682243,0.7826589595375723,0.9616477272727273,0.8629700446144041,0.896551724137931,0.7303370786516854,0.804953560371517,0.958139534883721,0.7490909090909091,0.8408163265306122,0.9011627906976745,0.7311320754716981,0.8072916666666666,0.8192771084337349,0.8395061728395061,0.8292682926829268
2,TfidfVectorizer,GradientBoosting,"{'n_estimators': 150, 'criterion': 'friedman_mse'}",0.8755,39.44335140000021,1.425180199999886,555.6015625,546.43359375,0.9182509505703422,0.8781818181818182,0.8977695167286245,0.8416347381864623,0.9360795454545454,0.8863483523873571,0.84,0.8258426966292135,0.8328611898016998,0.9327731092436975,0.8072727272727273,0.8654970760233918,0.882051282051282,0.8113207547169812,0.8452088452088452,0.8192771084337349,0.8395061728395061,0.8292682926829268
2,TfidfVectorizer,GradientBoosting,"{'n_estimators': 150, 'criterion': 'squared_error'}",0.8755,39.337732799999685,1.4106873999999152,556.1484375,546.3203125,0.9182509505703422,0.8781818181818182,0.8977695167286245,0.8416347381864623,0.9360795454545454,0.8863483523873571,0.84,0.8258426966292135,0.8328611898016998,0.9327731092436975,0.8072727272727273,0.8654970760233918,0.882051282051282,0.8113207547169812,0.8452088452088452,0.8192771084337349,0.8395061728395061,0.8292682926829268
2,TfidfVectorizer,GradientBoosting,"{'n_estimators': 200, 'criterion': 'friedman_mse'}",0.8835,52.05891619999966,0.9803627000001143,556.4140625,546.34765625,0.9303675048355899,0.8745454545454545,0.901593252108716,0.8744993324432577,0.9303977272727273,0.9015829318651066,0.824468085106383,0.8707865168539326,0.8469945355191257,0.9038461538461539,0.8545454545454545,0.8785046728971962,0.8439024390243902,0.8160377358490566,0.829736211031175,0.8395061728395061,0.8395061728395061,0.8395061728395061
2,TfidfVectorizer,GradientBoosting,"{'n_estimators': 200, 'criterion': 'squared_error'}",0.8835,51.8611748000003,0.982213899999806,556.26171875,546.6328125,0.9303675048355899,0.8745454545454545,0.901593252108716,0.8744993324432577,0.9303977272727273,0.9015829318651066,0.824468085106383,0.8707865168539326,0.8469945355191257,0.9038461538461539,0.8545454545454545,0.8785046728971962,0.8439024390243902,0.8160377358490566,0.829736211031175,0.8395061728395061,0.8395061728395061,0.8395061728395061
2,TfidfVectorizer,AdaBoost,"{'n_estimators': 50, 'learning_rate': 0.01}",0.3555,1.8228119999998853,1.4216169999999693,556.16796875,546.62109375,0.0,0.0,0.0,0.35591506572295245,1.0,0.5249813571961223,0.0,0.0,0.0,0.4666666666666667,0.025454545454545455,0.04827586206896552,0.0,0.0,0.0,0.0,0.0,0.0
2,TfidfVectorizer,AdaBoost,"{'n_estimators': 50, 'learning_rate': 0.1}",0.3575,1.7970304000000397,1.4132856999999603,556.12109375,546.7734375,0.06060606060606061,0.0036363636363636364,0.00686106346483705,0.3632124352331606,0.9957386363636364,0.5322703113135915,0.0,0.0,0.0,0.0,0.0,0.0,0.39285714285714285,0.05188679245283019,0.09166666666666666,1.0,0.012345679012345678,0.024390243902439025
2,TfidfVectorizer,AdaBoost,"{'n_estimators': 50, 'learning_rate': 1.0}",0.3695,1.7869268999997985,1.417995400000109,556.03515625,546.58984375,0.0,0.0,0.0,0.3632050606220348,0.9786931818181818,0.5297962322183776,0.4,0.0449438202247191,0.08080808080808081,0.0,0.0,0.0,0.4444444444444444,0.07547169811320754,0.12903225806451613,0.8125,0.32098765432098764,0.46017699115044247
2,TfidfVectorizer,AdaBoost,"{'n_estimators': 100, 'learning_rate': 0.01}",0.351,3.061066100000062,0.9885233999998491,555.9375,546.859375,0.0,0.0,0.0,0.3561643835616438,0.9971590909090909,0.5248598130841121,0.0,0.0,0.0,0.0,0.0,0.0,0.0,0.0,0.0,0.0,0.0,0.0
2,TfidfVectorizer,AdaBoost,"{'n_estimators': 100, 'learning_rate': 0.1}",0.36,3.007090600000083,0.9856073000000833,556.21875,546.8125,0.0,0.0,0.0,0.36358921161825725,0.9957386363636364,0.5326747720364742,0.0,0.0,0.0,0.0,0.0,0.0,0.425,0.08018867924528301,0.1349206349206349,0.6666666666666666,0.024691358024691357,0.047619047619047616
2,TfidfVectorizer,AdaBoost,"{'n_estimators': 100, 'learning_rate': 1.0}",0.364,3.0594535999998698,0.992993800000022,556.12890625,546.7265625,0.14705882352941177,0.00909090909090909,0.017123287671232876,0.36339092872570194,0.9559659090909091,0.52660406885759,0.36363636363636365,0.0449438202247191,0.08,0.0,0.0,0.0,0.3561643835616438,0.12264150943396226,0.1824561403508772,0.8421052631578947,0.19753086419753085,0.32
2,TfidfVectorizer,AdaBoost,"{'n_estimators': 150, 'learning_rate': 0.01}",0.352,4.314519699999892,1.0208020999998553,556.08203125,547.08203125,0.058823529411764705,0.0036363636363636364,0.00684931506849315,0.3585291113381001,0.9971590909090909,0.5274229902329076,0.0,0.0,0.0,0.0,0.0,0.0,0.0,0.0,0.0,0.0,0.0,0.0
2,TfidfVectorizer,AdaBoost,"{'n_estimators': 150, 'learning_rate': 0.1}",0.3605,4.227763400000185,1.0328081000002385,556.5703125,546.77734375,0.03225806451612903,0.0018181818181818182,0.0034423407917383822,0.3654848800834202,0.9957386363636364,0.5347063310450039,0.0,0.0,0.0,0.0,0.0,0.0,0.425,0.08018867924528301,0.1349206349206349,0.6666666666666666,0.024691358024691357,0.047619047619047616
2,TfidfVectorizer,AdaBoost,"{'n_estimators': 150, 'learning_rate': 1.0}",0.3635,4.302961999999752,1.0239034999999603,556.29296875,546.85546875,0.12,0.01090909090909091,0.02,0.36541598694942906,0.9545454545454546,0.5285096342902084,0.4,0.0449438202247191,0.08080808080808081,0.0,0.0,0.0,0.3561643835616438,0.12264150943396226,0.1824561403508772,0.8333333333333334,0.18518518518518517,0.30303030303030304
2,TfidfVectorizer,SGD,"{'alpha': 0.0001, 'penalty': 'l2'}",0.8995,1.2219010999997408,1.8372761000000537,555.5546875,547.5,0.902946273830156,0.9472727272727273,0.9245785270629991,0.9025710419485792,0.9474431818181818,0.9244629244629244,0.8853503184713376,0.7808988764044944,0.8298507462686567,0.9176029962546817,0.8909090909090909,0.9040590405904059,0.8835978835978836,0.7877358490566038,0.8329177057356608,0.8450704225352113,0.7407407407407407,0.7894736842105263
2,TfidfVectorizer,SGD,"{'alpha': 0.0001, 'penalty': 'l1'}",0.9105,1.2201202000001103,1.3815094000001409,555.48828125,547.421875,0.9271758436944938,0.9490909090909091,0.9380053908355795,0.9073825503355705,0.9602272727272727,0.9330572808833678,0.9050632911392406,0.8033707865168539,0.8511904761904762,0.9157509157509157,0.9090909090909091,0.9124087591240876,0.8860103626943006,0.8066037735849056,0.8444444444444444,0.8676470588235294,0.7283950617283951,0.7919463087248322
2,TfidfVectorizer,SGD,"{'alpha': 0.0001, 'penalty': 'elasticnet'}",0.905,0.6717593999997007,1.8272578000000976,555.2265625,547.4296875,0.9221238938053097,0.9472727272727273,0.9345291479820628,0.8973333333333333,0.9559659090909091,0.9257221458046767,0.9013157894736842,0.7696629213483146,0.8303030303030303,0.9222222222222223,0.9054545454545454,0.9137614678899083,0.8808290155440415,0.8018867924528302,0.8395061728395061,0.8571428571428571,0.7407407407407407,0.7947019867549668
2,TfidfVectorizer,SGD,"{'alpha': 0.001, 'penalty': 'l2'}",0.8815,1.1873952000000827,1.8278387999998813,555.4296875,547.37109375,0.8714524207011686,0.9490909090909091,0.9086161879895561,0.8576779026217228,0.9758522727272727,0.9129568106312292,0.9612403100775194,0.6966292134831461,0.8078175895765473,0.9256198347107438,0.8145454545454546,0.8665377176015474,0.9107142857142857,0.7216981132075472,0.8052631578947368,0.8688524590163934,0.654320987654321,0.7464788732394366
2,TfidfVectorizer,SGD,"{'alpha': 0.001, 'penalty': 'l1'}",0.6915,1.2584843999998157,1.3889921999998478,555.47265625,547.40625,0.4930232558139535,0.9636363636363636,0.6523076923076923,0.9163346613545816,0.6534090909090909,0.7628524046434494,0.9512195121951219,0.43820224719101125,0.6,0.9418604651162791,0.5890909090909091,0.7248322147651006,0.9069767441860465,0.5518867924528302,0.6862170087976539,0.9,0.4444444444444444,0.5950413223140496
2,TfidfVectorizer,SGD,"{'alpha': 0.001, 'penalty': 'elasticnet'}",0.8825,1.2236806000000797,1.8271475999999893,555.22265625,547.28125,0.8879456706281834,0.9509090909090909,0.9183494293239683,0.8460591133004927,0.9758522727272727,0.9063324538258575,0.968,0.6797752808988764,0.7986798679867987,0.9391304347826087,0.7854545454545454,0.8554455445544554,0.9005524861878453,0.7688679245283019,0.8295165394402035,0.873015873015873,0.6790123456790124,0.7638888888888888
2,TfidfVectorizer,SGD,"{'alpha': 0.01, 'penalty': 'l2'}",0.88,1.170792099999744,1.8091392999999698,555.44140625,547.36328125,0.8685524126455907,0.9490909090909091,0.9070373588184187,0.8544776119402985,0.9758522727272727,0.9111405835543767,0.9609375,0.6910112359550562,0.803921568627451,0.9256198347107438,0.8145454545454546,0.8665377176015474,0.9096385542168675,0.7122641509433962,0.798941798941799,0.8983050847457628,0.654320987654321,0.7571428571428571
2,TfidfVectorizer,SGD,"{'alpha': 0.01, 'penalty': 'l1'}",0.1375,1.1917810999998437,1.8338966999999684,555.47265625,547.515625,0.0,0.0,0.0,0.0,0.0,0.0,0.0,0.0,0.0,0.1375,1.0,0.24175824175824176,0.0,0.0,0.0,0.0,0.0,0.0
2,TfidfVectorizer,SGD,"{'alpha': 0.01, 'penalty': 'elasticnet'}",0.169,1.1934913000000051,1.8352092999998604,555.2265625,547.375,0.75,0.05454545454545454,0.1016949152542373,0.7948717948717948,0.04403409090909091,0.08344549125168237,0.0,0.0,0.0,0.14106583072100312,0.9818181818181818,0.24668798538145273,1.0,0.0330188679245283,0.0639269406392694,0.0,0.0,0.0
2,CountVectorizer,RandomForest,"{'n_estimators': 50, 'criterion': 'gini'}",0.893,8.524862700000085,1.03796229999989,547.375,438.8125,0.9259259259259259,0.9090909090909091,0.9174311926605505,0.9180790960451978,0.9232954545454546,0.9206798866855525,0.8362573099415205,0.8033707865168539,0.8194842406876791,0.8655172413793103,0.9127272727272727,0.8884955752212389,0.8287037037037037,0.8443396226415094,0.8364485981308412,0.84,0.7777777777777778,0.8076923076923077
2,CountVectorizer,RandomForest,"{'n_estimators': 50, 'criterion': 'entropy'}",0.8845,9.452343500000097,1.037635500000306,441.86328125,441.8828125,0.9199255121042831,0.8981818181818182,0.9089236430542779,0.9198855507868383,0.9133522727272727,0.9166072701354241,0.8146067415730337,0.8146067415730337,0.8146067415730337,0.8641114982578397,0.9018181818181819,0.8825622775800712,0.8177570093457944,0.8254716981132075,0.8215962441314554,0.7529411764705882,0.7901234567901234,0.7710843373493976
2,CountVectorizer,RandomForest,"{'n_estimators': 50, 'criterion': 'log_loss'}",0.8845,9.393490500000098,1.0404829999997673,442.0,442.03515625,0.9199255121042831,0.8981818181818182,0.9089236430542779,0.9198855507868383,0.9133522727272727,0.9166072701354241,0.8146067415730337,0.8146067415730337,0.8146067415730337,0.8641114982578397,0.9018181818181819,0.8825622775800712,0.8177570093457944,0.8254716981132075,0.8215962441314554,0.7529411764705882,0.7901234567901234,0.7710843373493976
2,CountVectorizer,RandomForest,"{'n_estimators': 100, 'criterion': 'gini'}",0.891,16.62533590000021,1.1297715999999127,496.37890625,489.74609375,0.9194139194139194,0.9127272727272727,0.916058394160584,0.9164305949008499,0.9190340909090909,0.9177304964539007,0.8362573099415205,0.8033707865168539,0.8194842406876791,0.8600682593856656,0.9163636363636364,0.8873239436619719,0.8349056603773585,0.8349056603773585,0.8349056603773585,0.8472222222222222,0.7530864197530864,0.7973856209150327
2,CountVectorizer,RandomForest,"{'n_estimators': 100, 'criterion': 'entropy'}",0.89,18.540967400000227,1.1391582000001108,503.0546875,496.1875,0.9276437847866419,0.9090909090909091,0.9182736455463728,0.9212034383954155,0.9133522727272727,0.9172610556348074,0.8166666666666667,0.8258426966292135,0.8212290502793296,0.8650519031141869,0.9090909090909091,0.8865248226950354,0.8271028037383178,0.8349056603773585,0.8309859154929577,0.7875,0.7777777777777778,0.782608695652174
2,CountVectorizer,RandomForest,"{'n_estimators': 100, 'criterion': 'log_loss'}",0.89,18.506797600000027,1.1405558000001292,502.9375,495.95703125,0.9276437847866419,0.9090909090909091,0.9182736455463728,0.9212034383954155,0.9133522727272727,0.9172610556348074,0.8166666666666667,0.8258426966292135,0.8212290502793296,0.8650519031141869,0.9090909090909091,0.8865248226950354,0.8271028037383178,0.8349056603773585,0.8309859154929577,0.7875,0.7777777777777778,0.782608695652174
2,CountVectorizer,RandomForest,"{'n_estimators': 150, 'criterion': 'gini'}",0.8915,24.56722239999999,1.2215360999998666,552.609375,545.6328125,0.9197080291970803,0.9163636363636364,0.9180327868852459,0.9202279202279202,0.9176136363636364,0.918918918918919,0.8313953488372093,0.8033707865168539,0.8171428571428572,0.8625429553264605,0.9127272727272727,0.8869257950530035,0.8364485981308412,0.8443396226415094,0.8403755868544601,0.821917808219178,0.7407407407407407,0.7792207792207793
2,CountVectorizer,RandomForest,"{'n_estimators': 150, 'criterion': 'entropy'}",0.8915,27.350720899999942,1.2180100000000493,561.20703125,560.37109375,0.9294990723562152,0.9109090909090909,0.9201101928374655,0.9213161659513591,0.9147727272727273,0.9180327868852459,0.8212290502793296,0.8258426966292135,0.8235294117647058,0.8671328671328671,0.9018181818181819,0.8841354723707665,0.8248847926267281,0.8443396226415094,0.8344988344988346,0.8,0.7901234567901234,0.7950310559006211
2,CountVectorizer,RandomForest,"{'n_estimators': 150, 'criterion': 'log_loss'}",0.8915,27.684349199999815,1.210031799999797,561.39453125,560.36328125,0.9294990723562152,0.9109090909090909,0.9201101928374655,0.9213161659513591,0.9147727272727273,0.9180327868852459,0.8212290502793296,0.8258426966292135,0.8235294117647058,0.8671328671328671,0.9018181818181819,0.8841354723707665,0.8248847926267281,0.8443396226415094,0.8344988344988346,0.8,0.7901234567901234,0.7950310559006211
2,CountVectorizer,SVC,"{'C': 0.1, 'kernel': 'linear'}",0.8915,16.223441699999967,1.626883099999759,802.7109375,575.39453125,0.9157706093189965,0.9290909090909091,0.9223826714801444,0.9093444909344491,0.9261363636363636,0.9176636171710063,0.8502994011976048,0.797752808988764,0.8231884057971014,0.8955223880597015,0.8727272727272727,0.8839779005524862,0.7920353982300885,0.8443396226415094,0.817351598173516,0.921875,0.7283950617283951,0.8137931034482758
2,CountVectorizer,SVC,"{'C': 0.1, 'kernel': 'rbf'}",0.441,26.173876500000006,2.264317900000151,772.40234375,577.73828125,0.7563025210084033,0.32727272727272727,0.45685279187817257,0.3977272727272727,0.9943181818181818,0.5681818181818182,0.0,0.0,0.0,1.0,0.0036363636363636364,0.007246376811594203,1.0,0.0047169811320754715,0.009389671361502348,0.0,0.0,0.0
2,CountVectorizer,SVC,"{'C': 0.1, 'kernel': 'sigmoid'}",0.5795,20.343708600000355,1.9821302000000287,781.1328125,578.45703125,0.7357859531772575,0.8,0.7665505226480837,0.5021897810218978,0.9772727272727273,0.6634522661523626,0.0,0.0,0.0,1.0,0.05454545454545454,0.10344827586206896,1.0,0.0660377358490566,0.12389380530973451,1.0,0.024691358024691357,0.04819277108433735
2,CountVectorizer,SVC,"{'C': 1, 'kernel': 'linear'}",0.8875,10.719762300000184,1.463639300000068,695.109375,576.0703125,0.9153153153153153,0.9236363636363636,0.9194570135746606,0.9158345221112696,0.9119318181818182,0.9138790035587189,0.8011363636363636,0.7921348314606742,0.7966101694915254,0.9014598540145985,0.8981818181818182,0.8998178506375227,0.8101851851851852,0.8254716981132075,0.8177570093457944,0.7948717948717948,0.7654320987654321,0.779874213836478
2,CountVectorizer,SVC,"{'C': 1, 'kernel': 'rbf'}",0.838,32.247433,2.102693299999828,797.15625,576.671875,0.878682842287695,0.9218181818181819,0.8997338065661047,0.7794457274826789,0.9588068181818182,0.8598726114649682,0.9215686274509803,0.5280898876404494,0.6714285714285714,0.9118942731277533,0.7527272727272727,0.8247011952191236,0.8241758241758241,0.7075471698113207,0.7614213197969543,0.9347826086956522,0.5308641975308642,0.6771653543307087
2,CountVectorizer,SVC,"{'C': 1, 'kernel': 'sigmoid'}",0.8645,13.376248500000202,1.6276551999999356,734.640625,562.70703125,0.8534923339011925,0.9109090909090909,0.8812664907651715,0.9001447178002895,0.8835227272727273,0.8917562724014337,0.7845303867403315,0.797752808988764,0.7910863509749304,0.8872180451127819,0.8581818181818182,0.8724584103512015,0.8113207547169812,0.8113207547169812,0.8113207547169812,0.8888888888888888,0.691358024691358,0.7777777777777778
2,CountVectorizer,SVC,"{'C': 10, 'kernel': 'linear'}",0.8615,9.985946799999965,1.36783000000014,677.8671875,577.52734375,0.868421052631579,0.9,0.8839285714285714,0.8873239436619719,0.8948863636363636,0.8910891089108911,0.7861271676300579,0.7640449438202247,0.7749287749287749,0.8846153846153846,0.8363636363636363,0.8598130841121495,0.8217821782178217,0.7830188679245284,0.8019323671497585,0.7764705882352941,0.8148148148148148,0.7951807228915663
2,CountVectorizer,SVC,"{'C': 10, 'kernel': 'rbf'}",0.8505,34.100644999999986,2.1726512000000184,797.0078125,577.23046875,0.891459074733096,0.9109090909090909,0.9010791366906474,0.8079710144927537,0.9502840909090909,0.8733681462140992,0.8813559322033898,0.5842696629213483,0.7027027027027027,0.8930041152263375,0.7890909090909091,0.8378378378378378,0.8315789473684211,0.7452830188679245,0.7860696517412935,0.8813559322033898,0.6419753086419753,0.7428571428571429
2,CountVectorizer,SVC,"{'C': 10, 'kernel': 'sigmoid'}",0.762,7.726933899999949,1.3015000999998847,657.52734375,574.65625,0.7208931419457735,0.8218181818181818,0.7680543755310111,0.8027777777777778,0.8210227272727273,0.8117977528089888,0.6445783132530121,0.601123595505618,0.622093023255814,0.8708133971291866,0.6618181818181819,0.7520661157024794,0.7336448598130841,0.7405660377358491,0.7370892018779343,0.75,0.5925925925925926,0.6620689655172414
2,CountVectorizer,MultinomialNB,{'alpha': 0.01},0.661,1.2172002000002067,1.9711900999996033,573.265625,559.4140625,0.5630252100840336,0.8527272727272728,0.67823571945047,0.7986230636833046,0.6590909090909091,0.7221789883268482,0.7169811320754716,0.42696629213483145,0.5352112676056338,0.6905829596412556,0.56,0.6184738955823293,0.6172248803827751,0.6084905660377359,0.6128266033254157,0.625,0.37037037037037035,0.46511627906976744
2,CountVectorizer,MultinomialNB,{'alpha': 0.1},0.757,1.2338804000000891,2.001192600000195,567.90625,558.28125,0.6902777777777778,0.9036363636363637,0.7826771653543307,0.8651315789473685,0.7471590909090909,0.801829268292683,0.7681159420289855,0.5955056179775281,0.6708860759493671,0.7894736842105263,0.7090909090909091,0.7471264367816092,0.6739130434782609,0.7311320754716981,0.7013574660633484,0.6140350877192983,0.43209876543209874,0.5072463768115942
2,CountVectorizer,MultinomialNB,{'alpha': 1.0},0.798,1.2218917999998666,2.003805900000316,568.0859375,557.58984375,0.7175989085948158,0.9563636363636364,0.8199532346063912,0.8222506393861893,0.9133522727272727,0.8654104979811574,0.9113924050632911,0.4044943820224719,0.5603112840466926,0.9045454545454545,0.7236363636363636,0.804040404040404,0.8470588235294118,0.6792452830188679,0.7539267015706806,0.75,0.14814814814814814,0.24742268041237114
2,CountVectorizer,LogisticRegression,"{'C': 0.1, 'penalty': 'l2'}",0.87,1.2003347999998368,2.0245765999998184,592.14453125,557.26171875,0.8710217755443886,0.9454545454545454,0.9067131647776809,0.8542199488491049,0.9488636363636364,0.8990578734858681,0.9117647058823529,0.6966292134831461,0.7898089171974523,0.9057377049180327,0.8036363636363636,0.8516377649325626,0.8429319371727748,0.7594339622641509,0.7990074441687345,0.92,0.5679012345679012,0.7022900763358778
2,CountVectorizer,LogisticRegression,"{'C': 1, 'penalty': 'l2'}",0.892,1.3611910999998145,1.9172687999998743,591.84375,557.28515625,0.9113475177304965,0.9345454545454546,0.9228007181328546,0.9127988748241913,0.921875,0.9173144876325088,0.8265895953757225,0.8033707865168539,0.8148148148148148,0.9014598540145985,0.8981818181818182,0.8998178506375227,0.845771144278607,0.8018867924528302,0.8232445520581114,0.7922077922077922,0.7530864197530864,0.7721518987341772
2,CountVectorizer,LogisticRegression,"{'C': 10, 'penalty': 'l2'}",0.895,1.5524055000000772,1.8426639000003888,591.57421875,556.8515625,0.918918918918919,0.9272727272727272,0.9230769230769231,0.9230769230769231,0.9204545454545454,0.9217638691322901,0.8066298342541437,0.8202247191011236,0.8133704735376045,0.8974358974358975,0.8909090909090909,0.8941605839416058,0.8514851485148515,0.8113207547169812,0.8309178743961353,0.7931034482758621,0.8518518518518519,0.8214285714285714
2,CountVectorizer,KNeighbors,"{'n_neighbors': 3, 'algorithm': 'ball_tree'}",0.578,1.1241006999998717,1.1476811000002272,566.640625,936.58203125,0.4806282722513089,0.8345454545454546,0.6099667774086379,0.702922077922078,0.6150568181818182,0.656060606060606,0.5466666666666666,0.2303370786516854,0.3241106719367589,0.6218905472636815,0.45454545454545453,0.5252100840336135,0.6491228070175439,0.3490566037735849,0.4539877300613497,0.6153846153846154,0.2962962962962963,0.4
2,CountVectorizer,KNeighbors,"{'n_neighbors': 3, 'algorithm': 'kd_tree'}",0.578,1.138102699999763,1.1872902000000067,564.3203125,983.24609375,0.4806282722513089,0.8345454545454546,0.6099667774086379,0.702922077922078,0.6150568181818182,0.656060606060606,0.5466666666666666,0.2303370786516854,0.3241106719367589,0.6218905472636815,0.45454545454545453,0.5252100840336135,0.6491228070175439,0.3490566037735849,0.4539877300613497,0.6153846153846154,0.2962962962962963,0.4
2,CountVectorizer,KNeighbors,"{'n_neighbors': 3, 'algorithm': 'brute'}",0.578,1.3251233000000866,1.2420191999999588,564.5078125,976.296875,0.4806282722513089,0.8345454545454546,0.6099667774086379,0.702922077922078,0.6150568181818182,0.656060606060606,0.5466666666666666,0.2303370786516854,0.3241106719367589,0.6218905472636815,0.45454545454545453,0.5252100840336135,0.6491228070175439,0.3490566037735849,0.4539877300613497,0.6153846153846154,0.2962962962962963,0.4
2,CountVectorizer,KNeighbors,"{'n_neighbors': 5, 'algorithm': 'ball_tree'}",0.5865,1.1857952000000296,1.0741660999997293,564.1796875,1032.14453125,0.5005405405405405,0.8418181818181818,0.6277966101694915,0.6900763358778625,0.6420454545454546,0.6651949963208241,0.6153846153846154,0.2247191011235955,0.3292181069958848,0.5942028985507246,0.44727272727272727,0.5103734439834025,0.6695652173913044,0.3632075471698113,0.4709480122324159,0.5454545454545454,0.2222222222222222,0.3157894736842105
2,CountVectorizer,KNeighbors,"{'n_neighbors': 5, 'algorithm': 'kd_tree'}",0.5865,1.1398495999997067,1.1000636999997369,564.0,1019.77734375,0.5005405405405405,0.8418181818181818,0.6277966101694915,0.6900763358778625,0.6420454545454546,0.6651949963208241,0.6153846153846154,0.2247191011235955,0.3292181069958848,0.5942028985507246,0.44727272727272727,0.5103734439834025,0.6695652173913044,0.3632075471698113,0.4709480122324159,0.5454545454545454,0.2222222222222222,0.3157894736842105
2,CountVectorizer,KNeighbors,"{'n_neighbors': 5, 'algorithm': 'brute'}",0.5865,1.2831210999997893,1.2184384000001955,563.98828125,977.03515625,0.5005405405405405,0.8418181818181818,0.6277966101694915,0.6900763358778625,0.6420454545454546,0.6651949963208241,0.6153846153846154,0.2247191011235955,0.3292181069958848,0.5942028985507246,0.44727272727272727,0.5103734439834025,0.6695652173913044,0.3632075471698113,0.4709480122324159,0.5454545454545454,0.2222222222222222,0.3157894736842105
2,CountVectorizer,KNeighbors,"{'n_neighbors': 7, 'algorithm': 'ball_tree'}",0.571,1.352798200000052,1.231789899999967,564.2734375,922.85546875,0.48326359832635984,0.84,0.6135458167330677,0.6827794561933535,0.6420454545454546,0.6617862371888726,0.725,0.16292134831460675,0.26605504587155965,0.5318181818181819,0.4254545454545455,0.4727272727272727,0.6701030927835051,0.30660377358490565,0.42071197411003236,0.68,0.20987654320987653,0.32075471698113206
2,CountVectorizer,KNeighbors,"{'n_neighbors': 7, 'algorithm': 'kd_tree'}",0.571,1.2938780999998016,1.1750969999998233,563.8203125,979.546875,0.48326359832635984,0.84,0.6135458167330677,0.6827794561933535,0.6420454545454546,0.6617862371888726,0.725,0.16292134831460675,0.26605504587155965,0.5318181818181819,0.4254545454545455,0.4727272727272727,0.6701030927835051,0.30660377358490565,0.42071197411003236,0.68,0.20987654320987653,0.32075471698113206
2,CountVectorizer,KNeighbors,"{'n_neighbors': 7, 'algorithm': 'brute'}",0.571,1.1970538999999008,1.1842385999998442,564.15625,999.76171875,0.48326359832635984,0.84,0.6135458167330677,0.6827794561933535,0.6420454545454546,0.6617862371888726,0.725,0.16292134831460675,0.26605504587155965,0.5318181818181819,0.4254545454545455,0.4727272727272727,0.6701030927835051,0.30660377358490565,0.42071197411003236,0.68,0.20987654320987653,0.32075471698113206
2,CountVectorizer,DecisionTree,"{'criterion': 'gini', 'max_features': 'sqrt'}",0.812,0.8712304999999105,1.9013426000001346,564.3359375,557.25390625,0.8425925925925926,0.8272727272727273,0.8348623853211009,0.8503597122302158,0.8394886363636364,0.8448892065761258,0.7055837563451777,0.7808988764044944,0.7413333333333333,0.8333333333333334,0.8181818181818182,0.8256880733944955,0.7268518518518519,0.7405660377358491,0.7336448598130841,0.6951219512195121,0.7037037037037037,0.6993865030674846
2,CountVectorizer,DecisionTree,"{'criterion': 'gini', 'max_features': 'log2'}",0.558,1.0202077999997528,1.894143399999848,570.078125,558.265625,0.5874125874125874,0.610909090909091,0.5989304812834224,0.6445698166431594,0.6491477272727273,0.6468506723283793,0.437125748502994,0.4101123595505618,0.42318840579710143,0.4978165938864629,0.41454545454545455,0.4523809523809524,0.40441176470588236,0.5188679245283019,0.45454545454545453,0.5098039215686274,0.32098765432098764,0.3939393939393939
2,CountVectorizer,DecisionTree,"{'criterion': 'gini', 'max_features': None}",0.8795,2.1796038000002227,1.8942320000001018,566.28515625,556.078125,0.8978494623655914,0.9109090909090909,0.9043321299638989,0.9420731707317073,0.8778409090909091,0.9088235294117647,0.8087431693989071,0.8314606741573034,0.8199445983379502,0.8221476510067114,0.8909090909090909,0.8551483420593369,0.8044444444444444,0.8537735849056604,0.8283752860411899,0.825,0.8148148148148148,0.8198757763975155
2,CountVectorizer,DecisionTree,"{'criterion': 'entropy', 'max_features': 'sqrt'}",0.7855,0.8874877999996897,1.0065047000002778,564.56640625,564.57421875,0.8081180811808119,0.7963636363636364,0.8021978021978022,0.8305847076461769,0.7869318181818182,0.8081692195477753,0.7692307692307693,0.7303370786516854,0.7492795389048992,0.7003058103975535,0.8327272727272728,0.760797342192691,0.7440758293838863,0.7405660377358491,0.7423167848699763,0.75,0.7777777777777778,0.7636363636363637
2,CountVectorizer,DecisionTree,"{'criterion': 'entropy', 'max_features': 'log2'}",0.5055,1.0682114999999612,1.9017023999999765,569.68359375,558.390625,0.5205479452054794,0.5527272727272727,0.5361552028218695,0.608433734939759,0.5738636363636364,0.5906432748538012,0.47619047619047616,0.39325842696629215,0.4307692307692308,0.4019933554817276,0.44,0.4201388888888889,0.35390946502057613,0.4056603773584906,0.378021978021978,0.4262295081967213,0.32098765432098764,0.36619718309859156
2,CountVectorizer,DecisionTree,"{'criterion': 'entropy', 'max_features': None}",0.8635,2.4556781000001138,1.9383692000001247,565.796875,556.10546875,0.9032258064516129,0.8654545454545455,0.8839368616527391,0.9309815950920245,0.8622159090909091,0.8952802359882006,0.7821782178217822,0.8876404494382022,0.8315789473684211,0.7777777777777778,0.8909090909090909,0.8305084745762712,0.788546255506608,0.8443396226415094,0.8154897494305239,0.8051948051948052,0.7654320987654321,0.7848101265822784
2,CountVectorizer,DecisionTree,"{'criterion': 'log_loss', 'max_features': 'sqrt'}",0.7855,0.8483963999997286,1.8902827000001707,564.61328125,557.578125,0.8081180811808119,0.7963636363636364,0.8021978021978022,0.8305847076461769,0.7869318181818182,0.8081692195477753,0.7692307692307693,0.7303370786516854,0.7492795389048992,0.7003058103975535,0.8327272727272728,0.760797342192691,0.7440758293838863,0.7405660377358491,0.7423167848699763,0.75,0.7777777777777778,0.7636363636363637
2,CountVectorizer,DecisionTree,"{'criterion': 'log_loss', 'max_features': 'log2'}",0.5055,1.0759204999999383,1.8820941999997558,569.73046875,558.328125,0.5205479452054794,0.5527272727272727,0.5361552028218695,0.608433734939759,0.5738636363636364,0.5906432748538012,0.47619047619047616,0.39325842696629215,0.4307692307692308,0.4019933554817276,0.44,0.4201388888888889,0.35390946502057613,0.4056603773584906,0.378021978021978,0.4262295081967213,0.32098765432098764,0.36619718309859156
2,CountVectorizer,DecisionTree,"{'criterion': 'log_loss', 'max_features': None}",0.8635,2.458866399999806,1.9200631999997313,566.421875,556.140625,0.9032258064516129,0.8654545454545455,0.8839368616527391,0.9309815950920245,0.8622159090909091,0.8952802359882006,0.7821782178217822,0.8876404494382022,0.8315789473684211,0.7777777777777778,0.8909090909090909,0.8305084745762712,0.788546255506608,0.8443396226415094,0.8154897494305239,0.8051948051948052,0.7654320987654321,0.7848101265822784
2,CountVectorizer,GradientBoosting,"{'n_estimators': 100, 'criterion': 'friedman_mse'}",0.8585,13.581945500000074,2.0065044999996644,565.328125,555.78515625,0.9196940726577438,0.8745454545454545,0.896551724137931,0.7910798122065728,0.9573863636363636,0.8663239074550129,0.875,0.7471910112359551,0.806060606060606,0.944954128440367,0.7490909090909091,0.8356997971602435,0.9107142857142857,0.7216981132075472,0.8052631578947368,0.8045977011494253,0.8641975308641975,0.8333333333333334
2,CountVectorizer,GradientBoosting,"{'n_estimators': 100, 'criterion': 'squared_error'}",0.8595,13.493756400000166,1.4537101000000803,564.87890625,555.6953125,0.921455938697318,0.8745454545454545,0.8973880597014925,0.7920094007050529,0.9573863636363636,0.8668810289389067,0.8766233766233766,0.7584269662921348,0.8132530120481928,0.944954128440367,0.7490909090909091,0.8356997971602435,0.9107142857142857,0.7216981132075472,0.8052631578947368,0.8045977011494253,0.8641975308641975,0.8333333333333334
2,CountVectorizer,GradientBoosting,"{'n_estimators': 150, 'criterion': 'friedman_mse'}",0.8825,20.207748999999694,1.5634433999998691,564.578125,556.109375,0.9212007504690432,0.8927272727272727,0.9067405355493998,0.8651832460732984,0.9389204545454546,0.9005449591280654,0.8361581920903954,0.8314606741573034,0.8338028169014085,0.9146341463414634,0.8181818181818182,0.8637236084452975,0.8762886597938144,0.8018867924528302,0.8374384236453202,0.813953488372093,0.8641975308641975,0.8383233532934131
2,CountVectorizer,GradientBoosting,"{'n_estimators': 150, 'criterion': 'squared_error'}",0.8835,19.420759999999973,1.4965281999998297,565.11328125,556.0390625,0.9229323308270677,0.8927272727272727,0.9075785582255084,0.8663171690694627,0.9389204545454546,0.9011588275391956,0.8379888268156425,0.8426966292134831,0.8403361344537815,0.9146341463414634,0.8181818181818182,0.8637236084452975,0.8762886597938144,0.8018867924528302,0.8374384236453202,0.813953488372093,0.8641975308641975,0.8383233532934131
2,CountVectorizer,GradientBoosting,"{'n_estimators': 200, 'criterion': 'friedman_mse'}",0.8945,26.266358500000024,1.152325000000019,564.9609375,556.1328125,0.9338374291115312,0.8981818181818182,0.9156626506024096,0.8930987821380244,0.9375,0.9147609147609148,0.8342245989304813,0.8764044943820225,0.8547945205479452,0.9076923076923077,0.8581818181818182,0.8822429906542056,0.8693467336683417,0.8160377358490566,0.8418491484184915,0.813953488372093,0.8641975308641975,0.8383233532934131
2,CountVectorizer,GradientBoosting,"{'n_estimators': 200, 'criterion': 'squared_error'}",0.8955,25.903094000000237,1.0154703000002883,565.359375,563.40625,0.9356060606060606,0.8981818181818182,0.9165120593692022,0.8943089430894309,0.9375,0.9153952843273232,0.8359788359788359,0.8876404494382022,0.8610354223433242,0.9076923076923077,0.8581818181818182,0.8822429906542056,0.8693467336683417,0.8160377358490566,0.8418491484184915,0.813953488372093,0.8641975308641975,0.8383233532934131
2,CountVectorizer,AdaBoost,"{'n_estimators': 50, 'learning_rate': 0.01}",0.3555,1.3518855000002077,1.4566442999998799,563.33203125,556.47265625,0.0,0.0,0.0,0.35591506572295245,1.0,0.5249813571961223,0.0,0.0,0.0,0.4666666666666667,0.025454545454545455,0.04827586206896552,0.0,0.0,0.0,0.0,0.0,0.0
2,CountVectorizer,AdaBoost,"{'n_estimators': 50, 'learning_rate': 0.1}",0.3555,1.3316247000002477,1.4599797999999282,563.19921875,556.4375,0.058823529411764705,0.0036363636363636364,0.00684931506849315,0.36152656008251677,0.9957386363636364,0.5304578130911842,0.0,0.0,0.0,0.0,0.0,0.0,0.3888888888888889,0.0330188679245283,0.06086956521739131,1.0,0.012345679012345678,0.024390243902439025
2,CountVectorizer,AdaBoost,"{'n_estimators': 50, 'learning_rate': 1.0}",0.371,1.3447010999998383,1.4765339999999014,563.28515625,556.41015625,0.0,0.0,0.0,0.36496350364963503,0.9943181818181818,0.5339435545385202,0.75,0.033707865168539325,0.06451612903225806,0.0,0.0,0.0,0.3333333333333333,0.05660377358490566,0.0967741935483871,0.8,0.2962962962962963,0.43243243243243246
2,CountVectorizer,AdaBoost,"{'n_estimators': 100, 'learning_rate': 0.01}",0.3515,2.389888400000018,1.2429124999998749,563.21875,556.3359375,0.0,0.0,0.0,0.35634517766497464,0.9971590909090909,0.525056095736724,0.0,0.0,0.0,0.0,0.0,0.0,1.0,0.0047169811320754715,0.009389671361502348,0.0,0.0,0.0
2,CountVectorizer,AdaBoost,"{'n_estimators': 100, 'learning_rate': 0.1}",0.36,2.190084200000001,1.0690894999997909,563.3125,556.203125,0.0,0.0,0.0,0.3637778930980799,0.9957386363636364,0.5328772329912581,0.0,0.0,0.0,0.0,0.0,0.0,0.43902439024390244,0.08490566037735849,0.1422924901185771,0.5,0.012345679012345678,0.024096385542168676
2,CountVectorizer,AdaBoost,"{'n_estimators': 100, 'learning_rate': 1.0}",0.3685,2.110772900000029,1.0238298999997824,563.2265625,556.265625,0.0,0.0,0.0,0.3641940881204685,0.9275568181818182,0.5230276331597917,0.33035714285714285,0.20786516853932585,0.25517241379310346,0.2857142857142857,0.007272727272727273,0.014184397163120567,0.48333333333333334,0.13679245283018868,0.21323529411764705,0.8,0.19753086419753085,0.31683168316831684
2,CountVectorizer,AdaBoost,"{'n_estimators': 150, 'learning_rate': 0.01}",0.3515,2.9029050000003735,1.052433800000017,563.109375,561.74609375,0.0,0.0,0.0,0.35634517766497464,0.9971590909090909,0.525056095736724,0.0,0.0,0.0,0.0,0.0,0.0,1.0,0.0047169811320754715,0.009389671361502348,0.0,0.0,0.0
2,CountVectorizer,AdaBoost,"{'n_estimators': 150, 'learning_rate': 0.1}",0.36,2.834429,1.0496186000000307,563.1875,561.796875,0.0,0.0,0.0,0.3639667705088266,0.9957386363636364,0.5330798479087453,0.0,0.0,0.0,0.0,0.0,0.0,0.425,0.08018867924528301,0.1349206349206349,0.5,0.024691358024691357,0.047058823529411764
2,CountVectorizer,AdaBoost,"{'n_estimators': 150, 'learning_rate': 1.0}",0.3115,2.875077799999872,1.0435872000002746,563.1171875,561.96875,0.3001138952164009,0.9581818181818181,0.4570685169124024,0.19148936170212766,0.01278409090909091,0.023968042609853527,0.3333333333333333,0.20786516853932585,0.2560553633217993,0.7,0.05090909090909091,0.09491525423728814,0.48,0.11320754716981132,0.183206106870229,0.75,0.14814814814814814,0.24742268041237114
2,CountVectorizer,SGD,"{'alpha': 0.0001, 'penalty': 'l2'}",0.903,1.3041800999999396,1.8854393999999957,563.12109375,556.47265625,0.9185840707964602,0.9436363636363636,0.9309417040358744,0.9286733238231099,0.9247159090909091,0.9266903914590747,0.8305084745762712,0.8258426966292135,0.828169014084507,0.9117647058823529,0.9018181818181819,0.906764168190128,0.8502415458937198,0.8301886792452831,0.8400954653937948,0.8333333333333334,0.8024691358024691,0.8176100628930818
2,CountVectorizer,SGD,"{'alpha': 0.0001, 'penalty': 'l1'}",0.904,0.8112599999999475,1.88636919999999,563.0703125,556.7421875,0.9258589511754068,0.9309090909090909,0.928377153218495,0.923836389280677,0.9303977272727273,0.9271054493984431,0.8306010928961749,0.8539325842696629,0.8421052631578947,0.924812030075188,0.8945454545454545,0.9094269870609981,0.8483412322274881,0.8443396226415094,0.8463356973995272,0.8205128205128205,0.7901234567901234,0.8050314465408805
2,CountVectorizer,SGD,"{'alpha': 0.0001, 'penalty': 'elasticnet'}",0.8995,0.7827376999998705,1.8822884000001068,563.18359375,556.60546875,0.9296028880866426,0.9363636363636364,0.9329710144927537,0.9252873563218391,0.9147727272727273,0.92,0.8021390374331551,0.8426966292134831,0.821917808219178,0.9188191881918819,0.9054545454545454,0.9120879120879121,0.8262910798122066,0.8301886792452831,0.8282352941176471,0.8227848101265823,0.8024691358024691,0.8125
2,CountVectorizer,SGD,"{'alpha': 0.001, 'penalty': 'l2'}",0.9,1.2625199999997676,1.8960971000001337,563.25390625,556.73828125,0.9138840070298769,0.9454545454545454,0.9294012511170688,0.9068493150684932,0.9403409090909091,0.9232914923291492,0.875,0.7865168539325843,0.8284023668639053,0.914179104477612,0.8909090909090909,0.9023941068139963,0.8522167487684729,0.8160377358490566,0.8337349397590361,0.8571428571428571,0.7407407407407407,0.7947019867549668
2,CountVectorizer,SGD,"{'alpha': 0.001, 'penalty': 'l1'}",0.826,1.3346901999998408,1.8842061000000285,563.3125,556.734375,0.9272030651340997,0.88,0.9029850746268657,0.8910741301059002,0.8366477272727273,0.863003663003663,0.916083916083916,0.7359550561797753,0.8161993769470405,0.8433734939759037,0.7636363636363637,0.8015267175572519,0.509641873278237,0.8726415094339622,0.6434782608695652,0.8548387096774194,0.654320987654321,0.7412587412587412
2,CountVectorizer,SGD,"{'alpha': 0.001, 'penalty': 'elasticnet'}",0.901,1.3505941000003077,1.878546400000232,563.27734375,556.53125,0.9095652173913044,0.9509090909090909,0.9297777777777778,0.8994638069705094,0.953125,0.9255172413793104,0.9251700680272109,0.7640449438202247,0.8369230769230769,0.9254901960784314,0.8581818181818182,0.8905660377358491,0.8413461538461539,0.8254716981132075,0.8333333333333334,0.8840579710144928,0.7530864197530864,0.8133333333333334
2,CountVectorizer,SGD,"{'alpha': 0.01, 'penalty': 'l2'}",0.8635,1.2312113999996654,1.891048999999839,563.1484375,556.421875,0.8674496644295302,0.94,0.9022687609075044,0.8234582829504232,0.9673295454545454,0.8896146309601568,0.9590163934426229,0.6573033707865169,0.78,0.9380530973451328,0.7709090909090909,0.846307385229541,0.867816091954023,0.7122641509433962,0.7823834196891192,0.8909090909090909,0.6049382716049383,0.7205882352941176
2,CountVectorizer,SGD,"{'alpha': 0.01, 'penalty': 'l1'}",0.193,1.2575737000001936,1.996706500000073,563.0859375,556.484375,0.29085872576177285,0.38181818181818183,0.330188679245283,0.0,0.0,0.0,0.0,0.0,0.0,0.13674496644295303,0.5927272727272728,0.2222222222222222,0.1511627906976744,0.06132075471698113,0.087248322147651,0.0,0.0,0.0
2,CountVectorizer,SGD,"{'alpha': 0.01, 'penalty': 'elasticnet'}",0.8125,1.2823852000001352,1.8539946000000782,562.99609375,556.55078125,0.8411867364746946,0.8763636363636363,0.8584149599287623,0.761795166858458,0.9403409090909091,0.8417037507946599,0.905511811023622,0.6460674157303371,0.7540983606557377,0.945054945054945,0.6254545454545455,0.7527352297592997,0.7461139896373057,0.6792452830188679,0.7111111111111111,0.8928571428571429,0.6172839506172839,0.7299270072992701
3,TfidfVectorizer,RandomForest,"{'n_estimators': 50, 'criterion': 'gini'}",0.8925,8.515710200000285,1.0955246999997144,556.55078125,435.02734375,0.9113475177304965,0.9345454545454546,0.9228007181328546,0.9056865464632455,0.9275568181818182,0.9164912280701755,0.8414634146341463,0.7752808988764045,0.8070175438596491,0.9186046511627907,0.8618181818181818,0.8893058161350844,0.8256880733944955,0.8490566037735849,0.8372093023255814,0.84,0.7777777777777778,0.8076923076923077
3,TfidfVectorizer,RandomForest,"{'n_estimators': 50, 'criterion': 'entropy'}",0.8785,10.22175950000019,1.12270639999997,441.4609375,434.6796875,0.9134438305709024,0.9018181818181819,0.9075937785910339,0.8793565683646113,0.9318181818181818,0.9048275862068965,0.8404907975460123,0.7696629213483146,0.8035190615835777,0.889763779527559,0.8218181818181818,0.8544423440453687,0.817351598173516,0.8443396226415094,0.8306264501160093,0.84,0.7777777777777778,0.8076923076923077
3,TfidfVectorizer,RandomForest,"{'n_estimators': 50, 'criterion': 'log_loss'}",0.8785,10.36047009999993,1.1061032999996314,440.4609375,440.01953125,0.9134438305709024,0.9018181818181819,0.9075937785910339,0.8793565683646113,0.9318181818181818,0.9048275862068965,0.8404907975460123,0.7696629213483146,0.8035190615835777,0.889763779527559,0.8218181818181818,0.8544423440453687,0.817351598173516,0.8443396226415094,0.8306264501160093,0.84,0.7777777777777778,0.8076923076923077
3,TfidfVectorizer,RandomForest,"{'n_estimators': 100, 'criterion': 'gini'}",0.898,17.24385110000003,1.1788586000002397,487.89453125,487.90625,0.9132743362831859,0.9381818181818182,0.9255605381165919,0.907202216066482,0.9303977272727273,0.9186535764375876,0.8475609756097561,0.7808988764044944,0.8128654970760234,0.9195402298850575,0.8727272727272727,0.8955223880597015,0.8486238532110092,0.8726415094339622,0.8604651162790697,0.8714285714285714,0.7530864197530864,0.8079470198675497
3,TfidfVectorizer,RandomForest,"{'n_estimators': 100, 'criterion': 'entropy'}",0.886,19.503144799999973,1.181607200000144,498.99609375,491.96875,0.9178832116788321,0.9145454545454546,0.9162112932604736,0.8854447439353099,0.9332386363636364,0.9087136929460581,0.8734177215189873,0.7752808988764045,0.8214285714285714,0.8976377952755905,0.8290909090909091,0.8620037807183365,0.8141592920353983,0.8679245283018868,0.8401826484018264,0.8611111111111112,0.7654320987654321,0.8104575163398693
3,TfidfVectorizer,RandomForest,"{'n_estimators': 100, 'criterion': 'log_loss'}",0.886,19.22975859999997,1.1569832000000133,498.296875,497.7109375,0.9178832116788321,0.9145454545454546,0.9162112932604736,0.8854447439353099,0.9332386363636364,0.9087136929460581,0.8734177215189873,0.7752808988764045,0.8214285714285714,0.8976377952755905,0.8290909090909091,0.8620037807183365,0.8141592920353983,0.8679245283018868,0.8401826484018264,0.8611111111111112,0.7654320987654321,0.8104575163398693
3,TfidfVectorizer,RandomForest,"{'n_estimators': 150, 'criterion': 'gini'}",0.8935,24.454581299999973,1.2101588000000447,542.0546875,535.24609375,0.9138240574506283,0.9254545454545454,0.919602529358627,0.8998628257887518,0.9318181818181818,0.9155617585484996,0.8580246913580247,0.7808988764044944,0.8176470588235294,0.8981132075471698,0.8654545454545455,0.8814814814814815,0.8447488584474886,0.8726415094339622,0.8584686774941995,0.8823529411764706,0.7407407407407407,0.8053691275167785
3,TfidfVectorizer,RandomForest,"{'n_estimators': 150, 'criterion': 'entropy'}",0.885,28.204920799999854,1.2076480999999148,556.140625,554.91796875,0.9140767824497258,0.9090909090909091,0.9115770282588879,0.8870967741935484,0.9375,0.9116022099447514,0.8679245283018868,0.7752808988764045,0.8189910979228486,0.8976377952755905,0.8290909090909091,0.8620037807183365,0.8125,0.8584905660377359,0.8348623853211009,0.8611111111111112,0.7654320987654321,0.8104575163398693
3,TfidfVectorizer,RandomForest,"{'n_estimators': 150, 'criterion': 'log_loss'}",0.885,28.074359100000038,1.2183336999996754,556.00390625,554.8671875,0.9140767824497258,0.9090909090909091,0.9115770282588879,0.8870967741935484,0.9375,0.9116022099447514,0.8679245283018868,0.7752808988764045,0.8189910979228486,0.8976377952755905,0.8290909090909091,0.8620037807183365,0.8125,0.8584905660377359,0.8348623853211009,0.8611111111111112,0.7654320987654321,0.8104575163398693
3,TfidfVectorizer,SVC,"{'C': 0.1, 'kernel': 'linear'}",0.6795,20.174782699999923,1.8004358000002867,772.61328125,568.83984375,0.8387096774193549,0.850909090909091,0.8447653429602888,0.5634599838318513,0.9900568181818182,0.7181865018031942,0.9629629629629629,0.14606741573033707,0.25365853658536586,0.9550561797752809,0.3090909090909091,0.46703296703296704,0.9166666666666666,0.3113207547169811,0.4647887323943662,1.0,0.20987654320987653,0.3469387755102041
3,TfidfVectorizer,SVC,"{'C': 0.1, 'kernel': 'rbf'}",0.4165,25.945699500000046,2.2512768999999935,763.62890625,571.59375,0.904,0.20545454545454545,0.3348148148148148,0.3789020452099031,1.0,0.5495706479313037,0.0,0.0,0.0,1.0,0.02181818181818182,0.042704626334519574,0.9,0.04245283018867924,0.08108108108108109,1.0,0.012345679012345678,0.024390243902439025
3,TfidfVectorizer,SVC,"{'C': 0.1, 'kernel': 'sigmoid'}",0.6725,20.892045000000053,1.9292983000000277,775.94921875,571.77734375,0.8339285714285715,0.8490909090909091,0.8414414414414414,0.5584935897435898,0.9900568181818182,0.7141393442622951,0.96,0.1348314606741573,0.23645320197044334,0.9529411764705882,0.29454545454545455,0.45,0.9130434782608695,0.2971698113207547,0.4483985765124555,1.0,0.16049382716049382,0.2765957446808511
3,TfidfVectorizer,SVC,"{'C': 1, 'kernel': 'linear'}",0.8885,14.76739570000018,1.5254609000003256,761.3125,570.02734375,0.890625,0.9327272727272727,0.911190053285968,0.9013698630136986,0.9346590909090909,0.9177126917712691,0.868421052631579,0.7415730337078652,0.8,0.9101123595505618,0.8836363636363637,0.8966789667896679,0.8269230769230769,0.8113207547169812,0.819047619047619,0.8805970149253731,0.7283950617283951,0.7972972972972973
3,TfidfVectorizer,SVC,"{'C': 1, 'kernel': 'rbf'}",0.8605,31.50734919999968,2.0917592000000695,794.046875,571.54296875,0.8657718120805369,0.9381818181818182,0.900523560209424,0.8274173806609547,0.9602272727272727,0.8888888888888888,0.926605504587156,0.5674157303370787,0.7038327526132404,0.9156118143459916,0.7890909090909091,0.84765625,0.8556149732620321,0.7547169811320755,0.8020050125313283,0.9444444444444444,0.6296296296296297,0.7555555555555555
3,TfidfVectorizer,SVC,"{'C': 1, 'kernel': 'sigmoid'}",0.8895,14.529098599999998,1.5252189999996517,734.37109375,570.421875,0.8954703832752613,0.9345454545454546,0.9145907473309609,0.9005449591280654,0.9389204545454546,0.9193324061196105,0.8783783783783784,0.7303370786516854,0.7975460122699386,0.9067164179104478,0.8836363636363637,0.8950276243093923,0.8151658767772512,0.8113207547169812,0.8132387706855791,0.9076923076923077,0.7283950617283951,0.8082191780821918
3,TfidfVectorizer,SVC,"{'C': 10, 'kernel': 'linear'}",0.871,12.491849300000013,1.473454600000423,711.4140625,571.6484375,0.8715277777777778,0.9127272727272727,0.8916518650088809,0.888121546961326,0.9133522727272727,0.9005602240896359,0.8141025641025641,0.7134831460674157,0.7604790419161677,0.8977272727272727,0.8618181818181818,0.8794063079777366,0.8316831683168316,0.7924528301886793,0.8115942028985508,0.8333333333333334,0.8024691358024691,0.8176100628930818
3,TfidfVectorizer,SVC,"{'C': 10, 'kernel': 'rbf'}",0.869,33.432669799999985,2.092258000000129,792.0,571.66015625,0.8728813559322034,0.9363636363636364,0.9035087719298246,0.8504435994930292,0.953125,0.898861352980576,0.8780487804878049,0.6067415730337079,0.717607973421927,0.9173553719008265,0.8072727272727273,0.8588007736943907,0.8592964824120602,0.8066037735849056,0.8321167883211679,0.8947368421052632,0.6296296296296297,0.7391304347826086
3,TfidfVectorizer,SVC,"{'C': 10, 'kernel': 'sigmoid'}",0.852,14.355081500000324,1.2954161000002387,653.75,571.4296875,0.8322368421052632,0.92,0.8739205526770294,0.8792134831460674,0.8892045454545454,0.884180790960452,0.8,0.6966292134831461,0.7447447447447447,0.88671875,0.8254545454545454,0.8549905838041432,0.8247422680412371,0.7547169811320755,0.7881773399014779,0.8133333333333334,0.7530864197530864,0.782051282051282
3,TfidfVectorizer,MultinomialNB,{'alpha': 0.01},0.631,1.0829358999999386,1.8003395000000637,565.47265625,554.984375,0.5231788079470199,0.8618181818181818,0.6510989010989011,0.7348837209302326,0.6732954545454546,0.7027427724240178,0.8059701492537313,0.30337078651685395,0.44081632653061226,0.6984924623115578,0.5054545454545455,0.5864978902953587,0.6521739130434783,0.49528301886792453,0.5630026809651475,0.7272727272727273,0.19753086419753085,0.3106796116504854
3,TfidfVectorizer,MultinomialNB,{'alpha': 0.1},0.728,1.0897958999998991,1.795054700000037,562.37109375,553.0546875,0.6239316239316239,0.9290909090909091,0.7465303140978816,0.7859078590785907,0.8238636363636364,0.8044382801664355,0.890625,0.3202247191011236,0.47107438016528924,0.8307692307692308,0.5890909090909091,0.6893617021276596,0.7784431137724551,0.6132075471698113,0.6860158311345647,0.9411764705882353,0.19753086419753085,0.32653061224489793
3,TfidfVectorizer,MultinomialNB,{'alpha': 1.0},0.6835,1.0864877000003617,1.8049832000001516,561.7890625,551.94140625,0.631768953068592,0.9545454545454546,0.7603186097031137,0.6793587174348698,0.9630681818181818,0.7967097532314924,1.0,0.05056179775280899,0.0962566844919786,0.9797979797979798,0.3527272727272727,0.5187165775401069,0.9193548387096774,0.2688679245283019,0.41605839416058393,1.0,0.012345679012345678,0.024390243902439025
3,TfidfVectorizer,LogisticRegression,"{'C': 0.1, 'penalty': 'l2'}",0.662,0.909243399999923,1.7962004000000888,583.87890625,551.6953125,0.7437407952871871,0.9181818181818182,0.8218063466232709,0.5834738617200674,0.9829545454545454,0.7322751322751323,1.0,0.03932584269662921,0.07567567567567568,0.9466666666666667,0.2581818181818182,0.4057142857142857,0.9230769230769231,0.22641509433962265,0.36363636363636365,1.0,0.012345679012345678,0.024390243902439025
3,TfidfVectorizer,LogisticRegression,"{'C': 1, 'penalty': 'l2'}",0.867,1.5081858999997166,1.7964689999998882,583.04296875,551.28125,0.8662207357859532,0.9418181818181818,0.9024390243902439,0.8476070528967254,0.9559659090909091,0.8985313751668892,0.896,0.6292134831460674,0.7392739273927392,0.9036144578313253,0.8181818181818182,0.8587786259541985,0.8702702702702703,0.7594339622641509,0.8110831234256927,0.9183673469387755,0.5555555555555556,0.6923076923076923
3,TfidfVectorizer,LogisticRegression,"{'C': 10, 'penalty': 'l2'}",0.89,2.1431036000003587,1.8125374999999622,582.53515625,551.33203125,0.8968531468531469,0.9327272727272727,0.9144385026737968,0.9017735334242838,0.9389204545454546,0.9199721642310369,0.8451612903225807,0.7359550561797753,0.7867867867867868,0.8992537313432836,0.8763636363636363,0.8876611418047882,0.8686868686868687,0.8113207547169812,0.8390243902439024,0.8378378378378378,0.7654320987654321,0.8
3,TfidfVectorizer,KNeighbors,"{'n_neighbors': 3, 'algorithm': 'ball_tree'}",0.752,1.079029300000002,0.9806871000000683,560.14453125,1008.84765625,0.6412213740458015,0.9163636363636364,0.7544910179640718,0.8251121076233184,0.7840909090909091,0.8040786598689003,0.7966101694915254,0.5280898876404494,0.6351351351351351,0.8451327433628318,0.6945454545454546,0.7624750499001997,0.8076923076923077,0.5943396226415094,0.6847826086956522,0.8222222222222222,0.4567901234567901,0.5873015873015873
3,TfidfVectorizer,KNeighbors,"{'n_neighbors': 3, 'algorithm': 'kd_tree'}",0.752,1.0914350999996714,0.9677867000000333,558.0234375,948.15234375,0.6412213740458015,0.9163636363636364,0.7544910179640718,0.8251121076233184,0.7840909090909091,0.8040786598689003,0.7966101694915254,0.5280898876404494,0.6351351351351351,0.8451327433628318,0.6945454545454546,0.7624750499001997,0.8076923076923077,0.5943396226415094,0.6847826086956522,0.8222222222222222,0.4567901234567901,0.5873015873015873
3,TfidfVectorizer,KNeighbors,"{'n_neighbors': 3, 'algorithm': 'brute'}",0.752,1.086759499999971,0.9749662000003809,558.98828125,933.90234375,0.6412213740458015,0.9163636363636364,0.7544910179640718,0.8251121076233184,0.7840909090909091,0.8040786598689003,0.7966101694915254,0.5280898876404494,0.6351351351351351,0.8451327433628318,0.6945454545454546,0.7624750499001997,0.8076923076923077,0.5943396226415094,0.6847826086956522,0.8222222222222222,0.4567901234567901,0.5873015873015873
3,TfidfVectorizer,KNeighbors,"{'n_neighbors': 5, 'algorithm': 'ball_tree'}",0.7725,1.0956538999998884,0.975098099999741,558.61328125,1014.3671875,0.6807639836289222,0.9072727272727272,0.7778643803585347,0.819718309859155,0.8267045454545454,0.8231966053748232,0.8623853211009175,0.5280898876404494,0.6550522648083623,0.8347457627118644,0.7163636363636363,0.7710371819960861,0.81875,0.6179245283018868,0.7043010752688172,0.8076923076923077,0.5185185185185185,0.631578947368421
3,TfidfVectorizer,KNeighbors,"{'n_neighbors': 5, 'algorithm': 'kd_tree'}",0.7725,1.0982148999996753,0.9711817000002156,559.375,937.34765625,0.6807639836289222,0.9072727272727272,0.7778643803585347,0.819718309859155,0.8267045454545454,0.8231966053748232,0.8623853211009175,0.5280898876404494,0.6550522648083623,0.8347457627118644,0.7163636363636363,0.7710371819960861,0.81875,0.6179245283018868,0.7043010752688172,0.8076923076923077,0.5185185185185185,0.631578947368421
3,TfidfVectorizer,KNeighbors,"{'n_neighbors': 5, 'algorithm': 'brute'}",0.7725,1.0912153000003855,0.963117499999953,558.5,942.78515625,0.6807639836289222,0.9072727272727272,0.7778643803585347,0.819718309859155,0.8267045454545454,0.8231966053748232,0.8623853211009175,0.5280898876404494,0.6550522648083623,0.8347457627118644,0.7163636363636363,0.7710371819960861,0.81875,0.6179245283018868,0.7043010752688172,0.8076923076923077,0.5185185185185185,0.631578947368421
3,TfidfVectorizer,KNeighbors,"{'n_neighbors': 7, 'algorithm': 'ball_tree'}",0.7925,1.1011498999996547,1.0029976000000715,559.21875,932.13671875,0.7202295552367288,0.9127272727272727,0.8051323175621492,0.8161073825503355,0.8636363636363636,0.8391994478951,0.8598130841121495,0.5168539325842697,0.6456140350877193,0.8846153846153846,0.7527272727272727,0.8133595284872298,0.8048780487804879,0.6226415094339622,0.7021276595744681,0.8301886792452831,0.5432098765432098,0.6567164179104478
3,TfidfVectorizer,KNeighbors,"{'n_neighbors': 7, 'algorithm': 'kd_tree'}",0.7925,1.0948858000001565,0.9946726000002855,558.72265625,987.60546875,0.7202295552367288,0.9127272727272727,0.8051323175621492,0.8161073825503355,0.8636363636363636,0.8391994478951,0.8598130841121495,0.5168539325842697,0.6456140350877193,0.8846153846153846,0.7527272727272727,0.8133595284872298,0.8048780487804879,0.6226415094339622,0.7021276595744681,0.8301886792452831,0.5432098765432098,0.6567164179104478
3,TfidfVectorizer,KNeighbors,"{'n_neighbors': 7, 'algorithm': 'brute'}",0.7925,1.1054830000002767,0.9641097999997328,546.265625,923.3671875,0.7202295552367288,0.9127272727272727,0.8051323175621492,0.8161073825503355,0.8636363636363636,0.8391994478951,0.8598130841121495,0.5168539325842697,0.6456140350877193,0.8846153846153846,0.7527272727272727,0.8133595284872298,0.8048780487804879,0.6226415094339622,0.7021276595744681,0.8301886792452831,0.5432098765432098,0.6567164179104478
3,TfidfVectorizer,DecisionTree,"{'criterion': 'gini', 'max_features': 'sqrt'}",0.784,0.7806820000000698,1.3528839000000517,546.08984375,544.03125,0.7974683544303798,0.8018181818181818,0.7996373526745241,0.8097982708933718,0.7982954545454546,0.804005722460658,0.7745664739884393,0.7528089887640449,0.7635327635327636,0.7241379310344828,0.7636363636363637,0.7433628318584071,0.755868544600939,0.7594339622641509,0.7576470588235295,0.7792207792207793,0.7407407407407407,0.759493670886076
3,TfidfVectorizer,DecisionTree,"{'criterion': 'gini', 'max_features': 'log2'}",0.5625,0.9088451000002351,1.3613436000000547,549.98828125,539.9296875,0.591304347826087,0.6181818181818182,0.6044444444444445,0.6656200941915228,0.6022727272727273,0.6323639075316928,0.43506493506493504,0.37640449438202245,0.4036144578313253,0.47987616099071206,0.5636363636363636,0.5183946488294314,0.4458874458874459,0.4858490566037736,0.4650112866817156,0.45,0.4444444444444444,0.4472049689440994
3,TfidfVectorizer,DecisionTree,"{'criterion': 'gini', 'max_features': None}",0.8665,3.4846611000002667,1.8037638000000698,548.6171875,537.9140625,0.8896925858951176,0.8945454545454545,0.8921124206708976,0.9153046062407132,0.875,0.8946986201888163,0.7944444444444444,0.8033707865168539,0.7988826815642458,0.8101694915254237,0.8690909090909091,0.8385964912280702,0.7947598253275109,0.8584905660377359,0.8253968253968254,0.8714285714285714,0.7530864197530864,0.8079470198675497
3,TfidfVectorizer,DecisionTree,"{'criterion': 'entropy', 'max_features': 'sqrt'}",0.7535,0.8296459000002869,1.7959175000000869,546.73046875,539.515625,0.7392086330935251,0.7472727272727273,0.7432188065099458,0.7782546494992847,0.7727272727272727,0.7754811119030649,0.7283950617283951,0.6629213483146067,0.6941176470588235,0.7781818181818182,0.7781818181818182,0.7781818181818182,0.6943231441048034,0.75,0.7210884353741497,0.7721518987341772,0.7530864197530864,0.7625
3,TfidfVectorizer,DecisionTree,"{'criterion': 'entropy', 'max_features': 'log2'}",0.535,0.9694135999998252,1.8227775000000292,550.12890625,540.21484375,0.5586690017513135,0.58,0.5691347011596789,0.6546875,0.5951704545454546,0.6235119047619048,0.3626373626373626,0.3707865168539326,0.36666666666666664,0.47735191637630664,0.49818181818181817,0.4875444839857651,0.45495495495495497,0.47641509433962265,0.46543778801843316,0.2857142857142857,0.345679012345679,0.3128491620111732
3,TfidfVectorizer,DecisionTree,"{'criterion': 'entropy', 'max_features': None}",0.8495,5.1938208999999915,1.8041713999996318,548.62890625,537.80859375,0.8947368421052632,0.8345454545454546,0.863593603010348,0.8828571428571429,0.8778409090909091,0.8803418803418803,0.8208092485549133,0.797752808988764,0.8091168091168092,0.7796052631578947,0.8618181818181818,0.8186528497409327,0.7692307692307693,0.8490566037735849,0.8071748878923767,0.8289473684210527,0.7777777777777778,0.802547770700637
3,TfidfVectorizer,DecisionTree,"{'criterion': 'log_loss', 'max_features': 'sqrt'}",0.7535,0.8329721000000063,1.8032020999999077,546.6328125,539.1953125,0.7392086330935251,0.7472727272727273,0.7432188065099458,0.7782546494992847,0.7727272727272727,0.7754811119030649,0.7283950617283951,0.6629213483146067,0.6941176470588235,0.7781818181818182,0.7781818181818182,0.7781818181818182,0.6943231441048034,0.75,0.7210884353741497,0.7721518987341772,0.7530864197530864,0.7625
3,TfidfVectorizer,DecisionTree,"{'criterion': 'log_loss', 'max_features': 'log2'}",0.535,0.9810672000003251,1.800932499999817,549.96875,539.76953125,0.5586690017513135,0.58,0.5691347011596789,0.6546875,0.5951704545454546,0.6235119047619048,0.3626373626373626,0.3707865168539326,0.36666666666666664,0.47735191637630664,0.49818181818181817,0.4875444839857651,0.45495495495495497,0.47641509433962265,0.46543778801843316,0.2857142857142857,0.345679012345679,0.3128491620111732
3,TfidfVectorizer,DecisionTree,"{'criterion': 'log_loss', 'max_features': None}",0.8495,5.216552399999728,1.8115739999998368,548.515625,537.75,0.8947368421052632,0.8345454545454546,0.863593603010348,0.8828571428571429,0.8778409090909091,0.8803418803418803,0.8208092485549133,0.797752808988764,0.8091168091168092,0.7796052631578947,0.8618181818181818,0.8186528497409327,0.7692307692307693,0.8490566037735849,0.8071748878923767,0.8289473684210527,0.7777777777777778,0.802547770700637
3,TfidfVectorizer,GradientBoosting,"{'n_estimators': 100, 'criterion': 'friedman_mse'}",0.8565,26.251573500000177,1.3770903999998154,547.21484375,538.03125,0.915057915057915,0.8618181818181818,0.8876404494382022,0.7853828306264501,0.9616477272727273,0.8646232439335888,0.903448275862069,0.7359550561797753,0.8111455108359134,0.954337899543379,0.76,0.8461538461538461,0.8901734104046243,0.7264150943396226,0.8,0.8192771084337349,0.8395061728395061,0.8292682926829268
3,TfidfVectorizer,GradientBoosting,"{'n_estimators': 100, 'criterion': 'squared_error'}",0.8565,26.118894100000034,1.3934833999996954,546.68359375,537.7265625,0.915057915057915,0.8618181818181818,0.8876404494382022,0.7853828306264501,0.9616477272727273,0.8646232439335888,0.903448275862069,0.7359550561797753,0.8111455108359134,0.954337899543379,0.76,0.8461538461538461,0.8901734104046243,0.7264150943396226,0.8,0.8192771084337349,0.8395061728395061,0.8292682926829268
3,TfidfVectorizer,GradientBoosting,"{'n_estimators': 150, 'criterion': 'friedman_mse'}",0.8755,39.42098639999995,1.5122737000001507,546.546875,538.3515625,0.9233716475095786,0.8763636363636363,0.8992537313432836,0.8480204342273308,0.9431818181818182,0.8930733019502354,0.8439306358381503,0.8202247191011236,0.8319088319088319,0.9139344262295082,0.8109090909090909,0.859344894026975,0.8622448979591837,0.7971698113207547,0.8284313725490197,0.8170731707317073,0.8271604938271605,0.8220858895705522
3,TfidfVectorizer,GradientBoosting,"{'n_estimators': 150, 'criterion': 'squared_error'}",0.8755,39.42118459999983,1.4107523000002402,547.484375,538.140625,0.9233716475095786,0.8763636363636363,0.8992537313432836,0.8480204342273308,0.9431818181818182,0.8930733019502354,0.8439306358381503,0.8202247191011236,0.8319088319088319,0.9139344262295082,0.8109090909090909,0.859344894026975,0.8622448979591837,0.7971698113207547,0.8284313725490197,0.8170731707317073,0.8271604938271605,0.8220858895705522
3,TfidfVectorizer,GradientBoosting,"{'n_estimators': 200, 'criterion': 'friedman_mse'}",0.8865,52.5807648,0.9750568999997995,547.73828125,538.484375,0.9324324324324325,0.8781818181818182,0.9044943820224719,0.876,0.9332386363636364,0.9037138927097662,0.8210526315789474,0.8764044943820225,0.8478260869565217,0.91796875,0.8545454545454545,0.8851224105461394,0.8495145631067961,0.8254716981132075,0.8373205741626795,0.8375,0.8271604938271605,0.8322981366459627
3,TfidfVectorizer,GradientBoosting,"{'n_estimators': 200, 'criterion': 'squared_error'}",0.8865,52.41000389999954,0.961270599999807,547.265625,538.0546875,0.9324324324324325,0.8781818181818182,0.9044943820224719,0.876,0.9332386363636364,0.9037138927097662,0.8210526315789474,0.8764044943820225,0.8478260869565217,0.91796875,0.8545454545454545,0.8851224105461394,0.8495145631067961,0.8254716981132075,0.8373205741626795,0.8375,0.8271604938271605,0.8322981366459627
3,TfidfVectorizer,AdaBoost,"{'n_estimators': 50, 'learning_rate': 0.01}",0.3555,1.807824299999993,0.9436930000001666,546.44140625,543.49609375,0.0,0.0,0.0,0.35591506572295245,1.0,0.5249813571961223,0.0,0.0,0.0,0.4666666666666667,0.025454545454545455,0.04827586206896552,0.0,0.0,0.0,0.0,0.0,0.0
3,TfidfVectorizer,AdaBoost,"{'n_estimators': 50, 'learning_rate': 0.1}",0.3575,1.772795099999712,1.3997990000007121,546.4453125,538.0234375,0.06060606060606061,0.0036363636363636364,0.00686106346483705,0.3632124352331606,0.9957386363636364,0.5322703113135915,0.0,0.0,0.0,0.0,0.0,0.0,0.39285714285714285,0.05188679245283019,0.09166666666666666,1.0,0.012345679012345678,0.024390243902439025
3,TfidfVectorizer,AdaBoost,"{'n_estimators': 50, 'learning_rate': 1.0}",0.3695,1.7829807999996774,1.4074437000008402,546.47265625,538.046875,0.0,0.0,0.0,0.3632050606220348,0.9786931818181818,0.5297962322183776,0.4,0.0449438202247191,0.08080808080808081,0.0,0.0,0.0,0.4444444444444444,0.07547169811320754,0.12903225806451613,0.8125,0.32098765432098764,0.46017699115044247
3,TfidfVectorizer,AdaBoost,"{'n_estimators': 100, 'learning_rate': 0.01}",0.351,3.0341536999994787,0.9824437999996007,546.38671875,538.0703125,0.0,0.0,0.0,0.3561643835616438,0.9971590909090909,0.5248598130841121,0.0,0.0,0.0,0.0,0.0,0.0,0.0,0.0,0.0,0.0,0.0,0.0
3,TfidfVectorizer,AdaBoost,"{'n_estimators': 100, 'learning_rate': 0.1}",0.36,2.976900000000569,0.9639359000002514,546.546875,543.578125,0.0,0.0,0.0,0.36358921161825725,0.9957386363636364,0.5326747720364742,0.0,0.0,0.0,0.0,0.0,0.0,0.425,0.08018867924528301,0.1349206349206349,0.6666666666666666,0.024691358024691357,0.047619047619047616
3,TfidfVectorizer,AdaBoost,"{'n_estimators': 100, 'learning_rate': 1.0}",0.364,3.0081581000004007,0.9863433999998961,546.328125,537.96484375,0.14705882352941177,0.00909090909090909,0.017123287671232876,0.36339092872570194,0.9559659090909091,0.52660406885759,0.36363636363636365,0.0449438202247191,0.08,0.0,0.0,0.0,0.3561643835616438,0.12264150943396226,0.1824561403508772,0.8421052631578947,0.19753086419753085,0.32
3,TfidfVectorizer,AdaBoost,"{'n_estimators': 150, 'learning_rate': 0.01}",0.352,4.289786300000742,1.0208692000005612,546.34375,538.25390625,0.058823529411764705,0.0036363636363636364,0.00684931506849315,0.3585291113381001,0.9971590909090909,0.5274229902329076,0.0,0.0,0.0,0.0,0.0,0.0,0.0,0.0,0.0,0.0,0.0,0.0
3,TfidfVectorizer,AdaBoost,"{'n_estimators': 150, 'learning_rate': 0.1}",0.3605,4.207877499999995,0.9994625999997879,546.546875,538.25,0.03225806451612903,0.0018181818181818182,0.0034423407917383822,0.3654848800834202,0.9957386363636364,0.5347063310450039,0.0,0.0,0.0,0.0,0.0,0.0,0.425,0.08018867924528301,0.1349206349206349,0.6666666666666666,0.024691358024691357,0.047619047619047616
3,TfidfVectorizer,AdaBoost,"{'n_estimators': 150, 'learning_rate': 1.0}",0.3635,4.244006500000069,1.0039502999998149,546.59765625,538.203125,0.12,0.01090909090909091,0.02,0.36541598694942906,0.9545454545454546,0.5285096342902084,0.4,0.0449438202247191,0.08080808080808081,0.0,0.0,0.0,0.3561643835616438,0.12264150943396226,0.1824561403508772,0.8333333333333334,0.18518518518518517,0.30303030303030304
3,TfidfVectorizer,SGD,"{'alpha': 0.0001, 'penalty': 'l2'}",0.8985,1.1957286000006206,1.357202099999995,547.02734375,538.4296875,0.9043478260869565,0.9454545454545454,0.9244444444444444,0.8990578734858681,0.9488636363636364,0.9232895646164478,0.8805031446540881,0.7865168539325843,0.8308605341246291,0.9135338345864662,0.8836363636363637,0.8983364140480592,0.8924731182795699,0.7830188679245284,0.8341708542713567,0.8450704225352113,0.7407407407407407,0.7894736842105263
3,TfidfVectorizer,SGD,"{'alpha': 0.0001, 'penalty': 'l1'}",0.915,1.1917707000002338,1.8143122999999832,546.06640625,538.4375,0.9278169014084507,0.9581818181818181,0.9427549194991055,0.9147496617050067,0.9602272727272727,0.9369369369369369,0.8819875776397516,0.797752808988764,0.8377581120943953,0.9227941176470589,0.9127272727272727,0.9177330895795247,0.8969072164948454,0.8207547169811321,0.8571428571428571,0.9090909090909091,0.7407407407407407,0.8163265306122449
3,TfidfVectorizer,SGD,"{'alpha': 0.0001, 'penalty': 'elasticnet'}",0.9045,0.6705424000001585,1.7867095999999947,545.8984375,538.5,0.9188712522045855,0.9472727272727273,0.9328558639212176,0.9009370816599732,0.9559659090909091,0.9276361130254996,0.896774193548387,0.7808988764044944,0.8348348348348348,0.9185185185185185,0.9018181818181819,0.9100917431192661,0.8756476683937824,0.7971698113207547,0.8345679012345679,0.8676470588235294,0.7283950617283951,0.7919463087248322
3,TfidfVectorizer,SGD,"{'alpha': 0.001, 'penalty': 'l2'}",0.8815,1.1745882000004713,1.7939730999996755,546.08984375,538.43359375,0.8716666666666667,0.9509090909090909,0.9095652173913044,0.8566084788029925,0.9758522727272727,0.9123505976095617,0.9612403100775194,0.6966292134831461,0.8078175895765473,0.9262295081967213,0.8218181818181818,0.8709055876685935,0.9090909090909091,0.7075471698113207,0.7957559681697612,0.8833333333333333,0.654320987654321,0.75177304964539
3,TfidfVectorizer,SGD,"{'alpha': 0.001, 'penalty': 'l1'}",0.733,1.2315840999999637,1.7947423999994498,546.1328125,538.63671875,0.8881856540084389,0.7654545454545455,0.822265625,0.597892888498683,0.9673295454545454,0.7390124796527401,0.9342105263157895,0.398876404494382,0.5590551181102362,0.9403973509933775,0.5163636363636364,0.6666666666666666,0.95,0.5377358490566038,0.6867469879518072,0.925,0.4567901234567901,0.6115702479338843
3,TfidfVectorizer,SGD,"{'alpha': 0.001, 'penalty': 'elasticnet'}",0.88,1.2146591999999146,1.787819899999704,546.0859375,538.63671875,0.8849407783417935,0.9509090909090909,0.9167397020157756,0.8481481481481481,0.9758522727272727,0.9075297225891678,0.9603174603174603,0.6797752808988764,0.7960526315789473,0.9227467811158798,0.7818181818181819,0.8464566929133859,0.9080459770114943,0.7452830188679245,0.8186528497409327,0.8484848484848485,0.691358024691358,0.7619047619047619
3,TfidfVectorizer,SGD,"{'alpha': 0.01, 'penalty': 'l2'}",0.88,1.15755099999933,1.7942678999997952,546.125,538.56640625,0.8658940397350994,0.9509090909090909,0.9064124783362218,0.85625,0.9730113636363636,0.910904255319149,0.9609375,0.6910112359550562,0.803921568627451,0.9256198347107438,0.8145454545454546,0.8665377176015474,0.9101796407185628,0.7169811320754716,0.8021108179419525,0.8983050847457628,0.654320987654321,0.7571428571428571
3,TfidfVectorizer,SGD,"{'alpha': 0.01, 'penalty': 'l1'}",0.1375,1.1685262999999395,1.801243400000203,546.08203125,538.6484375,0.0,0.0,0.0,0.0,0.0,0.0,0.0,0.0,0.0,0.1375,1.0,0.24175824175824176,0.0,0.0,0.0,0.0,0.0,0.0
3,TfidfVectorizer,SGD,"{'alpha': 0.01, 'penalty': 'elasticnet'}",0.1575,1.1845648000007714,1.7963575000003402,546.09375,538.64453125,0.7352941176470589,0.045454545454545456,0.08561643835616438,0.7142857142857143,0.02130681818181818,0.041379310344827586,0.0,0.0,0.0,0.14027849406910778,0.9890909090909091,0.24570912375790424,0.5,0.014150943396226415,0.027522935779816515,0.0,0.0,0.0
3,CountVectorizer,RandomForest,"{'n_estimators': 50, 'criterion': 'gini'}",0.894,8.543834199999765,1.0227055000004839,538.64453125,430.56640625,0.9172661870503597,0.9272727272727272,0.9222423146473779,0.920114122681883,0.9161931818181818,0.9181494661921709,0.8313953488372093,0.8033707865168539,0.8171428571428572,0.89568345323741,0.9054545454545454,0.9005424954792043,0.8341232227488151,0.8301886792452831,0.8321513002364066,0.7926829268292683,0.8024691358024691,0.7975460122699386
3,CountVectorizer,RandomForest,"{'n_estimators': 50, 'criterion': 'entropy'}",0.887,9.410773399999925,1.0111289999995279,440.015625,440.05078125,0.9186691312384473,0.9036363636363637,0.9110907424381302,0.9229671897289586,0.9190340909090909,0.9209964412811388,0.8238636363636364,0.8146067415730337,0.8192090395480226,0.8617021276595744,0.8836363636363637,0.8725314183123878,0.8186046511627907,0.8301886792452831,0.8243559718969555,0.7764705882352941,0.8148148148148148,0.7951807228915663
3,CountVectorizer,RandomForest,"{'n_estimators': 50, 'criterion': 'log_loss'}",0.887,9.52324580000004,1.0188925999991625,439.60546875,439.71484375,0.9186691312384473,0.9036363636363637,0.9110907424381302,0.9229671897289586,0.9190340909090909,0.9209964412811388,0.8238636363636364,0.8146067415730337,0.8192090395480226,0.8617021276595744,0.8836363636363637,0.8725314183123878,0.8186046511627907,0.8301886792452831,0.8243559718969555,0.7764705882352941,0.8148148148148148,0.7951807228915663
3,CountVectorizer,RandomForest,"{'n_estimators': 100, 'criterion': 'gini'}",0.894,16.854023299999426,1.1168701000005967,493.81640625,493.890625,0.9172661870503597,0.9272727272727272,0.9222423146473779,0.921875,0.921875,0.921875,0.8372093023255814,0.8089887640449438,0.8228571428571428,0.875,0.8909090909090909,0.8828828828828829,0.8388625592417062,0.8349056603773585,0.8368794326241135,0.8181818181818182,0.7777777777777778,0.7974683544303798
3,CountVectorizer,RandomForest,"{'n_estimators': 100, 'criterion': 'entropy'}",0.89,18.44773239999995,1.1106757999996262,500.625,493.671875,0.9256505576208178,0.9054545454545454,0.9154411764705882,0.9169014084507042,0.9247159090909091,0.9207920792079208,0.8362573099415205,0.8033707865168539,0.8194842406876791,0.8657243816254417,0.8909090909090909,0.8781362007168458,0.8240740740740741,0.839622641509434,0.8317757009345794,0.7926829268292683,0.8024691358024691,0.7975460122699386
3,CountVectorizer,RandomForest,"{'n_estimators': 100, 'criterion': 'log_loss'}",0.89,18.536486199999672,1.1434802000003401,500.41796875,493.37109375,0.9256505576208178,0.9054545454545454,0.9154411764705882,0.9169014084507042,0.9247159090909091,0.9207920792079208,0.8362573099415205,0.8033707865168539,0.8194842406876791,0.8657243816254417,0.8909090909090909,0.8781362007168458,0.8240740740740741,0.839622641509434,0.8317757009345794,0.7926829268292683,0.8024691358024691,0.7975460122699386
3,CountVectorizer,RandomForest,"{'n_estimators': 150, 'criterion': 'gini'}",0.895,24.740859100000307,1.2203990999996677,550.78125,549.7578125,0.9219600725952813,0.9236363636363636,0.9227974568574023,0.9243937232524965,0.9204545454545454,0.9224199288256227,0.8390804597701149,0.8202247191011236,0.8295454545454546,0.8723404255319149,0.8945454545454545,0.8833034111310593,0.8317757009345794,0.839622641509434,0.8356807511737089,0.8205128205128205,0.7901234567901234,0.8050314465408805
3,CountVectorizer,RandomForest,"{'n_estimators': 150, 'criterion': 'entropy'}",0.8935,27.245034999999916,1.2106854000003295,560.23828125,553.5390625,0.9259259259259259,0.9090909090909091,0.9174311926605505,0.9192634560906515,0.921875,0.9205673758865248,0.8333333333333334,0.8146067415730337,0.8238636363636364,0.875886524822695,0.8981818181818182,0.8868940754039497,0.8364485981308412,0.8443396226415094,0.8403755868544601,0.7976190476190477,0.8271604938271605,0.8121212121212121
3,CountVectorizer,RandomForest,"{'n_estimators': 150, 'criterion': 'log_loss'}",0.8935,27.288657799999783,1.2031819000003452,558.984375,557.48046875,0.9259259259259259,0.9090909090909091,0.9174311926605505,0.9192634560906515,0.921875,0.9205673758865248,0.8333333333333334,0.8146067415730337,0.8238636363636364,0.875886524822695,0.8981818181818182,0.8868940754039497,0.8364485981308412,0.8443396226415094,0.8403755868544601,0.7976190476190477,0.8271604938271605,0.8121212121212121
3,CountVectorizer,SVC,"{'C': 0.1, 'kernel': 'linear'}",0.8915,16.28256710000005,1.621654800000215,800.7421875,572.89453125,0.9157706093189965,0.9290909090909091,0.9223826714801444,0.9093444909344491,0.9261363636363636,0.9176636171710063,0.8502994011976048,0.797752808988764,0.8231884057971014,0.8955223880597015,0.8727272727272727,0.8839779005524862,0.7920353982300885,0.8443396226415094,0.817351598173516,0.921875,0.7283950617283951,0.8137931034482758
3,CountVectorizer,SVC,"{'C': 0.1, 'kernel': 'rbf'}",0.441,26.2150915000002,2.270104000000174,769.9375,574.73828125,0.7563025210084033,0.32727272727272727,0.45685279187817257,0.3977272727272727,0.9943181818181818,0.5681818181818182,0.0,0.0,0.0,1.0,0.0036363636363636364,0.007246376811594203,1.0,0.0047169811320754715,0.009389671361502348,0.0,0.0,0.0
3,CountVectorizer,SVC,"{'C': 0.1, 'kernel': 'sigmoid'}",0.5795,20.42209660000026,1.9775668000002042,778.12109375,575.65625,0.7357859531772575,0.8,0.7665505226480837,0.5021897810218978,0.9772727272727273,0.6634522661523626,0.0,0.0,0.0,1.0,0.05454545454545454,0.10344827586206896,1.0,0.0660377358490566,0.12389380530973451,1.0,0.024691358024691357,0.04819277108433735
3,CountVectorizer,SVC,"{'C': 1, 'kernel': 'linear'}",0.8875,10.712771900000007,1.4082860000007713,692.50390625,573.25390625,0.9153153153153153,0.9236363636363636,0.9194570135746606,0.9158345221112696,0.9119318181818182,0.9138790035587189,0.8011363636363636,0.7921348314606742,0.7966101694915254,0.9014598540145985,0.8981818181818182,0.8998178506375227,0.8101851851851852,0.8254716981132075,0.8177570093457944,0.7948717948717948,0.7654320987654321,0.779874213836478
3,CountVectorizer,SVC,"{'C': 1, 'kernel': 'rbf'}",0.838,32.25442320000002,2.0984545000001162,794.93359375,574.2109375,0.878682842287695,0.9218181818181819,0.8997338065661047,0.7794457274826789,0.9588068181818182,0.8598726114649682,0.9215686274509803,0.5280898876404494,0.6714285714285714,0.9118942731277533,0.7527272727272727,0.8247011952191236,0.8241758241758241,0.7075471698113207,0.7614213197969543,0.9347826086956522,0.5308641975308642,0.6771653543307087
3,CountVectorizer,SVC,"{'C': 1, 'kernel': 'sigmoid'}",0.8645,13.33983629999966,1.575550800000201,732.41015625,560.09765625,0.8534923339011925,0.9109090909090909,0.8812664907651715,0.9001447178002895,0.8835227272727273,0.8917562724014337,0.7845303867403315,0.797752808988764,0.7910863509749304,0.8872180451127819,0.8581818181818182,0.8724584103512015,0.8113207547169812,0.8113207547169812,0.8113207547169812,0.8888888888888888,0.691358024691358,0.7777777777777778
3,CountVectorizer,SVC,"{'C': 10, 'kernel': 'linear'}",0.8615,9.687054800000624,1.3405023000004803,674.765625,574.734375,0.868421052631579,0.9,0.8839285714285714,0.8873239436619719,0.8948863636363636,0.8910891089108911,0.7861271676300579,0.7640449438202247,0.7749287749287749,0.8846153846153846,0.8363636363636363,0.8598130841121495,0.8217821782178217,0.7830188679245284,0.8019323671497585,0.7764705882352941,0.8148148148148148,0.7951807228915663
3,CountVectorizer,SVC,"{'C': 10, 'kernel': 'rbf'}",0.8505,33.3485955999995,2.1006729000000632,795.0859375,574.51171875,0.891459074733096,0.9109090909090909,0.9010791366906474,0.8079710144927537,0.9502840909090909,0.8733681462140992,0.8813559322033898,0.5842696629213483,0.7027027027027027,0.8930041152263375,0.7890909090909091,0.8378378378378378,0.8315789473684211,0.7452830188679245,0.7860696517412935,0.8813559322033898,0.6419753086419753,0.7428571428571429
3,CountVectorizer,SVC,"{'C': 10, 'kernel': 'sigmoid'}",0.762,7.433666900000389,1.2350759999999354,653.9140625,573.8828125,0.7208931419457735,0.8218181818181818,0.7680543755310111,0.8027777777777778,0.8210227272727273,0.8117977528089888,0.6445783132530121,0.601123595505618,0.622093023255814,0.8708133971291866,0.6618181818181819,0.7520661157024794,0.7336448598130841,0.7405660377358491,0.7370892018779343,0.75,0.5925925925925926,0.6620689655172414
3,CountVectorizer,MultinomialNB,{'alpha': 0.01},0.661,1.1248899999991409,1.858015400000113,570.72265625,556.8203125,0.5630252100840336,0.8527272727272728,0.67823571945047,0.7986230636833046,0.6590909090909091,0.7221789883268482,0.7169811320754716,0.42696629213483145,0.5352112676056338,0.6905829596412556,0.56,0.6184738955823293,0.6172248803827751,0.6084905660377359,0.6128266033254157,0.625,0.37037037037037035,0.46511627906976744
3,CountVectorizer,MultinomialNB,{'alpha': 0.1},0.757,1.1131052999999156,1.8145867999992333,565.13671875,555.5546875,0.6902777777777778,0.9036363636363637,0.7826771653543307,0.8651315789473685,0.7471590909090909,0.801829268292683,0.7681159420289855,0.5955056179775281,0.6708860759493671,0.7894736842105263,0.7090909090909091,0.7471264367816092,0.6739130434782609,0.7311320754716981,0.7013574660633484,0.6140350877192983,0.43209876543209874,0.5072463768115942
3,CountVectorizer,MultinomialNB,{'alpha': 1.0},0.798,1.1196270000000368,1.806782600000588,565.38671875,554.61328125,0.7175989085948158,0.9563636363636364,0.8199532346063912,0.8222506393861893,0.9133522727272727,0.8654104979811574,0.9113924050632911,0.4044943820224719,0.5603112840466926,0.9045454545454545,0.7236363636363636,0.804040404040404,0.8470588235294118,0.6792452830188679,0.7539267015706806,0.75,0.14814814814814814,0.24742268041237114
3,CountVectorizer,LogisticRegression,"{'C': 0.1, 'penalty': 'l2'}",0.87,1.109167300000081,1.8320440999996208,588.88671875,554.34765625,0.8710217755443886,0.9454545454545454,0.9067131647776809,0.8542199488491049,0.9488636363636364,0.8990578734858681,0.9117647058823529,0.6966292134831461,0.7898089171974523,0.9057377049180327,0.8036363636363636,0.8516377649325626,0.8429319371727748,0.7594339622641509,0.7990074441687345,0.92,0.5679012345679012,0.7022900763358778
3,CountVectorizer,LogisticRegression,"{'C': 1, 'penalty': 'l2'}",0.892,1.3699920000008206,1.8272516999995787,588.625,554.0625,0.9113475177304965,0.9345454545454546,0.9228007181328546,0.9127988748241913,0.921875,0.9173144876325088,0.8265895953757225,0.8033707865168539,0.8148148148148148,0.9014598540145985,0.8981818181818182,0.8998178506375227,0.845771144278607,0.8018867924528302,0.8232445520581114,0.7922077922077922,0.7530864197530864,0.7721518987341772
3,CountVectorizer,LogisticRegression,"{'C': 10, 'penalty': 'l2'}",0.895,1.8294763999992938,1.8100807000000714,588.71484375,554.04296875,0.918918918918919,0.9272727272727272,0.9230769230769231,0.9230769230769231,0.9204545454545454,0.9217638691322901,0.8066298342541437,0.8202247191011236,0.8133704735376045,0.8974358974358975,0.8909090909090909,0.8941605839416058,0.8514851485148515,0.8113207547169812,0.8309178743961353,0.7931034482758621,0.8518518518518519,0.8214285714285714
3,CountVectorizer,KNeighbors,"{'n_neighbors': 3, 'algorithm': 'ball_tree'}",0.578,1.0937310000008438,1.0089460999997755,563.96875,945.66796875,0.4806282722513089,0.8345454545454546,0.6099667774086379,0.702922077922078,0.6150568181818182,0.656060606060606,0.5466666666666666,0.2303370786516854,0.3241106719367589,0.6218905472636815,0.45454545454545453,0.5252100840336135,0.6491228070175439,0.3490566037735849,0.4539877300613497,0.6153846153846154,0.2962962962962963,0.4
3,CountVectorizer,KNeighbors,"{'n_neighbors': 3, 'algorithm': 'kd_tree'}",0.578,1.1013413000000583,1.0192481000003681,562.1640625,946.4453125,0.4806282722513089,0.8345454545454546,0.6099667774086379,0.702922077922078,0.6150568181818182,0.656060606060606,0.5466666666666666,0.2303370786516854,0.3241106719367589,0.6218905472636815,0.45454545454545453,0.5252100840336135,0.6491228070175439,0.3490566037735849,0.4539877300613497,0.6153846153846154,0.2962962962962963,0.4
3,CountVectorizer,KNeighbors,"{'n_neighbors': 3, 'algorithm': 'brute'}",0.578,1.0941766000005373,1.0330387000003611,562.1875,1014.6171875,0.4806282722513089,0.8345454545454546,0.6099667774086379,0.702922077922078,0.6150568181818182,0.656060606060606,0.5466666666666666,0.2303370786516854,0.3241106719367589,0.6218905472636815,0.45454545454545453,0.5252100840336135,0.6491228070175439,0.3490566037735849,0.4539877300613497,0.6153846153846154,0.2962962962962963,0.4
3,CountVectorizer,KNeighbors,"{'n_neighbors': 5, 'algorithm': 'ball_tree'}",0.5865,1.101351600000271,1.0258280999996714,561.51953125,1010.2109375,0.5005405405405405,0.8418181818181818,0.6277966101694915,0.6900763358778625,0.6420454545454546,0.6651949963208241,0.6153846153846154,0.2247191011235955,0.3292181069958848,0.5942028985507246,0.44727272727272727,0.5103734439834025,0.6695652173913044,0.3632075471698113,0.4709480122324159,0.5454545454545454,0.2222222222222222,0.3157894736842105
3,CountVectorizer,KNeighbors,"{'n_neighbors': 5, 'algorithm': 'kd_tree'}",0.5865,1.0940910999997868,1.0147885999995196,561.81640625,995.34765625,0.5005405405405405,0.8418181818181818,0.6277966101694915,0.6900763358778625,0.6420454545454546,0.6651949963208241,0.6153846153846154,0.2247191011235955,0.3292181069958848,0.5942028985507246,0.44727272727272727,0.5103734439834025,0.6695652173913044,0.3632075471698113,0.4709480122324159,0.5454545454545454,0.2222222222222222,0.3157894736842105
3,CountVectorizer,KNeighbors,"{'n_neighbors': 5, 'algorithm': 'brute'}",0.5865,1.1050125000001572,1.0218934000004083,561.515625,1007.21484375,0.5005405405405405,0.8418181818181818,0.6277966101694915,0.6900763358778625,0.6420454545454546,0.6651949963208241,0.6153846153846154,0.2247191011235955,0.3292181069958848,0.5942028985507246,0.44727272727272727,0.5103734439834025,0.6695652173913044,0.3632075471698113,0.4709480122324159,0.5454545454545454,0.2222222222222222,0.3157894736842105
3,CountVectorizer,KNeighbors,"{'n_neighbors': 7, 'algorithm': 'ball_tree'}",0.571,1.1082581999999093,1.0176590000000942,561.82421875,944.99609375,0.48326359832635984,0.84,0.6135458167330677,0.6827794561933535,0.6420454545454546,0.6617862371888726,0.725,0.16292134831460675,0.26605504587155965,0.5318181818181819,0.4254545454545455,0.4727272727272727,0.6701030927835051,0.30660377358490565,0.42071197411003236,0.68,0.20987654320987653,0.32075471698113206
3,CountVectorizer,KNeighbors,"{'n_neighbors': 7, 'algorithm': 'kd_tree'}",0.571,1.1051467000006596,1.017738399999871,561.5625,940.671875,0.48326359832635984,0.84,0.6135458167330677,0.6827794561933535,0.6420454545454546,0.6617862371888726,0.725,0.16292134831460675,0.26605504587155965,0.5318181818181819,0.4254545454545455,0.4727272727272727,0.6701030927835051,0.30660377358490565,0.42071197411003236,0.68,0.20987654320987653,0.32075471698113206
3,CountVectorizer,KNeighbors,"{'n_neighbors': 7, 'algorithm': 'brute'}",0.571,1.1022775999999794,1.0192964999996548,561.89453125,934.5859375,0.48326359832635984,0.84,0.6135458167330677,0.6827794561933535,0.6420454545454546,0.6617862371888726,0.725,0.16292134831460675,0.26605504587155965,0.5318181818181819,0.4254545454545455,0.4727272727272727,0.6701030927835051,0.30660377358490565,0.42071197411003236,0.68,0.20987654320987653,0.32075471698113206
3,CountVectorizer,DecisionTree,"{'criterion': 'gini', 'max_features': 'sqrt'}",0.808,0.7887602999999217,1.3868225999995047,561.67578125,559.6484375,0.8268876611418048,0.8163636363636364,0.8215919487648673,0.847124824684432,0.8579545454545454,0.8525052928722654,0.7751479289940828,0.7359550561797753,0.7550432276657061,0.7829181494661922,0.8,0.7913669064748201,0.7045454545454546,0.7311320754716981,0.7175925925925926,0.7702702702702703,0.7037037037037037,0.7354838709677419
3,CountVectorizer,DecisionTree,"{'criterion': 'gini', 'max_features': 'log2'}",0.5595,0.9697630999999092,1.8208912999998574,564.82421875,555.76171875,0.5836177474402731,0.6218181818181818,0.602112676056338,0.6468023255813954,0.6321022727272727,0.639367816091954,0.41353383458646614,0.3089887640449438,0.3536977491961415,0.5855513307984791,0.56,0.5724907063197026,0.3937007874015748,0.4716981132075472,0.4291845493562232,0.3026315789473684,0.2839506172839506,0.2929936305732484
3,CountVectorizer,DecisionTree,"{'criterion': 'gini', 'max_features': None}",0.8775,2.0984466999998403,1.8236538999999539,564.67578125,553.51171875,0.8972972972972973,0.9054545454545454,0.9013574660633484,0.933933933933934,0.8835227272727273,0.908029197080292,0.8044692737430168,0.8089887640449438,0.8067226890756303,0.8239202657807309,0.9018181818181819,0.8611111111111112,0.8054298642533937,0.839622641509434,0.8221709006928406,0.8333333333333334,0.8024691358024691,0.8176100628930818
3,CountVectorizer,DecisionTree,"{'criterion': 'entropy', 'max_features': 'sqrt'}",0.796,0.8154390999998213,1.8149592999998276,562.1328125,554.8203125,0.7952898550724637,0.7981818181818182,0.7967332123411979,0.8181818181818182,0.8181818181818182,0.8181818181818182,0.7880434782608695,0.8146067415730337,0.8011049723756906,0.7730496453900709,0.7927272727272727,0.7827648114901257,0.7584541062801933,0.7405660377358491,0.7494033412887828,0.8028169014084507,0.7037037037037037,0.75
3,CountVectorizer,DecisionTree,"{'criterion': 'entropy', 'max_features': 'log2'}",0.569,1.0055600000005143,1.830386599999656,564.9296875,555.765625,0.5908289241622575,0.6090909090909091,0.5998209489704566,0.6295264623955432,0.6420454545454546,0.6357243319268636,0.41379310344827586,0.4044943820224719,0.4090909090909091,0.6076923076923076,0.5745454545454546,0.5906542056074766,0.39622641509433965,0.39622641509433965,0.39622641509433965,0.5362318840579711,0.4567901234567901,0.49333333333333335
3,CountVectorizer,DecisionTree,"{'criterion': 'entropy', 'max_features': None}",0.868,2.433385399999679,1.8087585000002946,564.82421875,553.5546875,0.9099616858237548,0.8636363636363636,0.8861940298507462,0.9264264264264265,0.8764204545454546,0.9007299270072993,0.7979274611398963,0.8651685393258427,0.8301886792452831,0.7891373801916933,0.8981818181818182,0.8401360544217688,0.7894736842105263,0.8490566037735849,0.8181818181818182,0.8076923076923077,0.7777777777777778,0.7924528301886793
3,CountVectorizer,DecisionTree,"{'criterion': 'log_loss', 'max_features': 'sqrt'}",0.796,0.8224979000005987,1.8141337999995812,562.21875,555.015625,0.7952898550724637,0.7981818181818182,0.7967332123411979,0.8181818181818182,0.8181818181818182,0.8181818181818182,0.7880434782608695,0.8146067415730337,0.8011049723756906,0.7730496453900709,0.7927272727272727,0.7827648114901257,0.7584541062801933,0.7405660377358491,0.7494033412887828,0.8028169014084507,0.7037037037037037,0.75
3,CountVectorizer,DecisionTree,"{'criterion': 'log_loss', 'max_features': 'log2'}",0.569,0.998473799999374,1.8277391999999963,564.98828125,555.640625,0.5908289241622575,0.6090909090909091,0.5998209489704566,0.6295264623955432,0.6420454545454546,0.6357243319268636,0.41379310344827586,0.4044943820224719,0.4090909090909091,0.6076923076923076,0.5745454545454546,0.5906542056074766,0.39622641509433965,0.39622641509433965,0.39622641509433965,0.5362318840579711,0.4567901234567901,0.49333333333333335
3,CountVectorizer,DecisionTree,"{'criterion': 'log_loss', 'max_features': None}",0.868,2.388480200000231,1.815892800000256,564.69921875,553.40625,0.9099616858237548,0.8636363636363636,0.8861940298507462,0.9264264264264265,0.8764204545454546,0.9007299270072993,0.7979274611398963,0.8651685393258427,0.8301886792452831,0.7891373801916933,0.8981818181818182,0.8401360544217688,0.7894736842105263,0.8490566037735849,0.8181818181818182,0.8076923076923077,0.7777777777777778,0.7924528301886793
3,CountVectorizer,GradientBoosting,"{'n_estimators': 100, 'criterion': 'friedman_mse'}",0.86,12.633443400000033,1.8603620999992927,563.5859375,553.40625,0.9201520912547528,0.88,0.8996282527881041,0.793144208037825,0.953125,0.8658064516129033,0.8717948717948718,0.7640449438202247,0.8143712574850299,0.9452054794520548,0.7527272727272727,0.8380566801619433,0.9212121212121213,0.7169811320754716,0.8063660477453581,0.7954545454545454,0.8641975308641975,0.8284023668639053
3,CountVectorizer,GradientBoosting,"{'n_estimators': 100, 'criterion': 'squared_error'}",0.86,12.604343500000141,1.862058700000489,562.3046875,553.45703125,0.9201520912547528,0.88,0.8996282527881041,0.793144208037825,0.953125,0.8658064516129033,0.8717948717948718,0.7640449438202247,0.8143712574850299,0.9452054794520548,0.7527272727272727,0.8380566801619433,0.9212121212121213,0.7169811320754716,0.8063660477453581,0.7954545454545454,0.8641975308641975,0.8284023668639053
3,CountVectorizer,GradientBoosting,"{'n_estimators': 150, 'criterion': 'friedman_mse'}",0.8825,18.646185499999774,0.9591341999994256,562.5390625,553.86328125,0.9230769230769231,0.8945454545454545,0.9085872576177285,0.8650065530799476,0.9375,0.8997955010224948,0.8342541436464088,0.848314606741573,0.841225626740947,0.9176954732510288,0.8109090909090909,0.861003861003861,0.8756476683937824,0.7971698113207547,0.8345679012345679,0.8045977011494253,0.8641975308641975,0.8333333333333334
3,CountVectorizer,GradientBoosting,"{'n_estimators': 150, 'criterion': 'squared_error'}",0.8825,18.59932409999965,1.4200065999993967,562.828125,553.5546875,0.9230769230769231,0.8945454545454545,0.9085872576177285,0.8650065530799476,0.9375,0.8997955010224948,0.8342541436464088,0.848314606741573,0.841225626740947,0.9176954732510288,0.8109090909090909,0.861003861003861,0.8756476683937824,0.7971698113207547,0.8345679012345679,0.8045977011494253,0.8641975308641975,0.8333333333333334
3,CountVectorizer,GradientBoosting,"{'n_estimators': 200, 'criterion': 'friedman_mse'}",0.8955,24.557258900000306,0.9852572999998301,563.125,561.0390625,0.9375,0.9,0.9183673469387755,0.8972602739726028,0.9303977272727273,0.9135285913528591,0.8186528497409327,0.8876404494382022,0.8517520215633423,0.9118773946360154,0.8654545454545455,0.8880597014925373,0.87,0.8207547169811321,0.8446601941747572,0.8068181818181818,0.8765432098765432,0.8402366863905325
3,CountVectorizer,GradientBoosting,"{'n_estimators': 200, 'criterion': 'squared_error'}",0.8955,24.532451299999593,0.9855389000003925,562.53125,560.3984375,0.9375,0.9,0.9183673469387755,0.8972602739726028,0.9303977272727273,0.9135285913528591,0.8186528497409327,0.8876404494382022,0.8517520215633423,0.9118773946360154,0.8654545454545455,0.8880597014925373,0.87,0.8207547169811321,0.8446601941747572,0.8068181818181818,0.8765432098765432,0.8402366863905325
3,CountVectorizer,AdaBoost,"{'n_estimators': 50, 'learning_rate': 0.01}",0.3555,1.3018817000001945,0.9709931000006691,560.62109375,553.9609375,0.0,0.0,0.0,0.35591506572295245,1.0,0.5249813571961223,0.0,0.0,0.0,0.4666666666666667,0.025454545454545455,0.04827586206896552,0.0,0.0,0.0,0.0,0.0,0.0
3,CountVectorizer,AdaBoost,"{'n_estimators': 50, 'learning_rate': 0.1}",0.3555,1.2827602999996088,1.4107248000000254,560.65625,554.12890625,0.058823529411764705,0.0036363636363636364,0.00684931506849315,0.36152656008251677,0.9957386363636364,0.5304578130911842,0.0,0.0,0.0,0.0,0.0,0.0,0.3888888888888889,0.0330188679245283,0.06086956521739131,1.0,0.012345679012345678,0.024390243902439025
3,CountVectorizer,AdaBoost,"{'n_estimators': 50, 'learning_rate': 1.0}",0.371,1.2935373000000254,1.427093799999966,561.14453125,553.85546875,0.0,0.0,0.0,0.36496350364963503,0.9943181818181818,0.5339435545385202,0.75,0.033707865168539325,0.06451612903225806,0.0,0.0,0.0,0.3333333333333333,0.05660377358490566,0.0967741935483871,0.8,0.2962962962962963,0.43243243243243246
3,CountVectorizer,AdaBoost,"{'n_estimators': 100, 'learning_rate': 0.01}",0.3515,2.048044899999695,0.9881913999997778,561.15625,553.6953125,0.0,0.0,0.0,0.35634517766497464,0.9971590909090909,0.525056095736724,0.0,0.0,0.0,0.0,0.0,0.0,1.0,0.0047169811320754715,0.009389671361502348,0.0,0.0,0.0
3,CountVectorizer,AdaBoost,"{'n_estimators': 100, 'learning_rate': 0.1}",0.36,1.9897290999997495,1.0012268999998923,561.03515625,553.3125,0.0,0.0,0.0,0.3637778930980799,0.9957386363636364,0.5328772329912581,0.0,0.0,0.0,0.0,0.0,0.0,0.43902439024390244,0.08490566037735849,0.1422924901185771,0.5,0.012345679012345678,0.024096385542168676
3,CountVectorizer,AdaBoost,"{'n_estimators': 100, 'learning_rate': 1.0}",0.3685,2.0140809999993508,1.0230376000008619,560.99609375,553.65234375,0.0,0.0,0.0,0.3641940881204685,0.9275568181818182,0.5230276331597917,0.33035714285714285,0.20786516853932585,0.25517241379310346,0.2857142857142857,0.007272727272727273,0.014184397163120567,0.48333333333333334,0.13679245283018868,0.21323529411764705,0.8,0.19753086419753085,0.31683168316831684
3,CountVectorizer,AdaBoost,"{'n_estimators': 150, 'learning_rate': 0.01}",0.3515,2.80750050000006,1.025462100000368,555.046875,549.9609375,0.0,0.0,0.0,0.35634517766497464,0.9971590909090909,0.525056095736724,0.0,0.0,0.0,0.0,0.0,0.0,1.0,0.0047169811320754715,0.009389671361502348,0.0,0.0,0.0
3,CountVectorizer,AdaBoost,"{'n_estimators': 150, 'learning_rate': 0.1}",0.36,2.6986056999994616,1.020951100000275,551.99609375,549.80859375,0.0,0.0,0.0,0.3639667705088266,0.9957386363636364,0.5330798479087453,0.0,0.0,0.0,0.0,0.0,0.0,0.425,0.08018867924528301,0.1349206349206349,0.5,0.024691358024691357,0.047058823529411764
3,CountVectorizer,AdaBoost,"{'n_estimators': 150, 'learning_rate': 1.0}",0.3115,2.7504570000000967,1.0174997000003714,552.265625,549.8671875,0.3001138952164009,0.9581818181818181,0.4570685169124024,0.19148936170212766,0.01278409090909091,0.023968042609853527,0.3333333333333333,0.20786516853932585,0.2560553633217993,0.7,0.05090909090909091,0.09491525423728814,0.48,0.11320754716981132,0.183206106870229,0.75,0.14814814814814814,0.24742268041237114
3,CountVectorizer,SGD,"{'alpha': 0.0001, 'penalty': 'l2'}",0.8985,1.2543280999998387,1.8118796999997357,552.09765625,545.3359375,0.9223826714801444,0.9290909090909091,0.9257246376811594,0.924822695035461,0.9261363636363636,0.9254790631653655,0.8433734939759037,0.7865168539325843,0.813953488372093,0.8985507246376812,0.9018181818181819,0.9001814882032668,0.8235294117647058,0.8584905660377359,0.8406466512702079,0.8205128205128205,0.7901234567901234,0.8050314465408805
3,CountVectorizer,SGD,"{'alpha': 0.0001, 'penalty': 'l1'}",0.907,0.770710799999506,1.8254951999997502,551.99609375,545.33203125,0.9251336898395722,0.9436363636363636,0.9342934293429342,0.9304964539007092,0.9318181818181818,0.9311568488289567,0.8444444444444444,0.8539325842696629,0.8491620111731844,0.9090909090909091,0.9090909090909091,0.9090909090909091,0.8557692307692307,0.839622641509434,0.8476190476190476,0.8309859154929577,0.7283950617283951,0.7763157894736842
3,CountVectorizer,SGD,"{'alpha': 0.0001, 'penalty': 'elasticnet'}",0.902,0.75081020000016,1.817010100000516,552.00390625,545.33203125,0.925,0.9418181818181818,0.9333333333333333,0.9245014245014245,0.921875,0.9231863442389758,0.8241758241758241,0.8426966292134831,0.8333333333333334,0.9117647058823529,0.9018181818181819,0.906764168190128,0.8495145631067961,0.8254716981132075,0.8373205741626795,0.8205128205128205,0.7901234567901234,0.8050314465408805
3,CountVectorizer,SGD,"{'alpha': 0.001, 'penalty': 'l2'}",0.9,1.2149981999991724,1.8149992999997266,552.10546875,545.34765625,0.9124343257443083,0.9472727272727273,0.9295272078501338,0.9107142857142857,0.9417613636363636,0.9259776536312849,0.8805031446540881,0.7865168539325843,0.8308605341246291,0.9104477611940298,0.8872727272727273,0.8987108655616943,0.8514851485148515,0.8113207547169812,0.8309178743961353,0.8333333333333334,0.7407407407407407,0.7843137254901961
3,CountVectorizer,SGD,"{'alpha': 0.001, 'penalty': 'l1'}",0.839,1.2645701000001281,1.8147416000001613,552.41796875,545.14453125,0.9388145315487572,0.8927272727272727,0.9151910531220876,0.939935064935065,0.8224431818181818,0.8772727272727273,0.4831804281345566,0.8876404494382022,0.6257425742574257,0.8185185185185185,0.8036363636363636,0.8110091743119267,0.8717948717948718,0.8018867924528302,0.8353808353808354,0.855072463768116,0.7283950617283951,0.7866666666666666
3,CountVectorizer,SGD,"{'alpha': 0.001, 'penalty': 'elasticnet'}",0.905,1.2956960000001345,1.8252542000000176,552.19921875,545.41796875,0.9097222222222222,0.9527272727272728,0.9307282415630551,0.8969210174029452,0.9517045454545454,0.923501033769814,0.92,0.7752808988764045,0.8414634146341463,0.9341085271317829,0.8763636363636363,0.9043151969981238,0.8682926829268293,0.839622641509434,0.8537170263788969,0.921875,0.7283950617283951,0.8137931034482758
3,CountVectorizer,SGD,"{'alpha': 0.01, 'penalty': 'l2'}",0.8625,1.2003641999999672,1.8008103000001938,552.3671875,545.34375,0.8580968280467446,0.9345454545454546,0.8946910356832027,0.8240291262135923,0.9644886363636364,0.8887434554973822,0.957983193277311,0.6404494382022472,0.7676767676767676,0.9342105263157895,0.7745454545454545,0.8469184890656064,0.8850574712643678,0.7264150943396226,0.7979274611398963,0.9107142857142857,0.6296296296296297,0.7445255474452555
3,CountVectorizer,SGD,"{'alpha': 0.01, 'penalty': 'l1'}",0.2305,1.2130334000003131,1.8082647000001089,552.33203125,545.41015625,0.2676174496644295,0.58,0.36624569460390355,0.34513274336283184,0.05539772727272727,0.09547123623011015,0.0,0.0,0.0,0.14820143884892087,0.37454545454545457,0.21237113402061855,0.0,0.0,0.0,0.0,0.0,0.0
3,CountVectorizer,SGD,"{'alpha': 0.01, 'penalty': 'elasticnet'}",0.814,1.2441768999997294,1.8249266000002535,552.28125,545.20703125,0.9169960474308301,0.8436363636363636,0.8787878787878788,0.7547806524184477,0.953125,0.842435655994978,0.9658119658119658,0.6348314606741573,0.7661016949152543,0.7509293680297398,0.7345454545454545,0.7426470588235294,0.9103448275862069,0.6226415094339622,0.7394957983193278,0.6216216216216216,0.5679012345679012,0.5935483870967742
5,TfidfVectorizer,RandomForest,"{'n_estimators': 50, 'criterion': 'gini'}",0.8945,8.343880499999614,1.0416857000000164,545.20703125,433.0078125,0.9216757741347905,0.92,0.9208371246587808,0.8983516483516484,0.9289772727272727,0.9134078212290503,0.8466257668711656,0.7752808988764045,0.8093841642228738,0.8933823529411765,0.8836363636363637,0.8884826325411335,0.8461538461538461,0.8820754716981132,0.8637413394919169,0.9104477611940298,0.7530864197530864,0.8243243243243243
5,TfidfVectorizer,RandomForest,"{'n_estimators': 50, 'criterion': 'entropy'}",0.886,9.699054200000319,1.0357087000002139,437.50390625,430.92578125,0.9157509157509157,0.9090909090909091,0.9124087591240876,0.8935879945429741,0.9303977272727273,0.9116214335421016,0.8433734939759037,0.7865168539325843,0.813953488372093,0.896551724137931,0.850909090909091,0.8731343283582089,0.8136363636363636,0.8443396226415094,0.8287037037037037,0.8648648648648649,0.7901234567901234,0.8258064516129032
5,TfidfVectorizer,RandomForest,"{'n_estimators': 50, 'criterion': 'log_loss'}",0.886,9.628755900000215,1.0350696000004973,437.26953125,430.74609375,0.9157509157509157,0.9090909090909091,0.9124087591240876,0.8935879945429741,0.9303977272727273,0.9116214335421016,0.8433734939759037,0.7865168539325843,0.813953488372093,0.896551724137931,0.850909090909091,0.8731343283582089,0.8136363636363636,0.8443396226415094,0.8287037037037037,0.8648648648648649,0.7901234567901234,0.8258064516129032
5,TfidfVectorizer,RandomForest,"{'n_estimators': 100, 'criterion': 'gini'}",0.8985,16.240213400000357,1.124868900000365,486.19140625,479.390625,0.9239130434782609,0.9272727272727272,0.925589836660617,0.9085872576177285,0.9318181818181818,0.9200561009817672,0.8404907975460123,0.7696629213483146,0.8035190615835777,0.8905109489051095,0.8872727272727273,0.8888888888888888,0.8538812785388128,0.8820754716981132,0.8677494199535963,0.9,0.7777777777777778,0.8344370860927153
5,TfidfVectorizer,RandomForest,"{'n_estimators': 100, 'criterion': 'entropy'}",0.882,18.70768170000065,1.1284077999998772,494.68359375,487.83984375,0.9214953271028037,0.8963636363636364,0.9087557603686636,0.8803763440860215,0.9303977272727273,0.9046961325966851,0.8490566037735849,0.7584269662921348,0.8011869436201781,0.8773234200743495,0.8581818181818182,0.8676470588235294,0.8190045248868778,0.8537735849056604,0.836027713625866,0.8888888888888888,0.7901234567901234,0.8366013071895425
5,TfidfVectorizer,RandomForest,"{'n_estimators': 100, 'criterion': 'log_loss'}",0.882,19.023321200000282,1.1220745999999053,494.81640625,487.75390625,0.9214953271028037,0.8963636363636364,0.9087557603686636,0.8803763440860215,0.9303977272727273,0.9046961325966851,0.8490566037735849,0.7584269662921348,0.8011869436201781,0.8773234200743495,0.8581818181818182,0.8676470588235294,0.8190045248868778,0.8537735849056604,0.836027713625866,0.8888888888888888,0.7901234567901234,0.8366013071895425
5,TfidfVectorizer,RandomForest,"{'n_estimators': 150, 'criterion': 'gini'}",0.898,23.81502950000049,1.23412400000052,538.0859375,531.5078125,0.9237749546279492,0.9254545454545454,0.924613987284287,0.907202216066482,0.9303977272727273,0.9186535764375876,0.8466257668711656,0.7752808988764045,0.8093841642228738,0.8905109489051095,0.8872727272727273,0.8888888888888888,0.8461538461538461,0.8820754716981132,0.8637413394919169,0.9130434782608695,0.7777777777777778,0.84
5,TfidfVectorizer,RandomForest,"{'n_estimators': 150, 'criterion': 'entropy'}",0.8875,28.047366100000545,1.2326331000003847,549.59375,549.67578125,0.9287054409005628,0.9,0.9141274238227147,0.8854447439353099,0.9332386363636364,0.9087136929460581,0.8536585365853658,0.7865168539325843,0.8187134502923976,0.8872180451127819,0.8581818181818182,0.8724584103512015,0.8243243243243243,0.8632075471698113,0.8433179723502304,0.8767123287671232,0.7901234567901234,0.8311688311688312
5,TfidfVectorizer,RandomForest,"{'n_estimators': 150, 'criterion': 'log_loss'}",0.8875,28.037281500000063,1.2160971000002974,549.890625,549.9921875,0.9287054409005628,0.9,0.9141274238227147,0.8854447439353099,0.9332386363636364,0.9087136929460581,0.8536585365853658,0.7865168539325843,0.8187134502923976,0.8872180451127819,0.8581818181818182,0.8724584103512015,0.8243243243243243,0.8632075471698113,0.8433179723502304,0.8767123287671232,0.7901234567901234,0.8311688311688312
5,TfidfVectorizer,SVC,"{'C': 0.1, 'kernel': 'linear'}",0.6795,20.171351400000276,1.810866900000292,767.1484375,564.21875,0.8387096774193549,0.850909090909091,0.8447653429602888,0.5634599838318513,0.9900568181818182,0.7181865018031942,0.9629629629629629,0.14606741573033707,0.25365853658536586,0.9550561797752809,0.3090909090909091,0.46703296703296704,0.9166666666666666,0.3113207547169811,0.4647887323943662,1.0,0.20987654320987653,0.3469387755102041
5,TfidfVectorizer,SVC,"{'C': 0.1, 'kernel': 'rbf'}",0.4165,25.968915200000083,2.2503741999998965,758.59375,565.953125,0.904,0.20545454545454545,0.3348148148148148,0.3789020452099031,1.0,0.5495706479313037,0.0,0.0,0.0,1.0,0.02181818181818182,0.042704626334519574,0.9,0.04245283018867924,0.08108108108108109,1.0,0.012345679012345678,0.024390243902439025
5,TfidfVectorizer,SVC,"{'C': 0.1, 'kernel': 'sigmoid'}",0.6725,20.84719419999965,1.9294017000001986,762.00390625,566.6875,0.8339285714285715,0.8490909090909091,0.8414414414414414,0.5584935897435898,0.9900568181818182,0.7141393442622951,0.96,0.1348314606741573,0.23645320197044334,0.9529411764705882,0.29454545454545455,0.45,0.9130434782608695,0.2971698113207547,0.4483985765124555,1.0,0.16049382716049382,0.2765957446808511
5,TfidfVectorizer,SVC,"{'C': 1, 'kernel': 'linear'}",0.8885,14.77285060000031,1.5220755000000281,756.2265625,564.6875,0.890625,0.9327272727272727,0.911190053285968,0.9013698630136986,0.9346590909090909,0.9177126917712691,0.868421052631579,0.7415730337078652,0.8,0.9101123595505618,0.8836363636363637,0.8966789667896679,0.8269230769230769,0.8113207547169812,0.819047619047619,0.8805970149253731,0.7283950617283951,0.7972972972972973
5,TfidfVectorizer,SVC,"{'C': 1, 'kernel': 'rbf'}",0.8605,31.52424189999965,2.1009436000003916,789.5859375,565.3203125,0.8657718120805369,0.9381818181818182,0.900523560209424,0.8274173806609547,0.9602272727272727,0.8888888888888888,0.926605504587156,0.5674157303370787,0.7038327526132404,0.9156118143459916,0.7890909090909091,0.84765625,0.8556149732620321,0.7547169811320755,0.8020050125313283,0.9444444444444444,0.6296296296296297,0.7555555555555555
5,TfidfVectorizer,SVC,"{'C': 1, 'kernel': 'sigmoid'}",0.8895,14.56118669999978,1.533701999999721,729.13671875,565.2265625,0.8954703832752613,0.9345454545454546,0.9145907473309609,0.9005449591280654,0.9389204545454546,0.9193324061196105,0.8783783783783784,0.7303370786516854,0.7975460122699386,0.9067164179104478,0.8836363636363637,0.8950276243093923,0.8151658767772512,0.8113207547169812,0.8132387706855791,0.9076923076923077,0.7283950617283951,0.8082191780821918
5,TfidfVectorizer,SVC,"{'C': 10, 'kernel': 'linear'}",0.871,12.526816000000508,1.4712687000001097,705.4453125,566.203125,0.8715277777777778,0.9127272727272727,0.8916518650088809,0.888121546961326,0.9133522727272727,0.9005602240896359,0.8141025641025641,0.7134831460674157,0.7604790419161677,0.8977272727272727,0.8618181818181818,0.8794063079777366,0.8316831683168316,0.7924528301886793,0.8115942028985508,0.8333333333333334,0.8024691358024691,0.8176100628930818
5,TfidfVectorizer,SVC,"{'C': 10, 'kernel': 'rbf'}",0.869,33.45455159999983,2.1014753999997993,787.31640625,566.62109375,0.8728813559322034,0.9363636363636364,0.9035087719298246,0.8504435994930292,0.953125,0.898861352980576,0.8780487804878049,0.6067415730337079,0.717607973421927,0.9173553719008265,0.8072727272727273,0.8588007736943907,0.8592964824120602,0.8066037735849056,0.8321167883211679,0.8947368421052632,0.6296296296296297,0.7391304347826086
5,TfidfVectorizer,SVC,"{'C': 10, 'kernel': 'sigmoid'}",0.852,14.398565599999529,1.2964279000007082,648.71875,566.33203125,0.8322368421052632,0.92,0.8739205526770294,0.8792134831460674,0.8892045454545454,0.884180790960452,0.8,0.6966292134831461,0.7447447447447447,0.88671875,0.8254545454545454,0.8549905838041432,0.8247422680412371,0.7547169811320755,0.7881773399014779,0.8133333333333334,0.7530864197530864,0.782051282051282
5,TfidfVectorizer,MultinomialNB,{'alpha': 0.01},0.631,1.1019310000001497,1.8137887000002593,560.8984375,549.2578125,0.5231788079470199,0.8618181818181818,0.6510989010989011,0.7348837209302326,0.6732954545454546,0.7027427724240178,0.8059701492537313,0.30337078651685395,0.44081632653061226,0.6984924623115578,0.5054545454545455,0.5864978902953587,0.6521739130434783,0.49528301886792453,0.5630026809651475,0.7272727272727273,0.19753086419753085,0.3106796116504854
5,TfidfVectorizer,MultinomialNB,{'alpha': 0.1},0.728,1.0989097000001493,1.3700016000002506,558.125,547.4765625,0.6239316239316239,0.9290909090909091,0.7465303140978816,0.7859078590785907,0.8238636363636364,0.8044382801664355,0.890625,0.3202247191011236,0.47107438016528924,0.8307692307692308,0.5890909090909091,0.6893617021276596,0.7784431137724551,0.6132075471698113,0.6860158311345647,0.9411764705882353,0.19753086419753085,0.32653061224489793
5,TfidfVectorizer,MultinomialNB,{'alpha': 1.0},0.6835,1.100760000000264,1.8152952999998888,558.6484375,546.87109375,0.631768953068592,0.9545454545454546,0.7603186097031137,0.6793587174348698,0.9630681818181818,0.7967097532314924,1.0,0.05056179775280899,0.0962566844919786,0.9797979797979798,0.3527272727272727,0.5187165775401069,0.9193548387096774,0.2688679245283019,0.41605839416058393,1.0,0.012345679012345678,0.024390243902439025
5,TfidfVectorizer,LogisticRegression,"{'C': 0.1, 'penalty': 'l2'}",0.662,0.9172768999997061,1.8257465999995475,579.984375,546.5234375,0.7437407952871871,0.9181818181818182,0.8218063466232709,0.5834738617200674,0.9829545454545454,0.7322751322751323,1.0,0.03932584269662921,0.07567567567567568,0.9466666666666667,0.2581818181818182,0.4057142857142857,0.9230769230769231,0.22641509433962265,0.36363636363636365,1.0,0.012345679012345678,0.024390243902439025
5,TfidfVectorizer,LogisticRegression,"{'C': 1, 'penalty': 'l2'}",0.867,1.4637026999998852,1.8284455000002708,581.06640625,546.34375,0.8662207357859532,0.9418181818181818,0.9024390243902439,0.8476070528967254,0.9559659090909091,0.8985313751668892,0.896,0.6292134831460674,0.7392739273927392,0.9036144578313253,0.8181818181818182,0.8587786259541985,0.8702702702702703,0.7594339622641509,0.8110831234256927,0.9183673469387755,0.5555555555555556,0.6923076923076923
5,TfidfVectorizer,LogisticRegression,"{'C': 10, 'penalty': 'l2'}",0.89,2.1577123000006395,1.8262004000007437,579.9921875,546.6171875,0.8968531468531469,0.9327272727272727,0.9144385026737968,0.9017735334242838,0.9389204545454546,0.9199721642310369,0.8451612903225807,0.7359550561797753,0.7867867867867868,0.8992537313432836,0.8763636363636363,0.8876611418047882,0.8686868686868687,0.8113207547169812,0.8390243902439024,0.8378378378378378,0.7654320987654321,0.8
5,TfidfVectorizer,KNeighbors,"{'n_neighbors': 3, 'algorithm': 'ball_tree'}",0.752,1.102094699999725,0.9847396000004665,556.84765625,1003.9765625,0.6412213740458015,0.9163636363636364,0.7544910179640718,0.8251121076233184,0.7840909090909091,0.8040786598689003,0.7966101694915254,0.5280898876404494,0.6351351351351351,0.8451327433628318,0.6945454545454546,0.7624750499001997,0.8076923076923077,0.5943396226415094,0.6847826086956522,0.8222222222222222,0.4567901234567901,0.5873015873015873
5,TfidfVectorizer,KNeighbors,"{'n_neighbors': 3, 'algorithm': 'kd_tree'}",0.752,1.1097841999999218,0.9979453999994803,554.90625,926.82421875,0.6412213740458015,0.9163636363636364,0.7544910179640718,0.8251121076233184,0.7840909090909091,0.8040786598689003,0.7966101694915254,0.5280898876404494,0.6351351351351351,0.8451327433628318,0.6945454545454546,0.7624750499001997,0.8076923076923077,0.5943396226415094,0.6847826086956522,0.8222222222222222,0.4567901234567901,0.5873015873015873
5,TfidfVectorizer,KNeighbors,"{'n_neighbors': 3, 'algorithm': 'brute'}",0.752,1.1057424000000537,1.0006622999999308,555.14453125,1002.10546875,0.6412213740458015,0.9163636363636364,0.7544910179640718,0.8251121076233184,0.7840909090909091,0.8040786598689003,0.7966101694915254,0.5280898876404494,0.6351351351351351,0.8451327433628318,0.6945454545454546,0.7624750499001997,0.8076923076923077,0.5943396226415094,0.6847826086956522,0.8222222222222222,0.4567901234567901,0.5873015873015873
5,TfidfVectorizer,KNeighbors,"{'n_neighbors': 5, 'algorithm': 'ball_tree'}",0.7725,1.1056319999997868,0.991064799999549,554.91015625,918.93359375,0.6807639836289222,0.9072727272727272,0.7778643803585347,0.819718309859155,0.8267045454545454,0.8231966053748232,0.8623853211009175,0.5280898876404494,0.6550522648083623,0.8347457627118644,0.7163636363636363,0.7710371819960861,0.81875,0.6179245283018868,0.7043010752688172,0.8076923076923077,0.5185185185185185,0.631578947368421
5,TfidfVectorizer,KNeighbors,"{'n_neighbors': 5, 'algorithm': 'kd_tree'}",0.7725,1.1020085000000108,0.981394100000216,555.1328125,1005.5703125,0.6807639836289222,0.9072727272727272,0.7778643803585347,0.819718309859155,0.8267045454545454,0.8231966053748232,0.8623853211009175,0.5280898876404494,0.6550522648083623,0.8347457627118644,0.7163636363636363,0.7710371819960861,0.81875,0.6179245283018868,0.7043010752688172,0.8076923076923077,0.5185185185185185,0.631578947368421
5,TfidfVectorizer,KNeighbors,"{'n_neighbors': 5, 'algorithm': 'brute'}",0.7725,1.0993794000005437,0.991181499999584,554.80859375,1006.2734375,0.6807639836289222,0.9072727272727272,0.7778643803585347,0.819718309859155,0.8267045454545454,0.8231966053748232,0.8623853211009175,0.5280898876404494,0.6550522648083623,0.8347457627118644,0.7163636363636363,0.7710371819960861,0.81875,0.6179245283018868,0.7043010752688172,0.8076923076923077,0.5185185185185185,0.631578947368421
5,TfidfVectorizer,KNeighbors,"{'n_neighbors': 7, 'algorithm': 'ball_tree'}",0.7925,1.1138934999999037,0.9902387000001909,555.140625,992.8203125,0.7202295552367288,0.9127272727272727,0.8051323175621492,0.8161073825503355,0.8636363636363636,0.8391994478951,0.8598130841121495,0.5168539325842697,0.6456140350877193,0.8846153846153846,0.7527272727272727,0.8133595284872298,0.8048780487804879,0.6226415094339622,0.7021276595744681,0.8301886792452831,0.5432098765432098,0.6567164179104478
5,TfidfVectorizer,KNeighbors,"{'n_neighbors': 7, 'algorithm': 'kd_tree'}",0.7925,1.1101137999994535,0.9928656000001865,554.8671875,958.82421875,0.7202295552367288,0.9127272727272727,0.8051323175621492,0.8161073825503355,0.8636363636363636,0.8391994478951,0.8598130841121495,0.5168539325842697,0.6456140350877193,0.8846153846153846,0.7527272727272727,0.8133595284872298,0.8048780487804879,0.6226415094339622,0.7021276595744681,0.8301886792452831,0.5432098765432098,0.6567164179104478
5,TfidfVectorizer,KNeighbors,"{'n_neighbors': 7, 'algorithm': 'brute'}",0.7925,1.1126462000001993,0.9882519000002503,555.05078125,997.78515625,0.7202295552367288,0.9127272727272727,0.8051323175621492,0.8161073825503355,0.8636363636363636,0.8391994478951,0.8598130841121495,0.5168539325842697,0.6456140350877193,0.8846153846153846,0.7527272727272727,0.8133595284872298,0.8048780487804879,0.6226415094339622,0.7021276595744681,0.8301886792452831,0.5432098765432098,0.6567164179104478
5,TfidfVectorizer,DecisionTree,"{'criterion': 'gini', 'max_features': 'sqrt'}",0.783,0.8084986000003482,1.8213232999996762,554.78125,546.890625,0.7816666666666666,0.8527272727272728,0.8156521739130435,0.8511904761904762,0.8125,0.8313953488372093,0.6432432432432432,0.6685393258426966,0.6556473829201102,0.7578125,0.7054545454545454,0.7306967984934086,0.7416267942583732,0.7311320754716981,0.7363420427553444,0.7307692307692307,0.7037037037037037,0.7169811320754716
5,TfidfVectorizer,DecisionTree,"{'criterion': 'gini', 'max_features': 'log2'}",0.5165,0.9177393999998458,1.8170543000005637,559.1796875,547.79296875,0.5126903553299492,0.5509090909090909,0.5311130587204207,0.6246376811594203,0.6122159090909091,0.6183644189383071,0.47333333333333333,0.398876404494382,0.4329268292682927,0.491869918699187,0.44,0.46449136276391556,0.33636363636363636,0.3490566037735849,0.3425925925925926,0.32038834951456313,0.4074074074074074,0.358695652173913
5,TfidfVectorizer,DecisionTree,"{'criterion': 'gini', 'max_features': None}",0.8665,3.4883646999996927,1.8143546999999671,557.0234375,545.62890625,0.8923357664233577,0.889090909090909,0.8907103825136612,0.9167904903417533,0.8764204545454546,0.8961510530137982,0.7833333333333333,0.7921348314606742,0.7877094972067039,0.85,0.8654545454545455,0.8576576576576577,0.7510204081632653,0.8679245283018868,0.8052516411378556,0.8648648648648649,0.7901234567901234,0.8258064516129032
5,TfidfVectorizer,DecisionTree,"{'criterion': 'entropy', 'max_features': 'sqrt'}",0.7345,0.8471838999994361,1.8144895999994333,554.765625,546.91015625,0.7467652495378928,0.7345454545454545,0.7406049495875344,0.7531380753138075,0.7670454545454546,0.7600281491907108,0.6647727272727273,0.6573033707865169,0.6610169491525424,0.7214285714285714,0.7345454545454545,0.7279279279279279,0.7028301886792453,0.7028301886792453,0.7028301886792453,0.7702702702702703,0.7037037037037037,0.7354838709677419
5,TfidfVectorizer,DecisionTree,"{'criterion': 'entropy', 'max_features': 'log2'}",0.519,0.9785119999996823,1.374028599999292,559.13671875,547.7890625,0.5711678832116789,0.5690909090909091,0.5701275045537341,0.6204819277108434,0.5852272727272727,0.6023391812865497,0.4409937888198758,0.398876404494382,0.41887905604719766,0.4110032362459547,0.4618181818181818,0.4349315068493151,0.35833333333333334,0.4056603773584906,0.3805309734513274,0.3717948717948718,0.35802469135802467,0.36477987421383645
5,TfidfVectorizer,DecisionTree,"{'criterion': 'entropy', 'max_features': None}",0.8495,5.226744800000233,1.8138593999992736,556.9609375,545.57421875,0.8858800773694391,0.8327272727272728,0.8584817244611059,0.8789173789173789,0.8764204545454546,0.8776671408250356,0.8352941176470589,0.797752808988764,0.8160919540229885,0.7873754152823921,0.8618181818181818,0.8229166666666666,0.7754237288135594,0.8632075471698113,0.8169642857142857,0.8378378378378378,0.7654320987654321,0.8
5,TfidfVectorizer,DecisionTree,"{'criterion': 'log_loss', 'max_features': 'sqrt'}",0.7345,0.8512418000000253,1.8300325000000157,554.65625,547.12109375,0.7467652495378928,0.7345454545454545,0.7406049495875344,0.7531380753138075,0.7670454545454546,0.7600281491907108,0.6647727272727273,0.6573033707865169,0.6610169491525424,0.7214285714285714,0.7345454545454545,0.7279279279279279,0.7028301886792453,0.7028301886792453,0.7028301886792453,0.7702702702702703,0.7037037037037037,0.7354838709677419
5,TfidfVectorizer,DecisionTree,"{'criterion': 'log_loss', 'max_features': 'log2'}",0.519,0.9776870999994571,1.822323200000028,559.33984375,547.80859375,0.5711678832116789,0.5690909090909091,0.5701275045537341,0.6204819277108434,0.5852272727272727,0.6023391812865497,0.4409937888198758,0.398876404494382,0.41887905604719766,0.4110032362459547,0.4618181818181818,0.4349315068493151,0.35833333333333334,0.4056603773584906,0.3805309734513274,0.3717948717948718,0.35802469135802467,0.36477987421383645
5,TfidfVectorizer,DecisionTree,"{'criterion': 'log_loss', 'max_features': None}",0.8495,5.188083799999731,1.8233309000006557,557.1640625,545.76171875,0.8858800773694391,0.8327272727272728,0.8584817244611059,0.8789173789173789,0.8764204545454546,0.8776671408250356,0.8352941176470589,0.797752808988764,0.8160919540229885,0.7873754152823921,0.8618181818181818,0.8229166666666666,0.7754237288135594,0.8632075471698113,0.8169642857142857,0.8378378378378378,0.7654320987654321,0.8
5,TfidfVectorizer,GradientBoosting,"{'n_estimators': 100, 'criterion': 'friedman_mse'}",0.853,26.37069909999991,1.4081621000004816,556.48046875,552.546875,0.9147286821705426,0.8581818181818182,0.8855534709193246,0.7781609195402299,0.9616477272727273,0.8602287166454892,0.903448275862069,0.7359550561797753,0.8111455108359134,0.9577464788732394,0.7418181818181818,0.8360655737704918,0.8953488372093024,0.7264150943396226,0.8020833333333334,0.8095238095238095,0.8395061728395061,0.8242424242424242
5,TfidfVectorizer,GradientBoosting,"{'n_estimators': 100, 'criterion': 'squared_error'}",0.853,26.318871200000103,1.8533899000003657,556.078125,545.75,0.9147286821705426,0.8581818181818182,0.8855534709193246,0.7781609195402299,0.9616477272727273,0.8602287166454892,0.903448275862069,0.7359550561797753,0.8111455108359134,0.9577464788732394,0.7418181818181818,0.8360655737704918,0.8953488372093024,0.7264150943396226,0.8020833333333334,0.8095238095238095,0.8395061728395061,0.8242424242424242
5,TfidfVectorizer,GradientBoosting,"{'n_estimators': 150, 'criterion': 'friedman_mse'}",0.872,39.42568469999969,0.9633573999999498,556.36328125,552.87109375,0.9193857965451055,0.8709090909090909,0.8944911297852475,0.841168996188056,0.9403409090909091,0.8879946344735077,0.8505747126436781,0.8314606741573034,0.8409090909090909,0.9102040816326531,0.8109090909090909,0.8576923076923076,0.8770053475935828,0.7735849056603774,0.8220551378446115,0.7906976744186046,0.8395061728395061,0.8143712574850299
5,TfidfVectorizer,GradientBoosting,"{'n_estimators': 150, 'criterion': 'squared_error'}",0.872,39.13191029999962,0.9674609000003329,555.64453125,545.55078125,0.9193857965451055,0.8709090909090909,0.8944911297852475,0.841168996188056,0.9403409090909091,0.8879946344735077,0.8505747126436781,0.8314606741573034,0.8409090909090909,0.9102040816326531,0.8109090909090909,0.8576923076923076,0.8770053475935828,0.7735849056603774,0.8220551378446115,0.7906976744186046,0.8395061728395061,0.8143712574850299
5,TfidfVectorizer,GradientBoosting,"{'n_estimators': 200, 'criterion': 'friedman_mse'}",0.8855,52.364164900000105,0.976442500000303,555.59375,552.78515625,0.9285714285714286,0.8745454545454545,0.900749063670412,0.8726790450928382,0.9346590909090909,0.9026063100137174,0.8378378378378378,0.8707865168539326,0.8539944903581267,0.9212598425196851,0.850909090909091,0.8846880907372401,0.848780487804878,0.8207547169811321,0.8345323741007195,0.8214285714285714,0.8518518518518519,0.8363636363636363
5,TfidfVectorizer,GradientBoosting,"{'n_estimators': 200, 'criterion': 'squared_error'}",0.8855,51.85175059999983,0.9879934000000503,555.96875,545.8203125,0.9285714285714286,0.8745454545454545,0.900749063670412,0.8726790450928382,0.9346590909090909,0.9026063100137174,0.8378378378378378,0.8707865168539326,0.8539944903581267,0.9212598425196851,0.850909090909091,0.8846880907372401,0.848780487804878,0.8207547169811321,0.8345323741007195,0.8214285714285714,0.8518518518518519,0.8363636363636363
5,TfidfVectorizer,AdaBoost,"{'n_estimators': 50, 'learning_rate': 0.01}",0.3555,1.8097747000001618,1.4022952000004807,554.76953125,545.55078125,0.0,0.0,0.0,0.35591506572295245,1.0,0.5249813571961223,0.0,0.0,0.0,0.4666666666666667,0.025454545454545455,0.04827586206896552,0.0,0.0,0.0,0.0,0.0,0.0
5,TfidfVectorizer,AdaBoost,"{'n_estimators': 50, 'learning_rate': 0.1}",0.3575,1.7835068999993382,1.4081952999995337,554.6328125,545.8125,0.06060606060606061,0.0036363636363636364,0.00686106346483705,0.3632124352331606,0.9957386363636364,0.5322703113135915,0.0,0.0,0.0,0.0,0.0,0.0,0.39285714285714285,0.05188679245283019,0.09166666666666666,1.0,0.012345679012345678,0.024390243902439025
5,TfidfVectorizer,AdaBoost,"{'n_estimators': 50, 'learning_rate': 1.0}",0.3695,1.7834883999994418,0.9713907000004838,554.6640625,551.88671875,0.0,0.0,0.0,0.3632050606220348,0.9786931818181818,0.5297962322183776,0.4,0.0449438202247191,0.08080808080808081,0.0,0.0,0.0,0.4444444444444444,0.07547169811320754,0.12903225806451613,0.8125,0.32098765432098764,0.46017699115044247
5,TfidfVectorizer,AdaBoost,"{'n_estimators': 100, 'learning_rate': 0.01}",0.351,3.0523809999995137,0.9981838000003336,554.63671875,545.9140625,0.0,0.0,0.0,0.3561643835616438,0.9971590909090909,0.5248598130841121,0.0,0.0,0.0,0.0,0.0,0.0,0.0,0.0,0.0,0.0,0.0,0.0
5,TfidfVectorizer,AdaBoost,"{'n_estimators': 100, 'learning_rate': 0.1}",0.36,3.002954500000669,0.9916688000002978,554.6796875,545.48046875,0.0,0.0,0.0,0.36358921161825725,0.9957386363636364,0.5326747720364742,0.0,0.0,0.0,0.0,0.0,0.0,0.425,0.08018867924528301,0.1349206349206349,0.6666666666666666,0.024691358024691357,0.047619047619047616
5,TfidfVectorizer,AdaBoost,"{'n_estimators': 100, 'learning_rate': 1.0}",0.364,3.0197587000002386,0.9857491000002483,554.45703125,545.58984375,0.14705882352941177,0.00909090909090909,0.017123287671232876,0.36339092872570194,0.9559659090909091,0.52660406885759,0.36363636363636365,0.0449438202247191,0.08,0.0,0.0,0.0,0.3561643835616438,0.12264150943396226,0.1824561403508772,0.8421052631578947,0.19753086419753085,0.32
5,TfidfVectorizer,AdaBoost,"{'n_estimators': 150, 'learning_rate': 0.01}",0.352,4.316581199999746,1.0196101999999883,554.48828125,545.9140625,0.058823529411764705,0.0036363636363636364,0.00684931506849315,0.3585291113381001,0.9971590909090909,0.5274229902329076,0.0,0.0,0.0,0.0,0.0,0.0,0.0,0.0,0.0,0.0,0.0,0.0
5,TfidfVectorizer,AdaBoost,"{'n_estimators': 150, 'learning_rate': 0.1}",0.3605,4.226830799999334,1.0241975999997521,554.50390625,546.0234375,0.03225806451612903,0.0018181818181818182,0.0034423407917383822,0.3654848800834202,0.9957386363636364,0.5347063310450039,0.0,0.0,0.0,0.0,0.0,0.0,0.425,0.08018867924528301,0.1349206349206349,0.6666666666666666,0.024691358024691357,0.047619047619047616
5,TfidfVectorizer,AdaBoost,"{'n_estimators': 150, 'learning_rate': 1.0}",0.3635,4.2610508999996455,1.02128730000004,554.83984375,546.02734375,0.12,0.01090909090909091,0.02,0.36541598694942906,0.9545454545454546,0.5285096342902084,0.4,0.0449438202247191,0.08080808080808081,0.0,0.0,0.0,0.3561643835616438,0.12264150943396226,0.1824561403508772,0.8333333333333334,0.18518518518518517,0.30303030303030304
5,TfidfVectorizer,SGD,"{'alpha': 0.0001, 'penalty': 'l2'}",0.9,1.203983899999912,1.799453700000413,554.5390625,545.90234375,0.9073426573426573,0.9436363636363636,0.9251336898395722,0.9016172506738545,0.9502840909090909,0.9253112033195021,0.8860759493670886,0.7865168539325843,0.8333333333333334,0.914179104477612,0.8909090909090909,0.9023941068139963,0.8835978835978836,0.7877358490566038,0.8329177057356608,0.8450704225352113,0.7407407407407407,0.7894736842105263
5,TfidfVectorizer,SGD,"{'alpha': 0.0001, 'penalty': 'l1'}",0.91,1.208017099999779,1.81190609999976,552.38671875,545.8828125,0.9273049645390071,0.9509090909090909,0.9389587073608617,0.907258064516129,0.9588068181818182,0.9323204419889503,0.9090909090909091,0.7865168539325843,0.8433734939759037,0.915129151291513,0.9018181818181819,0.9084249084249084,0.8620689655172413,0.8254716981132075,0.8433734939759037,0.921875,0.7283950617283951,0.8137931034482758
5,TfidfVectorizer,SGD,"{'alpha': 0.0001, 'penalty': 'elasticnet'}",0.905,1.3390982000000804,1.813514600000417,552.390625,545.9765625,0.9203539823008849,0.9454545454545454,0.9327354260089686,0.8997326203208557,0.9559659090909091,0.9269972451790633,0.9013157894736842,0.7696629213483146,0.8303030303030303,0.9256505576208178,0.9054545454545454,0.9154411764705882,0.8724489795918368,0.8066037735849056,0.8382352941176471,0.8571428571428571,0.7407407407407407,0.7947019867549668
5,TfidfVectorizer,SGD,"{'alpha': 0.001, 'penalty': 'l2'}",0.881,1.1748539999998684,1.81646499999988,552.390625,545.7578125,0.8729096989966555,0.9490909090909091,0.9094076655052264,0.85625,0.9730113636363636,0.910904255319149,0.9538461538461539,0.6966292134831461,0.8051948051948052,0.9259259259259259,0.8181818181818182,0.8687258687258688,0.9107142857142857,0.7216981132075472,0.8052631578947368,0.8688524590163934,0.654320987654321,0.7464788732394366
5,TfidfVectorizer,SGD,"{'alpha': 0.001, 'penalty': 'l1'}",0.6675,1.2565483999997014,1.810570600000574,552.37890625,545.9765625,0.4763205828779599,0.9509090909090909,0.6347087378640777,0.888421052631579,0.5994318181818182,0.7158608990670059,0.9743589743589743,0.42696629213483145,0.59375,0.9341317365269461,0.5672727272727273,0.7058823529411765,0.8620689655172413,0.589622641509434,0.7002801120448179,0.8918918918918919,0.4074074074074074,0.559322033898305
5,TfidfVectorizer,SGD,"{'alpha': 0.001, 'penalty': 'elasticnet'}",0.884,1.231221099999857,1.8060593000000154,552.390625,545.8828125,0.888135593220339,0.9527272727272728,0.9192982456140351,0.8502475247524752,0.9758522727272727,0.9087301587301587,0.9603174603174603,0.6797752808988764,0.7960526315789473,0.9391304347826087,0.7854545454545454,0.8554455445544554,0.8888888888888888,0.7924528301886793,0.8379052369077307,0.9122807017543859,0.6419753086419753,0.7536231884057971
5,TfidfVectorizer,SGD,"{'alpha': 0.01, 'penalty': 'l2'}",0.881,1.161506599999484,1.3904443999999785,552.390625,545.9765625,0.8716666666666667,0.9509090909090909,0.9095652173913044,0.8557213930348259,0.9772727272727273,0.9124668435013262,0.9606299212598425,0.6853932584269663,0.8,0.9218106995884774,0.8145454545454546,0.8648648648648649,0.9053254437869822,0.7216981132075472,0.8031496062992126,0.9122807017543859,0.6419753086419753,0.7536231884057971
5,TfidfVectorizer,SGD,"{'alpha': 0.01, 'penalty': 'l1'}",0.352,1.189812599999641,1.808513199999652,552.390625,545.6875,0.0,0.0,0.0,0.352,1.0,0.5207100591715976,0.0,0.0,0.0,0.0,0.0,0.0,0.0,0.0,0.0,0.0,0.0,0.0
5,TfidfVectorizer,SGD,"{'alpha': 0.01, 'penalty': 'elasticnet'}",0.3725,1.1919148000006317,1.3742821999994703,552.3203125,545.90625,0.7777777777777778,0.06363636363636363,0.11764705882352941,0.3605546995377504,0.9971590909090909,0.5296114673708034,0.0,0.0,0.0,1.0,0.02909090909090909,0.05653710247349823,0.0,0.0,0.0,0.0,0.0,0.0
5,CountVectorizer,RandomForest,"{'n_estimators': 50, 'criterion': 'gini'}",0.896,8.500434800000221,1.0251664999996137,545.90625,436.0078125,0.918918918918919,0.9272727272727272,0.9230769230769231,0.9245014245014245,0.921875,0.9231863442389758,0.8502994011976048,0.797752808988764,0.8231884057971014,0.872791519434629,0.8981818181818182,0.8853046594982079,0.8372093023255814,0.8490566037735849,0.8430913348946136,0.8205128205128205,0.7901234567901234,0.8050314465408805
5,CountVectorizer,RandomForest,"{'n_estimators': 50, 'criterion': 'entropy'}",0.888,9.596906099999615,1.031699000000117,440.66015625,434.08203125,0.9209558823529411,0.9109090909090909,0.9159049360146252,0.9186875891583453,0.9147727272727273,0.9167259786476868,0.8323699421965318,0.8089887640449438,0.8205128205128205,0.8551724137931035,0.9018181818181819,0.8778761061946903,0.8333333333333334,0.8254716981132075,0.8293838862559242,0.7804878048780488,0.7901234567901234,0.7852760736196319
5,CountVectorizer,RandomForest,"{'n_estimators': 50, 'criterion': 'log_loss'}",0.888,9.617607099999987,1.0329727999996976,440.15234375,440.24609375,0.9209558823529411,0.9109090909090909,0.9159049360146252,0.9186875891583453,0.9147727272727273,0.9167259786476868,0.8323699421965318,0.8089887640449438,0.8205128205128205,0.8551724137931035,0.9018181818181819,0.8778761061946903,0.8333333333333334,0.8254716981132075,0.8293838862559242,0.7804878048780488,0.7901234567901234,0.7852760736196319
5,CountVectorizer,RandomForest,"{'n_estimators': 100, 'criterion': 'gini'}",0.896,16.62180829999943,1.123456399999668,493.3046875,486.515625,0.9221014492753623,0.9254545454545454,0.9237749546279492,0.9243937232524965,0.9204545454545454,0.9224199288256227,0.844311377245509,0.7921348314606742,0.8173913043478261,0.8767605633802817,0.9054545454545454,0.8908765652951699,0.8348623853211009,0.8584905660377359,0.8465116279069768,0.8076923076923077,0.7777777777777778,0.7924528301886793
5,CountVectorizer,RandomForest,"{'n_estimators': 100, 'criterion': 'entropy'}",0.8885,18.609227999999348,1.1216958000004524,501.3984375,494.1171875,0.9257884972170687,0.9072727272727272,0.9164370982552801,0.9215406562054208,0.9176136363636364,0.9195729537366548,0.8255813953488372,0.797752808988764,0.8114285714285714,0.8556701030927835,0.9054545454545454,0.8798586572438163,0.8202764976958525,0.839622641509434,0.8298368298368298,0.7875,0.7777777777777778,0.782608695652174
5,CountVectorizer,RandomForest,"{'n_estimators': 100, 'criterion': 'log_loss'}",0.8885,18.57019279999986,1.1228640999997879,501.29296875,494.02734375,0.9257884972170687,0.9072727272727272,0.9164370982552801,0.9215406562054208,0.9176136363636364,0.9195729537366548,0.8255813953488372,0.797752808988764,0.8114285714285714,0.8556701030927835,0.9054545454545454,0.8798586572438163,0.8202764976958525,0.839622641509434,0.8298368298368298,0.7875,0.7777777777777778,0.782608695652174
5,CountVectorizer,RandomForest,"{'n_estimators': 150, 'criterion': 'gini'}",0.896,24.514618899999732,1.225248300000203,541.69140625,534.81640625,0.9271402550091075,0.9254545454545454,0.9262966333030027,0.9257142857142857,0.9204545454545454,0.9230769230769231,0.8461538461538461,0.8033707865168539,0.8242074927953891,0.875886524822695,0.8981818181818182,0.8868940754039497,0.8198198198198198,0.8584905660377359,0.8387096774193549,0.8076923076923077,0.7777777777777778,0.7924528301886793
5,CountVectorizer,RandomForest,"{'n_estimators': 150, 'criterion': 'entropy'}",0.8865,27.495524299999488,1.2091320000008636,559.44140625,552.578125,0.9205175600739371,0.9054545454545454,0.9129239230064161,0.9212034383954155,0.9133522727272727,0.9172610556348074,0.8171428571428572,0.8033707865168539,0.8101983002832861,0.8636363636363636,0.8981818181818182,0.8805704099821747,0.8165137614678899,0.839622641509434,0.827906976744186,0.7804878048780488,0.7901234567901234,0.7852760736196319
5,CountVectorizer,RandomForest,"{'n_estimators': 150, 'criterion': 'log_loss'}",0.8865,27.27934229999937,1.2153870000001916,558.22265625,557.71484375,0.9205175600739371,0.9054545454545454,0.9129239230064161,0.9212034383954155,0.9133522727272727,0.9172610556348074,0.8171428571428572,0.8033707865168539,0.8101983002832861,0.8636363636363636,0.8981818181818182,0.8805704099821747,0.8165137614678899,0.839622641509434,0.827906976744186,0.7804878048780488,0.7901234567901234,0.7852760736196319
5,CountVectorizer,SVC,"{'C': 0.1, 'kernel': 'linear'}",0.8915,16.231620900000053,1.6224044999999023,799.6015625,572.25,0.9157706093189965,0.9290909090909091,0.9223826714801444,0.9093444909344491,0.9261363636363636,0.9176636171710063,0.8502994011976048,0.797752808988764,0.8231884057971014,0.8955223880597015,0.8727272727272727,0.8839779005524862,0.7920353982300885,0.8443396226415094,0.817351598173516,0.921875,0.7283950617283951,0.8137931034482758
5,CountVectorizer,SVC,"{'C': 0.1, 'kernel': 'rbf'}",0.441,26.26045680000061,2.263952999999674,769.1796875,574.23828125,0.7563025210084033,0.32727272727272727,0.45685279187817257,0.3977272727272727,0.9943181818181818,0.5681818181818182,0.0,0.0,0.0,1.0,0.0036363636363636364,0.007246376811594203,1.0,0.0047169811320754715,0.009389671361502348,0.0,0.0,0.0
5,CountVectorizer,SVC,"{'C': 0.1, 'kernel': 'sigmoid'}",0.5795,20.397563999999875,1.977137799999582,768.453125,574.77734375,0.7357859531772575,0.8,0.7665505226480837,0.5021897810218978,0.9772727272727273,0.6634522661523626,0.0,0.0,0.0,1.0,0.05454545454545454,0.10344827586206896,1.0,0.0660377358490566,0.12389380530973451,1.0,0.024691358024691357,0.04819277108433735
5,CountVectorizer,SVC,"{'C': 1, 'kernel': 'linear'}",0.8875,10.721728200000143,1.4142457999996623,691.578125,573.2890625,0.9153153153153153,0.9236363636363636,0.9194570135746606,0.9158345221112696,0.9119318181818182,0.9138790035587189,0.8011363636363636,0.7921348314606742,0.7966101694915254,0.9014598540145985,0.8981818181818182,0.8998178506375227,0.8101851851851852,0.8254716981132075,0.8177570093457944,0.7948717948717948,0.7654320987654321,0.779874213836478
5,CountVectorizer,SVC,"{'C': 1, 'kernel': 'rbf'}",0.838,32.21503510000002,2.0917539000001852,794.30078125,573.9921875,0.878682842287695,0.9218181818181819,0.8997338065661047,0.7794457274826789,0.9588068181818182,0.8598726114649682,0.9215686274509803,0.5280898876404494,0.6714285714285714,0.9118942731277533,0.7527272727272727,0.8247011952191236,0.8241758241758241,0.7075471698113207,0.7614213197969543,0.9347826086956522,0.5308641975308642,0.6771653543307087
5,CountVectorizer,SVC,"{'C': 1, 'kernel': 'sigmoid'}",0.8645,13.310132300000078,1.5717414999999164,732.109375,559.2890625,0.8534923339011925,0.9109090909090909,0.8812664907651715,0.9001447178002895,0.8835227272727273,0.8917562724014337,0.7845303867403315,0.797752808988764,0.7910863509749304,0.8872180451127819,0.8581818181818182,0.8724584103512015,0.8113207547169812,0.8113207547169812,0.8113207547169812,0.8888888888888888,0.691358024691358,0.7777777777777778
5,CountVectorizer,SVC,"{'C': 10, 'kernel': 'linear'}",0.8615,9.66399790000014,1.3490065000005416,674.8046875,574.04296875,0.868421052631579,0.9,0.8839285714285714,0.8873239436619719,0.8948863636363636,0.8910891089108911,0.7861271676300579,0.7640449438202247,0.7749287749287749,0.8846153846153846,0.8363636363636363,0.8598130841121495,0.8217821782178217,0.7830188679245284,0.8019323671497585,0.7764705882352941,0.8148148148148148,0.7951807228915663
5,CountVectorizer,SVC,"{'C': 10, 'kernel': 'rbf'}",0.8505,33.30969279999954,2.1017327999998088,793.8359375,574.0625,0.891459074733096,0.9109090909090909,0.9010791366906474,0.8079710144927537,0.9502840909090909,0.8733681462140992,0.8813559322033898,0.5842696629213483,0.7027027027027027,0.8930041152263375,0.7890909090909091,0.8378378378378378,0.8315789473684211,0.7452830188679245,0.7860696517412935,0.8813559322033898,0.6419753086419753,0.7428571428571429
5,CountVectorizer,SVC,"{'C': 10, 'kernel': 'sigmoid'}",0.762,7.421661299999869,1.2143643999997948,653.43359375,571.8671875,0.7208931419457735,0.8218181818181818,0.7680543755310111,0.8027777777777778,0.8210227272727273,0.8117977528089888,0.6445783132530121,0.601123595505618,0.622093023255814,0.8708133971291866,0.6618181818181819,0.7520661157024794,0.7336448598130841,0.7405660377358491,0.7370892018779343,0.75,0.5925925925925926,0.6620689655172414
5,CountVectorizer,MultinomialNB,{'alpha': 0.01},0.661,1.0957080999996833,1.8215831000006801,571.8125,556.93359375,0.5630252100840336,0.8527272727272728,0.67823571945047,0.7986230636833046,0.6590909090909091,0.7221789883268482,0.7169811320754716,0.42696629213483145,0.5352112676056338,0.6905829596412556,0.56,0.6184738955823293,0.6172248803827751,0.6084905660377359,0.6128266033254157,0.625,0.37037037037037035,0.46511627906976744
5,CountVectorizer,MultinomialNB,{'alpha': 0.1},0.757,1.0983667999998943,1.3766708000002836,567.02734375,555.484375,0.6902777777777778,0.9036363636363637,0.7826771653543307,0.8651315789473685,0.7471590909090909,0.801829268292683,0.7681159420289855,0.5955056179775281,0.6708860759493671,0.7894736842105263,0.7090909090909091,0.7471264367816092,0.6739130434782609,0.7311320754716981,0.7013574660633484,0.6140350877192983,0.43209876543209874,0.5072463768115942
5,CountVectorizer,MultinomialNB,{'alpha': 1.0},0.798,1.0981788999997661,1.8227919999999358,567.8828125,555.16015625,0.7175989085948158,0.9563636363636364,0.8199532346063912,0.8222506393861893,0.9133522727272727,0.8654104979811574,0.9113924050632911,0.4044943820224719,0.5603112840466926,0.9045454545454545,0.7236363636363636,0.804040404040404,0.8470588235294118,0.6792452830188679,0.7539267015706806,0.75,0.14814814814814814,0.24742268041237114
5,CountVectorizer,LogisticRegression,"{'C': 0.1, 'penalty': 'l2'}",0.87,1.0704808999998932,1.8228128000000652,588.44140625,554.796875,0.8710217755443886,0.9454545454545454,0.9067131647776809,0.8542199488491049,0.9488636363636364,0.8990578734858681,0.9117647058823529,0.6966292134831461,0.7898089171974523,0.9057377049180327,0.8036363636363636,0.8516377649325626,0.8429319371727748,0.7594339622641509,0.7990074441687345,0.92,0.5679012345679012,0.7022900763358778
5,CountVectorizer,LogisticRegression,"{'C': 1, 'penalty': 'l2'}",0.892,1.4545577999997477,1.8090806000000157,588.09375,553.84375,0.9113475177304965,0.9345454545454546,0.9228007181328546,0.9127988748241913,0.921875,0.9173144876325088,0.8265895953757225,0.8033707865168539,0.8148148148148148,0.9014598540145985,0.8981818181818182,0.8998178506375227,0.845771144278607,0.8018867924528302,0.8232445520581114,0.7922077922077922,0.7530864197530864,0.7721518987341772
5,CountVectorizer,LogisticRegression,"{'C': 10, 'penalty': 'l2'}",0.895,1.5707122000003437,1.8096365000001242,587.05859375,553.8359375,0.918918918918919,0.9272727272727272,0.9230769230769231,0.9230769230769231,0.9204545454545454,0.9217638691322901,0.8066298342541437,0.8202247191011236,0.8133704735376045,0.8974358974358975,0.8909090909090909,0.8941605839416058,0.8514851485148515,0.8113207547169812,0.8309178743961353,0.7931034482758621,0.8518518518518519,0.8214285714285714
5,CountVectorizer,KNeighbors,"{'n_neighbors': 3, 'algorithm': 'ball_tree'}",0.578,1.0872671999995873,1.0264188000001013,564.8046875,1013.33203125,0.4806282722513089,0.8345454545454546,0.6099667774086379,0.702922077922078,0.6150568181818182,0.656060606060606,0.5466666666666666,0.2303370786516854,0.3241106719367589,0.6218905472636815,0.45454545454545453,0.5252100840336135,0.6491228070175439,0.3490566037735849,0.4539877300613497,0.6153846153846154,0.2962962962962963,0.4
5,CountVectorizer,KNeighbors,"{'n_neighbors': 3, 'algorithm': 'kd_tree'}",0.578,1.0935343999999532,1.0169452999998612,562.48046875,937.50390625,0.4806282722513089,0.8345454545454546,0.6099667774086379,0.702922077922078,0.6150568181818182,0.656060606060606,0.5466666666666666,0.2303370786516854,0.3241106719367589,0.6218905472636815,0.45454545454545453,0.5252100840336135,0.6491228070175439,0.3490566037735849,0.4539877300613497,0.6153846153846154,0.2962962962962963,0.4
5,CountVectorizer,KNeighbors,"{'n_neighbors': 3, 'algorithm': 'brute'}",0.578,1.1040524000000005,1.0266123000001244,563.2734375,1017.1796875,0.4806282722513089,0.8345454545454546,0.6099667774086379,0.702922077922078,0.6150568181818182,0.656060606060606,0.5466666666666666,0.2303370786516854,0.3241106719367589,0.6218905472636815,0.45454545454545453,0.5252100840336135,0.6491228070175439,0.3490566037735849,0.4539877300613497,0.6153846153846154,0.2962962962962963,0.4
5,CountVectorizer,KNeighbors,"{'n_neighbors': 5, 'algorithm': 'ball_tree'}",0.5865,1.1113954000002195,1.0158074000000852,562.59375,1015.13671875,0.5005405405405405,0.8418181818181818,0.6277966101694915,0.6900763358778625,0.6420454545454546,0.6651949963208241,0.6153846153846154,0.2247191011235955,0.3292181069958848,0.5942028985507246,0.44727272727272727,0.5103734439834025,0.6695652173913044,0.3632075471698113,0.4709480122324159,0.5454545454545454,0.2222222222222222,0.3157894736842105
5,CountVectorizer,KNeighbors,"{'n_neighbors': 5, 'algorithm': 'kd_tree'}",0.5865,1.1032343999995646,1.0151011999996626,563.2109375,1004.73046875,0.5005405405405405,0.8418181818181818,0.6277966101694915,0.6900763358778625,0.6420454545454546,0.6651949963208241,0.6153846153846154,0.2247191011235955,0.3292181069958848,0.5942028985507246,0.44727272727272727,0.5103734439834025,0.6695652173913044,0.3632075471698113,0.4709480122324159,0.5454545454545454,0.2222222222222222,0.3157894736842105
5,CountVectorizer,KNeighbors,"{'n_neighbors': 5, 'algorithm': 'brute'}",0.5865,1.0898126000001866,1.0206226000000242,562.609375,1002.73828125,0.5005405405405405,0.8418181818181818,0.6277966101694915,0.6900763358778625,0.6420454545454546,0.6651949963208241,0.6153846153846154,0.2247191011235955,0.3292181069958848,0.5942028985507246,0.44727272727272727,0.5103734439834025,0.6695652173913044,0.3632075471698113,0.4709480122324159,0.5454545454545454,0.2222222222222222,0.3157894736842105
5,CountVectorizer,KNeighbors,"{'n_neighbors': 7, 'algorithm': 'ball_tree'}",0.571,1.1034450000006473,1.018518399999266,563.2890625,1014.8515625,0.48326359832635984,0.84,0.6135458167330677,0.6827794561933535,0.6420454545454546,0.6617862371888726,0.725,0.16292134831460675,0.26605504587155965,0.5318181818181819,0.4254545454545455,0.4727272727272727,0.6701030927835051,0.30660377358490565,0.42071197411003236,0.68,0.20987654320987653,0.32075471698113206
5,CountVectorizer,KNeighbors,"{'n_neighbors': 7, 'algorithm': 'kd_tree'}",0.571,1.1062817000001814,1.0323508000001311,562.54296875,1010.3125,0.48326359832635984,0.84,0.6135458167330677,0.6827794561933535,0.6420454545454546,0.6617862371888726,0.725,0.16292134831460675,0.26605504587155965,0.5318181818181819,0.4254545454545455,0.4727272727272727,0.6701030927835051,0.30660377358490565,0.42071197411003236,0.68,0.20987654320987653,0.32075471698113206
5,CountVectorizer,KNeighbors,"{'n_neighbors': 7, 'algorithm': 'brute'}",0.571,1.0892490000005637,1.030975199999375,563.41796875,992.9765625,0.48326359832635984,0.84,0.6135458167330677,0.6827794561933535,0.6420454545454546,0.6617862371888726,0.725,0.16292134831460675,0.26605504587155965,0.5318181818181819,0.4254545454545455,0.4727272727272727,0.6701030927835051,0.30660377358490565,0.42071197411003236,0.68,0.20987654320987653,0.32075471698113206
5,CountVectorizer,DecisionTree,"{'criterion': 'gini', 'max_features': 'sqrt'}",0.797,0.8057726999995793,1.830939500000568,562.140625,554.09375,0.8126094570928196,0.8436363636363636,0.8278322925958965,0.8545454545454545,0.8011363636363636,0.8269794721407625,0.7456647398843931,0.7247191011235955,0.7350427350427351,0.8161764705882353,0.8072727272727273,0.8117001828153565,0.6442687747035574,0.7688679245283019,0.7010752688172043,0.7323943661971831,0.6419753086419753,0.6842105263157895
5,CountVectorizer,DecisionTree,"{'criterion': 'gini', 'max_features': 'log2'}",0.5515,1.0025487000002613,1.8189994000003935,567.0078125,555.2265625,0.5425361155698234,0.6145454545454545,0.5763000852514919,0.6572769953051644,0.5965909090909091,0.6254653760238272,0.5235294117647059,0.5,0.5114942528735632,0.4777777777777778,0.4690909090909091,0.47339449541284406,0.42272727272727273,0.4386792452830189,0.4305555555555556,0.4358974358974359,0.41975308641975306,0.4276729559748428
5,CountVectorizer,DecisionTree,"{'criterion': 'gini', 'max_features': None}",0.88,2.1157204000001,1.807915000000321,564.5078125,553.0,0.8926654740608229,0.9072727272727272,0.8999098286744815,0.9438543247344461,0.8835227272727273,0.9126925898752751,0.8043478260869565,0.8314606741573034,0.8176795580110497,0.831081081081081,0.8945454545454545,0.861646234676007,0.8144796380090498,0.8490566037735849,0.8314087759815243,0.8024691358024691,0.8024691358024691,0.8024691358024691
5,CountVectorizer,DecisionTree,"{'criterion': 'entropy', 'max_features': 'sqrt'}",0.775,0.8125286000004053,1.8065182000000277,562.4296875,554.38671875,0.8032786885245902,0.8018181818181818,0.802547770700637,0.8259587020648967,0.7954545454545454,0.8104196816208393,0.6684210526315789,0.7134831460674157,0.6902173913043478,0.7608695652173914,0.7636363636363637,0.7622504537205081,0.7040358744394619,0.7405660377358491,0.7218390804597701,0.6547619047619048,0.6790123456790124,0.6666666666666666
5,CountVectorizer,DecisionTree,"{'criterion': 'entropy', 'max_features': 'log2'}",0.5355,1.0388589000003776,1.8363525999993726,567.43359375,555.55078125,0.532399299474606,0.5527272727272727,0.5423728813559322,0.6271186440677966,0.6306818181818182,0.6288951841359773,0.40588235294117647,0.38764044943820225,0.39655172413793105,0.46153846153846156,0.48,0.47058823529411764,0.4213197969543147,0.3915094339622642,0.4058679706601467,0.5735294117647058,0.48148148148148145,0.5234899328859061
5,CountVectorizer,DecisionTree,"{'criterion': 'entropy', 'max_features': None}",0.867,2.371730600000774,1.8264296000006652,564.54296875,553.09375,0.9028571428571428,0.8618181818181818,0.881860465116279,0.9215976331360947,0.8849431818181818,0.9028985507246376,0.8142076502732241,0.8370786516853933,0.8254847645429363,0.7980769230769231,0.9054545454545454,0.848381601362862,0.7702127659574468,0.8537735849056604,0.8098434004474273,0.8405797101449275,0.7160493827160493,0.7733333333333333
5,CountVectorizer,DecisionTree,"{'criterion': 'log_loss', 'max_features': 'sqrt'}",0.775,0.8350431999997454,1.8112281999992774,562.33984375,554.484375,0.8032786885245902,0.8018181818181818,0.802547770700637,0.8259587020648967,0.7954545454545454,0.8104196816208393,0.6684210526315789,0.7134831460674157,0.6902173913043478,0.7608695652173914,0.7636363636363637,0.7622504537205081,0.7040358744394619,0.7405660377358491,0.7218390804597701,0.6547619047619048,0.6790123456790124,0.6666666666666666
5,CountVectorizer,DecisionTree,"{'criterion': 'log_loss', 'max_features': 'log2'}",0.5355,1.0305055999997421,1.8350542999996833,567.02734375,555.1640625,0.532399299474606,0.5527272727272727,0.5423728813559322,0.6271186440677966,0.6306818181818182,0.6288951841359773,0.40588235294117647,0.38764044943820225,0.39655172413793105,0.46153846153846156,0.48,0.47058823529411764,0.4213197969543147,0.3915094339622642,0.4058679706601467,0.5735294117647058,0.48148148148148145,0.5234899328859061
5,CountVectorizer,DecisionTree,"{'criterion': 'log_loss', 'max_features': None}",0.867,2.3863054000003103,1.826418399999966,564.99609375,553.00390625,0.9028571428571428,0.8618181818181818,0.881860465116279,0.9215976331360947,0.8849431818181818,0.9028985507246376,0.8142076502732241,0.8370786516853933,0.8254847645429363,0.7980769230769231,0.9054545454545454,0.848381601362862,0.7702127659574468,0.8537735849056604,0.8098434004474273,0.8405797101449275,0.7160493827160493,0.7733333333333333
5,CountVectorizer,GradientBoosting,"{'n_estimators': 100, 'criterion': 'friedman_mse'}",0.8585,12.529838100000234,1.4066262000005736,563.9140625,552.796875,0.9165085388994307,0.8781818181818182,0.8969359331476323,0.7966706302021404,0.9517045454545454,0.8673139158576052,0.8701298701298701,0.7528089887640449,0.8072289156626506,0.9447004608294931,0.7454545454545455,0.8333333333333334,0.9011627906976745,0.7311320754716981,0.8072916666666666,0.7865168539325843,0.8641975308641975,0.8235294117647058
5,CountVectorizer,GradientBoosting,"{'n_estimators': 100, 'criterion': 'squared_error'}",0.8595,12.586193999999523,1.4115643999994063,562.84375,552.7578125,0.9182509505703422,0.8781818181818182,0.8977695167286245,0.7976190476190477,0.9517045454545454,0.8678756476683938,0.8717948717948718,0.7640449438202247,0.8143712574850299,0.9447004608294931,0.7454545454545455,0.8333333333333334,0.9011627906976745,0.7311320754716981,0.8072916666666666,0.7865168539325843,0.8641975308641975,0.8235294117647058
5,CountVectorizer,GradientBoosting,"{'n_estimators': 150, 'criterion': 'friedman_mse'}",0.8815,18.602502199999435,1.4367761000003156,562.8359375,552.98828125,0.9213483146067416,0.8945454545454545,0.9077490774907749,0.8651832460732984,0.9389204545454546,0.9005449591280654,0.8324022346368715,0.8370786516853933,0.834733893557423,0.9139344262295082,0.8109090909090909,0.859344894026975,0.875,0.7924528301886793,0.8316831683168316,0.8045977011494253,0.8641975308641975,0.8333333333333334
5,CountVectorizer,GradientBoosting,"{'n_estimators': 150, 'criterion': 'squared_error'}",0.8825,18.519332799999574,0.9665673999998035,563.07421875,552.71484375,0.9230769230769231,0.8945454545454545,0.9085872576177285,0.8663171690694627,0.9389204545454546,0.9011588275391956,0.8342541436464088,0.848314606741573,0.841225626740947,0.9139344262295082,0.8109090909090909,0.859344894026975,0.875,0.7924528301886793,0.8316831683168316,0.8045977011494253,0.8641975308641975,0.8333333333333334
5,CountVectorizer,GradientBoosting,"{'n_estimators': 200, 'criterion': 'friedman_mse'}",0.894,24.45634229999996,0.9872322999999597,562.95703125,560.11328125,0.9338374291115312,0.8981818181818182,0.9156626506024096,0.8929539295392954,0.9360795454545454,0.9140083217753121,0.8342245989304813,0.8764044943820225,0.8547945205479452,0.9076923076923077,0.8581818181818182,0.8822429906542056,0.8693467336683417,0.8160377358490566,0.8418491484184915,0.8045977011494253,0.8641975308641975,0.8333333333333334
5,CountVectorizer,GradientBoosting,"{'n_estimators': 200, 'criterion': 'squared_error'}",0.895,24.481456600000456,0.9862984000001234,562.6953125,552.71484375,0.9356060606060606,0.8981818181818182,0.9165120593692022,0.8941655359565808,0.9360795454545454,0.9146426092990978,0.8359788359788359,0.8876404494382022,0.8610354223433242,0.9076923076923077,0.8581818181818182,0.8822429906542056,0.8693467336683417,0.8160377358490566,0.8418491484184915,0.8045977011494253,0.8641975308641975,0.8333333333333334
5,CountVectorizer,AdaBoost,"{'n_estimators': 50, 'learning_rate': 0.01}",0.3555,1.2946017000003849,0.965885900000103,562.03125,552.99609375,0.0,0.0,0.0,0.35591506572295245,1.0,0.5249813571961223,0.0,0.0,0.0,0.4666666666666667,0.025454545454545455,0.04827586206896552,0.0,0.0,0.0,0.0,0.0,0.0
5,CountVectorizer,AdaBoost,"{'n_estimators': 50, 'learning_rate': 0.1}",0.3555,1.2790800999991916,1.409063199999764,562.2578125,553.3671875,0.058823529411764705,0.0036363636363636364,0.00684931506849315,0.36152656008251677,0.9957386363636364,0.5304578130911842,0.0,0.0,0.0,0.0,0.0,0.0,0.3888888888888889,0.0330188679245283,0.06086956521739131,1.0,0.012345679012345678,0.024390243902439025
5,CountVectorizer,AdaBoost,"{'n_estimators': 50, 'learning_rate': 1.0}",0.371,1.2938544999997248,1.4150484000001597,562.171875,553.609375,0.0,0.0,0.0,0.36496350364963503,0.9943181818181818,0.5339435545385202,0.75,0.033707865168539325,0.06451612903225806,0.0,0.0,0.0,0.3333333333333333,0.05660377358490566,0.0967741935483871,0.8,0.2962962962962963,0.43243243243243246
5,CountVectorizer,AdaBoost,"{'n_estimators': 100, 'learning_rate': 0.01}",0.3515,2.045438000000104,0.9933338000000731,562.3671875,553.73828125,0.0,0.0,0.0,0.35634517766497464,0.9971590909090909,0.525056095736724,0.0,0.0,0.0,0.0,0.0,0.0,1.0,0.0047169811320754715,0.009389671361502348,0.0,0.0,0.0
5,CountVectorizer,AdaBoost,"{'n_estimators': 100, 'learning_rate': 0.1}",0.36,1.9953353000000789,0.9971024000005855,562.3125,553.1484375,0.0,0.0,0.0,0.3637778930980799,0.9957386363636364,0.5328772329912581,0.0,0.0,0.0,0.0,0.0,0.0,0.43902439024390244,0.08490566037735849,0.1422924901185771,0.5,0.012345679012345678,0.024096385542168676
5,CountVectorizer,AdaBoost,"{'n_estimators': 100, 'learning_rate': 1.0}",0.3685,2.017056099999536,0.992221999999856,562.31640625,553.171875,0.0,0.0,0.0,0.3641940881204685,0.9275568181818182,0.5230276331597917,0.33035714285714285,0.20786516853932585,0.25517241379310346,0.2857142857142857,0.007272727272727273,0.014184397163120567,0.48333333333333334,0.13679245283018868,0.21323529411764705,0.8,0.19753086419753085,0.31683168316831684
5,CountVectorizer,AdaBoost,"{'n_estimators': 150, 'learning_rate': 0.01}",0.3515,2.7897093000001405,1.0139784000002692,562.296875,559.16015625,0.0,0.0,0.0,0.35634517766497464,0.9971590909090909,0.525056095736724,0.0,0.0,0.0,0.0,0.0,0.0,1.0,0.0047169811320754715,0.009389671361502348,0.0,0.0,0.0
5,CountVectorizer,AdaBoost,"{'n_estimators': 150, 'learning_rate': 0.1}",0.36,2.690187100000003,1.011452200000349,561.9609375,559.33984375,0.0,0.0,0.0,0.3639667705088266,0.9957386363636364,0.5330798479087453,0.0,0.0,0.0,0.0,0.0,0.0,0.425,0.08018867924528301,0.1349206349206349,0.5,0.024691358024691357,0.047058823529411764
5,CountVectorizer,AdaBoost,"{'n_estimators': 150, 'learning_rate': 1.0}",0.3115,2.7604157000005216,1.0172093000001041,561.9921875,558.92578125,0.3001138952164009,0.9581818181818181,0.4570685169124024,0.19148936170212766,0.01278409090909091,0.023968042609853527,0.3333333333333333,0.20786516853932585,0.2560553633217993,0.7,0.05090909090909091,0.09491525423728814,0.48,0.11320754716981132,0.183206106870229,0.75,0.14814814814814814,0.24742268041237114
5,CountVectorizer,SGD,"{'alpha': 0.0001, 'penalty': 'l2'}",0.901,1.2712901999993846,1.8133518000004187,562.27734375,553.91796875,0.9259927797833934,0.9327272727272727,0.9293478260869565,0.919605077574048,0.9261363636363636,0.9228591648973815,0.8275862068965517,0.8089887640449438,0.8181818181818182,0.8964285714285715,0.9127272727272727,0.9045045045045045,0.8634146341463415,0.8349056603773585,0.8489208633093526,0.8333333333333334,0.8024691358024691,0.8176100628930818
5,CountVectorizer,SGD,"{'alpha': 0.0001, 'penalty': 'l1'}",0.8995,0.7642344000005323,1.7975145000000339,562.11328125,553.6640625,0.9258589511754068,0.9309090909090909,0.928377153218495,0.9104895104895104,0.9247159090909091,0.9175475687103594,0.8128342245989305,0.8539325842696629,0.8328767123287671,0.9372549019607843,0.8690909090909091,0.9018867924528302,0.8530805687203792,0.8490566037735849,0.851063829787234,0.8227848101265823,0.8024691358024691,0.8125
5,CountVectorizer,SGD,"{'alpha': 0.0001, 'penalty': 'elasticnet'}",0.901,0.768912000000455,1.8172566000002917,561.734375,553.92578125,0.9309090909090909,0.9309090909090909,0.9309090909090909,0.9232954545454546,0.9232954545454546,0.9232954545454546,0.8352272727272727,0.8258426966292135,0.8305084745762712,0.8985507246376812,0.9018181818181819,0.9001814882032668,0.820627802690583,0.8632075471698113,0.8413793103448276,0.8732394366197183,0.7654320987654321,0.8157894736842105
5,CountVectorizer,SGD,"{'alpha': 0.001, 'penalty': 'l2'}",0.9005,1.2139536000004227,1.8302284999999756,562.2109375,553.8359375,0.9188712522045855,0.9472727272727273,0.9328558639212176,0.9103448275862069,0.9375,0.9237228831350595,0.8695652173913043,0.7865168539325843,0.8259587020648967,0.9107806691449815,0.8909090909090909,0.9007352941176471,0.8480392156862745,0.8160377358490566,0.8317307692307693,0.8378378378378378,0.7654320987654321,0.8
5,CountVectorizer,SGD,"{'alpha': 0.001, 'penalty': 'l1'}",0.839,1.2501777000006769,1.815798700000414,562.1875,553.87109375,0.9236499068901304,0.9018181818181819,0.9126034958601656,0.9372990353697749,0.828125,0.8793363499245852,0.49842271293375395,0.8876404494382022,0.6383838383838384,0.9473684210526315,0.7854545454545454,0.8588469184890656,0.8541666666666666,0.7735849056603774,0.8118811881188119,0.5865384615384616,0.7530864197530864,0.6594594594594595
5,CountVectorizer,SGD,"{'alpha': 0.001, 'penalty': 'elasticnet'}",0.9,1.3101145000000542,1.3849623999994947,562.1953125,553.8203125,0.9113043478260869,0.9527272727272728,0.9315555555555556,0.9025710419485792,0.9474431818181818,0.9244629244629244,0.9084967320261438,0.7808988764044944,0.8398791540785498,0.9254901960784314,0.8581818181818182,0.8905660377358491,0.8431372549019608,0.8113207547169812,0.8269230769230769,0.8378378378378378,0.7654320987654321,0.8
5,CountVectorizer,SGD,"{'alpha': 0.01, 'penalty': 'l2'}",0.8645,1.1787839999997232,1.818279000000075,562.15234375,554.0390625,0.8633333333333333,0.9418181818181818,0.9008695652173913,0.8268292682926829,0.9630681818181818,0.889763779527559,0.9516129032258065,0.6629213483146067,0.7814569536423841,0.9466666666666667,0.7745454545454545,0.852,0.8875739644970414,0.7075471698113207,0.7874015748031497,0.8387096774193549,0.6419753086419753,0.7272727272727273
5,CountVectorizer,SGD,"{'alpha': 0.01, 'penalty': 'l1'}",0.2705,1.2093780999994124,1.8205261999992217,562.30078125,553.8203125,0.27651304830649637,0.9054545454545454,0.4236495108464483,0.34513274336283184,0.05539772727272727,0.09547123623011015,0.0,0.0,0.0,0.0,0.0,0.0,0.0,0.0,0.0,0.046511627906976744,0.04938271604938271,0.04790419161676647
5,CountVectorizer,SGD,"{'alpha': 0.01, 'penalty': 'elasticnet'}",0.8215,1.2372015000000829,1.8128818000004685,562.140625,553.80078125,0.8937381404174574,0.8563636363636363,0.8746518105849582,0.7624434389140271,0.9573863636363636,0.8488664987405542,0.9666666666666667,0.651685393258427,0.7785234899328859,0.8842592592592593,0.6945454545454546,0.7780040733197556,0.852760736196319,0.6556603773584906,0.7413333333333333,0.5777777777777777,0.6419753086419753,0.6081871345029239
