seed,vectorizer,model,params,accuracy,hamming_loss,training_time,prediction_time,peak_memory_train,peak_memory_prediction,precision_class_cs.AI,recall_class_cs.AI,f1_class_cs.AI,precision_class_cs.CL,recall_class_cs.CL,f1_class_cs.CL,precision_class_cs.LG,recall_class_cs.LG,f1_class_cs.LG,precision_class_math.OC,recall_class_math.OC,f1_class_math.OC,precision_class_stat.ML,recall_class_stat.ML,f1_class_stat.ML
2,TfidfVectorizer,RandomForest,"{'n_estimators': 50, 'criterion': 'gini'}",0.39731437598736175,0.17582938388625594,8.043998300003295,1.023780200004694,760.36328125,752.94140625,0.638095238095238,0.19940476190476192,0.30385487528344673,0.934375,0.7419354838709677,0.8271092669432918,0.7485955056179775,0.8162327718223583,0.780952380952381,0.8297872340425532,0.5441860465116279,0.6573033707865169,0.6903225806451613,0.335423197492163,0.45147679324894513
2,TfidfVectorizer,RandomForest,"{'n_estimators': 50, 'criterion': 'entropy'}",0.4020537124802528,0.17330173775671406,8.664699100001599,0.9895920999988448,759.37890625,752.8125,0.6347826086956522,0.21726190476190477,0.3237250554323725,0.9181818181818182,0.7518610421836228,0.8267394270122783,0.7732115677321156,0.777947932618683,0.7755725190839695,0.8357142857142857,0.5441860465116279,0.6591549295774648,0.7315436241610739,0.34169278996865204,0.4658119658119658
2,TfidfVectorizer,RandomForest,"{'n_estimators': 50, 'criterion': 'log_loss'}",0.4020537124802528,0.17330173775671406,8.462641300000541,0.9926725999976043,759.15234375,759.33984375,0.6347826086956522,0.21726190476190477,0.3237250554323725,0.9181818181818182,0.7518610421836228,0.8267394270122783,0.7732115677321156,0.777947932618683,0.7755725190839695,0.8357142857142857,0.5441860465116279,0.6591549295774648,0.7315436241610739,0.34169278996865204,0.4658119658119658
2,TfidfVectorizer,RandomForest,"{'n_estimators': 100, 'criterion': 'gini'}",0.40837282780410744,0.17266982622432858,15.037505100000999,1.0487372999996296,839.24609375,831.6328125,0.6631578947368421,0.1875,0.2923433874709977,0.9323076923076923,0.7518610421836228,0.8324175824175825,0.7592067988668555,0.8208269525267994,0.7888153053715967,0.8489208633093526,0.5488372093023256,0.6666666666666666,0.6835443037974683,0.3385579937304075,0.4528301886792453
2,TfidfVectorizer,RandomForest,"{'n_estimators': 100, 'criterion': 'entropy'}",0.40363349131121645,0.17109004739336492,16.582599599998503,1.0448737999977311,838.86328125,831.26171875,0.6761904761904762,0.2113095238095238,0.3219954648526077,0.9237804878048781,0.7518610421836228,0.8290013679890561,0.7756024096385542,0.7886676875957122,0.7820804859529233,0.8656716417910447,0.5395348837209303,0.664756446991404,0.7285714285714285,0.31974921630094044,0.4444444444444444
2,TfidfVectorizer,RandomForest,"{'n_estimators': 100, 'criterion': 'log_loss'}",0.40363349131121645,0.17109004739336492,16.460802599998715,1.0468576999992365,837.8515625,831.328125,0.6761904761904762,0.2113095238095238,0.3219954648526077,0.9237804878048781,0.7518610421836228,0.8290013679890561,0.7756024096385542,0.7886676875957122,0.7820804859529233,0.8656716417910447,0.5395348837209303,0.664756446991404,0.7285714285714285,0.31974921630094044,0.4444444444444444
2,TfidfVectorizer,RandomForest,"{'n_estimators': 150, 'criterion': 'gini'}",0.4146919431279621,0.17140600315955767,22.40077509999537,1.1083480000015697,917.03515625,909.83203125,0.6804123711340206,0.19642857142857142,0.30484988452655887,0.9314641744548287,0.7419354838709677,0.8259668508287292,0.7601683029453016,0.8300153139356815,0.7935578330893118,0.8518518518518519,0.5348837209302325,0.6571428571428571,0.7032258064516129,0.34169278996865204,0.459915611814346
2,TfidfVectorizer,RandomForest,"{'n_estimators': 150, 'criterion': 'entropy'}",0.4075829383886256,0.17045813586097947,24.98580289999518,1.2281691999960458,916.43359375,909.9296875,0.6545454545454545,0.21428571428571427,0.32286995515695066,0.9161676646706587,0.7593052109181141,0.830393487109905,0.7799401197604791,0.7978560490045942,0.7887963663890991,0.8561151079136691,0.5534883720930233,0.672316384180791,0.7094594594594594,0.329153605015674,0.44967880085653106
2,TfidfVectorizer,RandomForest,"{'n_estimators': 150, 'criterion': 'log_loss'}",0.4075829383886256,0.17045813586097947,29.89202440000372,4.107356399996206,916.5546875,909.953125,0.6545454545454545,0.21428571428571427,0.32286995515695066,0.9161676646706587,0.7593052109181141,0.830393487109905,0.7799401197604791,0.7978560490045942,0.7887963663890991,0.8561151079136691,0.5534883720930233,0.672316384180791,0.7094594594594594,0.329153605015674,0.44967880085653106
2,TfidfVectorizer,SVC,"{'estimator__C': 0.1, 'estimator__kernel': 'linear'}",0.2796208530805687,0.19225908372827805,14.736490299997968,1.7073128999982146,1125.99609375,935.8671875,0.7,0.020833333333333332,0.04046242774566474,0.9616858237547893,0.6228287841191067,0.7560240963855421,0.8287671232876712,0.7411944869831547,0.7825383993532741,0.8850574712643678,0.3581395348837209,0.5099337748344371,0.9333333333333333,0.0438871473354232,0.08383233532934131
2,TfidfVectorizer,SVC,"{'estimator__C': 0.1, 'estimator__kernel': 'rbf'}",0.160347551342812,0.2287519747235387,19.45556729999953,2.4964949000059278,1150.68359375,938.484375,0.0,0.0,0.0,0.9754098360655737,0.29528535980148884,0.4533333333333333,0.8308270676691729,0.6768759571209801,0.7459915611814346,1.0,0.046511627906976744,0.08888888888888889,0.0,0.0,0.0
2,TfidfVectorizer,SVC,"{'estimator__C': 0.1, 'estimator__kernel': 'sigmoid'}",0.27488151658767773,0.19352290679304898,14.63026230000105,1.7355785000036121,1132.94921875,925.96875,0.8571428571428571,0.017857142857142856,0.03498542274052478,0.9612403100775194,0.6153846153846154,0.7503782148260212,0.8273504273504273,0.7411944869831547,0.7819063004846527,0.8809523809523809,0.34418604651162793,0.49498327759197325,0.9230769230769231,0.03761755485893417,0.07228915662650602
2,TfidfVectorizer,SVC,"{'estimator__C': 1, 'estimator__kernel': 'linear'}",0.41390205371248023,0.16398104265402844,13.356228600001486,1.5068077000032645,1138.64453125,926.12890625,0.6257668711656442,0.30357142857142855,0.4088176352705411,0.925414364640884,0.8312655086848635,0.8758169934640523,0.7792792792792793,0.7947932618683001,0.7869598180439727,0.8452380952380952,0.6604651162790698,0.741514360313316,0.6268656716417911,0.3949843260188088,0.4846153846153846
2,TfidfVectorizer,SVC,"{'estimator__C': 1, 'estimator__kernel': 'rbf'}",0.4060031595576619,0.16145339652448656,21.908839999996417,2.3950549000001047,1159.87109375,928.6015625,0.6869565217391305,0.23511904761904762,0.35033259423503327,0.9404761904761905,0.7841191066997518,0.8552097428958051,0.8109375,0.7947932618683001,0.802784222737819,0.8970588235294118,0.5674418604651162,0.6951566951566952,0.7251908396946565,0.29780564263322884,0.4222222222222222
2,TfidfVectorizer,SVC,"{'estimator__C': 1, 'estimator__kernel': 'sigmoid'}",0.40837282780410744,0.165086887835703,12.971752899997227,1.5101390999989235,1124.0546875,926.921875,0.6308724832214765,0.27976190476190477,0.38762886597938145,0.9344729344729344,0.8138957816377171,0.870026525198939,0.7786144578313253,0.7917304747320061,0.7851176917236142,0.8363636363636363,0.641860465116279,0.7263157894736842,0.6473684210526316,0.38557993730407525,0.48330058939096265
2,TfidfVectorizer,SVC,"{'estimator__C': 10, 'estimator__kernel': 'linear'}",0.3467614533965245,0.20315955766192734,17.36695420000615,1.3838079999986803,1166.46484375,926.16015625,0.4660493827160494,0.4494047619047619,0.4575757575757576,0.8463476070528967,0.8337468982630273,0.84,0.7192192192192193,0.7335375191424196,0.7263078089461713,0.7539267015706806,0.6697674418604651,0.7093596059113301,0.49700598802395207,0.5203761755485894,0.5084226646248086
2,TfidfVectorizer,SVC,"{'estimator__C': 10, 'estimator__kernel': 'rbf'}",0.41311216429699843,0.16398104265402844,47.648407799999404,2.5404963999972097,1156.38671875,929.5,0.6182795698924731,0.34226190476190477,0.44061302681992337,0.9192200557103064,0.8188585607940446,0.8661417322834646,0.788109756097561,0.7917304747320061,0.7899159663865546,0.8807947019867549,0.6186046511627907,0.726775956284153,0.6213592233009708,0.4012539184952978,0.4876190476190476
2,TfidfVectorizer,SVC,"{'estimator__C': 10, 'estimator__kernel': 'sigmoid'}",0.35308056872037913,0.2014218009478673,20.97910740000225,1.2411692000023322,1153.48046875,927.87890625,0.487012987012987,0.44642857142857145,0.4658385093167702,0.8371501272264631,0.8163771712158809,0.8266331658291457,0.7249240121580547,0.7304747320061256,0.7276887871853547,0.7424242424242424,0.6837209302325581,0.711864406779661,0.5032894736842105,0.47962382445141066,0.4911717495987159
2,TfidfVectorizer,MultinomialNB,{'estimator__alpha': 0.01},0.40126382306477093,0.18104265402843603,1.0381435000017518,1.8267906999972183,915.35546875,907.25390625,0.536697247706422,0.3482142857142857,0.4223826714801444,0.8620689655172413,0.8064516129032258,0.8333333333333334,0.7643504531722054,0.774885145482389,0.7695817490494297,0.7734806629834254,0.6511627906976745,0.7070707070707071,0.6129032258064516,0.3573667711598746,0.4514851485148515
2,TfidfVectorizer,MultinomialNB,{'estimator__alpha': 0.1},0.4099526066350711,0.17109004739336492,1.0419832999978098,1.7991286999967997,914.00390625,906.94140625,0.5738636363636364,0.3005952380952381,0.39453125,0.889763779527559,0.8411910669975186,0.8647959183673469,0.7684365781710915,0.7978560490045942,0.782870022539444,0.8055555555555556,0.6744186046511628,0.7341772151898734,0.6493506493506493,0.31347962382445144,0.42283298097251587
2,TfidfVectorizer,MultinomialNB,{'estimator__alpha': 1.0},0.3412322274881517,0.17883096366508688,1.0404280000002473,1.8071443000008003,913.421875,906.8671875,0.8125,0.07738095238095238,0.14130434782608695,0.9420731707317073,0.7667493796526055,0.8454172366621067,0.7652777777777777,0.8437978560490046,0.8026219956300072,0.9325842696629213,0.386046511627907,0.5460526315789473,0.9032258064516129,0.0877742946708464,0.16
2,TfidfVectorizer,LogisticRegression,"{'estimator__C': 0.1, 'estimator__penalty': 'l2'}",0.23143759873617695,0.20821484992101105,1.279986800000188,1.7937144000025,915.359375,907.73046875,0.7,0.020833333333333332,0.04046242774566474,0.9642857142857143,0.46898263027295284,0.6310517529215359,0.7996845425867508,0.776416539050536,0.7878787878787878,0.9090909090909091,0.13953488372093023,0.24193548387096775,0.8571428571428571,0.05642633228840126,0.10588235294117647
2,TfidfVectorizer,LogisticRegression,"{'estimator__C': 1, 'estimator__penalty': 'l2'}",0.3736176935229068,0.16903633491311215,0.793711300000723,1.7931689999968512,915.0625,907.71484375,0.6535433070866141,0.24702380952380953,0.35853131749460043,0.9226190476190477,0.7692307692307693,0.8389715832205683,0.8021638330757341,0.7947932618683001,0.7984615384615384,0.888,0.5162790697674419,0.6529411764705882,0.6573426573426573,0.2946708463949843,0.4069264069264069
2,TfidfVectorizer,LogisticRegression,"{'estimator__C': 10, 'estimator__penalty': 'l2'}",0.40126382306477093,0.17140600315955767,0.9537053999956697,1.805231600003026,915.19921875,908.23828125,0.5495867768595041,0.3958333333333333,0.4602076124567474,0.9086021505376344,0.8387096774193549,0.8722580645161291,0.7726574500768049,0.7702909647779479,0.7714723926380368,0.8475609756097561,0.6465116279069767,0.7335092348284961,0.5894308943089431,0.45454545454545453,0.5132743362831859
2,TfidfVectorizer,KNeighbors,"{'n_neighbors': 3, 'algorithm': 'ball_tree'}",0.35150078988941547,0.2080568720379147,1.0406673000034061,1.2382078000009642,914.46484375,1110.98046875,0.4979919678714859,0.36904761904761907,0.4239316239316239,0.8222222222222222,0.7344913151364765,0.7758846657929227,0.7142857142857143,0.7886676875957122,0.7496360989810772,0.7692307692307693,0.5581395348837209,0.6469002695417789,0.4742268041237113,0.43260188087774293,0.4524590163934426
2,TfidfVectorizer,KNeighbors,"{'n_neighbors': 3, 'algorithm': 'kd_tree'}",0.35150078988941547,0.2080568720379147,1.0230195999974967,1.2322499000001699,914.53515625,1100.68359375,0.4979919678714859,0.36904761904761907,0.4239316239316239,0.8222222222222222,0.7344913151364765,0.7758846657929227,0.7142857142857143,0.7886676875957122,0.7496360989810772,0.7692307692307693,0.5581395348837209,0.6469002695417789,0.4742268041237113,0.43260188087774293,0.4524590163934426
2,TfidfVectorizer,KNeighbors,"{'n_neighbors': 3, 'algorithm': 'brute'}",0.35150078988941547,0.2080568720379147,1.02708249999705,1.2316949000014574,914.57421875,1101.73828125,0.4979919678714859,0.36904761904761907,0.4239316239316239,0.8222222222222222,0.7344913151364765,0.7758846657929227,0.7142857142857143,0.7886676875957122,0.7496360989810772,0.7692307692307693,0.5581395348837209,0.6469002695417789,0.4742268041237113,0.43260188087774293,0.4524590163934426
2,TfidfVectorizer,KNeighbors,"{'n_neighbors': 5, 'algorithm': 'ball_tree'}",0.35071090047393366,0.20315955766192734,1.0308021000018925,1.2440566000004765,914.6015625,1090.8984375,0.509090909090909,0.3333333333333333,0.4028776978417266,0.8583569405099151,0.7518610421836228,0.8015873015873016,0.7052341597796143,0.7840735068912711,0.7425670775924583,0.8106060606060606,0.49767441860465117,0.6167146974063401,0.5058823529411764,0.4043887147335423,0.44947735191637633
2,TfidfVectorizer,KNeighbors,"{'n_neighbors': 5, 'algorithm': 'kd_tree'}",0.35071090047393366,0.20315955766192734,1.0395306999998866,1.2304631000006339,914.61328125,1106.8359375,0.509090909090909,0.3333333333333333,0.4028776978417266,0.8583569405099151,0.7518610421836228,0.8015873015873016,0.7052341597796143,0.7840735068912711,0.7425670775924583,0.8106060606060606,0.49767441860465117,0.6167146974063401,0.5058823529411764,0.4043887147335423,0.44947735191637633
2,TfidfVectorizer,KNeighbors,"{'n_neighbors': 5, 'algorithm': 'brute'}",0.35071090047393366,0.20315955766192734,1.0267890999966767,1.2345776000001933,914.37109375,1100.58203125,0.509090909090909,0.3333333333333333,0.4028776978417266,0.8583569405099151,0.7518610421836228,0.8015873015873016,0.7052341597796143,0.7840735068912711,0.7425670775924583,0.8106060606060606,0.49767441860465117,0.6167146974063401,0.5058823529411764,0.4043887147335423,0.44947735191637633
2,TfidfVectorizer,KNeighbors,"{'n_neighbors': 7, 'algorithm': 'ball_tree'}",0.3688783570300158,0.1924170616113744,1.0290806999983033,1.233646900000167,914.38671875,1108.125,0.5666666666666667,0.30357142857142855,0.3953488372093023,0.8837209302325582,0.7543424317617866,0.8139223560910308,0.7129380053908356,0.8101071975497703,0.7584229390681003,0.8467741935483871,0.4883720930232558,0.6194690265486725,0.5375,0.4043887147335423,0.46153846153846156
2,TfidfVectorizer,KNeighbors,"{'n_neighbors': 7, 'algorithm': 'kd_tree'}",0.3688783570300158,0.1924170616113744,1.026200100001006,1.2335872000039672,914.546875,1106.83984375,0.5666666666666667,0.30357142857142855,0.3953488372093023,0.8837209302325582,0.7543424317617866,0.8139223560910308,0.7129380053908356,0.8101071975497703,0.7584229390681003,0.8467741935483871,0.4883720930232558,0.6194690265486725,0.5375,0.4043887147335423,0.46153846153846156
2,TfidfVectorizer,KNeighbors,"{'n_neighbors': 7, 'algorithm': 'brute'}",0.3688783570300158,0.1924170616113744,1.0320587000023806,1.2409076999974786,914.484375,1111.5234375,0.5666666666666667,0.30357142857142855,0.3953488372093023,0.8837209302325582,0.7543424317617866,0.8139223560910308,0.7129380053908356,0.8101071975497703,0.7584229390681003,0.8467741935483871,0.4883720930232558,0.6194690265486725,0.5375,0.4043887147335423,0.46153846153846156
2,TfidfVectorizer,DecisionTree,"{'criterion': 'gini', 'max_features': 'sqrt'}",0.31990521327014215,0.25260663507109005,0.7471224999972037,1.785100399996736,921.84765625,912.01171875,0.379746835443038,0.35714285714285715,0.36809815950920244,0.7492877492877493,0.652605459057072,0.6976127320954907,0.6769005847953217,0.7090352220520674,0.6925953627524308,0.6057692307692307,0.586046511627907,0.5957446808510638,0.40822784810126583,0.4043887147335423,0.4062992125984252
2,TfidfVectorizer,DecisionTree,"{'criterion': 'gini', 'max_features': 'log2'}",0.2717219589257504,0.27661927330173774,0.7971773000026587,1.7842709999968065,921.859375,912.171875,0.34987593052109184,0.41964285714285715,0.38159675236806495,0.6717948717948717,0.6501240694789082,0.6607818411097099,0.6397415185783522,0.6064318529862175,0.6226415094339622,0.6204819277108434,0.4790697674418605,0.5406824146981627,0.41904761904761906,0.41379310344827586,0.416403785488959
2,TfidfVectorizer,DecisionTree,"{'criterion': 'gini', 'max_features': None}",0.3641390205371248,0.2230647709320695,1.9197513000035542,1.7971881000048597,917.93359375,911.0234375,0.4186046511627907,0.32142857142857145,0.36363636363636365,0.7706855791962175,0.8089330024813896,0.7893462469733656,0.7184170471841704,0.7228177641653905,0.7206106870229008,0.6408839779005525,0.5395348837209303,0.5858585858585859,0.4843304843304843,0.5329153605015674,0.5074626865671642
2,TfidfVectorizer,DecisionTree,"{'criterion': 'entropy', 'max_features': 'sqrt'}",0.33096366508688785,0.24691943127962085,0.7654309999998077,1.809849800003576,922.078125,912.08203125,0.38095238095238093,0.40476190476190477,0.3924963924963925,0.7394957983193278,0.6550868486352357,0.6947368421052632,0.6902255639097744,0.7029096477794793,0.6965098634294385,0.6368715083798883,0.5302325581395348,0.5786802030456852,0.46397694524495675,0.5047021943573667,0.48348348348348347
2,TfidfVectorizer,DecisionTree,"{'criterion': 'entropy', 'max_features': 'log2'}",0.2985781990521327,0.26872037914691943,0.8031974999976228,1.7844116000051145,921.921875,912.16796875,0.37454545454545457,0.30654761904761907,0.337152209492635,0.6709183673469388,0.652605459057072,0.6616352201257861,0.6390041493775933,0.7075038284839203,0.6715116279069767,0.6046511627906976,0.48372093023255813,0.537467700258398,0.38006230529595014,0.3824451410658307,0.38125
2,TfidfVectorizer,DecisionTree,"{'criterion': 'entropy', 'max_features': None}",0.358609794628752,0.22559241706161137,2.646727799998189,1.802669100005005,917.078125,910.97265625,0.38924050632911394,0.36607142857142855,0.3773006134969325,0.8301369863013699,0.7518610421836228,0.7890625,0.71580547112462,0.7212863705972435,0.7185354691075515,0.6648351648351648,0.5627906976744186,0.6095717884130982,0.4755043227665706,0.5172413793103449,0.4954954954954955
2,TfidfVectorizer,DecisionTree,"{'criterion': 'log_loss', 'max_features': 'sqrt'}",0.33096366508688785,0.24691943127962085,0.7661874999976135,1.805154900001071,922.04296875,912.03515625,0.38095238095238093,0.40476190476190477,0.3924963924963925,0.7394957983193278,0.6550868486352357,0.6947368421052632,0.6902255639097744,0.7029096477794793,0.6965098634294385,0.6368715083798883,0.5302325581395348,0.5786802030456852,0.46397694524495675,0.5047021943573667,0.48348348348348347
2,TfidfVectorizer,DecisionTree,"{'criterion': 'log_loss', 'max_features': 'log2'}",0.2985781990521327,0.26872037914691943,0.8061379000064335,1.8031437000026926,921.85546875,912.16796875,0.37454545454545457,0.30654761904761907,0.337152209492635,0.6709183673469388,0.652605459057072,0.6616352201257861,0.6390041493775933,0.7075038284839203,0.6715116279069767,0.6046511627906976,0.48372093023255813,0.537467700258398,0.38006230529595014,0.3824451410658307,0.38125
2,TfidfVectorizer,DecisionTree,"{'criterion': 'log_loss', 'max_features': None}",0.358609794628752,0.22559241706161137,2.6299220000000787,1.797922199999448,917.23046875,910.9609375,0.38924050632911394,0.36607142857142855,0.3773006134969325,0.8301369863013699,0.7518610421836228,0.7890625,0.71580547112462,0.7212863705972435,0.7185354691075515,0.6648351648351648,0.5627906976744186,0.6095717884130982,0.4755043227665706,0.5172413793103449,0.4954954954954955
2,TfidfVectorizer,GradientBoosting,"{'estimator__n_estimators': 100, 'estimator__criterion': 'friedman_mse'}",0.2962085308056872,0.19699842022116903,11.643333899999561,1.8129165999998804,916.30859375,912.3828125,0.6790123456790124,0.1636904761904762,0.2637889688249401,0.9678714859437751,0.598014888337469,0.7392638036809815,0.799625468164794,0.6539050535987749,0.7194608256107835,0.8526315789473684,0.3767441860465116,0.5225806451612903,0.7884615384615384,0.12852664576802508,0.2210242587601078
2,TfidfVectorizer,GradientBoosting,"{'estimator__n_estimators': 100, 'estimator__criterion': 'squared_error'}",0.30173775671406006,0.19494470774091627,11.636236699996516,1.8422459000066738,917.1953125,913.0234375,0.6707317073170732,0.1636904761904762,0.2631578947368421,0.9681274900398407,0.6029776674937966,0.7431192660550459,0.8063314711359404,0.663093415007657,0.7277310924369748,0.845360824742268,0.3813953488372093,0.5256410256410257,0.8235294117647058,0.13166144200626959,0.22702702702702704
2,TfidfVectorizer,GradientBoosting,"{'estimator__n_estimators': 150, 'estimator__criterion': 'friedman_mse'}",0.32306477093206953,0.1876777251184834,17.137269600003492,1.822668499997235,917.609375,913.2734375,0.6989247311827957,0.19345238095238096,0.30303030303030304,0.9661654135338346,0.6377171215880894,0.7683109118086696,0.7996422182468694,0.6845329249617151,0.7376237623762376,0.8317757009345794,0.413953488372093,0.5527950310559007,0.8615384615384616,0.1755485893416928,0.2916666666666667
2,TfidfVectorizer,GradientBoosting,"{'estimator__n_estimators': 150, 'estimator__criterion': 'squared_error'}",0.3293838862559242,0.18704581358609795,17.081098399998154,1.8324861000000965,917.76171875,913.4453125,0.71875,0.20535714285714285,0.3194444444444444,0.9662921348314607,0.6401985111662531,0.7701492537313432,0.8014440433212996,0.6799387442572741,0.7357083678541839,0.8272727272727273,0.4232558139534884,0.56,0.835820895522388,0.1755485893416928,0.29015544041450775
2,TfidfVectorizer,GradientBoosting,"{'estimator__n_estimators': 200, 'estimator__criterion': 'friedman_mse'}",0.33570300157977884,0.18467614533965246,22.686168799998995,1.3979015000004438,917.98046875,916.46484375,0.7115384615384616,0.22023809523809523,0.33636363636363636,0.9601449275362319,0.6575682382133995,0.780559646539028,0.794066317626527,0.6967840735068913,0.7422512234910277,0.8230088495575221,0.4325581395348837,0.5670731707317073,0.8266666666666667,0.19435736677115986,0.3147208121827411
2,TfidfVectorizer,GradientBoosting,"{'estimator__n_estimators': 200, 'estimator__criterion': 'squared_error'}",0.33649289099526064,0.18420221169036335,22.737143799997284,1.8541694000014104,918.20703125,913.87890625,0.7115384615384616,0.22023809523809523,0.33636363636363636,0.96,0.6550868486352357,0.7787610619469026,0.794425087108014,0.6983154670750383,0.7432762836185819,0.8333333333333334,0.4418604651162791,0.5775075987841946,0.8181818181818182,0.1974921630094044,0.3181818181818182
2,TfidfVectorizer,AdaBoost,"{'estimator__n_estimators': 50, 'estimator__learning_rate': 0.01}",0.08767772511848342,0.2682464454976303,3.322620499995537,1.0108441000047605,918.69921875,916.93359375,0.47058823529411764,0.07142857142857142,0.12403100775193798,0.9555555555555556,0.21339950372208435,0.3488843813387424,0.7888446215139442,0.30321592649310875,0.43805309734513276,1.0,0.018604651162790697,0.0365296803652968,0.0,0.0,0.0
2,TfidfVectorizer,AdaBoost,"{'estimator__n_estimators': 50, 'estimator__learning_rate': 0.1}",0.18088467614533965,0.23617693522906794,3.279569400001492,1.0038281000015559,918.76171875,917.05859375,1.0,0.017857142857142856,0.03508771929824561,0.9588235294117647,0.4044665012406948,0.568935427574171,0.7893401015228426,0.4762633996937213,0.5940783190066857,0.9090909090909091,0.18604651162790697,0.3088803088803089,0.8571428571428571,0.018808777429467086,0.03680981595092025
2,TfidfVectorizer,AdaBoost,"{'estimator__n_estimators': 50, 'estimator__learning_rate': 1.0}",0.3246445497630332,0.1900473933649289,3.296344300004421,1.0276670000021113,918.828125,917.19921875,0.5944055944055944,0.25297619047619047,0.35490605427974947,0.9356913183279743,0.7220843672456576,0.8151260504201681,0.8011152416356877,0.6600306278713629,0.7237615449202351,0.7357142857142858,0.4790697674418605,0.5802816901408451,0.6495726495726496,0.23824451410658307,0.3486238532110092
2,TfidfVectorizer,AdaBoost,"{'estimator__n_estimators': 100, 'estimator__learning_rate': 0.01}",0.10347551342812006,0.26350710900473934,6.049081299999671,1.1072732000029646,918.9375,917.56640625,0.0,0.0,0.0,0.954954954954955,0.2630272952853598,0.41245136186770426,0.7647058823529411,0.33843797856049007,0.4692144373673036,1.0,0.018604651162790697,0.0365296803652968,0.0,0.0,0.0
2,TfidfVectorizer,AdaBoost,"{'estimator__n_estimators': 100, 'estimator__learning_rate': 0.1}",0.23064770932069512,0.2202211690363349,6.057404899998801,1.1024296999967191,919.1796875,917.640625,0.8125,0.07738095238095238,0.14130434782608695,0.9642857142857143,0.46898263027295284,0.6310517529215359,0.7838983050847458,0.5666156202143952,0.6577777777777778,0.835820895522388,0.26046511627906976,0.3971631205673759,0.9473684210526315,0.05642633228840126,0.10650887573964497
2,TfidfVectorizer,AdaBoost,"{'estimator__n_estimators': 100, 'estimator__learning_rate': 1.0}",0.325434439178515,0.1911532385466035,6.01215570000204,1.1004285000017262,919.09375,917.5625,0.544973544973545,0.30654761904761907,0.3923809523809524,0.907185628742515,0.7518610421836228,0.8222523744911805,0.7800687285223368,0.6952526799387443,0.7352226720647773,0.7829457364341085,0.4697674418604651,0.5872093023255814,0.5853658536585366,0.30094043887147337,0.39751552795031053
2,TfidfVectorizer,AdaBoost,"{'estimator__n_estimators': 150, 'estimator__learning_rate': 0.01}",0.12164296998420221,0.25734597156398104,8.960134900000412,1.254363200001535,919.38671875,917.890625,0.0,0.0,0.0,0.9473684210526315,0.31265508684863524,0.4701492537313433,0.7753164556962026,0.37519142419601836,0.5056759545923633,1.0,0.018604651162790697,0.0365296803652968,0.0,0.0,0.0
2,TfidfVectorizer,AdaBoost,"{'estimator__n_estimators': 150, 'estimator__learning_rate': 0.1}",0.26303317535545023,0.20821484992101105,9.067945400005556,1.2410123000008753,919.2578125,918.21484375,0.825,0.09821428571428571,0.17553191489361702,0.9658119658119658,0.5607940446650124,0.7095761381475667,0.7859922178988327,0.6186830015313936,0.6923736075407027,0.8552631578947368,0.3023255813953488,0.44673539518900346,0.8636363636363636,0.05956112852664577,0.11143695014662756
2,TfidfVectorizer,AdaBoost,"{'estimator__n_estimators': 150, 'estimator__learning_rate': 1.0}",0.34755134281200634,0.18657187993680885,8.983789100006106,1.190374099998735,919.1640625,918.15234375,0.5396039603960396,0.3244047619047619,0.4052044609665427,0.9005847953216374,0.7642679900744417,0.8268456375838926,0.7659574468085106,0.7166921898928025,0.740506329113924,0.8424657534246576,0.5720930232558139,0.6814404432132964,0.5773195876288659,0.3510971786833856,0.43664717348927873
2,TfidfVectorizer,SGD,"{'estimator__alpha': 0.0001, 'estimator__penalty': 'l2'}",0.4146919431279621,0.16287519747235388,1.1546376999976928,1.8317057000022032,919.125,915.34765625,0.6369426751592356,0.2976190476190476,0.4056795131845842,0.9297752808988764,0.8213399503722084,0.8722002635046113,0.7833333333333333,0.7917304747320061,0.7875095201827875,0.844311377245509,0.6558139534883721,0.7382198952879581,0.6417910447761194,0.4043887147335423,0.49615384615384617
2,TfidfVectorizer,SGD,"{'estimator__alpha': 0.0001, 'estimator__penalty': 'l1'}",0.38941548183254343,0.16540284360189572,1.1472334999998566,1.8211674999984098,919.28125,915.4140625,0.625,0.26785714285714285,0.375,0.9365558912386707,0.7692307692307693,0.8446866485013624,0.8034321372854915,0.7886676875957122,0.7959814528593508,0.8273809523809523,0.6465116279069767,0.7258485639686684,0.7099236641221374,0.29153605015673983,0.41333333333333333
2,TfidfVectorizer,SGD,"{'estimator__alpha': 0.0001, 'estimator__penalty': 'elasticnet'}",0.41311216429699843,0.16350710900473933,1.3129944000029354,1.825940399998217,919.5078125,915.48046875,0.6413793103448275,0.2767857142857143,0.3866943866943867,0.9310344827586207,0.8039702233250621,0.8628495339547271,0.7834586466165413,0.7978560490045942,0.7905918057663126,0.8641975308641975,0.6511627906976745,0.7427055702917772,0.6571428571428571,0.3605015673981191,0.46558704453441296
2,TfidfVectorizer,SGD,"{'estimator__alpha': 0.001, 'estimator__penalty': 'l2'}",0.2764612954186414,0.1933649289099526,1.093340299994452,1.8391644000002998,919.5546875,915.46484375,0.75,0.017857142857142856,0.03488372093023256,0.9610894941634242,0.6129032258064516,0.7484848484848485,0.8298969072164949,0.7396630934150077,0.7821862348178138,0.8823529411764706,0.3488372093023256,0.5,0.9285714285714286,0.04075235109717868,0.07807807807807808
2,TfidfVectorizer,SGD,"{'estimator__alpha': 0.001, 'estimator__penalty': 'l1'}",0.24486571879936808,0.21200631911532386,1.1104759000008926,1.8261091999956989,919.5546875,915.46484375,0.4489795918367347,0.06547619047619048,0.11428571428571428,0.967479674796748,0.5905707196029777,0.7334360554699538,0.8008130081300813,0.6033690658499234,0.6882096069868996,0.7010309278350515,0.31627906976744186,0.4358974358974359,0.8157894736842105,0.09717868338557993,0.17366946778711484
2,TfidfVectorizer,SGD,"{'estimator__alpha': 0.001, 'estimator__penalty': 'elasticnet'}",0.2575039494470774,0.2033175355450237,1.148720699995465,1.8437827000016114,919.640625,915.453125,0.6666666666666666,0.017857142857142856,0.034782608695652174,0.9551020408163265,0.5806451612903226,0.7222222222222222,0.8176895306859205,0.6937212863705973,0.7506213753106876,0.8552631578947368,0.3023255813953488,0.44673539518900346,0.8888888888888888,0.025078369905956112,0.04878048780487805
2,TfidfVectorizer,SGD,"{'estimator__alpha': 0.01, 'estimator__penalty': 'l2'}",0.12717219589257503,0.2786729857819905,1.0849992000003112,1.8150490999978501,919.54296875,915.4765625,0.0,0.0,0.0,1.0,0.004962779156327543,0.009876543209876543,0.5718132854578097,0.9754977029096478,0.7209960384833051,0.0,0.0,0.0,0.0,0.0,0.0
2,TfidfVectorizer,SGD,"{'estimator__alpha': 0.01, 'estimator__penalty': 'l1'}",0.12796208530805686,0.2979462875197472,1.0963541000019177,1.836786799998663,919.5703125,915.48046875,0.0,0.0,0.0,0.0,0.0,0.0,0.5157977883096366,1.0,0.6805627931214174,0.0,0.0,0.0,0.0,0.0,0.0
2,TfidfVectorizer,SGD,"{'estimator__alpha': 0.01, 'estimator__penalty': 'elasticnet'}",0.12796208530805686,0.29636650868878356,1.087452799998573,1.8061311000055866,919.69140625,915.5390625,0.0,0.0,0.0,0.0,0.0,0.0,0.5199044585987261,1.0,0.6841278156102671,0.0,0.0,0.0,0.0,0.0,0.0
2,CountVectorizer,RandomForest,"{'n_estimators': 50, 'criterion': 'gini'}",0.3949447077409163,0.17788309636650868,8.807458000002953,0.9986662000010256,915.54296875,769.234375,0.6761904761904762,0.2113095238095238,0.3219954648526077,0.9246987951807228,0.7617866004962779,0.8353741496598639,0.7410958904109589,0.8284839203675345,0.7823571945047,0.8428571428571429,0.5488372093023256,0.6647887323943662,0.5812807881773399,0.36990595611285265,0.4521072796934866
2,CountVectorizer,RandomForest,"{'n_estimators': 50, 'criterion': 'entropy'}",0.3941548183254344,0.17756714060031595,9.105206300002465,0.9878561999939848,774.75390625,774.859375,0.6634615384615384,0.20535714285714285,0.31363636363636366,0.9240121580547113,0.7543424317617866,0.8306010928961749,0.751412429378531,0.8147013782542113,0.7817781043350478,0.8421052631578947,0.5209302325581395,0.6436781609195402,0.6019417475728155,0.3887147335423197,0.4723809523809524
2,CountVectorizer,RandomForest,"{'n_estimators': 50, 'criterion': 'log_loss'}",0.3941548183254344,0.17756714060031595,9.17839219999587,0.9865349999963655,774.5625,774.7421875,0.6634615384615384,0.20535714285714285,0.31363636363636366,0.9240121580547113,0.7543424317617866,0.8306010928961749,0.751412429378531,0.8147013782542113,0.7817781043350478,0.8421052631578947,0.5209302325581395,0.6436781609195402,0.6019417475728155,0.3887147335423197,0.4723809523809524
2,CountVectorizer,RandomForest,"{'n_estimators': 100, 'criterion': 'gini'}",0.39968404423380727,0.17519747235387045,16.997580800001742,1.0545171000048867,859.6171875,855.81640625,0.6880733944954128,0.22321428571428573,0.33707865168539325,0.924924924924925,0.7642679900744417,0.8369565217391305,0.7400820793433652,0.8284839203675345,0.7817919075144508,0.855072463768116,0.5488372093023256,0.6685552407932012,0.6111111111111112,0.3793103448275862,0.46808510638297873
2,CountVectorizer,RandomForest,"{'n_estimators': 100, 'criterion': 'entropy'}",0.39652448657187994,0.17551342812006318,17.743434699994395,1.0580622000052244,857.66796875,856.91796875,0.6728971962616822,0.21428571428571427,0.32505643340857787,0.926829268292683,0.7543424317617866,0.8317373461012312,0.7496522948539638,0.8254211332312404,0.7857142857142857,0.8625954198473282,0.5255813953488372,0.653179190751445,0.6122448979591837,0.3761755485893417,0.46601941747572817
2,CountVectorizer,RandomForest,"{'n_estimators': 100, 'criterion': 'log_loss'}",0.39652448657187994,0.17551342812006318,17.807002100002137,1.0479828000025009,857.60546875,856.91796875,0.6728971962616822,0.21428571428571427,0.32505643340857787,0.926829268292683,0.7543424317617866,0.8317373461012312,0.7496522948539638,0.8254211332312404,0.7857142857142857,0.8625954198473282,0.5255813953488372,0.653179190751445,0.6122448979591837,0.3761755485893417,0.46601941747572817
2,CountVectorizer,RandomForest,"{'n_estimators': 150, 'criterion': 'gini'}",0.4004739336492891,0.17614533965244866,25.504259100001946,1.1110728000057861,941.09375,935.19921875,0.6822429906542056,0.21726190476190477,0.3295711060948081,0.9305135951661632,0.7642679900744417,0.8392370572207084,0.7394270122783083,0.8300153139356815,0.7821067821067821,0.8592592592592593,0.5395348837209303,0.6628571428571428,0.5979899497487438,0.3730407523510972,0.4594594594594595
2,CountVectorizer,RandomForest,"{'n_estimators': 150, 'criterion': 'entropy'}",0.3957345971563981,0.17488151658767773,26.534037099998386,1.0936607999974512,941.109375,941.2734375,0.6446280991735537,0.23214285714285715,0.3413566739606127,0.9209726443768997,0.7518610421836228,0.8278688524590164,0.7559607293127629,0.8254211332312404,0.7891654465592972,0.849624060150376,0.5255813953488372,0.6494252873563219,0.6256410256410256,0.3824451410658307,0.47470817120622566
2,CountVectorizer,RandomForest,"{'n_estimators': 150, 'criterion': 'log_loss'}",0.3957345971563981,0.17488151658767773,27.01987899999949,1.103552900000068,940.515625,940.7109375,0.6446280991735537,0.23214285714285715,0.3413566739606127,0.9209726443768997,0.7518610421836228,0.8278688524590164,0.7559607293127629,0.8254211332312404,0.7891654465592972,0.849624060150376,0.5255813953488372,0.6494252873563219,0.6256410256410256,0.3824451410658307,0.47470817120622566
2,CountVectorizer,SVC,"{'estimator__C': 0.1, 'estimator__kernel': 'linear'}",0.39652448657187994,0.1636650868878357,12.324515100001008,1.4738670000006096,1157.2421875,959.09375,0.6548672566371682,0.22023809523809523,0.32962138084632514,0.9397590361445783,0.7741935483870968,0.8489795918367347,0.7978560490045942,0.7978560490045942,0.7978560490045942,0.8733333333333333,0.6093023255813953,0.7178082191780822,0.7672413793103449,0.27899686520376177,0.4091954022988506
2,CountVectorizer,SVC,"{'estimator__C': 0.1, 'estimator__kernel': 'rbf'}",0.19510268562401265,0.22290679304897315,17.450279199998477,2.3579163999966113,1166.72265625,960.5703125,0.0,0.0,0.0,0.9647058823529412,0.40694789081885857,0.5724258289703316,0.8253638253638254,0.6079632465543645,0.7001763668430335,0.9215686274509803,0.2186046511627907,0.3533834586466165,1.0,0.003134796238244514,0.00625
2,CountVectorizer,SVC,"{'estimator__C': 0.1, 'estimator__kernel': 'sigmoid'}",0.27883096366508686,0.19510268562401265,13.63646819999849,1.6234512999944855,1155.578125,959.8359375,1.0,0.02976190476190476,0.057803468208092484,0.95703125,0.607940446650124,0.7435508345978755,0.8164335664335665,0.7151607963246555,0.7624489795918368,0.8584905660377359,0.4232558139534884,0.5669781931464174,0.8461538461538461,0.034482758620689655,0.06626506024096386
2,CountVectorizer,SVC,"{'estimator__C': 1, 'estimator__kernel': 'linear'}",0.37519747235387046,0.18625592417061612,16.632466900002328,1.3690745000058087,1191.5546875,958.40234375,0.5247148288973384,0.4107142857142857,0.4607679465776294,0.889487870619946,0.8188585607940446,0.8527131782945736,0.7379209370424598,0.7718223583460949,0.7544910179640718,0.8043478260869565,0.6883720930232559,0.7418546365914787,0.5140845070422535,0.45768025078369906,0.4842454394693201
2,CountVectorizer,SVC,"{'estimator__C': 1, 'estimator__kernel': 'rbf'}",0.39731437598736175,0.16145339652448656,20.07024939999974,2.277165999999852,1187.28515625,960.57421875,0.7115384615384616,0.22023809523809523,0.33636363636363636,0.9375,0.7816377171215881,0.8525033829499323,0.8073959938366718,0.8024502297090352,0.804915514592934,0.8561151079136691,0.5534883720930233,0.672316384180791,0.753731343283582,0.3166144200626959,0.445916114790287
2,CountVectorizer,SVC,"{'estimator__C': 1, 'estimator__kernel': 'sigmoid'}",0.39178515007898895,0.16903633491311215,13.16116730000067,1.4213216999996803,1160.9609375,959.8203125,0.6115702479338843,0.22023809523809523,0.3238512035010941,0.9315476190476191,0.7766749379652605,0.8470906630581867,0.7824773413897281,0.7932618683001531,0.7878326996197719,0.8589743589743589,0.6232558139534884,0.7223719676549866,0.6827586206896552,0.3103448275862069,0.4267241379310345
2,CountVectorizer,SVC,"{'estimator__C': 10, 'estimator__kernel': 'linear'}",0.3222748815165877,0.21674565560821485,28.84980440000072,1.2512323000046308,1174.5859375,958.1328125,0.4311377245508982,0.42857142857142855,0.4298507462686567,0.8195488721804511,0.8114143920595533,0.8154613466334164,0.71071953010279,0.7411944869831547,0.7256371814092953,0.7023255813953488,0.7023255813953488,0.7023255813953488,0.46194225721784776,0.5517241379310345,0.5028571428571429
2,CountVectorizer,SVC,"{'estimator__C': 10, 'estimator__kernel': 'rbf'}",0.4178515007898894,0.16255924170616115,44.640269499999704,2.4287657999957446,1178.5390625,960.6875,0.6344086021505376,0.35119047619047616,0.4521072796934866,0.9245810055865922,0.8213399503722084,0.8699080157687253,0.7815750371471025,0.8055130168453293,0.7933634992458521,0.8709677419354839,0.627906976744186,0.7297297297297297,0.6088888888888889,0.42946708463949845,0.5036764705882353
2,CountVectorizer,SVC,"{'estimator__C': 10, 'estimator__kernel': 'sigmoid'}",0.3412322274881517,0.20726698262243287,14.287979699998687,1.1453210000036051,1163.18359375,959.71484375,0.4269005847953216,0.43452380952380953,0.4306784660766962,0.825974025974026,0.7890818858560794,0.8071065989847716,0.7337367624810892,0.7427258805513017,0.7382039573820396,0.7755102040816326,0.7069767441860465,0.7396593673965937,0.49280575539568344,0.42946708463949845,0.45896147403685095
2,CountVectorizer,MultinomialNB,{'estimator__alpha': 0.01},0.3957345971563981,0.17962085308056872,1.0253591000000597,1.792615600003046,944.7109375,936.4375,0.47941176470588237,0.4851190476190476,0.4822485207100592,0.8432304038004751,0.8808933002481389,0.8616504854368932,0.7807807807807807,0.7963246554364471,0.7884761182714177,0.7354260089686099,0.7627906976744186,0.7488584474885844,0.5555555555555556,0.54858934169279,0.5520504731861199
2,CountVectorizer,MultinomialNB,{'estimator__alpha': 0.1},0.40916271721958924,0.1717219589257504,1.0328095000004396,1.7932966000007582,942.9609375,936.45703125,0.503125,0.4791666666666667,0.49085365853658536,0.8494117647058823,0.8957816377171216,0.8719806763285024,0.7920353982300885,0.8223583460949464,0.8069120961682945,0.7253218884120172,0.786046511627907,0.7544642857142857,0.5607476635514018,0.5642633228840125,0.5625
2,CountVectorizer,MultinomialNB,{'estimator__alpha': 1.0},0.4391785150078989,0.160347551342812,1.0322069000030751,1.795193999998446,943.0234375,935.921875,0.5774647887323944,0.36607142857142855,0.44808743169398907,0.875,0.8858560794044665,0.8803945745992602,0.7862266857962698,0.8392036753445635,0.8118518518518518,0.7989949748743719,0.7395348837209302,0.7681159420289855,0.6194690265486725,0.438871473354232,0.5137614678899083
2,CountVectorizer,LogisticRegression,"{'estimator__C': 0.1, 'estimator__penalty': 'l2'}",0.34755134281200634,0.17535545023696683,1.3847008000011556,1.803271800003131,944.3515625,936.05859375,0.6237623762376238,0.1875,0.28832951945080093,0.9299363057324841,0.7245657568238213,0.8145048814504882,0.8018720748829953,0.7871362940275651,0.794435857805255,0.8803418803418803,0.4790697674418605,0.6204819277108434,0.7227722772277227,0.22884012539184953,0.3476190476190476
2,CountVectorizer,LogisticRegression,"{'estimator__C': 1, 'estimator__penalty': 'l2'}",0.3988941548183254,0.1684044233807267,0.8546623000002,1.7878426000024774,943.7109375,936.046875,0.5707317073170731,0.3482142857142857,0.43253234750462105,0.9101123595505618,0.8039702233250621,0.8537549407114624,0.7848484848484848,0.7932618683001531,0.789032749428789,0.8846153846153846,0.641860465116279,0.7439353099730458,0.6009389671361502,0.4012539184952978,0.48120300751879697
2,CountVectorizer,LogisticRegression,"{'estimator__C': 10, 'estimator__penalty': 'l2'}",0.37519747235387046,0.18515007898894154,1.0880353000029572,1.786168999999063,943.69140625,936.06640625,0.5037037037037037,0.40476190476190477,0.44884488448844884,0.8776595744680851,0.8188585607940446,0.8472400513478819,0.7477064220183486,0.7488514548238897,0.7482785003825555,0.8238636363636364,0.6744186046511628,0.7416879795396419,0.5531914893617021,0.4890282131661442,0.519134775374376
2,CountVectorizer,KNeighbors,"{'n_neighbors': 3, 'algorithm': 'ball_tree'}",0.29462875197472355,0.2439178515007899,1.0232011000043713,0.7522363000025507,942.3046875,1049.2109375,0.4,0.40476190476190477,0.40236686390532544,0.7970149253731343,0.6625310173697271,0.7235772357723578,0.6653846153846154,0.7947932618683001,0.724354501046755,0.7752808988764045,0.3209302325581395,0.45394736842105265,0.42265193370165743,0.47962382445141066,0.44933920704845814
2,CountVectorizer,KNeighbors,"{'n_neighbors': 3, 'algorithm': 'kd_tree'}",0.29462875197472355,0.2439178515007899,1.0230639000001247,0.743512399996689,946.7265625,1053.08984375,0.4,0.40476190476190477,0.40236686390532544,0.7970149253731343,0.6625310173697271,0.7235772357723578,0.6653846153846154,0.7947932618683001,0.724354501046755,0.7752808988764045,0.3209302325581395,0.45394736842105265,0.42265193370165743,0.47962382445141066,0.44933920704845814
2,CountVectorizer,KNeighbors,"{'n_neighbors': 3, 'algorithm': 'brute'}",0.29462875197472355,0.2439178515007899,1.0299882999970578,0.7494999999980791,941.65234375,1062.34375,0.4,0.40476190476190477,0.40236686390532544,0.7970149253731343,0.6625310173697271,0.7235772357723578,0.6653846153846154,0.7947932618683001,0.724354501046755,0.7752808988764045,0.3209302325581395,0.45394736842105265,0.42265193370165743,0.47962382445141066,0.44933920704845814
2,CountVectorizer,KNeighbors,"{'n_neighbors': 5, 'algorithm': 'ball_tree'}",0.29067930489731436,0.23127962085308057,1.0211703999957535,0.7505654999986291,946.890625,1044.890625,0.4490566037735849,0.3541666666666667,0.39600665557404324,0.8664383561643836,0.6277915632754343,0.7280575539568346,0.6738035264483627,0.8192955589586524,0.7394609536973048,0.8513513513513513,0.2930232558139535,0.4359861591695502,0.4199395770392749,0.43573667711598746,0.4276923076923077
2,CountVectorizer,KNeighbors,"{'n_neighbors': 5, 'algorithm': 'kd_tree'}",0.29067930489731436,0.23127962085308057,1.009236999998393,0.7507011000052444,942.01953125,1040.0234375,0.4490566037735849,0.3541666666666667,0.39600665557404324,0.8664383561643836,0.6277915632754343,0.7280575539568346,0.6738035264483627,0.8192955589586524,0.7394609536973048,0.8513513513513513,0.2930232558139535,0.4359861591695502,0.4199395770392749,0.43573667711598746,0.4276923076923077
2,CountVectorizer,KNeighbors,"{'n_neighbors': 5, 'algorithm': 'brute'}",0.29067930489731436,0.23127962085308057,1.0210103999997955,0.7473708000034094,946.85546875,1074.41015625,0.4490566037735849,0.3541666666666667,0.39600665557404324,0.8664383561643836,0.6277915632754343,0.7280575539568346,0.6738035264483627,0.8192955589586524,0.7394609536973048,0.8513513513513513,0.2930232558139535,0.4359861591695502,0.4199395770392749,0.43573667711598746,0.4276923076923077
2,CountVectorizer,KNeighbors,"{'n_neighbors': 7, 'algorithm': 'ball_tree'}",0.28199052132701424,0.230173775671406,1.025982400002249,0.7581459000066388,941.7890625,1058.76953125,0.4330357142857143,0.28869047619047616,0.3464285714285714,0.8810408921933085,0.5880893300248139,0.7053571428571429,0.6782178217821783,0.8392036753445635,0.7501711156741958,0.855072463768116,0.2744186046511628,0.4154929577464789,0.43130990415335463,0.4231974921630094,0.4272151898734177
2,CountVectorizer,KNeighbors,"{'n_neighbors': 7, 'algorithm': 'kd_tree'}",0.28199052132701424,0.230173775671406,1.027137799996126,0.7514878000001772,946.8671875,1050.453125,0.4330357142857143,0.28869047619047616,0.3464285714285714,0.8810408921933085,0.5880893300248139,0.7053571428571429,0.6782178217821783,0.8392036753445635,0.7501711156741958,0.855072463768116,0.2744186046511628,0.4154929577464789,0.43130990415335463,0.4231974921630094,0.4272151898734177
2,CountVectorizer,KNeighbors,"{'n_neighbors': 7, 'algorithm': 'brute'}",0.28199052132701424,0.230173775671406,1.013960100004624,0.7434748000014224,941.796875,1043.45703125,0.4330357142857143,0.28869047619047616,0.3464285714285714,0.8810408921933085,0.5880893300248139,0.7053571428571429,0.6782178217821783,0.8392036753445635,0.7501711156741958,0.855072463768116,0.2744186046511628,0.4154929577464789,0.43130990415335463,0.4231974921630094,0.4272151898734177
2,CountVectorizer,DecisionTree,"{'criterion': 'gini', 'max_features': 'sqrt'}",0.31437598736176936,0.2484992101105845,0.7730987999966601,1.7974214999994729,949.61328125,937.1875,0.3962765957446808,0.44345238095238093,0.41853932584269665,0.753315649867374,0.7047146401985112,0.7282051282051282,0.6699576868829337,0.7274119448698315,0.697503671071953,0.6457142857142857,0.5255813953488372,0.5794871794871795,0.41875,0.4200626959247649,0.4194053208137715
2,CountVectorizer,DecisionTree,"{'criterion': 'gini', 'max_features': 'log2'}",0.27488151658767773,0.2750394944707741,0.8515554999976302,1.7911583999957656,947.984375,937.4296875,0.3909348441926346,0.4107142857142857,0.4005805515239477,0.65311004784689,0.6774193548387096,0.6650426309378806,0.6557120500782473,0.6416539050535988,0.6486068111455109,0.5618556701030928,0.5069767441860465,0.5330073349633252,0.35873015873015873,0.3542319749216301,0.35646687697160884
2,CountVectorizer,DecisionTree,"{'criterion': 'gini', 'max_features': None}",0.4060031595576619,0.20552922590837283,1.799257899998338,1.7936909999989439,943.8671875,936.2421875,0.4859437751004016,0.3601190476190476,0.41367521367521365,0.7955665024630542,0.8014888337468983,0.7985166872682324,0.7591125198098256,0.7335375191424196,0.7461059190031153,0.680628272251309,0.6046511627906976,0.6403940886699507,0.49453551912568305,0.567398119122257,0.5284671532846715
2,CountVectorizer,DecisionTree,"{'criterion': 'entropy', 'max_features': 'sqrt'}",0.30963665086887837,0.25165876777251184,0.7872149000031641,1.7906942999979947,948.0078125,937.3203125,0.3490304709141274,0.375,0.3615494978479197,0.7801608579088471,0.7220843672456576,0.75,0.6727785613540197,0.7304747320061256,0.7004405286343612,0.6149068322981367,0.4604651162790698,0.526595744680851,0.4236760124610592,0.4263322884012539,0.425
2,CountVectorizer,DecisionTree,"{'criterion': 'entropy', 'max_features': 'log2'}",0.2772511848341232,0.2786729857819905,0.8452623999983189,1.791107999997621,948.02734375,937.46484375,0.3495702005730659,0.3630952380952381,0.3562043795620438,0.6810126582278481,0.6674937965260546,0.6741854636591479,0.6481994459833795,0.7166921898928025,0.6807272727272727,0.60625,0.4511627906976744,0.5173333333333333,0.3385416666666667,0.40752351097178685,0.36984352773826457
2,CountVectorizer,DecisionTree,"{'criterion': 'entropy', 'max_features': None}",0.39178515007898895,0.2123222748815166,2.0838761999984854,1.7919793999972171,943.9609375,936.3515625,0.4570446735395189,0.3958333333333333,0.42424242424242425,0.8487394957983193,0.7518610421836228,0.7973684210526316,0.7553017944535073,0.7090352220520674,0.731437598736177,0.6682926829268293,0.6372093023255814,0.6523809523809524,0.4653179190751445,0.5047021943573667,0.4842105263157895
2,CountVectorizer,DecisionTree,"{'criterion': 'log_loss', 'max_features': 'sqrt'}",0.30963665086887837,0.25165876777251184,0.7887181999976747,1.7921496999988449,948.0390625,937.2265625,0.3490304709141274,0.375,0.3615494978479197,0.7801608579088471,0.7220843672456576,0.75,0.6727785613540197,0.7304747320061256,0.7004405286343612,0.6149068322981367,0.4604651162790698,0.526595744680851,0.4236760124610592,0.4263322884012539,0.425
2,CountVectorizer,DecisionTree,"{'criterion': 'log_loss', 'max_features': 'log2'}",0.2772511848341232,0.2786729857819905,0.8555503000025055,1.7912035000044852,947.9140625,937.3515625,0.3495702005730659,0.3630952380952381,0.3562043795620438,0.6810126582278481,0.6674937965260546,0.6741854636591479,0.6481994459833795,0.7166921898928025,0.6807272727272727,0.60625,0.4511627906976744,0.5173333333333333,0.3385416666666667,0.40752351097178685,0.36984352773826457
2,CountVectorizer,DecisionTree,"{'criterion': 'log_loss', 'max_features': None}",0.39178515007898895,0.2123222748815166,2.082615100000112,1.7971622999975807,943.83203125,936.2265625,0.4570446735395189,0.3958333333333333,0.42424242424242425,0.8487394957983193,0.7518610421836228,0.7973684210526316,0.7553017944535073,0.7090352220520674,0.731437598736177,0.6682926829268293,0.6372093023255814,0.6523809523809524,0.4653179190751445,0.5047021943573667,0.4842105263157895
2,CountVectorizer,GradientBoosting,"{'estimator__n_estimators': 100, 'estimator__criterion': 'friedman_mse'}",0.2914691943127962,0.19889415481832542,6.973541799998202,1.8085770000034245,942.171875,935.859375,0.6774193548387096,0.1875,0.2937062937062937,0.9642857142857143,0.6029776674937966,0.7419847328244275,0.7973484848484849,0.6447166921898928,0.7129551227773073,0.8526315789473684,0.3767441860465116,0.5225806451612903,0.8064516129032258,0.07836990595611286,0.14285714285714285
2,CountVectorizer,GradientBoosting,"{'estimator__n_estimators': 100, 'estimator__criterion': 'squared_error'}",0.28988941548183256,0.19731437598736176,6.9352665999977035,1.8229483000031905,942.03515625,935.921875,0.6595744680851063,0.18452380952380953,0.28837209302325584,0.9642857142857143,0.6029776674937966,0.7419847328244275,0.8052930056710775,0.6523736600306279,0.7208121827411168,0.8556701030927835,0.386046511627907,0.532051282051282,0.8181818181818182,0.08463949843260188,0.1534090909090909
2,CountVectorizer,GradientBoosting,"{'estimator__n_estimators': 150, 'estimator__criterion': 'friedman_mse'}",0.3127962085308057,0.19131121642969984,10.097587399999611,1.8184879000036744,941.78125,935.94140625,0.6875,0.19642857142857142,0.3055555555555556,0.9592592592592593,0.6426799007444168,0.7696879643387816,0.7953321364452424,0.678407350689127,0.7322314049586777,0.8317757009345794,0.413953488372093,0.5527950310559007,0.8163265306122449,0.12539184952978055,0.21739130434782608
2,CountVectorizer,GradientBoosting,"{'estimator__n_estimators': 150, 'estimator__criterion': 'squared_error'}",0.31200631911532384,0.19178515007898894,10.09434269999474,1.8214726000005612,942.1328125,936.2109375,0.6836734693877551,0.19940476190476192,0.3087557603686636,0.959409594095941,0.6451612903225806,0.771513353115727,0.7939068100358423,0.678407350689127,0.731626754748142,0.8333333333333334,0.4186046511627907,0.5572755417956656,0.7872340425531915,0.11598746081504702,0.20218579234972678
2,CountVectorizer,GradientBoosting,"{'estimator__n_estimators': 200, 'estimator__criterion': 'friedman_mse'}",0.31911532385466035,0.1883096366508689,13.189820999999938,1.8429980000000796,942.06640625,923.8828125,0.6764705882352942,0.20535714285714285,0.3150684931506849,0.950530035335689,0.6674937965260546,0.7842565597667639,0.7937062937062938,0.6952526799387443,0.7412244897959184,0.8303571428571429,0.4325581395348837,0.5688073394495413,0.8113207547169812,0.13479623824451412,0.23118279569892472
2,CountVectorizer,GradientBoosting,"{'estimator__n_estimators': 200, 'estimator__criterion': 'squared_error'}",0.31990521327014215,0.18672985781990523,13.194294500004617,1.3864984000028926,929.71484375,927.0390625,0.6788990825688074,0.22023809523809523,0.3325842696629214,0.950530035335689,0.6674937965260546,0.7842565597667639,0.7972027972027972,0.6983154670750383,0.7444897959183674,0.8378378378378378,0.4325581395348837,0.5705521472392638,0.8070175438596491,0.14420062695924765,0.24468085106382978
2,CountVectorizer,AdaBoost,"{'estimator__n_estimators': 50, 'estimator__learning_rate': 0.01}",0.08767772511848342,0.2682464454976303,2.3011740000001737,0.9940675000034389,929.7109375,927.02734375,0.47058823529411764,0.07142857142857142,0.12403100775193798,0.9555555555555556,0.21339950372208435,0.3488843813387424,0.7888446215139442,0.30321592649310875,0.43805309734513276,1.0,0.018604651162790697,0.0365296803652968,0.0,0.0,0.0
2,CountVectorizer,AdaBoost,"{'estimator__n_estimators': 50, 'estimator__learning_rate': 0.1}",0.18167456556082148,0.23601895734597156,2.2734299000003375,0.997227899999416,928.96484375,926.35546875,1.0,0.017857142857142856,0.03508771929824561,0.9588235294117647,0.4044665012406948,0.568935427574171,0.7893401015228426,0.4762633996937213,0.5940783190066857,0.9111111111111111,0.19069767441860466,0.3153846153846154,0.8571428571428571,0.018808777429467086,0.03680981595092025
2,CountVectorizer,AdaBoost,"{'estimator__n_estimators': 50, 'estimator__learning_rate': 1.0}",0.3175355450236967,0.19194312796208532,2.2619858000034583,0.9921198000010918,928.7265625,926.25,0.6230769230769231,0.24107142857142858,0.34763948497854075,0.9305993690851735,0.7320099255583127,0.8194444444444444,0.789179104477612,0.6477794793261868,0.7115222876366695,0.7315436241610739,0.5069767441860465,0.5989010989010989,0.6153846153846154,0.22570532915360503,0.3302752293577982
2,CountVectorizer,AdaBoost,"{'estimator__n_estimators': 100, 'estimator__learning_rate': 0.01}",0.10347551342812006,0.2636650868878357,4.066074099995603,1.0913459000003058,928.86328125,926.2578125,0.0,0.0,0.0,0.954954954954955,0.2630272952853598,0.41245136186770426,0.7620689655172413,0.33843797856049007,0.4687168610816543,1.0,0.018604651162790697,0.0365296803652968,0.0,0.0,0.0
2,CountVectorizer,AdaBoost,"{'estimator__n_estimators': 100, 'estimator__learning_rate': 0.1}",0.23064770932069512,0.2213270142180095,4.059437100004288,1.0888163000054192,928.80078125,926.3671875,0.84,0.0625,0.11634349030470914,0.9651741293532339,0.4813895781637717,0.6423841059602649,0.776595744680851,0.55895865237366,0.6500445235975066,0.835820895522388,0.26046511627906976,0.3971631205673759,0.8636363636363636,0.05956112852664577,0.11143695014662756
2,CountVectorizer,AdaBoost,"{'estimator__n_estimators': 100, 'estimator__learning_rate': 1.0}",0.3467614533965245,0.18451816745655608,4.027886399999261,1.086601700000756,929.16796875,926.32421875,0.6114649681528662,0.2857142857142857,0.3894523326572008,0.913946587537092,0.7642679900744417,0.8324324324324325,0.7879310344827586,0.6998468606431854,0.7412814274128142,0.7985074626865671,0.49767441860465117,0.6131805157593123,0.6041666666666666,0.2727272727272727,0.3758099352051836
2,CountVectorizer,AdaBoost,"{'estimator__n_estimators': 150, 'estimator__learning_rate': 0.01}",0.12164296998420221,0.2575039494470774,5.818564699999115,1.1825332999942475,928.796875,926.55078125,0.0,0.0,0.0,0.9473684210526315,0.31265508684863524,0.4701492537313433,0.7728706624605678,0.37519142419601836,0.5051546391752577,1.0,0.018604651162790697,0.0365296803652968,0.0,0.0,0.0
2,CountVectorizer,AdaBoost,"{'estimator__n_estimators': 150, 'estimator__learning_rate': 0.1}",0.25908372827804105,0.20979462875197472,5.818102799996268,1.1802601999952458,929.4453125,926.703125,0.6376811594202898,0.13095238095238096,0.21728395061728395,0.9659574468085106,0.5632754342431762,0.7115987460815048,0.7840466926070039,0.6171516079632465,0.6906598114824336,0.8441558441558441,0.3023255813953488,0.4452054794520548,0.8260869565217391,0.05956112852664577,0.1111111111111111
2,CountVectorizer,AdaBoost,"{'estimator__n_estimators': 150, 'estimator__learning_rate': 1.0}",0.3609794628751975,0.18041074249605055,5.797990099999879,1.1805483999996795,929.13671875,927.01171875,0.5645161290322581,0.3125,0.40229885057471265,0.9183673469387755,0.7816377171215881,0.8445040214477212,0.7855973813420621,0.7350689127105666,0.759493670886076,0.8367346938775511,0.5720930232558139,0.6795580110497238,0.5730994152046783,0.3072100313479624,0.4
2,CountVectorizer,SGD,"{'estimator__alpha': 0.0001, 'estimator__penalty': 'l2'}",0.3807266982622433,0.18230647709320696,1.2052810000022873,1.7917283999995561,928.484375,923.9375,0.5267175572519084,0.4107142857142857,0.46153846153846156,0.8897849462365591,0.8213399503722084,0.8541935483870968,0.7530120481927711,0.7656967840735069,0.7593014426727411,0.8228571428571428,0.6697674418604651,0.7384615384615385,0.5347985347985348,0.45768025078369906,0.49324324324324326
2,CountVectorizer,SGD,"{'estimator__alpha': 0.0001, 'estimator__penalty': 'l1'}",0.382306477093207,0.17788309636650868,0.6963859000024968,1.7882823999971151,928.578125,924.03515625,0.5774647887323944,0.36607142857142855,0.44808743169398907,0.8904109589041096,0.8064516129032258,0.8463541666666666,0.76793893129771,0.7702909647779479,0.7691131498470948,0.8066298342541437,0.6790697674418604,0.7373737373737373,0.543859649122807,0.3887147335423197,0.453382084095064
2,CountVectorizer,SGD,"{'estimator__alpha': 0.0001, 'estimator__penalty': 'elasticnet'}",0.38467614533965244,0.1819905213270142,0.7086194000003161,1.7790303000001586,928.90625,923.95703125,0.5236220472440944,0.3958333333333333,0.45084745762711864,0.8921832884097035,0.8213399503722084,0.8552971576227391,0.7548005908419497,0.7825421133231241,0.7684210526315789,0.8057142857142857,0.6558139534883721,0.7230769230769231,0.5353159851301115,0.45141065830721006,0.4897959183673469
2,CountVectorizer,SGD,"{'estimator__alpha': 0.001, 'estimator__penalty': 'l2'}",0.38783570300157977,0.16492890995260664,1.1193710000006831,1.784770500002196,928.94140625,924.08984375,0.6428571428571429,0.21428571428571427,0.32142857142857145,0.9367469879518072,0.771712158808933,0.8462585034013606,0.7987804878048781,0.8024502297090352,0.80061115355233,0.8639455782312925,0.5906976744186047,0.7016574585635359,0.7652173913043478,0.27586206896551724,0.4055299539170507
2,CountVectorizer,SGD,"{'estimator__alpha': 0.001, 'estimator__penalty': 'l1'}",0.31516587677725116,0.19036334913112166,1.131012500001816,1.8019585000001825,928.98828125,924.01171875,0.6326530612244898,0.18452380952380953,0.2857142857142857,0.9537366548042705,0.6650124069478908,0.783625730994152,0.7945670628183361,0.7166921898928025,0.7536231884057971,0.7727272727272727,0.4744186046511628,0.5878962536023055,0.7142857142857143,0.109717868338558,0.19021739130434784
2,CountVectorizer,SGD,"{'estimator__alpha': 0.001, 'estimator__penalty': 'elasticnet'}",0.353870458135861,0.1731437598736177,1.1935680999959004,1.797427699995751,928.6484375,924.0234375,0.6262626262626263,0.18452380952380953,0.2850574712643678,0.948220064724919,0.7270471464019851,0.8230337078651685,0.8124006359300477,0.7825421133231241,0.797191887675507,0.8309859154929577,0.5488372093023256,0.6610644257703081,0.7662337662337663,0.18495297805642633,0.29797979797979796
2,CountVectorizer,SGD,"{'estimator__alpha': 0.01, 'estimator__penalty': 'l2'}",0.2638230647709321,0.19936808846761453,1.0882149000026402,1.8069384999980684,928.94140625,923.96484375,1.0,0.005952380952380952,0.011834319526627219,0.9563492063492064,0.598014888337469,0.7358778625954199,0.8057432432432432,0.7304747320061256,0.7662650602409639,0.8555555555555555,0.3581395348837209,0.5049180327868853,0.875,0.0219435736677116,0.04281345565749235
2,CountVectorizer,SGD,"{'estimator__alpha': 0.01, 'estimator__penalty': 'l1'}",0.1524486571879937,0.2559241706161137,1.0840465000001132,1.794034599995939,928.9375,924.09375,0.0,0.0,0.0,0.9473684210526315,0.31265508684863524,0.4701492537313433,0.7620689655172413,0.33843797856049007,0.4687168610816543,0.6666666666666666,0.32558139534883723,0.4375,0.0,0.0,0.0
2,CountVectorizer,SGD,"{'estimator__alpha': 0.01, 'estimator__penalty': 'elasticnet'}",0.23143759873617695,0.21595576619273302,1.117503100002068,1.803804000002856,929.015625,924.0390625,0.0,0.0,0.0,0.964824120603015,0.47642679900744417,0.6378737541528239,0.7955801104972375,0.6615620214395099,0.7224080267558528,0.7666666666666667,0.3209302325581395,0.4524590163934426,1.0,0.01567398119122257,0.030864197530864196
3,TfidfVectorizer,RandomForest,"{'n_estimators': 50, 'criterion': 'gini'}",0.39257503949447076,0.17598736176935229,7.874593599997752,1.472688299996662,924.1484375,764.66796875,0.6597938144329897,0.19047619047619047,0.2956120092378753,0.9202453987730062,0.7444168734491315,0.823045267489712,0.7542857142857143,0.8085758039816233,0.7804878048780488,0.837037037037037,0.5255813953488372,0.6457142857142857,0.6973684210526315,0.3322884012539185,0.45010615711252655
3,TfidfVectorizer,RandomForest,"{'n_estimators': 50, 'criterion': 'entropy'}",0.39731437598736175,0.17393364928909952,8.562555399999837,0.9862665999971796,771.9296875,764.953125,0.5859375,0.22321428571428573,0.3232758620689655,0.9164179104477612,0.7617866004962779,0.8319783197831978,0.7859327217125383,0.7871362940275651,0.7865340474368784,0.8309859154929577,0.5488372093023256,0.6610644257703081,0.7,0.3072100313479624,0.42701525054466233
3,TfidfVectorizer,RandomForest,"{'n_estimators': 50, 'criterion': 'log_loss'}",0.39731437598736175,0.17393364928909952,8.45469160000357,0.9835423999975319,771.1484375,771.15625,0.5859375,0.22321428571428573,0.3232758620689655,0.9164179104477612,0.7617866004962779,0.8319783197831978,0.7859327217125383,0.7871362940275651,0.7865340474368784,0.8309859154929577,0.5488372093023256,0.6610644257703081,0.7,0.3072100313479624,0.42701525054466233
3,TfidfVectorizer,RandomForest,"{'n_estimators': 100, 'criterion': 'gini'}",0.4004739336492891,0.1734597156398104,15.221522700005153,1.041254800002207,850.890625,842.875,0.6836734693877551,0.19940476190476192,0.3087557603686636,0.9233128834355828,0.7468982630272953,0.8257887517146777,0.7571022727272727,0.8162327718223583,0.7855563743551953,0.8405797101449275,0.5395348837209303,0.6572237960339944,0.7027027027027027,0.32601880877742945,0.44539614561027835
3,TfidfVectorizer,RandomForest,"{'n_estimators': 100, 'criterion': 'entropy'}",0.3933649289099526,0.17251184834123223,16.374237600000924,1.0532584999964456,849.1796875,843.1328125,0.5966386554621849,0.2113095238095238,0.3120879120879121,0.9196428571428571,0.7667493796526055,0.8362652232746955,0.7800891530460624,0.8039816232771823,0.7918552036199095,0.8368794326241135,0.5488372093023256,0.6629213483146067,0.7050359712230215,0.3072100313479624,0.4279475982532751
3,TfidfVectorizer,RandomForest,"{'n_estimators': 100, 'criterion': 'log_loss'}",0.3933649289099526,0.17251184834123223,16.444837900002312,1.0439770999946631,849.09375,842.94140625,0.5966386554621849,0.2113095238095238,0.3120879120879121,0.9196428571428571,0.7667493796526055,0.8362652232746955,0.7800891530460624,0.8039816232771823,0.7918552036199095,0.8368794326241135,0.5488372093023256,0.6629213483146067,0.7050359712230215,0.3072100313479624,0.4279475982532751
3,TfidfVectorizer,RandomForest,"{'n_estimators': 150, 'criterion': 'gini'}",0.4052132701421801,0.17187993680884675,22.609513600000355,1.1013663999983692,927.34375,920.89453125,0.6701030927835051,0.19345238095238096,0.3002309468822171,0.9235474006116208,0.749379652605459,0.8273972602739726,0.7621776504297995,0.8147013782542113,0.7875647668393783,0.8582089552238806,0.5348837209302325,0.6590257879656161,0.7142857142857143,0.3448275862068966,0.46511627906976744
3,TfidfVectorizer,RandomForest,"{'n_estimators': 150, 'criterion': 'entropy'}",0.40126382306477093,0.17140600315955767,24.39362930000061,1.103397999999288,927.58984375,921.08203125,0.5916666666666667,0.2113095238095238,0.31140350877192985,0.9219219219219219,0.7617866004962779,0.8342391304347826,0.7795857988165681,0.8070444104134763,0.7930775018811136,0.8467153284671532,0.5395348837209303,0.6590909090909091,0.7210884353741497,0.3322884012539185,0.45493562231759654
3,TfidfVectorizer,RandomForest,"{'n_estimators': 150, 'criterion': 'log_loss'}",0.40126382306477093,0.17140600315955767,24.20948949999729,1.1009214000005159,927.56640625,921.0546875,0.5916666666666667,0.2113095238095238,0.31140350877192985,0.9219219219219219,0.7617866004962779,0.8342391304347826,0.7795857988165681,0.8070444104134763,0.7930775018811136,0.8467153284671532,0.5395348837209303,0.6590909090909091,0.7210884353741497,0.3322884012539185,0.45493562231759654
3,TfidfVectorizer,SVC,"{'estimator__C': 0.1, 'estimator__kernel': 'linear'}",0.2796208530805687,0.19225908372827805,14.443093800000497,1.7237697999953525,1134.7265625,943.70703125,0.7,0.020833333333333332,0.04046242774566474,0.9616858237547893,0.6228287841191067,0.7560240963855421,0.8287671232876712,0.7411944869831547,0.7825383993532741,0.8850574712643678,0.3581395348837209,0.5099337748344371,0.9333333333333333,0.0438871473354232,0.08383233532934131
3,TfidfVectorizer,SVC,"{'estimator__C': 0.1, 'estimator__kernel': 'rbf'}",0.160347551342812,0.2287519747235387,19.471676499997557,2.4845733999973163,1161.69140625,945.7578125,0.0,0.0,0.0,0.9754098360655737,0.29528535980148884,0.4533333333333333,0.8308270676691729,0.6768759571209801,0.7459915611814346,1.0,0.046511627906976744,0.08888888888888889,0.0,0.0,0.0
3,TfidfVectorizer,SVC,"{'estimator__C': 0.1, 'estimator__kernel': 'sigmoid'}",0.27488151658767773,0.19352290679304898,14.62009790000593,1.7357005999947432,1140.55859375,943.70703125,0.8571428571428571,0.017857142857142856,0.03498542274052478,0.9612403100775194,0.6153846153846154,0.7503782148260212,0.8273504273504273,0.7411944869831547,0.7819063004846527,0.8809523809523809,0.34418604651162793,0.49498327759197325,0.9230769230769231,0.03761755485893417,0.07228915662650602
3,TfidfVectorizer,SVC,"{'estimator__C': 1, 'estimator__kernel': 'linear'}",0.41390205371248023,0.16398104265402844,13.320171499995922,1.5108091000001878,1151.37890625,944.66796875,0.6257668711656442,0.30357142857142855,0.4088176352705411,0.925414364640884,0.8312655086848635,0.8758169934640523,0.7792792792792793,0.7947932618683001,0.7869598180439727,0.8452380952380952,0.6604651162790698,0.741514360313316,0.6268656716417911,0.3949843260188088,0.4846153846153846
3,TfidfVectorizer,SVC,"{'estimator__C': 1, 'estimator__kernel': 'rbf'}",0.4060031595576619,0.16145339652448656,21.929116899998917,2.3976155999989714,1175.0234375,946.0,0.6869565217391305,0.23511904761904762,0.35033259423503327,0.9404761904761905,0.7841191066997518,0.8552097428958051,0.8109375,0.7947932618683001,0.802784222737819,0.8970588235294118,0.5674418604651162,0.6951566951566952,0.7251908396946565,0.29780564263322884,0.4222222222222222
3,TfidfVectorizer,SVC,"{'estimator__C': 1, 'estimator__kernel': 'sigmoid'}",0.40837282780410744,0.165086887835703,12.96436790000007,1.4786304000008386,1144.3671875,943.828125,0.6308724832214765,0.27976190476190477,0.38762886597938145,0.9344729344729344,0.8138957816377171,0.870026525198939,0.7786144578313253,0.7917304747320061,0.7851176917236142,0.8363636363636363,0.641860465116279,0.7263157894736842,0.6473684210526316,0.38557993730407525,0.48330058939096265
3,TfidfVectorizer,SVC,"{'estimator__C': 10, 'estimator__kernel': 'linear'}",0.3467614533965245,0.20315955766192734,17.27854369999841,1.3947267999974429,1183.7265625,942.578125,0.4660493827160494,0.4494047619047619,0.4575757575757576,0.8463476070528967,0.8337468982630273,0.84,0.7192192192192193,0.7335375191424196,0.7263078089461713,0.7539267015706806,0.6697674418604651,0.7093596059113301,0.49700598802395207,0.5203761755485894,0.5084226646248086
3,TfidfVectorizer,SVC,"{'estimator__C': 10, 'estimator__kernel': 'rbf'}",0.41311216429699843,0.16398104265402844,47.72514219999721,2.5469778000042425,1173.62890625,947.078125,0.6182795698924731,0.34226190476190477,0.44061302681992337,0.9192200557103064,0.8188585607940446,0.8661417322834646,0.788109756097561,0.7917304747320061,0.7899159663865546,0.8807947019867549,0.6186046511627907,0.726775956284153,0.6213592233009708,0.4012539184952978,0.4876190476190476
3,TfidfVectorizer,SVC,"{'estimator__C': 10, 'estimator__kernel': 'sigmoid'}",0.35308056872037913,0.2014218009478673,20.976426699999138,1.2628627000012784,1171.1484375,945.3359375,0.487012987012987,0.44642857142857145,0.4658385093167702,0.8371501272264631,0.8163771712158809,0.8266331658291457,0.7249240121580547,0.7304747320061256,0.7276887871853547,0.7424242424242424,0.6837209302325581,0.711864406779661,0.5032894736842105,0.47962382445141066,0.4911717495987159
3,TfidfVectorizer,MultinomialNB,{'estimator__alpha': 0.01},0.40126382306477093,0.18104265402843603,1.0376988999996684,1.787626999997883,931.5859375,922.24609375,0.536697247706422,0.3482142857142857,0.4223826714801444,0.8620689655172413,0.8064516129032258,0.8333333333333334,0.7643504531722054,0.774885145482389,0.7695817490494297,0.7734806629834254,0.6511627906976745,0.7070707070707071,0.6129032258064516,0.3573667711598746,0.4514851485148515
3,TfidfVectorizer,MultinomialNB,{'estimator__alpha': 0.1},0.4099526066350711,0.17109004739336492,1.0386679000002914,1.8029721999992034,927.8515625,921.953125,0.5738636363636364,0.3005952380952381,0.39453125,0.889763779527559,0.8411910669975186,0.8647959183673469,0.7684365781710915,0.7978560490045942,0.782870022539444,0.8055555555555556,0.6744186046511628,0.7341772151898734,0.6493506493506493,0.31347962382445144,0.42283298097251587
3,TfidfVectorizer,MultinomialNB,{'estimator__alpha': 1.0},0.3412322274881517,0.17883096366508688,1.0386112999985926,1.7966302999993786,927.15625,921.90625,0.8125,0.07738095238095238,0.14130434782608695,0.9420731707317073,0.7667493796526055,0.8454172366621067,0.7652777777777777,0.8437978560490046,0.8026219956300072,0.9325842696629213,0.386046511627907,0.5460526315789473,0.9032258064516129,0.0877742946708464,0.16
3,TfidfVectorizer,LogisticRegression,"{'estimator__C': 0.1, 'estimator__penalty': 'l2'}",0.23143759873617695,0.20821484992101105,1.2580495000001974,1.7932738999952562,928.8984375,922.02734375,0.7,0.020833333333333332,0.04046242774566474,0.9642857142857143,0.46898263027295284,0.6310517529215359,0.7996845425867508,0.776416539050536,0.7878787878787878,0.9090909090909091,0.13953488372093023,0.24193548387096775,0.8571428571428571,0.05642633228840126,0.10588235294117647
3,TfidfVectorizer,LogisticRegression,"{'estimator__C': 1, 'estimator__penalty': 'l2'}",0.3736176935229068,0.16903633491311215,0.7688599000030081,1.806069899997965,928.65625,921.9375,0.6535433070866141,0.24702380952380953,0.35853131749460043,0.9226190476190477,0.7692307692307693,0.8389715832205683,0.8021638330757341,0.7947932618683001,0.7984615384615384,0.888,0.5162790697674419,0.6529411764705882,0.6573426573426573,0.2946708463949843,0.4069264069264069
3,TfidfVectorizer,LogisticRegression,"{'estimator__C': 10, 'estimator__penalty': 'l2'}",0.40126382306477093,0.17140600315955767,0.9629940000013448,1.7906288000012864,928.5390625,921.83984375,0.5495867768595041,0.3958333333333333,0.4602076124567474,0.9086021505376344,0.8387096774193549,0.8722580645161291,0.7726574500768049,0.7702909647779479,0.7714723926380368,0.8475609756097561,0.6465116279069767,0.7335092348284961,0.5894308943089431,0.45454545454545453,0.5132743362831859
3,TfidfVectorizer,KNeighbors,"{'n_neighbors': 3, 'algorithm': 'ball_tree'}",0.35150078988941547,0.2080568720379147,1.026409700003569,1.2448046999998041,927.09375,1109.76953125,0.4979919678714859,0.36904761904761907,0.4239316239316239,0.8222222222222222,0.7344913151364765,0.7758846657929227,0.7142857142857143,0.7886676875957122,0.7496360989810772,0.7692307692307693,0.5581395348837209,0.6469002695417789,0.4742268041237113,0.43260188087774293,0.4524590163934426
3,TfidfVectorizer,KNeighbors,"{'n_neighbors': 3, 'algorithm': 'kd_tree'}",0.35150078988941547,0.2080568720379147,1.032459400004882,1.2315024999988964,926.60546875,1119.01171875,0.4979919678714859,0.36904761904761907,0.4239316239316239,0.8222222222222222,0.7344913151364765,0.7758846657929227,0.7142857142857143,0.7886676875957122,0.7496360989810772,0.7692307692307693,0.5581395348837209,0.6469002695417789,0.4742268041237113,0.43260188087774293,0.4524590163934426
3,TfidfVectorizer,KNeighbors,"{'n_neighbors': 3, 'algorithm': 'brute'}",0.35150078988941547,0.2080568720379147,1.0234780000027968,1.2541543999977876,926.4453125,1113.22265625,0.4979919678714859,0.36904761904761907,0.4239316239316239,0.8222222222222222,0.7344913151364765,0.7758846657929227,0.7142857142857143,0.7886676875957122,0.7496360989810772,0.7692307692307693,0.5581395348837209,0.6469002695417789,0.4742268041237113,0.43260188087774293,0.4524590163934426
3,TfidfVectorizer,KNeighbors,"{'n_neighbors': 5, 'algorithm': 'ball_tree'}",0.35071090047393366,0.20315955766192734,1.0254702999955043,1.263363500002015,926.46484375,1117.1796875,0.509090909090909,0.3333333333333333,0.4028776978417266,0.8583569405099151,0.7518610421836228,0.8015873015873016,0.7052341597796143,0.7840735068912711,0.7425670775924583,0.8106060606060606,0.49767441860465117,0.6167146974063401,0.5058823529411764,0.4043887147335423,0.44947735191637633
3,TfidfVectorizer,KNeighbors,"{'n_neighbors': 5, 'algorithm': 'kd_tree'}",0.35071090047393366,0.20315955766192734,1.0257376000008662,1.2362132000052952,926.62109375,1116.15234375,0.509090909090909,0.3333333333333333,0.4028776978417266,0.8583569405099151,0.7518610421836228,0.8015873015873016,0.7052341597796143,0.7840735068912711,0.7425670775924583,0.8106060606060606,0.49767441860465117,0.6167146974063401,0.5058823529411764,0.4043887147335423,0.44947735191637633
3,TfidfVectorizer,KNeighbors,"{'n_neighbors': 5, 'algorithm': 'brute'}",0.35071090047393366,0.20315955766192734,1.0401022000005469,1.2298141999999643,925.74609375,1118.76171875,0.509090909090909,0.3333333333333333,0.4028776978417266,0.8583569405099151,0.7518610421836228,0.8015873015873016,0.7052341597796143,0.7840735068912711,0.7425670775924583,0.8106060606060606,0.49767441860465117,0.6167146974063401,0.5058823529411764,0.4043887147335423,0.44947735191637633
3,TfidfVectorizer,KNeighbors,"{'n_neighbors': 7, 'algorithm': 'ball_tree'}",0.3688783570300158,0.1924170616113744,1.0265901000020676,1.261533099997905,925.77734375,1117.4296875,0.5666666666666667,0.30357142857142855,0.3953488372093023,0.8837209302325582,0.7543424317617866,0.8139223560910308,0.7129380053908356,0.8101071975497703,0.7584229390681003,0.8467741935483871,0.4883720930232558,0.6194690265486725,0.5375,0.4043887147335423,0.46153846153846156
3,TfidfVectorizer,KNeighbors,"{'n_neighbors': 7, 'algorithm': 'kd_tree'}",0.3688783570300158,0.1924170616113744,1.032549100003962,1.257337800001551,926.03515625,1114.03125,0.5666666666666667,0.30357142857142855,0.3953488372093023,0.8837209302325582,0.7543424317617866,0.8139223560910308,0.7129380053908356,0.8101071975497703,0.7584229390681003,0.8467741935483871,0.4883720930232558,0.6194690265486725,0.5375,0.4043887147335423,0.46153846153846156
3,TfidfVectorizer,KNeighbors,"{'n_neighbors': 7, 'algorithm': 'brute'}",0.3688783570300158,0.1924170616113744,1.0203880999979447,1.2340557999996236,925.890625,1121.86328125,0.5666666666666667,0.30357142857142855,0.3953488372093023,0.8837209302325582,0.7543424317617866,0.8139223560910308,0.7129380053908356,0.8101071975497703,0.7584229390681003,0.8467741935483871,0.4883720930232558,0.6194690265486725,0.5375,0.4043887147335423,0.46153846153846156
3,TfidfVectorizer,DecisionTree,"{'criterion': 'gini', 'max_features': 'sqrt'}",0.34755134281200634,0.23080568720379147,0.7341937000019243,1.8039721000022837,933.77734375,922.84765625,0.4153225806451613,0.30654761904761907,0.3527397260273973,0.7886178861788617,0.7220843672456576,0.7538860103626943,0.6982758620689655,0.7442572741194488,0.720533728687917,0.6223404255319149,0.5441860465116279,0.5806451612903226,0.45857988165680474,0.48589341692789967,0.471841704718417
3,TfidfVectorizer,DecisionTree,"{'criterion': 'gini', 'max_features': 'log2'}",0.2740916271721959,0.2848341232227488,0.7888277000020025,1.8031434000004083,933.875,923.0625,0.3525641025641026,0.3273809523809524,0.3395061728395062,0.648854961832061,0.6327543424317618,0.6407035175879398,0.6289655172413793,0.6983154670750383,0.6618287373004355,0.5683060109289617,0.48372093023255813,0.5226130653266332,0.34594594594594597,0.4012539184952978,0.37155297532656023
3,TfidfVectorizer,DecisionTree,"{'criterion': 'gini', 'max_features': None}",0.3641390205371248,0.22322274881516588,1.9179271000029985,1.8021796999964863,928.375,921.859375,0.4262948207171315,0.31845238095238093,0.3645655877342419,0.7608695652173914,0.7816377171215881,0.7711138310893513,0.7221374045801526,0.7243491577335375,0.7232415902140673,0.655367231638418,0.5395348837209303,0.5918367346938775,0.48314606741573035,0.5391849529780565,0.5096296296296297
3,TfidfVectorizer,DecisionTree,"{'criterion': 'entropy', 'max_features': 'sqrt'}",0.31990521327014215,0.2502369668246445,0.7626011000029393,1.8066774000035366,932.21484375,922.87109375,0.39457831325301207,0.3898809523809524,0.39221556886227543,0.7412935323383084,0.739454094292804,0.7403726708074534,0.7056910569105691,0.664624808575804,0.6845425867507886,0.5753424657534246,0.586046511627907,0.5806451612903226,0.3888888888888889,0.3730407523510972,0.3808
3,TfidfVectorizer,DecisionTree,"{'criterion': 'entropy', 'max_features': 'log2'}",0.2883096366508689,0.27851500789889416,0.7940856999994139,1.7999740000013844,932.2734375,922.94921875,0.3453038674033149,0.37202380952380953,0.35816618911174786,0.6384976525821596,0.674937965260546,0.6562123039806996,0.651017214397496,0.6370597243491577,0.6439628482972136,0.5714285714285714,0.5209302325581395,0.5450121654501217,0.39937106918238996,0.3981191222570533,0.3987441130298273
3,TfidfVectorizer,DecisionTree,"{'criterion': 'entropy', 'max_features': None}",0.3696682464454976,0.21816745655608216,2.6090082000009716,1.7849408000038238,927.5078125,921.765625,0.39628482972136225,0.38095238095238093,0.3884673748103187,0.8425414364640884,0.7568238213399504,0.7973856209150327,0.7331240188383046,0.7151607963246555,0.724031007751938,0.6830601092896175,0.5813953488372093,0.628140703517588,0.5,0.5360501567398119,0.5173978819969742
3,TfidfVectorizer,DecisionTree,"{'criterion': 'log_loss', 'max_features': 'sqrt'}",0.31990521327014215,0.2502369668246445,0.7687536000012187,1.7811107000015909,932.24609375,922.8984375,0.39457831325301207,0.3898809523809524,0.39221556886227543,0.7412935323383084,0.739454094292804,0.7403726708074534,0.7056910569105691,0.664624808575804,0.6845425867507886,0.5753424657534246,0.586046511627907,0.5806451612903226,0.3888888888888889,0.3730407523510972,0.3808
3,TfidfVectorizer,DecisionTree,"{'criterion': 'log_loss', 'max_features': 'log2'}",0.2883096366508689,0.27851500789889416,0.7932918000005884,1.795589100001962,932.30078125,922.9765625,0.3453038674033149,0.37202380952380953,0.35816618911174786,0.6384976525821596,0.674937965260546,0.6562123039806996,0.651017214397496,0.6370597243491577,0.6439628482972136,0.5714285714285714,0.5209302325581395,0.5450121654501217,0.39937106918238996,0.3981191222570533,0.3987441130298273
3,TfidfVectorizer,DecisionTree,"{'criterion': 'log_loss', 'max_features': None}",0.3696682464454976,0.21816745655608216,2.609653799998341,1.8094469000061508,927.421875,921.7890625,0.39628482972136225,0.38095238095238093,0.3884673748103187,0.8425414364640884,0.7568238213399504,0.7973856209150327,0.7331240188383046,0.7151607963246555,0.724031007751938,0.6830601092896175,0.5813953488372093,0.628140703517588,0.5,0.5360501567398119,0.5173978819969742
3,TfidfVectorizer,GradientBoosting,"{'estimator__n_estimators': 100, 'estimator__criterion': 'friedman_mse'}",0.30173775671406006,0.19462875197472354,11.7794969999959,1.8120223000005353,926.21875,921.39453125,0.691358024691358,0.16666666666666666,0.2685851318944844,0.9645669291338582,0.607940446650124,0.745814307458143,0.8059701492537313,0.6615620214395099,0.7266610597140454,0.84375,0.3767441860465116,0.5209003215434084,0.8113207547169812,0.13479623824451412,0.23118279569892472
3,TfidfVectorizer,GradientBoosting,"{'estimator__n_estimators': 100, 'estimator__criterion': 'squared_error'}",0.2985781990521327,0.19510268562401265,11.93465809999907,1.81183069999679,926.234375,920.8515625,0.6941176470588235,0.17559523809523808,0.28028503562945367,0.9678714859437751,0.598014888337469,0.7392638036809815,0.8029739776951673,0.6615620214395099,0.72544080604534,0.8526315789473684,0.3767441860465116,0.5225806451612903,0.8333333333333334,0.12539184952978055,0.21798365122615804
3,TfidfVectorizer,GradientBoosting,"{'estimator__n_estimators': 150, 'estimator__criterion': 'friedman_mse'}",0.32306477093206953,0.18783570300157978,17.276494500001718,1.8246520000029705,925.71875,921.41796875,0.6947368421052632,0.19642857142857142,0.3062645011600928,0.9625468164794008,0.6377171215880894,0.7671641791044777,0.800718132854578,0.6830015313935681,0.7371900826446282,0.8411214953271028,0.4186046511627907,0.5590062111801242,0.835820895522388,0.1755485893416928,0.29015544041450775
3,TfidfVectorizer,GradientBoosting,"{'estimator__n_estimators': 150, 'estimator__criterion': 'squared_error'}",0.320695102685624,0.18862559241706162,17.440048500000557,1.8405210999990231,926.35546875,921.46484375,0.6956521739130435,0.19047619047619047,0.29906542056074764,0.9625468164794008,0.6377171215880894,0.7671641791044777,0.7960992907801419,0.6875957120980092,0.7378800328677074,0.8333333333333334,0.4186046511627907,0.5572755417956656,0.8307692307692308,0.16927899686520376,0.28125
3,TfidfVectorizer,GradientBoosting,"{'estimator__n_estimators': 200, 'estimator__criterion': 'friedman_mse'}",0.33175355450236965,0.18499210110584519,22.89487250000093,1.8214421000011498,926.53125,921.96484375,0.6893203883495146,0.2113095238095238,0.3234624145785877,0.9601449275362319,0.6575682382133995,0.780559646539028,0.794425087108014,0.6983154670750383,0.7432762836185819,0.8260869565217391,0.4418604651162791,0.5757575757575758,0.8181818181818182,0.1974921630094044,0.3181818181818182
3,TfidfVectorizer,GradientBoosting,"{'estimator__n_estimators': 200, 'estimator__criterion': 'squared_error'}",0.330173775671406,0.18467614533965246,22.97451629999705,1.8219404999981634,926.58203125,921.88671875,0.6818181818181818,0.22321428571428573,0.336322869955157,0.9675090252707581,0.6650124069478908,0.788235294117647,0.7927461139896373,0.7029096477794793,0.7451298701298701,0.8157894736842105,0.4325581395348837,0.5653495440729484,0.821917808219178,0.18808777429467086,0.30612244897959184
3,TfidfVectorizer,AdaBoost,"{'estimator__n_estimators': 50, 'estimator__learning_rate': 0.01}",0.08767772511848342,0.2682464454976303,3.2994670999978553,1.0092831000001752,926.78125,924.92578125,0.47058823529411764,0.07142857142857142,0.12403100775193798,0.9555555555555556,0.21339950372208435,0.3488843813387424,0.7888446215139442,0.30321592649310875,0.43805309734513276,1.0,0.018604651162790697,0.0365296803652968,0.0,0.0,0.0
3,TfidfVectorizer,AdaBoost,"{'estimator__n_estimators': 50, 'estimator__learning_rate': 0.1}",0.18088467614533965,0.23617693522906794,3.276110600003449,0.9983436999973492,926.65234375,924.62109375,1.0,0.017857142857142856,0.03508771929824561,0.9588235294117647,0.4044665012406948,0.568935427574171,0.7893401015228426,0.4762633996937213,0.5940783190066857,0.9090909090909091,0.18604651162790697,0.3088803088803089,0.8571428571428571,0.018808777429467086,0.03680981595092025
3,TfidfVectorizer,AdaBoost,"{'estimator__n_estimators': 50, 'estimator__learning_rate': 1.0}",0.3246445497630332,0.1900473933649289,3.2851894999985234,1.0094318999981624,926.26171875,924.21875,0.5944055944055944,0.25297619047619047,0.35490605427974947,0.9356913183279743,0.7220843672456576,0.8151260504201681,0.8011152416356877,0.6600306278713629,0.7237615449202351,0.7357142857142858,0.4790697674418605,0.5802816901408451,0.6495726495726496,0.23824451410658307,0.3486238532110092
3,TfidfVectorizer,AdaBoost,"{'estimator__n_estimators': 100, 'estimator__learning_rate': 0.01}",0.10347551342812006,0.26350710900473934,6.059216200002993,1.1009053999950993,926.4140625,924.43359375,0.0,0.0,0.0,0.954954954954955,0.2630272952853598,0.41245136186770426,0.7647058823529411,0.33843797856049007,0.4692144373673036,1.0,0.018604651162790697,0.0365296803652968,0.0,0.0,0.0
3,TfidfVectorizer,AdaBoost,"{'estimator__n_estimators': 100, 'estimator__learning_rate': 0.1}",0.23064770932069512,0.2202211690363349,6.050502399994002,1.1021577999999863,926.55859375,924.68359375,0.8125,0.07738095238095238,0.14130434782608695,0.9642857142857143,0.46898263027295284,0.6310517529215359,0.7838983050847458,0.5666156202143952,0.6577777777777778,0.835820895522388,0.26046511627906976,0.3971631205673759,0.9473684210526315,0.05642633228840126,0.10650887573964497
3,TfidfVectorizer,AdaBoost,"{'estimator__n_estimators': 100, 'estimator__learning_rate': 1.0}",0.325434439178515,0.1911532385466035,6.063632600002165,1.1094583999947645,926.76953125,924.71875,0.544973544973545,0.30654761904761907,0.3923809523809524,0.907185628742515,0.7518610421836228,0.8222523744911805,0.7800687285223368,0.6952526799387443,0.7352226720647773,0.7829457364341085,0.4697674418604651,0.5872093023255814,0.5853658536585366,0.30094043887147337,0.39751552795031053
3,TfidfVectorizer,AdaBoost,"{'estimator__n_estimators': 150, 'estimator__learning_rate': 0.01}",0.12164296998420221,0.25734597156398104,8.854188400000567,1.1793440000037663,926.7421875,924.87890625,0.0,0.0,0.0,0.9473684210526315,0.31265508684863524,0.4701492537313433,0.7753164556962026,0.37519142419601836,0.5056759545923633,1.0,0.018604651162790697,0.0365296803652968,0.0,0.0,0.0
3,TfidfVectorizer,AdaBoost,"{'estimator__n_estimators': 150, 'estimator__learning_rate': 0.1}",0.26303317535545023,0.20821484992101105,8.813349999996717,1.187235999997938,927.01953125,925.078125,0.825,0.09821428571428571,0.17553191489361702,0.9658119658119658,0.5607940446650124,0.7095761381475667,0.7859922178988327,0.6186830015313936,0.6923736075407027,0.8552631578947368,0.3023255813953488,0.44673539518900346,0.8636363636363636,0.05956112852664577,0.11143695014662756
3,TfidfVectorizer,AdaBoost,"{'estimator__n_estimators': 150, 'estimator__learning_rate': 1.0}",0.34755134281200634,0.18657187993680885,8.890955900002155,1.172646099999838,926.953125,925.31640625,0.5396039603960396,0.3244047619047619,0.4052044609665427,0.9005847953216374,0.7642679900744417,0.8268456375838926,0.7659574468085106,0.7166921898928025,0.740506329113924,0.8424657534246576,0.5720930232558139,0.6814404432132964,0.5773195876288659,0.3510971786833856,0.43664717348927873
3,TfidfVectorizer,SGD,"{'estimator__alpha': 0.0001, 'estimator__penalty': 'l2'}",0.41311216429699843,0.1641390205371248,1.1309542000017245,1.7975548999966122,926.79296875,922.09765625,0.6234567901234568,0.3005952380952381,0.40562248995983935,0.9297752808988764,0.8213399503722084,0.8722002635046113,0.7796101949025487,0.7963246554364471,0.7878787878787878,0.8383233532934131,0.6511627906976745,0.7329842931937173,0.6354679802955665,0.4043887147335423,0.4942528735632184
3,TfidfVectorizer,SGD,"{'estimator__alpha': 0.0001, 'estimator__penalty': 'l1'}",0.3862559241706161,0.16729857819905214,1.1320342999970308,1.7916088999991189,926.80078125,922.10546875,0.6126760563380281,0.25892857142857145,0.36401673640167365,0.9367469879518072,0.771712158808933,0.8462585034013606,0.8047244094488188,0.7825421133231241,0.7934782608695652,0.7964071856287425,0.6186046511627907,0.6963350785340314,0.7092198581560284,0.31347962382445144,0.43478260869565216
3,TfidfVectorizer,SGD,"{'estimator__alpha': 0.0001, 'estimator__penalty': 'elasticnet'}",0.41311216429699843,0.16445497630331754,1.2463597000023583,1.7959871999992174,926.58203125,922.16015625,0.6595744680851063,0.2767857142857143,0.389937106918239,0.9310344827586207,0.8039702233250621,0.8628495339547271,0.7786144578313253,0.7917304747320061,0.7851176917236142,0.8588957055214724,0.6511627906976745,0.7407407407407407,0.6432432432432432,0.3730407523510972,0.4722222222222222
3,TfidfVectorizer,SGD,"{'estimator__alpha': 0.001, 'estimator__penalty': 'l2'}",0.27567140600315954,0.1933649289099526,1.075057399997604,1.783894499996677,927.0,922.1015625,0.75,0.017857142857142856,0.03488372093023256,0.9610894941634242,0.6129032258064516,0.7484848484848485,0.8287671232876712,0.7411944869831547,0.7825383993532741,0.8837209302325582,0.35348837209302325,0.5049833887043189,0.9230769230769231,0.03761755485893417,0.07228915662650602
3,TfidfVectorizer,SGD,"{'estimator__alpha': 0.001, 'estimator__penalty': 'l1'}",0.2424960505529226,0.21437598736176935,1.0854958999989321,1.792870999997831,927.16015625,922.17578125,0.48214285714285715,0.08035714285714286,0.1377551020408163,0.9665271966527197,0.5732009925558312,0.719626168224299,0.8033126293995859,0.5941807044410413,0.6830985915492958,0.6605504587155964,0.33488372093023255,0.4444444444444444,0.7777777777777778,0.0877742946708464,0.15774647887323945
3,TfidfVectorizer,SGD,"{'estimator__alpha': 0.001, 'estimator__penalty': 'elasticnet'}",0.25434439178515006,0.20458135860979462,1.1137777999974787,1.786121799996181,926.6328125,922.1953125,0.6666666666666666,0.017857142857142856,0.034782608695652174,0.9545454545454546,0.5732009925558312,0.7162790697674418,0.8148820326678766,0.6875957120980092,0.7458471760797342,0.8552631578947368,0.3023255813953488,0.44673539518900346,0.8888888888888888,0.025078369905956112,0.04878048780487805
3,TfidfVectorizer,SGD,"{'estimator__alpha': 0.01, 'estimator__penalty': 'l2'}",0.12717219589257503,0.2717219589257504,1.0729995000001509,1.7927958999935072,926.5625,922.1953125,0.0,0.0,0.0,1.0,0.004962779156327543,0.009876543209876543,0.5977011494252874,0.9555895865237366,0.7354154390100177,0.0,0.0,0.0,0.0,0.0,0.0
3,TfidfVectorizer,SGD,"{'estimator__alpha': 0.01, 'estimator__penalty': 'l1'}",0.04818325434439179,0.28088467614533963,1.0891870999985258,1.788203699994483,926.64453125,922.1953125,0.0,0.0,0.0,1.0,0.007444168734491315,0.014778325123152709,0.7888446215139442,0.30321592649310875,0.43805309734513276,0.0,0.0,0.0,0.0,0.0,0.0
3,TfidfVectorizer,SGD,"{'estimator__alpha': 0.01, 'estimator__penalty': 'elasticnet'}",0.12796208530805686,0.29778830963665087,1.0942929000011645,1.7962314000033075,926.5625,922.1953125,0.0,0.0,0.0,0.0,0.0,0.0,0.516205533596838,1.0,0.6809176225234619,0.0,0.0,0.0,0.0,0.0,0.0
3,CountVectorizer,RandomForest,"{'n_estimators': 50, 'criterion': 'gini'}",0.3981042654028436,0.17535545023696683,8.764503099999274,0.978735400000005,922.1953125,769.68359375,0.675,0.24107142857142858,0.35526315789473684,0.9258160237388724,0.7741935483870968,0.8432432432432433,0.749656121045392,0.8346094946401225,0.7898550724637681,0.8201438848920863,0.5302325581395348,0.6440677966101694,0.5897435897435898,0.3605015673981191,0.4474708171206226
3,CountVectorizer,RandomForest,"{'n_estimators': 50, 'criterion': 'entropy'}",0.3862559241706161,0.18183254344391786,9.228775000003225,0.9734806999986176,775.22265625,775.484375,0.6111111111111112,0.22916666666666666,0.3333333333333333,0.9263803680981595,0.749379652605459,0.8285322359396433,0.7416201117318436,0.8131699846860643,0.7757487216946677,0.8548387096774194,0.4930232558139535,0.6253687315634219,0.5906735751295337,0.3573667711598746,0.4453125
3,CountVectorizer,RandomForest,"{'n_estimators': 50, 'criterion': 'log_loss'}",0.3862559241706161,0.18183254344391786,9.214134699999704,0.9811970000009751,775.81640625,775.8359375,0.6111111111111112,0.22916666666666666,0.3333333333333333,0.9263803680981595,0.749379652605459,0.8285322359396433,0.7416201117318436,0.8131699846860643,0.7757487216946677,0.8548387096774194,0.4930232558139535,0.6253687315634219,0.5906735751295337,0.3573667711598746,0.4453125
3,CountVectorizer,RandomForest,"{'n_estimators': 100, 'criterion': 'gini'}",0.39731437598736175,0.17488151658767773,17.109161599997606,1.0377525000003516,858.25,858.19140625,0.6666666666666666,0.2261904761904762,0.3377777777777778,0.9274924471299094,0.7617866004962779,0.8365122615803815,0.747599451303155,0.8346094946401225,0.788712011577424,0.8529411764705882,0.5395348837209303,0.6609686609686609,0.6019900497512438,0.3793103448275862,0.4653846153846154
3,CountVectorizer,RandomForest,"{'n_estimators': 100, 'criterion': 'entropy'}",0.3988941548183254,0.17440758293838862,17.83313690000068,1.0320201000067755,857.74609375,857.08203125,0.6637931034482759,0.22916666666666666,0.3407079646017699,0.9345794392523364,0.7444168734491315,0.8287292817679558,0.7571022727272727,0.8162327718223583,0.7855563743551953,0.8636363636363636,0.5302325581395348,0.6570605187319885,0.6157635467980296,0.39184952978056425,0.4789272030651341
3,CountVectorizer,RandomForest,"{'n_estimators': 100, 'criterion': 'log_loss'}",0.3988941548183254,0.17440758293838862,17.89778490000026,1.040602900000522,857.74609375,857.0703125,0.6637931034482759,0.22916666666666666,0.3407079646017699,0.9345794392523364,0.7444168734491315,0.8287292817679558,0.7571022727272727,0.8162327718223583,0.7855563743551953,0.8636363636363636,0.5302325581395348,0.6570605187319885,0.6157635467980296,0.39184952978056425,0.4789272030651341
3,CountVectorizer,RandomForest,"{'n_estimators': 150, 'criterion': 'gini'}",0.3933649289099526,0.17598736176935229,25.211824799996975,1.1012266000034288,940.67578125,940.91015625,0.6239316239316239,0.21726190476190477,0.32229580573951433,0.9274924471299094,0.7617866004962779,0.8365122615803815,0.7432065217391305,0.8376722817764165,0.7876169906407487,0.8467153284671532,0.5395348837209303,0.6590909090909091,0.6180904522613065,0.38557993730407525,0.4749034749034749
3,CountVectorizer,RandomForest,"{'n_estimators': 150, 'criterion': 'entropy'}",0.3988941548183254,0.17440758293838862,26.517456800000218,1.0966633000061847,941.30078125,941.5234375,0.6495726495726496,0.2261904761904762,0.3355408388520971,0.9242424242424242,0.7568238213399504,0.8321964529331515,0.7585227272727273,0.8177641653905053,0.787030213706706,0.8721804511278195,0.5395348837209303,0.6666666666666666,0.61,0.3824451410658307,0.4701348747591522
3,CountVectorizer,RandomForest,"{'n_estimators': 150, 'criterion': 'log_loss'}",0.3988941548183254,0.17440758293838862,26.347605099996144,1.105751399998553,941.19140625,941.3828125,0.6495726495726496,0.2261904761904762,0.3355408388520971,0.9242424242424242,0.7568238213399504,0.8321964529331515,0.7585227272727273,0.8177641653905053,0.787030213706706,0.8721804511278195,0.5395348837209303,0.6666666666666666,0.61,0.3824451410658307,0.4701348747591522
3,CountVectorizer,SVC,"{'estimator__C': 0.1, 'estimator__kernel': 'linear'}",0.39652448657187994,0.1636650868878357,12.33420379999734,1.4433991000041715,1155.99609375,958.046875,0.6548672566371682,0.22023809523809523,0.32962138084632514,0.9397590361445783,0.7741935483870968,0.8489795918367347,0.7978560490045942,0.7978560490045942,0.7978560490045942,0.8733333333333333,0.6093023255813953,0.7178082191780822,0.7672413793103449,0.27899686520376177,0.4091954022988506
3,CountVectorizer,SVC,"{'estimator__C': 0.1, 'estimator__kernel': 'rbf'}",0.19510268562401265,0.22290679304897315,17.46787949999998,2.3364744999998948,1166.69140625,947.84375,0.0,0.0,0.0,0.9647058823529412,0.40694789081885857,0.5724258289703316,0.8253638253638254,0.6079632465543645,0.7001763668430335,0.9215686274509803,0.2186046511627907,0.3533834586466165,1.0,0.003134796238244514,0.00625
3,CountVectorizer,SVC,"{'estimator__C': 0.1, 'estimator__kernel': 'sigmoid'}",0.27883096366508686,0.19510268562401265,13.638905899999372,1.669214400004421,1144.95703125,946.69921875,1.0,0.02976190476190476,0.057803468208092484,0.95703125,0.607940446650124,0.7435508345978755,0.8164335664335665,0.7151607963246555,0.7624489795918368,0.8584905660377359,0.4232558139534884,0.5669781931464174,0.8461538461538461,0.034482758620689655,0.06626506024096386
3,CountVectorizer,SVC,"{'estimator__C': 1, 'estimator__kernel': 'linear'}",0.37519747235387046,0.18625592417061612,16.581750100005593,1.4046209000007366,1179.875,947.59765625,0.5247148288973384,0.4107142857142857,0.4607679465776294,0.889487870619946,0.8188585607940446,0.8527131782945736,0.7379209370424598,0.7718223583460949,0.7544910179640718,0.8043478260869565,0.6883720930232559,0.7418546365914787,0.5140845070422535,0.45768025078369906,0.4842454394693201
3,CountVectorizer,SVC,"{'estimator__C': 1, 'estimator__kernel': 'rbf'}",0.39731437598736175,0.16145339652448656,20.05830259999493,2.271790399994643,1175.3359375,948.2578125,0.7115384615384616,0.22023809523809523,0.33636363636363636,0.9375,0.7816377171215881,0.8525033829499323,0.8073959938366718,0.8024502297090352,0.804915514592934,0.8561151079136691,0.5534883720930233,0.672316384180791,0.753731343283582,0.3166144200626959,0.445916114790287
3,CountVectorizer,SVC,"{'estimator__C': 1, 'estimator__kernel': 'sigmoid'}",0.39178515007898895,0.16903633491311215,13.1692292000007,1.4145237000047928,1143.26953125,947.7578125,0.6115702479338843,0.22023809523809523,0.3238512035010941,0.9315476190476191,0.7766749379652605,0.8470906630581867,0.7824773413897281,0.7932618683001531,0.7878326996197719,0.8589743589743589,0.6232558139534884,0.7223719676549866,0.6827586206896552,0.3103448275862069,0.4267241379310345
3,CountVectorizer,SVC,"{'estimator__C': 10, 'estimator__kernel': 'linear'}",0.3222748815165877,0.21674565560821485,28.539916999994603,1.2527358000006643,1163.4375,946.35546875,0.4311377245508982,0.42857142857142855,0.4298507462686567,0.8195488721804511,0.8114143920595533,0.8154613466334164,0.71071953010279,0.7411944869831547,0.7256371814092953,0.7023255813953488,0.7023255813953488,0.7023255813953488,0.46194225721784776,0.5517241379310345,0.5028571428571429
3,CountVectorizer,SVC,"{'estimator__C': 10, 'estimator__kernel': 'rbf'}",0.4178515007898894,0.16255924170616115,44.696709299998474,2.4758729999957723,1166.671875,949.328125,0.6344086021505376,0.35119047619047616,0.4521072796934866,0.9245810055865922,0.8213399503722084,0.8699080157687253,0.7815750371471025,0.8055130168453293,0.7933634992458521,0.8709677419354839,0.627906976744186,0.7297297297297297,0.6088888888888889,0.42946708463949845,0.5036764705882353
3,CountVectorizer,SVC,"{'estimator__C': 10, 'estimator__kernel': 'sigmoid'}",0.3412322274881517,0.20726698262243287,14.321732199998223,1.166305500002636,1152.0859375,947.5625,0.4269005847953216,0.43452380952380953,0.4306784660766962,0.825974025974026,0.7890818858560794,0.8071065989847716,0.7337367624810892,0.7427258805513017,0.7382039573820396,0.7755102040816326,0.7069767441860465,0.7396593673965937,0.49280575539568344,0.42946708463949845,0.45896147403685095
3,CountVectorizer,MultinomialNB,{'estimator__alpha': 0.01},0.3957345971563981,0.17962085308056872,1.0321439999970607,1.8032336000032956,932.140625,923.94921875,0.47941176470588237,0.4851190476190476,0.4822485207100592,0.8432304038004751,0.8808933002481389,0.8616504854368932,0.7807807807807807,0.7963246554364471,0.7884761182714177,0.7354260089686099,0.7627906976744186,0.7488584474885844,0.5555555555555556,0.54858934169279,0.5520504731861199
3,CountVectorizer,MultinomialNB,{'estimator__alpha': 0.1},0.40916271721958924,0.1717219589257504,1.0314461000016308,1.7914366999975755,930.58203125,923.64453125,0.503125,0.4791666666666667,0.49085365853658536,0.8494117647058823,0.8957816377171216,0.8719806763285024,0.7920353982300885,0.8223583460949464,0.8069120961682945,0.7253218884120172,0.786046511627907,0.7544642857142857,0.5607476635514018,0.5642633228840125,0.5625
3,CountVectorizer,MultinomialNB,{'estimator__alpha': 1.0},0.4391785150078989,0.160347551342812,1.0235751000000164,1.7991257999965455,929.9765625,923.375,0.5774647887323944,0.36607142857142855,0.44808743169398907,0.875,0.8858560794044665,0.8803945745992602,0.7862266857962698,0.8392036753445635,0.8118518518518518,0.7989949748743719,0.7395348837209302,0.7681159420289855,0.6194690265486725,0.438871473354232,0.5137614678899083
3,CountVectorizer,LogisticRegression,"{'estimator__C': 0.1, 'estimator__penalty': 'l2'}",0.34755134281200634,0.17535545023696683,1.3022856999959913,1.785222699996666,931.01171875,923.43359375,0.6237623762376238,0.1875,0.28832951945080093,0.9299363057324841,0.7245657568238213,0.8145048814504882,0.8018720748829953,0.7871362940275651,0.794435857805255,0.8803418803418803,0.4790697674418605,0.6204819277108434,0.7227722772277227,0.22884012539184953,0.3476190476190476
3,CountVectorizer,LogisticRegression,"{'estimator__C': 1, 'estimator__penalty': 'l2'}",0.3988941548183254,0.1684044233807267,0.8344372999999905,1.7895031999942148,930.82421875,923.453125,0.5707317073170731,0.3482142857142857,0.43253234750462105,0.9101123595505618,0.8039702233250621,0.8537549407114624,0.7848484848484848,0.7932618683001531,0.789032749428789,0.8846153846153846,0.641860465116279,0.7439353099730458,0.6009389671361502,0.4012539184952978,0.48120300751879697
3,CountVectorizer,LogisticRegression,"{'estimator__C': 10, 'estimator__penalty': 'l2'}",0.37519747235387046,0.18515007898894154,1.073336900000868,1.791193499993824,930.859375,923.21484375,0.5037037037037037,0.40476190476190477,0.44884488448844884,0.8776595744680851,0.8188585607940446,0.8472400513478819,0.7477064220183486,0.7488514548238897,0.7482785003825555,0.8238636363636364,0.6744186046511628,0.7416879795396419,0.5531914893617021,0.4890282131661442,0.519134775374376
3,CountVectorizer,KNeighbors,"{'n_neighbors': 3, 'algorithm': 'ball_tree'}",0.29462875197472355,0.2439178515007899,1.022216400000616,0.7538292999961413,928.984375,1042.30078125,0.4,0.40476190476190477,0.40236686390532544,0.7970149253731343,0.6625310173697271,0.7235772357723578,0.6653846153846154,0.7947932618683001,0.724354501046755,0.7752808988764045,0.3209302325581395,0.45394736842105265,0.42265193370165743,0.47962382445141066,0.44933920704845814
3,CountVectorizer,KNeighbors,"{'n_neighbors': 3, 'algorithm': 'kd_tree'}",0.29462875197472355,0.2439178515007899,1.0169806000048993,0.7496918999968329,933.18359375,1052.5859375,0.4,0.40476190476190477,0.40236686390532544,0.7970149253731343,0.6625310173697271,0.7235772357723578,0.6653846153846154,0.7947932618683001,0.724354501046755,0.7752808988764045,0.3209302325581395,0.45394736842105265,0.42265193370165743,0.47962382445141066,0.44933920704845814
3,CountVectorizer,KNeighbors,"{'n_neighbors': 3, 'algorithm': 'brute'}",0.29462875197472355,0.2439178515007899,1.0209816999995383,0.7445165000026464,928.09765625,1036.359375,0.4,0.40476190476190477,0.40236686390532544,0.7970149253731343,0.6625310173697271,0.7235772357723578,0.6653846153846154,0.7947932618683001,0.724354501046755,0.7752808988764045,0.3209302325581395,0.45394736842105265,0.42265193370165743,0.47962382445141066,0.44933920704845814
3,CountVectorizer,KNeighbors,"{'n_neighbors': 5, 'algorithm': 'ball_tree'}",0.29067930489731436,0.23127962085308057,1.0194005000012112,0.7440397999962443,933.18359375,1058.16015625,0.4490566037735849,0.3541666666666667,0.39600665557404324,0.8664383561643836,0.6277915632754343,0.7280575539568346,0.6738035264483627,0.8192955589586524,0.7394609536973048,0.8513513513513513,0.2930232558139535,0.4359861591695502,0.4199395770392749,0.43573667711598746,0.4276923076923077
3,CountVectorizer,KNeighbors,"{'n_neighbors': 5, 'algorithm': 'kd_tree'}",0.29067930489731436,0.23127962085308057,1.0155043000049773,0.7527120999948238,928.2109375,1033.95703125,0.4490566037735849,0.3541666666666667,0.39600665557404324,0.8664383561643836,0.6277915632754343,0.7280575539568346,0.6738035264483627,0.8192955589586524,0.7394609536973048,0.8513513513513513,0.2930232558139535,0.4359861591695502,0.4199395770392749,0.43573667711598746,0.4276923076923077
3,CountVectorizer,KNeighbors,"{'n_neighbors': 5, 'algorithm': 'brute'}",0.29067930489731436,0.23127962085308057,1.019626799999969,0.7532977000009851,933.1640625,1053.109375,0.4490566037735849,0.3541666666666667,0.39600665557404324,0.8664383561643836,0.6277915632754343,0.7280575539568346,0.6738035264483627,0.8192955589586524,0.7394609536973048,0.8513513513513513,0.2930232558139535,0.4359861591695502,0.4199395770392749,0.43573667711598746,0.4276923076923077
3,CountVectorizer,KNeighbors,"{'n_neighbors': 7, 'algorithm': 'ball_tree'}",0.28199052132701424,0.230173775671406,1.0135165999963647,0.7472834000000148,928.0859375,1053.671875,0.4330357142857143,0.28869047619047616,0.3464285714285714,0.8810408921933085,0.5880893300248139,0.7053571428571429,0.6782178217821783,0.8392036753445635,0.7501711156741958,0.855072463768116,0.2744186046511628,0.4154929577464789,0.43130990415335463,0.4231974921630094,0.4272151898734177
3,CountVectorizer,KNeighbors,"{'n_neighbors': 7, 'algorithm': 'kd_tree'}",0.28199052132701424,0.230173775671406,1.026730999998108,0.747132699994836,933.12890625,1052.68359375,0.4330357142857143,0.28869047619047616,0.3464285714285714,0.8810408921933085,0.5880893300248139,0.7053571428571429,0.6782178217821783,0.8392036753445635,0.7501711156741958,0.855072463768116,0.2744186046511628,0.4154929577464789,0.43130990415335463,0.4231974921630094,0.4272151898734177
3,CountVectorizer,KNeighbors,"{'n_neighbors': 7, 'algorithm': 'brute'}",0.28199052132701424,0.230173775671406,1.026030000000901,0.7442452000032063,928.06640625,1027.24609375,0.4330357142857143,0.28869047619047616,0.3464285714285714,0.8810408921933085,0.5880893300248139,0.7053571428571429,0.6782178217821783,0.8392036753445635,0.7501711156741958,0.855072463768116,0.2744186046511628,0.4154929577464789,0.43130990415335463,0.4231974921630094,0.4272151898734177
3,CountVectorizer,DecisionTree,"{'criterion': 'gini', 'max_features': 'sqrt'}",0.292259083728278,0.25387045813586095,0.7796148999987054,1.7882631000029505,936.6328125,924.37109375,0.32360742705570295,0.3630952380952381,0.34221598877980364,0.7651933701657458,0.6873449131513648,0.7241830065359477,0.6784702549575071,0.7335375191424196,0.7049300956585725,0.6030150753768844,0.5581395348837209,0.5797101449275363,0.45325779036827196,0.5015673981191222,0.47619047619047616
3,CountVectorizer,DecisionTree,"{'criterion': 'gini', 'max_features': 'log2'}",0.2646129541864139,0.28088467614533963,0.8382913000023109,1.790497800000594,934.5859375,924.5234375,0.32954545454545453,0.34523809523809523,0.3372093023255814,0.7067039106145251,0.6277915632754343,0.6649145860709592,0.6278447121820616,0.7182235834609495,0.67,0.5141242937853108,0.4232558139534884,0.4642857142857143,0.3888888888888889,0.4169278996865204,0.40242057488653554
3,CountVectorizer,DecisionTree,"{'criterion': 'gini', 'max_features': None}",0.3957345971563981,0.21137440758293838,1.8326162000012118,1.7770722999994177,930.8359375,923.4609375,0.46530612244897956,0.3392857142857143,0.3924268502581756,0.7834549878345499,0.7990074441687345,0.7911547911547911,0.7604501607717041,0.7243491577335375,0.7419607843137255,0.6492890995260664,0.6372093023255814,0.6431924882629108,0.4788732394366197,0.5329153605015674,0.5044510385756676
3,CountVectorizer,DecisionTree,"{'criterion': 'entropy', 'max_features': 'sqrt'}",0.3175355450236967,0.25213270142180094,0.7729370999950333,1.7963961999994353,934.98046875,924.48046875,0.3873015873015873,0.3630952380952381,0.37480798771121354,0.708029197080292,0.7220843672456576,0.714987714987715,0.7,0.7289433384379785,0.714178544636159,0.603448275862069,0.4883720930232558,0.5398457583547558,0.38323353293413176,0.4012539184952978,0.39203675344563554
3,CountVectorizer,DecisionTree,"{'criterion': 'entropy', 'max_features': 'log2'}",0.30726698262243285,0.26919431279620853,0.8460667000035755,1.7972766000020783,934.91796875,924.55078125,0.38095238095238093,0.35714285714285715,0.3686635944700461,0.6802030456852792,0.6650124069478908,0.6725219573400251,0.6682389937106918,0.6508422664624809,0.6594259115593484,0.52,0.5441860465116279,0.5318181818181819,0.40607734806629836,0.4608150470219436,0.43171806167400884
3,CountVectorizer,DecisionTree,"{'criterion': 'entropy', 'max_features': None}",0.38941548183254343,0.21153238546603476,2.105146399997466,1.7987227999983588,930.76171875,923.4296875,0.4570446735395189,0.3958333333333333,0.42424242424242425,0.841225626740947,0.749379652605459,0.7926509186351706,0.764026402640264,0.7090352220520674,0.7355043685464655,0.6559633027522935,0.6651162790697674,0.6605080831408776,0.46956521739130436,0.5078369905956113,0.4879518072289157
3,CountVectorizer,DecisionTree,"{'criterion': 'log_loss', 'max_features': 'sqrt'}",0.3175355450236967,0.25213270142180094,0.7785631000006106,1.7894423000034294,934.89453125,924.34375,0.3873015873015873,0.3630952380952381,0.37480798771121354,0.708029197080292,0.7220843672456576,0.714987714987715,0.7,0.7289433384379785,0.714178544636159,0.603448275862069,0.4883720930232558,0.5398457583547558,0.38323353293413176,0.4012539184952978,0.39203675344563554
3,CountVectorizer,DecisionTree,"{'criterion': 'log_loss', 'max_features': 'log2'}",0.30726698262243285,0.26919431279620853,0.850696000001335,1.7962752000021283,934.78515625,924.48046875,0.38095238095238093,0.35714285714285715,0.3686635944700461,0.6802030456852792,0.6650124069478908,0.6725219573400251,0.6682389937106918,0.6508422664624809,0.6594259115593484,0.52,0.5441860465116279,0.5318181818181819,0.40607734806629836,0.4608150470219436,0.43171806167400884
3,CountVectorizer,DecisionTree,"{'criterion': 'log_loss', 'max_features': None}",0.38941548183254343,0.21153238546603476,2.10456599999452,1.7841866000017035,930.6171875,923.35546875,0.4570446735395189,0.3958333333333333,0.42424242424242425,0.841225626740947,0.749379652605459,0.7926509186351706,0.764026402640264,0.7090352220520674,0.7355043685464655,0.6559633027522935,0.6651162790697674,0.6605080831408776,0.46956521739130436,0.5078369905956113,0.4879518072289157
3,CountVectorizer,GradientBoosting,"{'estimator__n_estimators': 100, 'estimator__criterion': 'friedman_mse'}",0.2914691943127962,0.19826224328593997,6.950707800002419,1.8069939999986673,928.2109375,923.4375,0.6774193548387096,0.1875,0.2937062937062937,0.9645669291338582,0.607940446650124,0.745814307458143,0.7992351816443595,0.6401225114854517,0.7108843537414966,0.8571428571428571,0.39069767441860465,0.536741214057508,0.7878787878787878,0.08150470219435736,0.14772727272727273
3,CountVectorizer,GradientBoosting,"{'estimator__n_estimators': 100, 'estimator__criterion': 'squared_error'}",0.2890995260663507,0.1985781990521327,6.895209099995554,1.7979878000041936,928.515625,923.2734375,0.6774193548387096,0.1875,0.2937062937062937,0.9642857142857143,0.6029776674937966,0.7419847328244275,0.8011363636363636,0.6477794793261868,0.7163420829805249,0.845360824742268,0.3813953488372093,0.5256410256410257,0.7575757575757576,0.07836990595611286,0.14204545454545456
3,CountVectorizer,GradientBoosting,"{'estimator__n_estimators': 150, 'estimator__criterion': 'friedman_mse'}",0.30726698262243285,0.19210110584518167,9.994699999995646,1.8166801999977906,928.18359375,922.84765625,0.6767676767676768,0.19940476190476192,0.3080459770114943,0.9595588235294118,0.6476426799007444,0.7733333333333333,0.791814946619217,0.6814701378254211,0.7325102880658436,0.8301886792452831,0.40930232558139534,0.5482866043613707,0.7872340425531915,0.11598746081504702,0.20218579234972678
3,CountVectorizer,GradientBoosting,"{'estimator__n_estimators': 150, 'estimator__criterion': 'squared_error'}",0.30963665086887837,0.1924170616113744,10.062578199998825,1.8142886999994516,927.97265625,923.29296875,0.6808510638297872,0.19047619047619047,0.29767441860465116,0.9595588235294118,0.6476426799007444,0.7733333333333333,0.7921847246891652,0.6830015313935681,0.7335526315789473,0.8148148148148148,0.40930232558139534,0.544891640866873,0.7755102040816326,0.11912225705329153,0.20652173913043478
3,CountVectorizer,GradientBoosting,"{'estimator__n_estimators': 200, 'estimator__criterion': 'friedman_mse'}",0.31437598736176936,0.18973143759873617,13.254038699997182,1.8161595999990823,928.1640625,923.62890625,0.6571428571428571,0.20535714285714285,0.3129251700680272,0.953405017921147,0.6600496277915633,0.7800586510263929,0.7943760984182777,0.6921898928024502,0.7397708674304418,0.8288288288288288,0.42790697674418604,0.5644171779141104,0.7719298245614035,0.13793103448275862,0.23404255319148937
3,CountVectorizer,GradientBoosting,"{'estimator__n_estimators': 200, 'estimator__criterion': 'squared_error'}",0.3222748815165877,0.18751974723538706,13.16256340000109,1.8345655999946757,928.34765625,923.96875,0.6788990825688074,0.22023809523809523,0.3325842696629214,0.9539007092198581,0.6674937965260546,0.7854014598540145,0.7947826086956522,0.6998468606431854,0.744299674267101,0.8198198198198198,0.4232558139534884,0.558282208588957,0.7931034482758621,0.14420062695924765,0.2440318302387268
3,CountVectorizer,AdaBoost,"{'estimator__n_estimators': 50, 'estimator__learning_rate': 0.01}",0.08767772511848342,0.2682464454976303,2.2748552999983076,1.0094659000023967,927.89453125,927.03125,0.47058823529411764,0.07142857142857142,0.12403100775193798,0.9555555555555556,0.21339950372208435,0.3488843813387424,0.7888446215139442,0.30321592649310875,0.43805309734513276,1.0,0.018604651162790697,0.0365296803652968,0.0,0.0,0.0
3,CountVectorizer,AdaBoost,"{'estimator__n_estimators': 50, 'estimator__learning_rate': 0.1}",0.18167456556082148,0.23601895734597156,2.280203400005121,1.0041941000017687,927.55859375,926.48046875,1.0,0.017857142857142856,0.03508771929824561,0.9588235294117647,0.4044665012406948,0.568935427574171,0.7893401015228426,0.4762633996937213,0.5940783190066857,0.9111111111111111,0.19069767441860466,0.3153846153846154,0.8571428571428571,0.018808777429467086,0.03680981595092025
3,CountVectorizer,AdaBoost,"{'estimator__n_estimators': 50, 'estimator__learning_rate': 1.0}",0.3175355450236967,0.19194312796208532,2.2645419999971637,1.0159286999987671,927.21484375,926.21484375,0.6230769230769231,0.24107142857142858,0.34763948497854075,0.9305993690851735,0.7320099255583127,0.8194444444444444,0.789179104477612,0.6477794793261868,0.7115222876366695,0.7315436241610739,0.5069767441860465,0.5989010989010989,0.6153846153846154,0.22570532915360503,0.3302752293577982
3,CountVectorizer,AdaBoost,"{'estimator__n_estimators': 100, 'estimator__learning_rate': 0.01}",0.10347551342812006,0.2636650868878357,4.043986500000756,1.090431399999943,927.41796875,926.19921875,0.0,0.0,0.0,0.954954954954955,0.2630272952853598,0.41245136186770426,0.7620689655172413,0.33843797856049007,0.4687168610816543,1.0,0.018604651162790697,0.0365296803652968,0.0,0.0,0.0
3,CountVectorizer,AdaBoost,"{'estimator__n_estimators': 100, 'estimator__learning_rate': 0.1}",0.23064770932069512,0.2213270142180095,4.020250699999451,1.096859500001301,927.30859375,926.32421875,0.84,0.0625,0.11634349030470914,0.9651741293532339,0.4813895781637717,0.6423841059602649,0.776595744680851,0.55895865237366,0.6500445235975066,0.835820895522388,0.26046511627906976,0.3971631205673759,0.8636363636363636,0.05956112852664577,0.11143695014662756
3,CountVectorizer,AdaBoost,"{'estimator__n_estimators': 100, 'estimator__learning_rate': 1.0}",0.3467614533965245,0.18451816745655608,4.021810500002175,1.089148800005205,927.53125,926.28515625,0.6114649681528662,0.2857142857142857,0.3894523326572008,0.913946587537092,0.7642679900744417,0.8324324324324325,0.7879310344827586,0.6998468606431854,0.7412814274128142,0.7985074626865671,0.49767441860465117,0.6131805157593123,0.6041666666666666,0.2727272727272727,0.3758099352051836
3,CountVectorizer,AdaBoost,"{'estimator__n_estimators': 150, 'estimator__learning_rate': 0.01}",0.12164296998420221,0.2575039494470774,5.791338999995787,1.181477799997083,927.45703125,926.47265625,0.0,0.0,0.0,0.9473684210526315,0.31265508684863524,0.4701492537313433,0.7728706624605678,0.37519142419601836,0.5051546391752577,1.0,0.018604651162790697,0.0365296803652968,0.0,0.0,0.0
3,CountVectorizer,AdaBoost,"{'estimator__n_estimators': 150, 'estimator__learning_rate': 0.1}",0.25908372827804105,0.20979462875197472,5.8275840999995125,1.1817640000008396,927.71484375,926.640625,0.6376811594202898,0.13095238095238096,0.21728395061728395,0.9659574468085106,0.5632754342431762,0.7115987460815048,0.7840466926070039,0.6171516079632465,0.6906598114824336,0.8441558441558441,0.3023255813953488,0.4452054794520548,0.8260869565217391,0.05956112852664577,0.1111111111111111
3,CountVectorizer,AdaBoost,"{'estimator__n_estimators': 150, 'estimator__learning_rate': 1.0}",0.3609794628751975,0.18056872037914692,5.760715699994762,1.1922048999986146,927.91015625,926.83984375,0.5614973262032086,0.3125,0.40152963671128106,0.9183673469387755,0.7816377171215881,0.8445040214477212,0.7855973813420621,0.7350689127105666,0.759493670886076,0.8367346938775511,0.5720930232558139,0.6795580110497238,0.5730994152046783,0.3072100313479624,0.4
3,CountVectorizer,SGD,"{'estimator__alpha': 0.0001, 'estimator__penalty': 'l2'}",0.3862559241706161,0.18341232227488152,1.2135723999963375,1.7972546000019065,927.98046875,923.61328125,0.528957528957529,0.40773809523809523,0.46050420168067224,0.889487870619946,0.8188585607940446,0.8527131782945736,0.7467248908296943,0.7856049004594181,0.7656716417910447,0.7849462365591398,0.6790697674418604,0.7281795511221946,0.5291970802919708,0.45454545454545453,0.48903878583473864
3,CountVectorizer,SGD,"{'estimator__alpha': 0.0001, 'estimator__penalty': 'l1'}",0.3783570300157978,0.17756714060031595,0.6917039000036311,1.7974409999951604,927.6015625,923.62890625,0.5365853658536586,0.3273809523809524,0.4066543438077634,0.8997214484679665,0.8014888337468983,0.847769028871391,0.7667161961367014,0.7901990811638591,0.7782805429864253,0.8304093567251462,0.6604651162790698,0.7357512953367875,0.57,0.3573667711598746,0.4393063583815029
3,CountVectorizer,SGD,"{'estimator__alpha': 0.0001, 'estimator__penalty': 'elasticnet'}",0.37993680884676145,0.1819905213270142,0.7042935999998008,1.7884287999986554,927.8828125,923.55078125,0.5418326693227091,0.40476190476190477,0.46337308347529815,0.8956043956043956,0.8089330024813896,0.8500651890482399,0.755192878338279,0.77947932618683,0.7671439336850038,0.807909604519774,0.6651162790697674,0.7295918367346939,0.5215827338129496,0.45454545454545453,0.48576214405360135
3,CountVectorizer,SGD,"{'estimator__alpha': 0.001, 'estimator__penalty': 'l2'}",0.38941548183254343,0.16524486571879937,1.125280300002487,1.7934163000027183,927.8671875,923.625,0.6363636363636364,0.20833333333333334,0.31390134529147984,0.9422492401215805,0.7692307692307693,0.8469945355191257,0.7975646879756468,0.8024502297090352,0.8,0.8639455782312925,0.5906976744186047,0.7016574585635359,0.7520661157024794,0.2852664576802508,0.41363636363636364
3,CountVectorizer,SGD,"{'estimator__alpha': 0.001, 'estimator__penalty': 'l1'}",0.31516587677725116,0.18941548183254345,1.118584899995767,1.818627100001322,927.984375,923.59375,0.6363636363636364,0.1875,0.2896551724137931,0.956989247311828,0.6625310173697271,0.782991202346041,0.7915966386554621,0.7212863705972435,0.7548076923076923,0.7703703703703704,0.48372093023255813,0.5942857142857143,0.6984126984126984,0.13793103448275862,0.23036649214659685
3,CountVectorizer,SGD,"{'estimator__alpha': 0.001, 'estimator__penalty': 'elasticnet'}",0.3570300157977883,0.17235387045813585,1.1948716000042623,1.7889668999996502,927.88671875,923.66796875,0.6442307692307693,0.19940476190476192,0.30454545454545456,0.9478827361563518,0.7220843672456576,0.819718309859155,0.8074534161490683,0.7963246554364471,0.8018504240555128,0.8309859154929577,0.5488372093023256,0.6610644257703081,0.7631578947368421,0.18181818181818182,0.2936708860759494
3,CountVectorizer,SGD,"{'estimator__alpha': 0.01, 'estimator__penalty': 'l2'}",0.2669826224328594,0.19826224328593997,1.0886962000004132,1.7862378999998327,928.01171875,923.609375,1.0,0.008928571428571428,0.017699115044247787,0.9565217391304348,0.6004962779156328,0.7378048780487805,0.8130360205831904,0.7258805513016845,0.7669902912621359,0.8651685393258427,0.3581395348837209,0.506578947368421,0.8888888888888888,0.025078369905956112,0.04878048780487805
3,CountVectorizer,SGD,"{'estimator__alpha': 0.01, 'estimator__penalty': 'l1'}",0.15876777251184834,0.25450236966824646,1.0867311999973026,1.7897950999977184,927.9296875,923.6875,0.0,0.0,0.0,0.9507042253521126,0.3349875930521092,0.4954128440366973,0.7620689655172413,0.33843797856049007,0.4687168610816543,0.6666666666666666,0.32558139534883723,0.4375,0.0,0.0,0.0
3,CountVectorizer,SGD,"{'estimator__alpha': 0.01, 'estimator__penalty': 'elasticnet'}",0.23222748815165878,0.21674565560821485,1.1121658999982174,1.7879726999963168,928.01171875,923.58984375,0.0,0.0,0.0,0.9603960396039604,0.4813895781637717,0.6413223140495867,0.794392523364486,0.6508422664624809,0.7154882154882155,0.7666666666666667,0.3209302325581395,0.4524590163934426,1.0,0.01567398119122257,0.030864197530864196
5,TfidfVectorizer,RandomForest,"{'n_estimators': 50, 'criterion': 'gini'}",0.41627172195892576,0.17203791469194313,7.8611392000020714,0.9903612999987672,923.66796875,768.15625,0.6739130434782609,0.18452380952380953,0.2897196261682243,0.9347826086956522,0.7468982630272953,0.8303448275862069,0.7609618104667609,0.8238897396630934,0.7911764705882353,0.8571428571428571,0.5302325581395348,0.6551724137931034,0.6703910614525139,0.3761755485893417,0.4819277108433735
5,TfidfVectorizer,RandomForest,"{'n_estimators': 50, 'criterion': 'entropy'}",0.39257503949447076,0.17598736176935229,8.509693899999547,0.9849965999965207,769.97265625,769.98828125,0.6033057851239669,0.21726190476190477,0.31947483588621445,0.9263803680981595,0.749379652605459,0.8285322359396433,0.7657393850658858,0.8009188361408882,0.7829341317365269,0.8444444444444444,0.5302325581395348,0.6514285714285715,0.6992481203007519,0.29153605015673983,0.41150442477876104
5,TfidfVectorizer,RandomForest,"{'n_estimators': 50, 'criterion': 'log_loss'}",0.39257503949447076,0.17598736176935229,8.47658130000491,0.9872601999959443,770.00390625,770.0,0.6033057851239669,0.21726190476190477,0.31947483588621445,0.9263803680981595,0.749379652605459,0.8285322359396433,0.7657393850658858,0.8009188361408882,0.7829341317365269,0.8444444444444444,0.5302325581395348,0.6514285714285715,0.6992481203007519,0.29153605015673983,0.41150442477876104
5,TfidfVectorizer,RandomForest,"{'n_estimators': 100, 'criterion': 'gini'}",0.41627172195892576,0.16808846761453397,15.186609599993972,1.0455666999987443,850.75390625,843.3046875,0.7032967032967034,0.19047619047619047,0.2997658079625293,0.9325153374233128,0.7543424317617866,0.8340192043895748,0.7627118644067796,0.8269525267993875,0.7935341660543718,0.8623188405797102,0.5534883720930233,0.6742209631728046,0.7151515151515152,0.36990595611285265,0.48760330578512395
5,TfidfVectorizer,RandomForest,"{'n_estimators': 100, 'criterion': 'entropy'}",0.3909952606635071,0.17393364928909952,16.37812750000012,1.0315373999983422,849.1015625,842.83984375,0.5982142857142857,0.19940476190476192,0.29910714285714285,0.9316770186335404,0.7444168734491315,0.8275862068965517,0.7787610619469026,0.8085758039816233,0.7933884297520661,0.8538461538461538,0.5162790697674419,0.6434782608695652,0.697841726618705,0.30407523510971785,0.42358078602620086
5,TfidfVectorizer,RandomForest,"{'n_estimators': 100, 'criterion': 'log_loss'}",0.3909952606635071,0.17393364928909952,16.52882440000394,1.0417319999978645,849.328125,842.83984375,0.5982142857142857,0.19940476190476192,0.29910714285714285,0.9316770186335404,0.7444168734491315,0.8275862068965517,0.7787610619469026,0.8085758039816233,0.7933884297520661,0.8538461538461538,0.5162790697674419,0.6434782608695652,0.697841726618705,0.30407523510971785,0.42358078602620086
5,TfidfVectorizer,RandomForest,"{'n_estimators': 150, 'criterion': 'gini'}",0.4186413902053712,0.1674565560821485,22.34249329999875,1.1002844000031473,928.9296875,924.73046875,0.7157894736842105,0.20238095238095238,0.31554524361948955,0.9296636085626911,0.7543424317617866,0.8328767123287671,0.7626404494382022,0.8315467075038285,0.7956043956043956,0.8428571428571429,0.5488372093023256,0.6647887323943662,0.7151162790697675,0.38557993730407525,0.5010183299389002
5,TfidfVectorizer,RandomForest,"{'n_estimators': 150, 'criterion': 'entropy'}",0.39731437598736175,0.1703001579778831,24.43056009999418,1.0979806000032113,927.78515625,921.05859375,0.63,0.1875,0.2889908256880734,0.9329268292682927,0.7593052109181141,0.8372093023255814,0.7796101949025487,0.7963246554364471,0.7878787878787878,0.8478260869565217,0.5441860465116279,0.6628895184135978,0.7379310344827587,0.335423197492163,0.46120689655172414
5,TfidfVectorizer,RandomForest,"{'n_estimators': 150, 'criterion': 'log_loss'}",0.39731437598736175,0.1703001579778831,24.488182499997492,1.0971588999964297,927.4140625,920.98828125,0.63,0.1875,0.2889908256880734,0.9329268292682927,0.7593052109181141,0.8372093023255814,0.7796101949025487,0.7963246554364471,0.7878787878787878,0.8478260869565217,0.5441860465116279,0.6628895184135978,0.7379310344827587,0.335423197492163,0.46120689655172414
5,TfidfVectorizer,SVC,"{'estimator__C': 0.1, 'estimator__kernel': 'linear'}",0.2796208530805687,0.19225908372827805,14.453238499998406,1.6974262000003364,1140.48046875,944.76953125,0.7,0.020833333333333332,0.04046242774566474,0.9616858237547893,0.6228287841191067,0.7560240963855421,0.8287671232876712,0.7411944869831547,0.7825383993532741,0.8850574712643678,0.3581395348837209,0.5099337748344371,0.9333333333333333,0.0438871473354232,0.08383233532934131
5,TfidfVectorizer,SVC,"{'estimator__C': 0.1, 'estimator__kernel': 'rbf'}",0.160347551342812,0.2287519747235387,19.487129200002528,2.463639899993723,1162.28125,946.1796875,0.0,0.0,0.0,0.9754098360655737,0.29528535980148884,0.4533333333333333,0.8308270676691729,0.6768759571209801,0.7459915611814346,1.0,0.046511627906976744,0.08888888888888889,0.0,0.0,0.0
5,TfidfVectorizer,SVC,"{'estimator__C': 0.1, 'estimator__kernel': 'sigmoid'}",0.27488151658767773,0.19352290679304898,14.633840199996484,1.734083199997258,1139.13671875,944.57421875,0.8571428571428571,0.017857142857142856,0.03498542274052478,0.9612403100775194,0.6153846153846154,0.7503782148260212,0.8273504273504273,0.7411944869831547,0.7819063004846527,0.8809523809523809,0.34418604651162793,0.49498327759197325,0.9230769230769231,0.03761755485893417,0.07228915662650602
5,TfidfVectorizer,SVC,"{'estimator__C': 1, 'estimator__kernel': 'linear'}",0.41390205371248023,0.16398104265402844,13.336170800001128,1.540483500000846,1152.19140625,945.91796875,0.6257668711656442,0.30357142857142855,0.4088176352705411,0.925414364640884,0.8312655086848635,0.8758169934640523,0.7792792792792793,0.7947932618683001,0.7869598180439727,0.8452380952380952,0.6604651162790698,0.741514360313316,0.6268656716417911,0.3949843260188088,0.4846153846153846
5,TfidfVectorizer,SVC,"{'estimator__C': 1, 'estimator__kernel': 'rbf'}",0.4060031595576619,0.16145339652448656,21.94680569999764,2.4031982000014978,1175.125,946.73828125,0.6869565217391305,0.23511904761904762,0.35033259423503327,0.9404761904761905,0.7841191066997518,0.8552097428958051,0.8109375,0.7947932618683001,0.802784222737819,0.8970588235294118,0.5674418604651162,0.6951566951566952,0.7251908396946565,0.29780564263322884,0.4222222222222222
5,TfidfVectorizer,SVC,"{'estimator__C': 1, 'estimator__kernel': 'sigmoid'}",0.40837282780410744,0.165086887835703,12.985509699996328,1.4872363999966183,1148.62109375,943.28515625,0.6308724832214765,0.27976190476190477,0.38762886597938145,0.9344729344729344,0.8138957816377171,0.870026525198939,0.7786144578313253,0.7917304747320061,0.7851176917236142,0.8363636363636363,0.641860465116279,0.7263157894736842,0.6473684210526316,0.38557993730407525,0.48330058939096265
5,TfidfVectorizer,SVC,"{'estimator__C': 10, 'estimator__kernel': 'linear'}",0.3467614533965245,0.20315955766192734,17.262814199995773,1.3956656000009389,1183.6171875,943.921875,0.4660493827160494,0.4494047619047619,0.4575757575757576,0.8463476070528967,0.8337468982630273,0.84,0.7192192192192193,0.7335375191424196,0.7263078089461713,0.7539267015706806,0.6697674418604651,0.7093596059113301,0.49700598802395207,0.5203761755485894,0.5084226646248086
5,TfidfVectorizer,SVC,"{'estimator__C': 10, 'estimator__kernel': 'rbf'}",0.41311216429699843,0.16398104265402844,48.026805599998625,2.550565199999255,1174.09375,947.65625,0.6182795698924731,0.34226190476190477,0.44061302681992337,0.9192200557103064,0.8188585607940446,0.8661417322834646,0.788109756097561,0.7917304747320061,0.7899159663865546,0.8807947019867549,0.6186046511627907,0.726775956284153,0.6213592233009708,0.4012539184952978,0.4876190476190476
5,TfidfVectorizer,SVC,"{'estimator__C': 10, 'estimator__kernel': 'sigmoid'}",0.35308056872037913,0.2014218009478673,21.123964300000807,1.2382952000043588,1171.87890625,945.734375,0.487012987012987,0.44642857142857145,0.4658385093167702,0.8371501272264631,0.8163771712158809,0.8266331658291457,0.7249240121580547,0.7304747320061256,0.7276887871853547,0.7424242424242424,0.6837209302325581,0.711864406779661,0.5032894736842105,0.47962382445141066,0.4911717495987159
5,TfidfVectorizer,MultinomialNB,{'estimator__alpha': 0.01},0.40126382306477093,0.18104265402843603,1.0433380999966175,1.8187244999935501,932.66015625,922.921875,0.536697247706422,0.3482142857142857,0.4223826714801444,0.8620689655172413,0.8064516129032258,0.8333333333333334,0.7643504531722054,0.774885145482389,0.7695817490494297,0.7734806629834254,0.6511627906976745,0.7070707070707071,0.6129032258064516,0.3573667711598746,0.4514851485148515
5,TfidfVectorizer,MultinomialNB,{'estimator__alpha': 0.1},0.4099526066350711,0.17109004739336492,1.0429038000002038,1.800971100004972,929.37890625,922.53125,0.5738636363636364,0.3005952380952381,0.39453125,0.889763779527559,0.8411910669975186,0.8647959183673469,0.7684365781710915,0.7978560490045942,0.782870022539444,0.8055555555555556,0.6744186046511628,0.7341772151898734,0.6493506493506493,0.31347962382445144,0.42283298097251587
5,TfidfVectorizer,MultinomialNB,{'estimator__alpha': 1.0},0.3412322274881517,0.17883096366508688,1.0454532999938237,1.8192772999973386,928.3828125,922.3828125,0.8125,0.07738095238095238,0.14130434782608695,0.9420731707317073,0.7667493796526055,0.8454172366621067,0.7652777777777777,0.8437978560490046,0.8026219956300072,0.9325842696629213,0.386046511627907,0.5460526315789473,0.9032258064516129,0.0877742946708464,0.16
5,TfidfVectorizer,LogisticRegression,"{'estimator__C': 0.1, 'estimator__penalty': 'l2'}",0.23143759873617695,0.20821484992101105,1.2867199999964214,1.8072408000007272,930.10546875,922.63671875,0.7,0.020833333333333332,0.04046242774566474,0.9642857142857143,0.46898263027295284,0.6310517529215359,0.7996845425867508,0.776416539050536,0.7878787878787878,0.9090909090909091,0.13953488372093023,0.24193548387096775,0.8571428571428571,0.05642633228840126,0.10588235294117647
5,TfidfVectorizer,LogisticRegression,"{'estimator__C': 1, 'estimator__penalty': 'l2'}",0.3736176935229068,0.16903633491311215,0.7913619999962975,1.8098538999984157,929.890625,922.51953125,0.6535433070866141,0.24702380952380953,0.35853131749460043,0.9226190476190477,0.7692307692307693,0.8389715832205683,0.8021638330757341,0.7947932618683001,0.7984615384615384,0.888,0.5162790697674419,0.6529411764705882,0.6573426573426573,0.2946708463949843,0.4069264069264069
5,TfidfVectorizer,LogisticRegression,"{'estimator__C': 10, 'estimator__penalty': 'l2'}",0.40126382306477093,0.17140600315955767,0.9817809000014677,1.8085386000020662,929.93359375,922.75,0.5495867768595041,0.3958333333333333,0.4602076124567474,0.9086021505376344,0.8387096774193549,0.8722580645161291,0.7726574500768049,0.7702909647779479,0.7714723926380368,0.8475609756097561,0.6465116279069767,0.7335092348284961,0.5894308943089431,0.45454545454545453,0.5132743362831859
5,TfidfVectorizer,KNeighbors,"{'n_neighbors': 3, 'algorithm': 'ball_tree'}",0.35150078988941547,0.2080568720379147,1.0398509000006015,1.2697552000026917,928.46875,1106.1640625,0.4979919678714859,0.36904761904761907,0.4239316239316239,0.8222222222222222,0.7344913151364765,0.7758846657929227,0.7142857142857143,0.7886676875957122,0.7496360989810772,0.7692307692307693,0.5581395348837209,0.6469002695417789,0.4742268041237113,0.43260188087774293,0.4524590163934426
5,TfidfVectorizer,KNeighbors,"{'n_neighbors': 3, 'algorithm': 'kd_tree'}",0.35150078988941547,0.2080568720379147,1.0382557999982964,1.2515076999989105,928.046875,1112.3671875,0.4979919678714859,0.36904761904761907,0.4239316239316239,0.8222222222222222,0.7344913151364765,0.7758846657929227,0.7142857142857143,0.7886676875957122,0.7496360989810772,0.7692307692307693,0.5581395348837209,0.6469002695417789,0.4742268041237113,0.43260188087774293,0.4524590163934426
5,TfidfVectorizer,KNeighbors,"{'n_neighbors': 3, 'algorithm': 'brute'}",0.35150078988941547,0.2080568720379147,1.0438299000015832,1.2641337000022759,927.8359375,1109.48046875,0.4979919678714859,0.36904761904761907,0.4239316239316239,0.8222222222222222,0.7344913151364765,0.7758846657929227,0.7142857142857143,0.7886676875957122,0.7496360989810772,0.7692307692307693,0.5581395348837209,0.6469002695417789,0.4742268041237113,0.43260188087774293,0.4524590163934426
5,TfidfVectorizer,KNeighbors,"{'n_neighbors': 5, 'algorithm': 'ball_tree'}",0.35071090047393366,0.20315955766192734,1.038203500000236,1.281489100001636,927.94140625,1124.9375,0.509090909090909,0.3333333333333333,0.4028776978417266,0.8583569405099151,0.7518610421836228,0.8015873015873016,0.7052341597796143,0.7840735068912711,0.7425670775924583,0.8106060606060606,0.49767441860465117,0.6167146974063401,0.5058823529411764,0.4043887147335423,0.44947735191637633
5,TfidfVectorizer,KNeighbors,"{'n_neighbors': 5, 'algorithm': 'kd_tree'}",0.35071090047393366,0.20315955766192734,1.0463013000044157,1.2549606000029598,928.07421875,1125.00390625,0.509090909090909,0.3333333333333333,0.4028776978417266,0.8583569405099151,0.7518610421836228,0.8015873015873016,0.7052341597796143,0.7840735068912711,0.7425670775924583,0.8106060606060606,0.49767441860465117,0.6167146974063401,0.5058823529411764,0.4043887147335423,0.44947735191637633
5,TfidfVectorizer,KNeighbors,"{'n_neighbors': 5, 'algorithm': 'brute'}",0.35071090047393366,0.20315955766192734,1.0308536000011372,1.2609983000002103,927.47265625,1114.42578125,0.509090909090909,0.3333333333333333,0.4028776978417266,0.8583569405099151,0.7518610421836228,0.8015873015873016,0.7052341597796143,0.7840735068912711,0.7425670775924583,0.8106060606060606,0.49767441860465117,0.6167146974063401,0.5058823529411764,0.4043887147335423,0.44947735191637633
5,TfidfVectorizer,KNeighbors,"{'n_neighbors': 7, 'algorithm': 'ball_tree'}",0.3688783570300158,0.1924170616113744,1.0338810999965062,1.275027499999851,927.359375,1105.46484375,0.5666666666666667,0.30357142857142855,0.3953488372093023,0.8837209302325582,0.7543424317617866,0.8139223560910308,0.7129380053908356,0.8101071975497703,0.7584229390681003,0.8467741935483871,0.4883720930232558,0.6194690265486725,0.5375,0.4043887147335423,0.46153846153846156
5,TfidfVectorizer,KNeighbors,"{'n_neighbors': 7, 'algorithm': 'kd_tree'}",0.3688783570300158,0.1924170616113744,1.0351130999988527,1.2485776000030455,927.55078125,1116.08203125,0.5666666666666667,0.30357142857142855,0.3953488372093023,0.8837209302325582,0.7543424317617866,0.8139223560910308,0.7129380053908356,0.8101071975497703,0.7584229390681003,0.8467741935483871,0.4883720930232558,0.6194690265486725,0.5375,0.4043887147335423,0.46153846153846156
5,TfidfVectorizer,KNeighbors,"{'n_neighbors': 7, 'algorithm': 'brute'}",0.3688783570300158,0.1924170616113744,1.0378581000040867,1.2495385000001988,927.58984375,1125.0625,0.5666666666666667,0.30357142857142855,0.3953488372093023,0.8837209302325582,0.7543424317617866,0.8139223560910308,0.7129380053908356,0.8101071975497703,0.7584229390681003,0.8467741935483871,0.4883720930232558,0.6194690265486725,0.5375,0.4043887147335423,0.46153846153846156
5,TfidfVectorizer,DecisionTree,"{'criterion': 'gini', 'max_features': 'sqrt'}",0.29778830963665087,0.26003159557661926,0.7518749000009848,1.8046563000025344,934.16015625,923.65625,0.35428571428571426,0.36904761904761907,0.36151603498542273,0.6650943396226415,0.6997518610421837,0.6819830713422007,0.6646884272997032,0.6860643185298622,0.6752072343632253,0.5967741935483871,0.5162790697674419,0.5536159600997507,0.4726027397260274,0.43260188087774293,0.45171849427168576
5,TfidfVectorizer,DecisionTree,"{'criterion': 'gini', 'max_features': 'log2'}",0.2914691943127962,0.2617693522906793,0.7880197999984375,1.8038334000011673,933.5625,923.88671875,0.3859060402684564,0.34226190476190477,0.3627760252365931,0.6651982378854625,0.749379652605459,0.704784130688448,0.6876923076923077,0.6845329249617151,0.6861089792785878,0.5492227979274611,0.4930232558139535,0.5196078431372549,0.3888888888888889,0.4169278996865204,0.40242057488653554
5,TfidfVectorizer,DecisionTree,"{'criterion': 'gini', 'max_features': None}",0.3665086887835703,0.2235387045813586,1.930768000005628,1.8022898999988683,929.31640625,922.73046875,0.41509433962264153,0.3273809523809524,0.36605657237936773,0.7697841726618705,0.7965260545905707,0.7829268292682927,0.7177914110429447,0.7166921898928025,0.7172413793103448,0.6703910614525139,0.5581395348837209,0.6091370558375635,0.48011363636363635,0.5297805642633229,0.503725782414307
5,TfidfVectorizer,DecisionTree,"{'criterion': 'entropy', 'max_features': 'sqrt'}",0.3080568720379147,0.2559241706161137,0.7616753000038443,1.802209599998605,933.765625,923.6875,0.3547486033519553,0.37797619047619047,0.3659942363112392,0.7325301204819277,0.7543424317617866,0.7432762836185819,0.669683257918552,0.6799387442572741,0.6747720364741642,0.6404494382022472,0.5302325581395348,0.5801526717557252,0.4110429447852761,0.4200626959247649,0.41550387596899224
5,TfidfVectorizer,DecisionTree,"{'criterion': 'entropy', 'max_features': 'log2'}",0.28672985781990523,0.2677725118483412,0.8051805999930366,1.8018155000027036,933.48828125,923.90234375,0.37158469945355194,0.40476190476190477,0.38746438746438744,0.7297297297297297,0.6699751861042184,0.6985769728331177,0.646978021978022,0.7212863705972435,0.6821144098479363,0.6075268817204301,0.5255813953488372,0.5635910224438903,0.37275064267352187,0.45454545454545453,0.4096045197740113
5,TfidfVectorizer,DecisionTree,"{'criterion': 'entropy', 'max_features': None}",0.358609794628752,0.22527646129541865,2.635432100003527,1.8186514999979408,928.265625,922.7578125,0.3774193548387097,0.3482142857142857,0.3622291021671827,0.8179419525065963,0.7692307692307693,0.7928388746803069,0.7278382581648523,0.7166921898928025,0.7222222222222222,0.6470588235294118,0.5627906976744186,0.6019900497512438,0.4812680115273775,0.5235109717868338,0.5015015015015015
5,TfidfVectorizer,DecisionTree,"{'criterion': 'log_loss', 'max_features': 'sqrt'}",0.3080568720379147,0.2559241706161137,0.7615384000018821,1.810865699997521,933.8046875,923.76953125,0.3547486033519553,0.37797619047619047,0.3659942363112392,0.7325301204819277,0.7543424317617866,0.7432762836185819,0.669683257918552,0.6799387442572741,0.6747720364741642,0.6404494382022472,0.5302325581395348,0.5801526717557252,0.4110429447852761,0.4200626959247649,0.41550387596899224
5,TfidfVectorizer,DecisionTree,"{'criterion': 'log_loss', 'max_features': 'log2'}",0.28672985781990523,0.2677725118483412,0.813314500002889,1.804104399998323,933.54296875,923.95703125,0.37158469945355194,0.40476190476190477,0.38746438746438744,0.7297297297297297,0.6699751861042184,0.6985769728331177,0.646978021978022,0.7212863705972435,0.6821144098479363,0.6075268817204301,0.5255813953488372,0.5635910224438903,0.37275064267352187,0.45454545454545453,0.4096045197740113
5,TfidfVectorizer,DecisionTree,"{'criterion': 'log_loss', 'max_features': None}",0.358609794628752,0.22527646129541865,2.6353493999995408,1.8004237999994075,928.55859375,922.703125,0.3774193548387097,0.3482142857142857,0.3622291021671827,0.8179419525065963,0.7692307692307693,0.7928388746803069,0.7278382581648523,0.7166921898928025,0.7222222222222222,0.6470588235294118,0.5627906976744186,0.6019900497512438,0.4812680115273775,0.5235109717868338,0.5015015015015015
5,TfidfVectorizer,GradientBoosting,"{'estimator__n_estimators': 100, 'estimator__criterion': 'friedman_mse'}",0.2985781990521327,0.19557661927330175,11.706608200001938,1.830236199995852,927.625,922.27734375,0.6829268292682927,0.16666666666666666,0.2679425837320574,0.968,0.6004962779156328,0.7411944869831547,0.8022388059701493,0.6584992343032159,0.7232968881412952,0.8556701030927835,0.386046511627907,0.532051282051282,0.7924528301886793,0.13166144200626959,0.22580645161290322
5,TfidfVectorizer,GradientBoosting,"{'estimator__n_estimators': 100, 'estimator__criterion': 'squared_error'}",0.3009478672985782,0.195260663507109,11.632028200001514,1.8223369999977876,927.91796875,921.9765625,0.6951219512195121,0.16964285714285715,0.2727272727272727,0.9678714859437751,0.598014888337469,0.7392638036809815,0.8007448789571695,0.6584992343032159,0.7226890756302521,0.8556701030927835,0.386046511627907,0.532051282051282,0.8235294117647058,0.13166144200626959,0.22702702702702704
5,TfidfVectorizer,GradientBoosting,"{'estimator__n_estimators': 150, 'estimator__criterion': 'friedman_mse'}",0.32701421800947866,0.18657187993680885,17.13306569999986,1.8275958000012906,927.65625,922.06640625,0.717391304347826,0.19642857142857142,0.308411214953271,0.9661654135338346,0.6377171215880894,0.7683109118086696,0.7961335676625659,0.6937212863705973,0.7414075286415712,0.839622641509434,0.413953488372093,0.5545171339563862,0.8636363636363636,0.1786833855799373,0.2961038961038961
5,TfidfVectorizer,GradientBoosting,"{'estimator__n_estimators': 150, 'estimator__criterion': 'squared_error'}",0.3183254344391785,0.18862559241706162,17.163421400000516,1.8448366000011447,927.56640625,922.3359375,0.7032967032967034,0.19047619047619047,0.2997658079625293,0.9660377358490566,0.6352357320099256,0.7664670658682635,0.7960644007155635,0.6814701378254211,0.7343234323432343,0.839622641509434,0.413953488372093,0.5545171339563862,0.8461538461538461,0.1724137931034483,0.2864583333333333
5,TfidfVectorizer,GradientBoosting,"{'estimator__n_estimators': 200, 'estimator__criterion': 'friedman_mse'}",0.33886255924170616,0.18325434439178515,22.916242799998145,1.3940039000008255,927.671875,925.15234375,0.7058823529411765,0.21428571428571427,0.3287671232876712,0.956989247311828,0.6625310173697271,0.782991202346041,0.7952218430034129,0.7136294027565084,0.7522195318805488,0.8260869565217391,0.4418604651162791,0.5757575757575758,0.7926829268292683,0.20376175548589343,0.32418952618453867
5,TfidfVectorizer,GradientBoosting,"{'estimator__n_estimators': 200, 'estimator__criterion': 'squared_error'}",0.33096366508688785,0.18467614533965246,22.71628029999556,1.867351900000358,927.18359375,922.78125,0.6666666666666666,0.20238095238095238,0.3105022831050228,0.9636363636363636,0.6575682382133995,0.7817109144542773,0.7951807228915663,0.7075038284839203,0.7487844408427877,0.8407079646017699,0.4418604651162791,0.5792682926829268,0.8333333333333334,0.18808777429467086,0.3069053708439898
5,TfidfVectorizer,AdaBoost,"{'estimator__n_estimators': 50, 'estimator__learning_rate': 0.01}",0.08767772511848342,0.2682464454976303,3.3054784999985714,1.029652499993972,927.41796875,925.484375,0.47058823529411764,0.07142857142857142,0.12403100775193798,0.9555555555555556,0.21339950372208435,0.3488843813387424,0.7888446215139442,0.30321592649310875,0.43805309734513276,1.0,0.018604651162790697,0.0365296803652968,0.0,0.0,0.0
5,TfidfVectorizer,AdaBoost,"{'estimator__n_estimators': 50, 'estimator__learning_rate': 0.1}",0.18088467614533965,0.23617693522906794,3.2815057999978308,1.0102012999996077,927.296875,925.28125,1.0,0.017857142857142856,0.03508771929824561,0.9588235294117647,0.4044665012406948,0.568935427574171,0.7893401015228426,0.4762633996937213,0.5940783190066857,0.9090909090909091,0.18604651162790697,0.3088803088803089,0.8571428571428571,0.018808777429467086,0.03680981595092025
5,TfidfVectorizer,AdaBoost,"{'estimator__n_estimators': 50, 'estimator__learning_rate': 1.0}",0.3246445497630332,0.1900473933649289,3.29146330000367,1.0070132999971975,927.34765625,925.31640625,0.5944055944055944,0.25297619047619047,0.35490605427974947,0.9356913183279743,0.7220843672456576,0.8151260504201681,0.8011152416356877,0.6600306278713629,0.7237615449202351,0.7357142857142858,0.4790697674418605,0.5802816901408451,0.6495726495726496,0.23824451410658307,0.3486238532110092
5,TfidfVectorizer,AdaBoost,"{'estimator__n_estimators': 100, 'estimator__learning_rate': 0.01}",0.10347551342812006,0.26350710900473934,6.1054290999964,1.1329170000026352,927.2890625,925.31640625,0.0,0.0,0.0,0.954954954954955,0.2630272952853598,0.41245136186770426,0.7647058823529411,0.33843797856049007,0.4692144373673036,1.0,0.018604651162790697,0.0365296803652968,0.0,0.0,0.0
5,TfidfVectorizer,AdaBoost,"{'estimator__n_estimators': 100, 'estimator__learning_rate': 0.1}",0.23064770932069512,0.2202211690363349,6.087973699999566,1.103715099998226,927.3515625,925.37890625,0.8125,0.07738095238095238,0.14130434782608695,0.9642857142857143,0.46898263027295284,0.6310517529215359,0.7838983050847458,0.5666156202143952,0.6577777777777778,0.835820895522388,0.26046511627906976,0.3971631205673759,0.9473684210526315,0.05642633228840126,0.10650887573964497
5,TfidfVectorizer,AdaBoost,"{'estimator__n_estimators': 100, 'estimator__learning_rate': 1.0}",0.325434439178515,0.1911532385466035,6.053316799996537,1.1081234000012046,927.40234375,925.390625,0.544973544973545,0.30654761904761907,0.3923809523809524,0.907185628742515,0.7518610421836228,0.8222523744911805,0.7800687285223368,0.6952526799387443,0.7352226720647773,0.7829457364341085,0.4697674418604651,0.5872093023255814,0.5853658536585366,0.30094043887147337,0.39751552795031053
5,TfidfVectorizer,AdaBoost,"{'estimator__n_estimators': 150, 'estimator__learning_rate': 0.01}",0.12164296998420221,0.25734597156398104,8.859053700005461,1.1865987999990466,927.47265625,925.48828125,0.0,0.0,0.0,0.9473684210526315,0.31265508684863524,0.4701492537313433,0.7753164556962026,0.37519142419601836,0.5056759545923633,1.0,0.018604651162790697,0.0365296803652968,0.0,0.0,0.0
5,TfidfVectorizer,AdaBoost,"{'estimator__n_estimators': 150, 'estimator__learning_rate': 0.1}",0.26303317535545023,0.20821484992101105,8.841468699996767,1.2001977999971132,927.58203125,919.6640625,0.825,0.09821428571428571,0.17553191489361702,0.9658119658119658,0.5607940446650124,0.7095761381475667,0.7859922178988327,0.6186830015313936,0.6923736075407027,0.8552631578947368,0.3023255813953488,0.44673539518900346,0.8636363636363636,0.05956112852664577,0.11143695014662756
5,TfidfVectorizer,AdaBoost,"{'estimator__n_estimators': 150, 'estimator__learning_rate': 1.0}",0.34755134281200634,0.18657187993680885,8.801009300004807,1.1933367999954498,921.37890625,919.83203125,0.5396039603960396,0.3244047619047619,0.4052044609665427,0.9005847953216374,0.7642679900744417,0.8268456375838926,0.7659574468085106,0.7166921898928025,0.740506329113924,0.8424657534246576,0.5720930232558139,0.6814404432132964,0.5773195876288659,0.3510971786833856,0.43664717348927873
5,TfidfVectorizer,SGD,"{'estimator__alpha': 0.0001, 'estimator__penalty': 'l2'}",0.41627172195892576,0.16334913112164298,1.1320492000013473,1.809229400001641,921.3046875,916.796875,0.6319018404907976,0.30654761904761907,0.41282565130260523,0.9273743016759777,0.8238213399503722,0.8725361366622865,0.7772795216741405,0.7963246554364471,0.7866868381240545,0.852760736196319,0.6465116279069767,0.7354497354497355,0.6476683937823834,0.39184952978056425,0.48828125
5,TfidfVectorizer,SGD,"{'estimator__alpha': 0.0001, 'estimator__penalty': 'l1'}",0.3957345971563981,0.1655608214849921,1.136741100002837,1.8126836999945226,921.38671875,916.8671875,0.6330935251798561,0.2619047619047619,0.3705263157894737,0.9363636363636364,0.7667493796526055,0.8431105047748977,0.8085443037974683,0.7825421133231241,0.7953307392996108,0.8209876543209876,0.6186046511627907,0.7055702917771883,0.7092198581560284,0.31347962382445144,0.43478260869565216
5,TfidfVectorizer,SGD,"{'estimator__alpha': 0.0001, 'estimator__penalty': 'elasticnet'}",0.41311216429699843,0.1636650868878357,1.24470989999827,1.8078007000003709,921.453125,916.875,0.6524822695035462,0.27380952380952384,0.3857442348008386,0.9304347826086956,0.7965260545905707,0.8582887700534759,0.7831325301204819,0.7963246554364471,0.7896735003796507,0.8641975308641975,0.6511627906976745,0.7427055702917772,0.6590909090909091,0.36363636363636365,0.4686868686868687
5,TfidfVectorizer,SGD,"{'estimator__alpha': 0.001, 'estimator__penalty': 'l2'}",0.27883096366508686,0.19273301737756715,1.097350500000175,1.8026183000038145,921.515625,916.84765625,0.75,0.017857142857142856,0.03488372093023256,0.9612403100775194,0.6153846153846154,0.7503782148260212,0.8290598290598291,0.7427258805513017,0.7835218093699515,0.8837209302325582,0.35348837209302325,0.5049833887043189,0.9333333333333333,0.0438871473354232,0.08383233532934131
5,TfidfVectorizer,SGD,"{'estimator__alpha': 0.001, 'estimator__penalty': 'l1'}",0.23064770932069512,0.2156398104265403,1.1041076999972574,1.8071390999975847,921.40234375,916.80859375,0.47058823529411764,0.07142857142857142,0.12403100775193798,0.9662447257383966,0.5682382133995038,0.715625,0.797071129707113,0.5834609494640123,0.6737400530503979,0.6857142857142857,0.33488372093023255,0.45,0.75,0.09404388714733543,0.1671309192200557
5,TfidfVectorizer,SGD,"{'estimator__alpha': 0.001, 'estimator__penalty': 'elasticnet'}",0.2567140600315956,0.20394944707740917,1.1219180000043707,1.8017926000029547,921.63671875,916.53125,0.6666666666666666,0.017857142857142856,0.034782608695652174,0.9551020408163265,0.5806451612903226,0.7222222222222222,0.8129496402877698,0.6921898928024502,0.7477253928866832,0.8552631578947368,0.3023255813953488,0.44673539518900346,0.8888888888888888,0.025078369905956112,0.04878048780487805
5,TfidfVectorizer,SGD,"{'estimator__alpha': 0.01, 'estimator__penalty': 'l2'}",0.12796208530805686,0.2834123222748815,1.0777095000012196,1.827623199998925,921.5703125,916.5546875,0.0,0.0,0.0,1.0,0.004962779156327543,0.009876543209876543,0.5563258232235702,0.9831546707503829,0.7105700055340343,0.0,0.0,0.0,0.0,0.0,0.0
5,TfidfVectorizer,SGD,"{'estimator__alpha': 0.01, 'estimator__penalty': 'l1'}",0.1287519747235387,0.29684044233807266,1.0830056999984663,1.8211652999962098,921.68359375,916.62890625,0.0,0.0,0.0,1.0,0.017369727047146403,0.03414634146341464,0.5157977883096366,1.0,0.6805627931214174,0.0,0.0,0.0,0.0,0.0,0.0
5,TfidfVectorizer,SGD,"{'estimator__alpha': 0.01, 'estimator__penalty': 'elasticnet'}",0.12796208530805686,0.2971563981042654,1.0899573999995482,1.8037392999976873,921.6640625,916.62890625,0.0,0.0,0.0,0.0,0.0,0.0,0.5178429817605076,1.0,0.6823406478578893,0.0,0.0,0.0,0.0,0.0,0.0
5,CountVectorizer,RandomForest,"{'n_estimators': 50, 'criterion': 'gini'}",0.39257503949447076,0.179304897314376,8.743989499998861,0.9923558000009507,916.62890625,769.80078125,0.6302521008403361,0.22321428571428573,0.32967032967032966,0.9261538461538461,0.7468982630272953,0.8269230769230769,0.7489481065918654,0.8177641653905053,0.7818448023426061,0.8625954198473282,0.5255813953488372,0.653179190751445,0.5854922279792746,0.3542319749216301,0.44140625
5,CountVectorizer,RandomForest,"{'n_estimators': 50, 'criterion': 'entropy'}",0.3957345971563981,0.17661927330173777,9.304185699998925,1.4566657999966992,775.72265625,770.3046875,0.6218487394957983,0.22023809523809523,0.3252747252747253,0.9331306990881459,0.7617866004962779,0.8387978142076503,0.7635829662261381,0.7963246554364471,0.7796101949025487,0.8790322580645161,0.5069767441860465,0.6430678466076696,0.6108108108108108,0.3542319749216301,0.44841269841269843
5,CountVectorizer,RandomForest,"{'n_estimators': 50, 'criterion': 'log_loss'}",0.3957345971563981,0.17661927330173777,9.155951900000218,0.9921977999983937,775.55078125,775.79296875,0.6218487394957983,0.22023809523809523,0.3252747252747253,0.9331306990881459,0.7617866004962779,0.8387978142076503,0.7635829662261381,0.7963246554364471,0.7796101949025487,0.8790322580645161,0.5069767441860465,0.6430678466076696,0.6108108108108108,0.3542319749216301,0.44841269841269843
5,CountVectorizer,RandomForest,"{'n_estimators': 100, 'criterion': 'gini'}",0.3988941548183254,0.17598736176935229,17.043750000004366,1.0523189999948954,858.8203125,858.734375,0.6756756756756757,0.22321428571428573,0.33557046979865773,0.9235474006116208,0.749379652605459,0.8273972602739726,0.7428180574555403,0.8315467075038285,0.7846820809248555,0.8778625954198473,0.5348837209302325,0.6647398843930635,0.6060606060606061,0.3761755485893417,0.46421663442940037
5,CountVectorizer,RandomForest,"{'n_estimators': 100, 'criterion': 'entropy'}",0.3981042654028436,0.17330173775671406,17.84903249999479,1.0503920999981347,858.9765625,858.3203125,0.6548672566371682,0.22023809523809523,0.32962138084632514,0.9329268292682927,0.7593052109181141,0.8372093023255814,0.7581792318634424,0.8162327718223583,0.7861356932153393,0.8914728682170543,0.5348837209302325,0.6686046511627907,0.6185567010309279,0.3761755485893417,0.4678362573099415
5,CountVectorizer,RandomForest,"{'n_estimators': 100, 'criterion': 'log_loss'}",0.3981042654028436,0.17330173775671406,17.829217899998184,1.044342900000629,858.9140625,858.26953125,0.6548672566371682,0.22023809523809523,0.32962138084632514,0.9329268292682927,0.7593052109181141,0.8372093023255814,0.7581792318634424,0.8162327718223583,0.7861356932153393,0.8914728682170543,0.5348837209302325,0.6686046511627907,0.6185567010309279,0.3761755485893417,0.4678362573099415
5,CountVectorizer,RandomForest,"{'n_estimators': 150, 'criterion': 'gini'}",0.40126382306477093,0.17472353870458135,25.22981379999692,1.11368969999603,941.16015625,941.3515625,0.6578947368421053,0.22321428571428573,0.3333333333333333,0.9179331306990881,0.749379652605459,0.825136612021858,0.7486187845303868,0.8300153139356815,0.7872185911401598,0.8814814814814815,0.5534883720930233,0.68,0.625,0.3605015673981191,0.4572564612326044
5,CountVectorizer,RandomForest,"{'n_estimators': 150, 'criterion': 'entropy'}",0.40126382306477093,0.17282780410742496,26.403556899997056,1.1141781999976956,942.4453125,942.625,0.6470588235294118,0.22916666666666666,0.3384615384615385,0.9329268292682927,0.7593052109181141,0.8372093023255814,0.7614942528735632,0.8116385911179173,0.7857672349888807,0.8914728682170543,0.5348837209302325,0.6686046511627907,0.6263157894736842,0.3730407523510972,0.4675834970530452
5,CountVectorizer,RandomForest,"{'n_estimators': 150, 'criterion': 'log_loss'}",0.40126382306477093,0.17282780410742496,26.480279900002643,1.1048096000013174,942.6015625,942.82421875,0.6610169491525424,0.23214285714285715,0.3436123348017621,0.9300911854103343,0.7593052109181141,0.8360655737704918,0.7607449856733525,0.8131699846860643,0.7860843819393042,0.890625,0.5302325581395348,0.6647230320699709,0.6243386243386243,0.36990595611285265,0.4645669291338583
5,CountVectorizer,SVC,"{'estimator__C': 0.1, 'estimator__kernel': 'linear'}",0.39652448657187994,0.1636650868878357,12.336758099998406,1.4514584999997169,1158.8359375,959.5,0.6548672566371682,0.22023809523809523,0.32962138084632514,0.9397590361445783,0.7741935483870968,0.8489795918367347,0.7978560490045942,0.7978560490045942,0.7978560490045942,0.8733333333333333,0.6093023255813953,0.7178082191780822,0.7672413793103449,0.27899686520376177,0.4091954022988506
5,CountVectorizer,SVC,"{'estimator__C': 0.1, 'estimator__kernel': 'rbf'}",0.19510268562401265,0.22290679304897315,17.477207199997792,2.3670526999994763,1172.9921875,962.15234375,0.0,0.0,0.0,0.9647058823529412,0.40694789081885857,0.5724258289703316,0.8253638253638254,0.6079632465543645,0.7001763668430335,0.9215686274509803,0.2186046511627907,0.3533834586466165,1.0,0.003134796238244514,0.00625
5,CountVectorizer,SVC,"{'estimator__C': 0.1, 'estimator__kernel': 'sigmoid'}",0.27883096366508686,0.19510268562401265,13.647260600002483,1.6336178000055952,1158.26953125,960.59765625,1.0,0.02976190476190476,0.057803468208092484,0.95703125,0.607940446650124,0.7435508345978755,0.8164335664335665,0.7151607963246555,0.7624489795918368,0.8584905660377359,0.4232558139534884,0.5669781931464174,0.8461538461538461,0.034482758620689655,0.06626506024096386
5,CountVectorizer,SVC,"{'estimator__C': 1, 'estimator__kernel': 'linear'}",0.37519747235387046,0.18625592417061612,16.69488999999885,1.3980464999985998,1193.01171875,960.90625,0.5247148288973384,0.4107142857142857,0.4607679465776294,0.889487870619946,0.8188585607940446,0.8527131782945736,0.7379209370424598,0.7718223583460949,0.7544910179640718,0.8043478260869565,0.6883720930232559,0.7418546365914787,0.5140845070422535,0.45768025078369906,0.4842454394693201
5,CountVectorizer,SVC,"{'estimator__C': 1, 'estimator__kernel': 'rbf'}",0.39731437598736175,0.16145339652448656,20.078260899994348,2.290098299999954,1188.7265625,961.90625,0.7115384615384616,0.22023809523809523,0.33636363636363636,0.9375,0.7816377171215881,0.8525033829499323,0.8073959938366718,0.8024502297090352,0.804915514592934,0.8561151079136691,0.5534883720930233,0.672316384180791,0.753731343283582,0.3166144200626959,0.445916114790287
5,CountVectorizer,SVC,"{'estimator__C': 1, 'estimator__kernel': 'sigmoid'}",0.39178515007898895,0.16903633491311215,13.186702200000582,1.4278178999957163,1162.55859375,960.90625,0.6115702479338843,0.22023809523809523,0.3238512035010941,0.9315476190476191,0.7766749379652605,0.8470906630581867,0.7824773413897281,0.7932618683001531,0.7878326996197719,0.8589743589743589,0.6232558139534884,0.7223719676549866,0.6827586206896552,0.3103448275862069,0.4267241379310345
5,CountVectorizer,SVC,"{'estimator__C': 10, 'estimator__kernel': 'linear'}",0.3222748815165877,0.21674565560821485,29.02170570000453,1.2842024999990826,1176.8203125,960.08984375,0.4311377245508982,0.42857142857142855,0.4298507462686567,0.8195488721804511,0.8114143920595533,0.8154613466334164,0.71071953010279,0.7411944869831547,0.7256371814092953,0.7023255813953488,0.7023255813953488,0.7023255813953488,0.46194225721784776,0.5517241379310345,0.5028571428571429
5,CountVectorizer,SVC,"{'estimator__C': 10, 'estimator__kernel': 'rbf'}",0.4178515007898894,0.16255924170616115,44.76240630000393,2.4416707000054885,1180.1484375,962.69140625,0.6344086021505376,0.35119047619047616,0.4521072796934866,0.9245810055865922,0.8213399503722084,0.8699080157687253,0.7815750371471025,0.8055130168453293,0.7933634992458521,0.8709677419354839,0.627906976744186,0.7297297297297297,0.6088888888888889,0.42946708463949845,0.5036764705882353
5,CountVectorizer,SVC,"{'estimator__C': 10, 'estimator__kernel': 'sigmoid'}",0.3412322274881517,0.20726698262243287,14.368751699999848,1.1547623999940697,1165.0078125,961.2890625,0.4269005847953216,0.43452380952380953,0.4306784660766962,0.825974025974026,0.7890818858560794,0.8071065989847716,0.7337367624810892,0.7427258805513017,0.7382039573820396,0.7755102040816326,0.7069767441860465,0.7396593673965937,0.49280575539568344,0.42946708463949845,0.45896147403685095
5,CountVectorizer,MultinomialNB,{'estimator__alpha': 0.01},0.3957345971563981,0.17962085308056872,1.0494196999934502,1.8155897000033292,945.9375,937.4765625,0.47941176470588237,0.4851190476190476,0.4822485207100592,0.8432304038004751,0.8808933002481389,0.8616504854368932,0.7807807807807807,0.7963246554364471,0.7884761182714177,0.7354260089686099,0.7627906976744186,0.7488584474885844,0.5555555555555556,0.54858934169279,0.5520504731861199
5,CountVectorizer,MultinomialNB,{'estimator__alpha': 0.1},0.40916271721958924,0.1717219589257504,1.0314330999972299,1.8041082999989158,943.578125,937.4296875,0.503125,0.4791666666666667,0.49085365853658536,0.8494117647058823,0.8957816377171216,0.8719806763285024,0.7920353982300885,0.8223583460949464,0.8069120961682945,0.7253218884120172,0.786046511627907,0.7544642857142857,0.5607476635514018,0.5642633228840125,0.5625
5,CountVectorizer,MultinomialNB,{'estimator__alpha': 1.0},0.4391785150078989,0.160347551342812,1.0382829999944079,1.7931656000000658,943.5546875,937.1328125,0.5774647887323944,0.36607142857142855,0.44808743169398907,0.875,0.8858560794044665,0.8803945745992602,0.7862266857962698,0.8392036753445635,0.8118518518518518,0.7989949748743719,0.7395348837209302,0.7681159420289855,0.6194690265486725,0.438871473354232,0.5137614678899083
5,CountVectorizer,LogisticRegression,"{'estimator__C': 0.1, 'estimator__penalty': 'l2'}",0.34755134281200634,0.17535545023696683,1.3248753000007127,1.802049600002647,945.08203125,937.25,0.6237623762376238,0.1875,0.28832951945080093,0.9299363057324841,0.7245657568238213,0.8145048814504882,0.8018720748829953,0.7871362940275651,0.794435857805255,0.8803418803418803,0.4790697674418605,0.6204819277108434,0.7227722772277227,0.22884012539184953,0.3476190476190476
5,CountVectorizer,LogisticRegression,"{'estimator__C': 1, 'estimator__penalty': 'l2'}",0.3988941548183254,0.1684044233807267,0.8705095999976038,1.8007243999963976,944.625,937.21875,0.5707317073170731,0.3482142857142857,0.43253234750462105,0.9101123595505618,0.8039702233250621,0.8537549407114624,0.7848484848484848,0.7932618683001531,0.789032749428789,0.8846153846153846,0.641860465116279,0.7439353099730458,0.6009389671361502,0.4012539184952978,0.48120300751879697
5,CountVectorizer,LogisticRegression,"{'estimator__C': 10, 'estimator__penalty': 'l2'}",0.37519747235387046,0.18515007898894154,1.1039248000015505,1.8173047000018414,944.890625,937.0234375,0.5037037037037037,0.40476190476190477,0.44884488448844884,0.8776595744680851,0.8188585607940446,0.8472400513478819,0.7477064220183486,0.7488514548238897,0.7482785003825555,0.8238636363636364,0.6744186046511628,0.7416879795396419,0.5531914893617021,0.4890282131661442,0.519134775374376
5,CountVectorizer,KNeighbors,"{'n_neighbors': 3, 'algorithm': 'ball_tree'}",0.29462875197472355,0.2439178515007899,1.0378807999950368,0.7574628000002122,943.55859375,1042.01171875,0.4,0.40476190476190477,0.40236686390532544,0.7970149253731343,0.6625310173697271,0.7235772357723578,0.6653846153846154,0.7947932618683001,0.724354501046755,0.7752808988764045,0.3209302325581395,0.45394736842105265,0.42265193370165743,0.47962382445141066,0.44933920704845814
5,CountVectorizer,KNeighbors,"{'n_neighbors': 3, 'algorithm': 'kd_tree'}",0.29462875197472355,0.2439178515007899,0.6824606000009226,0.7564674999957788,947.703125,1052.44140625,0.4,0.40476190476190477,0.40236686390532544,0.7970149253731343,0.6625310173697271,0.7235772357723578,0.6653846153846154,0.7947932618683001,0.724354501046755,0.7752808988764045,0.3209302325581395,0.45394736842105265,0.42265193370165743,0.47962382445141066,0.44933920704845814
5,CountVectorizer,KNeighbors,"{'n_neighbors': 3, 'algorithm': 'brute'}",0.29462875197472355,0.2439178515007899,1.0381010999990394,0.7609737000020687,948.09375,1048.359375,0.4,0.40476190476190477,0.40236686390532544,0.7970149253731343,0.6625310173697271,0.7235772357723578,0.6653846153846154,0.7947932618683001,0.724354501046755,0.7752808988764045,0.3209302325581395,0.45394736842105265,0.42265193370165743,0.47962382445141066,0.44933920704845814
5,CountVectorizer,KNeighbors,"{'n_neighbors': 5, 'algorithm': 'ball_tree'}",0.29067930489731436,0.23127962085308057,1.0348439999943366,0.7532219999993686,942.984375,1064.55859375,0.4490566037735849,0.3541666666666667,0.39600665557404324,0.8664383561643836,0.6277915632754343,0.7280575539568346,0.6738035264483627,0.8192955589586524,0.7394609536973048,0.8513513513513513,0.2930232558139535,0.4359861591695502,0.4199395770392749,0.43573667711598746,0.4276923076923077
5,CountVectorizer,KNeighbors,"{'n_neighbors': 5, 'algorithm': 'kd_tree'}",0.29067930489731436,0.23127962085308057,1.0324505000025965,0.7581322999976692,948.16015625,1045.49609375,0.4490566037735849,0.3541666666666667,0.39600665557404324,0.8664383561643836,0.6277915632754343,0.7280575539568346,0.6738035264483627,0.8192955589586524,0.7394609536973048,0.8513513513513513,0.2930232558139535,0.4359861591695502,0.4199395770392749,0.43573667711598746,0.4276923076923077
5,CountVectorizer,KNeighbors,"{'n_neighbors': 5, 'algorithm': 'brute'}",0.29067930489731436,0.23127962085308057,1.0400205000041751,0.7488045999998576,942.72265625,1055.1328125,0.4490566037735849,0.3541666666666667,0.39600665557404324,0.8664383561643836,0.6277915632754343,0.7280575539568346,0.6738035264483627,0.8192955589586524,0.7394609536973048,0.8513513513513513,0.2930232558139535,0.4359861591695502,0.4199395770392749,0.43573667711598746,0.4276923076923077
5,CountVectorizer,KNeighbors,"{'n_neighbors': 7, 'algorithm': 'ball_tree'}",0.28199052132701424,0.230173775671406,1.0319731000054162,0.748514899998554,947.85546875,1058.828125,0.4330357142857143,0.28869047619047616,0.3464285714285714,0.8810408921933085,0.5880893300248139,0.7053571428571429,0.6782178217821783,0.8392036753445635,0.7501711156741958,0.855072463768116,0.2744186046511628,0.4154929577464789,0.43130990415335463,0.4231974921630094,0.4272151898734177
5,CountVectorizer,KNeighbors,"{'n_neighbors': 7, 'algorithm': 'kd_tree'}",0.28199052132701424,0.230173775671406,1.0255910999985645,0.7593608000024687,942.8203125,1058.46484375,0.4330357142857143,0.28869047619047616,0.3464285714285714,0.8810408921933085,0.5880893300248139,0.7053571428571429,0.6782178217821783,0.8392036753445635,0.7501711156741958,0.855072463768116,0.2744186046511628,0.4154929577464789,0.43130990415335463,0.4231974921630094,0.4272151898734177
5,CountVectorizer,KNeighbors,"{'n_neighbors': 7, 'algorithm': 'brute'}",0.28199052132701424,0.230173775671406,1.0297209999989718,0.756431399997382,947.80078125,1050.2109375,0.4330357142857143,0.28869047619047616,0.3464285714285714,0.8810408921933085,0.5880893300248139,0.7053571428571429,0.6782178217821783,0.8392036753445635,0.7501711156741958,0.855072463768116,0.2744186046511628,0.4154929577464789,0.43130990415335463,0.4231974921630094,0.4272151898734177
5,CountVectorizer,DecisionTree,"{'criterion': 'gini', 'max_features': 'sqrt'}",0.32148499210110587,0.24470774091627173,0.7646792000014102,1.811488699997426,949.9609375,937.71875,0.39171974522292996,0.36607142857142855,0.37846153846153846,0.8314606741573034,0.7344913151364765,0.7799736495388669,0.6880597014925374,0.7059724349157733,0.6969009826152683,0.6845238095238095,0.5348837209302325,0.6005221932114883,0.36220472440944884,0.43260188087774293,0.3942857142857143
5,CountVectorizer,DecisionTree,"{'criterion': 'gini', 'max_features': 'log2'}",0.28751974723538704,0.27109004739336495,0.8422128000020166,1.815771699999459,948.58203125,937.890625,0.39158576051779936,0.3601190476190476,0.3751937984496124,0.6463414634146342,0.6575682382133995,0.6519065190651907,0.6468885672937771,0.6845329249617151,0.6651785714285714,0.6549707602339181,0.5209302325581395,0.5803108808290155,0.381294964028777,0.49843260188087773,0.4320652173913043
5,CountVectorizer,DecisionTree,"{'criterion': 'gini', 'max_features': None}",0.39178515007898895,0.21121642969984203,1.8137327000004007,1.805606699999771,944.26171875,936.71484375,0.4391025641025641,0.40773809523809523,0.4228395061728395,0.8628571428571429,0.749379652605459,0.8021248339973439,0.7560192616372392,0.7212863705972435,0.7382445141065831,0.6632653061224489,0.6046511627906976,0.6326034063260341,0.4859550561797753,0.542319749216301,0.5125925925925926
5,CountVectorizer,DecisionTree,"{'criterion': 'entropy', 'max_features': 'sqrt'}",0.3104265402843602,0.2519747235387046,0.8020109999997658,1.7996468000055756,948.59375,937.77734375,0.37209302325581395,0.42857142857142855,0.3983402489626556,0.7921348314606742,0.6997518610421837,0.7430830039525692,0.667144906743185,0.7120980091883614,0.6888888888888889,0.6748466257668712,0.5116279069767442,0.582010582010582,0.4114583333333333,0.4952978056426332,0.44950213371266
5,CountVectorizer,DecisionTree,"{'criterion': 'entropy', 'max_features': 'log2'}",0.2938388625592417,0.26571879936808845,0.852844200002437,1.807776500005275,948.53515625,937.859375,0.3670520231213873,0.37797619047619047,0.3724340175953079,0.6613636363636364,0.7220843672456576,0.6903914590747331,0.6661786237188873,0.6967840735068913,0.6811377245508982,0.5911602209944752,0.49767441860465117,0.5404040404040404,0.3987730061349693,0.40752351097178685,0.40310077519379844
5,CountVectorizer,DecisionTree,"{'criterion': 'entropy', 'max_features': None}",0.3941548183254344,0.21169036334913113,2.10441919999721,1.8104415999987395,944.53515625,936.84375,0.4440677966101695,0.3898809523809524,0.4152139461172742,0.847457627118644,0.7444168734491315,0.7926023778071334,0.761437908496732,0.7136294027565084,0.7367588932806324,0.6650246305418719,0.627906976744186,0.645933014354067,0.4789156626506024,0.49843260188087773,0.48847926267281105
5,CountVectorizer,DecisionTree,"{'criterion': 'log_loss', 'max_features': 'sqrt'}",0.3104265402843602,0.2519747235387046,0.7959021999995457,1.7949201999945217,948.671875,937.73046875,0.37209302325581395,0.42857142857142855,0.3983402489626556,0.7921348314606742,0.6997518610421837,0.7430830039525692,0.667144906743185,0.7120980091883614,0.6888888888888889,0.6748466257668712,0.5116279069767442,0.582010582010582,0.4114583333333333,0.4952978056426332,0.44950213371266
5,CountVectorizer,DecisionTree,"{'criterion': 'log_loss', 'max_features': 'log2'}",0.2938388625592417,0.26571879936808845,0.8452125999974669,1.8142984000005526,948.453125,937.7265625,0.3670520231213873,0.37797619047619047,0.3724340175953079,0.6613636363636364,0.7220843672456576,0.6903914590747331,0.6661786237188873,0.6967840735068913,0.6811377245508982,0.5911602209944752,0.49767441860465117,0.5404040404040404,0.3987730061349693,0.40752351097178685,0.40310077519379844
5,CountVectorizer,DecisionTree,"{'criterion': 'log_loss', 'max_features': None}",0.3941548183254344,0.21169036334913113,2.1015864000000875,1.789009400003124,944.140625,936.58984375,0.4440677966101695,0.3898809523809524,0.4152139461172742,0.847457627118644,0.7444168734491315,0.7926023778071334,0.761437908496732,0.7136294027565084,0.7367588932806324,0.6650246305418719,0.627906976744186,0.645933014354067,0.4789156626506024,0.49843260188087773,0.48847926267281105
5,CountVectorizer,GradientBoosting,"{'estimator__n_estimators': 100, 'estimator__criterion': 'friedman_mse'}",0.2890995260663507,0.1985781990521327,6.951948200003244,1.8456506000002264,942.39453125,936.58203125,0.6702127659574468,0.1875,0.2930232558139535,0.9641434262948207,0.6004962779156328,0.7400611620795107,0.8045977011494253,0.6431852986217458,0.7148936170212766,0.8526315789473684,0.3767441860465116,0.5225806451612903,0.8064516129032258,0.07836990595611286,0.14285714285714285
5,CountVectorizer,GradientBoosting,"{'estimator__n_estimators': 100, 'estimator__criterion': 'squared_error'}",0.2914691943127962,0.19826224328593997,6.936807999998564,1.8200044999975944,941.66015625,936.21484375,0.6847826086956522,0.1875,0.29439252336448596,0.9642857142857143,0.6029776674937966,0.7419847328244275,0.8030592734225621,0.6431852986217458,0.7142857142857143,0.845360824742268,0.3813953488372093,0.5256410256410257,0.7878787878787878,0.08150470219435736,0.14772727272727273
5,CountVectorizer,GradientBoosting,"{'estimator__n_estimators': 150, 'estimator__criterion': 'friedman_mse'}",0.31200631911532384,0.19146919431279621,10.006432700000005,1.8195775999993202,941.578125,936.1015625,0.6634615384615384,0.20535714285714285,0.31363636363636366,0.9595588235294118,0.6476426799007444,0.7733333333333333,0.7971274685816876,0.6799387442572741,0.7338842975206612,0.839622641509434,0.413953488372093,0.5545171339563862,0.8,0.11285266457680251,0.1978021978021978
5,CountVectorizer,GradientBoosting,"{'estimator__n_estimators': 150, 'estimator__criterion': 'squared_error'}",0.30963665086887837,0.19304897314375988,10.051332800001546,1.8344606000027852,941.76953125,936.24609375,0.6804123711340206,0.19642857142857142,0.30484988452655887,0.9592592592592593,0.6426799007444168,0.7696879643387816,0.7896613190730838,0.678407350689127,0.729818780889621,0.8181818181818182,0.4186046511627907,0.5538461538461539,0.7954545454545454,0.109717868338558,0.1928374655647383
5,CountVectorizer,GradientBoosting,"{'estimator__n_estimators': 200, 'estimator__criterion': 'friedman_mse'}",0.31911532385466035,0.18751974723538706,13.290175399997679,1.8557085000065854,942.05078125,936.328125,0.6764705882352942,0.20535714285714285,0.3150684931506849,0.9537366548042705,0.6650124069478908,0.783625730994152,0.798941798941799,0.6937212863705973,0.7426229508196721,0.8425925925925926,0.4232558139534884,0.5634674922600619,0.7966101694915254,0.14733542319749215,0.24867724867724866
5,CountVectorizer,GradientBoosting,"{'estimator__n_estimators': 200, 'estimator__criterion': 'squared_error'}",0.3183254344391785,0.18846761453396524,13.222745499995654,1.833647599996766,941.7109375,936.74609375,0.6730769230769231,0.20833333333333334,0.3181818181818182,0.9471830985915493,0.6674937965260546,0.7831149927219796,0.7913043478260869,0.6967840735068913,0.741042345276873,0.8303571428571429,0.4325581395348837,0.5688073394495413,0.7931034482758621,0.14420062695924765,0.2440318302387268
5,CountVectorizer,AdaBoost,"{'estimator__n_estimators': 50, 'estimator__learning_rate': 0.01}",0.08767772511848342,0.2682464454976303,2.2819154000026174,1.0194233000001987,941.1328125,940.11328125,0.47058823529411764,0.07142857142857142,0.12403100775193798,0.9555555555555556,0.21339950372208435,0.3488843813387424,0.7888446215139442,0.30321592649310875,0.43805309734513276,1.0,0.018604651162790697,0.0365296803652968,0.0,0.0,0.0
5,CountVectorizer,AdaBoost,"{'estimator__n_estimators': 50, 'estimator__learning_rate': 0.1}",0.18167456556082148,0.23601895734597156,2.287849799999094,1.007279200006451,940.86328125,939.3125,1.0,0.017857142857142856,0.03508771929824561,0.9588235294117647,0.4044665012406948,0.568935427574171,0.7893401015228426,0.4762633996937213,0.5940783190066857,0.9111111111111111,0.19069767441860466,0.3153846153846154,0.8571428571428571,0.018808777429467086,0.03680981595092025
5,CountVectorizer,AdaBoost,"{'estimator__n_estimators': 50, 'estimator__learning_rate': 1.0}",0.3175355450236967,0.19194312796208532,2.282680699994671,1.0126242999976967,940.7109375,939.38671875,0.6230769230769231,0.24107142857142858,0.34763948497854075,0.9305993690851735,0.7320099255583127,0.8194444444444444,0.789179104477612,0.6477794793261868,0.7115222876366695,0.7315436241610739,0.5069767441860465,0.5989010989010989,0.6153846153846154,0.22570532915360503,0.3302752293577982
5,CountVectorizer,AdaBoost,"{'estimator__n_estimators': 100, 'estimator__learning_rate': 0.01}",0.10347551342812006,0.2636650868878357,4.060712599995895,1.108988700005284,940.86328125,939.30859375,0.0,0.0,0.0,0.954954954954955,0.2630272952853598,0.41245136186770426,0.7620689655172413,0.33843797856049007,0.4687168610816543,1.0,0.018604651162790697,0.0365296803652968,0.0,0.0,0.0
5,CountVectorizer,AdaBoost,"{'estimator__n_estimators': 100, 'estimator__learning_rate': 0.1}",0.23064770932069512,0.2213270142180095,4.045362599994405,1.097609399999783,940.75,939.3125,0.84,0.0625,0.11634349030470914,0.9651741293532339,0.4813895781637717,0.6423841059602649,0.776595744680851,0.55895865237366,0.6500445235975066,0.835820895522388,0.26046511627906976,0.3971631205673759,0.8636363636363636,0.05956112852664577,0.11143695014662756
5,CountVectorizer,AdaBoost,"{'estimator__n_estimators': 100, 'estimator__learning_rate': 1.0}",0.3467614533965245,0.18451816745655608,4.049831500000437,1.0939257999998517,940.9140625,939.3125,0.6114649681528662,0.2857142857142857,0.3894523326572008,0.913946587537092,0.7642679900744417,0.8324324324324325,0.7879310344827586,0.6998468606431854,0.7412814274128142,0.7985074626865671,0.49767441860465117,0.6131805157593123,0.6041666666666666,0.2727272727272727,0.3758099352051836
5,CountVectorizer,AdaBoost,"{'estimator__n_estimators': 150, 'estimator__learning_rate': 0.01}",0.12164296998420221,0.2575039494470774,5.848965099998168,1.186997100005101,940.85546875,939.50390625,0.0,0.0,0.0,0.9473684210526315,0.31265508684863524,0.4701492537313433,0.7728706624605678,0.37519142419601836,0.5051546391752577,1.0,0.018604651162790697,0.0365296803652968,0.0,0.0,0.0
5,CountVectorizer,AdaBoost,"{'estimator__n_estimators': 150, 'estimator__learning_rate': 0.1}",0.25908372827804105,0.20979462875197472,5.848207600000023,1.2018731999996817,941.015625,939.83984375,0.6376811594202898,0.13095238095238096,0.21728395061728395,0.9659574468085106,0.5632754342431762,0.7115987460815048,0.7840466926070039,0.6171516079632465,0.6906598114824336,0.8441558441558441,0.3023255813953488,0.4452054794520548,0.8260869565217391,0.05956112852664577,0.1111111111111111
5,CountVectorizer,AdaBoost,"{'estimator__n_estimators': 150, 'estimator__learning_rate': 1.0}",0.3609794628751975,0.18041074249605055,5.842980599998555,1.2174203000031412,941.4140625,939.85546875,0.5645161290322581,0.3125,0.40229885057471265,0.9183673469387755,0.7816377171215881,0.8445040214477212,0.7855973813420621,0.7350689127105666,0.759493670886076,0.8367346938775511,0.5720930232558139,0.6795580110497238,0.5730994152046783,0.3072100313479624,0.4
5,CountVectorizer,SGD,"{'estimator__alpha': 0.0001, 'estimator__penalty': 'l2'}",0.3815165876777251,0.18420221169036335,1.2232220000005327,1.8156564999953844,941.10546875,936.796875,0.52,0.3869047619047619,0.44368600682593856,0.896457765667575,0.8163771712158809,0.8545454545454545,0.7404129793510325,0.7687595712098009,0.754320060105184,0.8268156424581006,0.6883720930232559,0.751269035532995,0.5298507462686567,0.445141065830721,0.4838160136286201
5,CountVectorizer,SGD,"{'estimator__alpha': 0.0001, 'estimator__penalty': 'l1'}",0.3696682464454976,0.18120063191153238,0.6964176000037696,1.7963613000029,941.42578125,936.6875,0.5728155339805825,0.35119047619047616,0.4354243542435424,0.8848314606741573,0.7816377171215881,0.8300395256916996,0.7569955817378498,0.7871362940275651,0.7717717717717718,0.8187134502923976,0.6511627906976745,0.7253886010362695,0.5377777777777778,0.3793103448275862,0.44485294117647056
5,CountVectorizer,SGD,"{'estimator__alpha': 0.0001, 'estimator__penalty': 'elasticnet'}",0.37282780410742494,0.1830963665086888,0.7353120999978273,1.8041840999940177,941.27734375,936.765625,0.528,0.39285714285714285,0.45051194539249145,0.90633608815427,0.8163771712158809,0.8590078328981723,0.7578947368421053,0.7718223583460949,0.7647951441578149,0.8135593220338984,0.6697674418604651,0.7346938775510204,0.5071942446043165,0.44200626959247646,0.4723618090452261
5,CountVectorizer,SGD,"{'estimator__alpha': 0.001, 'estimator__penalty': 'l2'}",0.38941548183254343,0.16492890995260664,1.130615599999146,1.8039313000044785,941.515625,936.7265625,0.6428571428571429,0.21428571428571427,0.32142857142857145,0.9393939393939394,0.7692307692307693,0.8458390177353342,0.802773497688752,0.7978560490045942,0.8003072196620584,0.8639455782312925,0.5906976744186047,0.7016574585635359,0.7727272727272727,0.2664576802507837,0.3962703962703963
5,CountVectorizer,SGD,"{'estimator__alpha': 0.001, 'estimator__penalty': 'l1'}",0.315955766192733,0.1895734597156398,1.143793099996401,1.7974631000033696,941.34375,936.76171875,0.638095238095238,0.19940476190476192,0.30385487528344673,0.9543859649122807,0.674937965260546,0.7906976744186046,0.790893760539629,0.7182235834609495,0.7528089887640449,0.78125,0.46511627906976744,0.5830903790087464,0.7058823529411765,0.11285266457680251,0.1945945945945946
5,CountVectorizer,SGD,"{'estimator__alpha': 0.001, 'estimator__penalty': 'elasticnet'}",0.35545023696682465,0.17282780410742496,1.1961498000018764,1.8084563999946113,941.55859375,936.74609375,0.6336633663366337,0.19047619047619047,0.2929061784897025,0.9478827361563518,0.7220843672456576,0.819718309859155,0.8129952456418383,0.7856049004594181,0.7990654205607477,0.85,0.5534883720930233,0.6704225352112676,0.7466666666666667,0.1755485893416928,0.28426395939086296
5,CountVectorizer,SGD,"{'estimator__alpha': 0.01, 'estimator__penalty': 'l2'}",0.2646129541864139,0.19921011058451818,1.098017999996955,1.8042824999938603,941.3671875,936.76953125,1.0,0.005952380952380952,0.011834319526627219,0.9571984435797666,0.6104218362282878,0.7454545454545455,0.8100172711571675,0.7182235834609495,0.7613636363636364,0.8539325842696629,0.35348837209302325,0.5,0.875,0.0219435736677116,0.04281345565749235
5,CountVectorizer,SGD,"{'estimator__alpha': 0.01, 'estimator__penalty': 'l1'}",0.16350710900473933,0.2518167456556082,1.093614700002945,1.812406800003373,941.3515625,936.69140625,0.0,0.0,0.0,0.9559748427672956,0.3771712158808933,0.5409252669039146,0.7620689655172413,0.33843797856049007,0.4687168610816543,0.6666666666666666,0.32558139534883723,0.4375,0.0,0.0,0.0
5,CountVectorizer,SGD,"{'estimator__alpha': 0.01, 'estimator__penalty': 'elasticnet'}",0.22669826224328593,0.21800947867298578,1.1217835999996169,1.8164677999957348,941.3515625,936.75,0.0,0.0,0.0,0.9644670050761421,0.47146401985111663,0.6333333333333333,0.7958015267175572,0.6385911179173047,0.7085811384876806,0.7666666666666667,0.3209302325581395,0.4524590163934426,1.0,0.01567398119122257,0.030864197530864196
