text,label,prediction,response_time,vram_usage,ram_usage,total_time
@user Can U Help?||More conservatives needed on #TSU + get paid 4 posting stuff like this!||YOU $ can go to,no irony,irony,10.002683639526367,5469,120.1640625,7.9597854
"Just walked in to #Starbucks and asked for a ""tall blonde"" Hahahaha #irony",irony,irony,2.350095510482788,5485,123.796875,0.3005371
#NOT GONNA WIN,no irony,irony,2.27388858795166,5481,128.1640625,0.2236322
@user He is exactly that sort of person. Weirdo!,no irony,irony,2.3860907554626465,5430,128.78125,0.3349081
So much #sarcasm at work mate 10/10 #boring 100% #dead mate full on #shit absolutely #sleeping mate can't handle the #sarcasm,irony,irony,2.298001527786255,5437,129.02734375,0.2440697
Corny jokes are my absolute favorite,no irony,no irony,2.3824143409729004,5431,129.38671875,0.3392771
"People complain about my backround pic and all I feel is like ""hey don't blame me, Albert E might have spoken those words"" #sarcasm #life",irony,irony,2.425839900970459,5406,129.47265625,0.3884742
"@user @user Darn, my sock joke needs fixing?",no irony,irony,2.2503390312194824,5398,129.53125,0.2175195
"if Christian expects Fifa to sleep in my bed with me tonight, he's wrong 👿",no irony,irony,2.357964038848877,5379,129.59375,0.3204704
"People who tell people with anxiety to ""just stop worrying about it"" are my favorite kind of people #not #educateyourself",irony,irony,2.2920165061950684,5377,129.33203125,0.2468659
Most important thing I've learned in school,no irony,no irony,2.3785195350646973,5377,115.0078125,0.3406155
#OrionLaunch underway - yeah! #Orion,no irony,irony,2.405853271484375,5381,115.0546875,0.3735155
I love context and large ensemble Fridays!!!!! Der my most favourite #Sarcasm #GetTheFuckOut,irony,irony,2.2743232250213623,5378,115.10546875,0.2292234
Oh boy... @user in the house. Warm up the DJ booth @user,no irony,irony,2.4204792976379395,5367,115.19921875,0.3736779
"LIAR, i've never denied the 532 murders in Chicago in 2012 @user @user @user @user @user",no irony,irony,2.2903823852539062,5367,115.25390625,0.244081
"Always classy, never trashy and just a little sassy.",no irony,irony,2.3939735889434814,5360,115.30078125,0.3566681
"you believe you can say something, provide no proof and its a fact, WRONG @user @user",no irony,irony,2.428750514984131,5360,115.390625,0.3811248
@user #Not #Long To Go #Before #MainStream #Media #Pitch. #Surgery #follows #with #me #using #Prototype #demonstrating #real #situation.Phil,no irony,irony,2.3164780139923096,5353,115.390625,0.2634492
@user Re: Jamie Grace has Tourette's? Thanks for sharing. I'm about to research her & post my tribute to this Young lady Gospel singer,no irony,no irony,2.3851001262664795,5353,115.390625,0.3326778
@user Guess they didn't get the memo reg non-nuclear Baltic sea #sarcasm,irony,irony,2.2936339378356934,5353,115.390625,0.241224
Exam na jud. Merry christmas. ||#Sarcasm|#KillUsSlowly,irony,irony,2.3931174278259277,5353,115.41015625,0.3565373
The definition of #IRONY would be if a 77-year-old rapper went #viral and took #BITCOIN mainstream. Maybe only way #babyboomers will buy in.,irony,irony,2.2889137268066406,5353,115.45703125,0.2488722
Pretty excited about how you gave up on me. File Under: #sarcasm,irony,irony,2.4042632579803467,5353,115.5078125,0.3584146
Who told the #hipsters that #irony was a thing of the Clinton years? Do they not carry history books in used bookstores in #brooklyn ?,irony,irony,2.2752459049224854,5353,115.61328125,0.2320474
@user u know that. How u doing??,no irony,irony,2.4230403900146484,5353,115.61328125,0.3864902
@user hmm... let me think about that #sarcasm,irony,irony,2.2633776664733887,5353,115.6171875,0.2207119
"If you wanna look like a badass, have drama on social media #not",irony,irony,2.4312448501586914,5353,115.6171875,0.3918868
How dare Charles Barkley have an intelligent conversation about race. #sarcasm #CharlesBarkley,irony,irony,2.2801332473754883,5353,115.6484375,0.2483709
"@user I think the general rule is, if it's open all night, pull an all-nighter.",no irony,no irony,2.4243524074554443,5353,115.65234375,0.3709045
Natalie Prass - Bird of Prey: via @user,no irony,no irony,2.2866933345794678,5353,115.65234375,0.2333945
Nooooooooooo again it's on!!! #PickANewSong #CantStandIt,no irony,irony,2.4045515060424805,5353,115.69140625,0.369685
"Being a hipster now is so mainstream. Oh, the irony. #hipster #irony",irony,irony,2.294023275375366,5353,115.69140625,0.237025
@user exactly and we are fighting like animals,no irony,irony,2.4073338508605957,5353,115.69140625,0.354222
#TeenAnalCasting #Top Top 50 Christian Songs For 2012,no irony,no irony,2.2814505100250244,5353,115.69140625,0.2318179
The girls on #SororitySisters thought they'd get rich and famous but instead they be like...,no irony,irony,2.259572744369507,5353,115.69140625,0.237802
"Speaking of #country #music albums, anyone else think #SundownHeavenTown feels more like a #TimMcGraw album than, say, his previous three?",no irony,irony,2.416215658187866,5352,115.69140625,0.3777123
#TeenAnalCasting #Sex Sex and the City 2 Movie Casting Auditions NYC Summer 2009,no irony,irony,2.2937445640563965,5351,115.69140625,0.2440023
"season 6 episode 3 carries outfit, simple & chic 👌",no irony,no irony,2.410423755645752,5347,115.69140625,0.3575814
Well got the truck buried today perfect way to start a rainy Wednesday work day off #not #annoyed #pissed,irony,irony,2.2888288497924805,5347,115.71875,0.2465023
"On the train and surrounded by posh people, I'm so at home! #not #stickoutlikeasorethumb",irony,irony,2.386202335357666,5347,115.71875,0.3382617
Stupid #doctors visits is gonna bury me!! Now that's #irony,irony,irony,2.4365952014923096,5347,115.71875,0.3790941
"Love the way @user says fault from last night will be fixed by 4pm, only to see a man in a van pull up at 4pm to fix the fault #irony",irony,irony,2.300905466079712,5347,115.71875,0.2591351
Planning a vacation instead of studying.... My priorities are in line. #NOT,irony,irony,2.3789846897125244,5347,115.71875,0.3291572
Dan said he's going to have a sign for me at the airport when I fly in lol #SoCute #3MoreWeeks,no irony,irony,2.262049913406372,5347,115.71875,0.2254967
You decide to go on vacation without me sleep? Reaaaal nice. #considerate #not 😒💤,irony,irony,2.431516647338867,5347,115.71875,0.3832749
@user No sugar during christmas time? :(,no irony,irony,2.433229684829712,5347,115.7265625,0.391263
Can't wait to have an afternoon schedule because of you. It's gonna be so much fun #not,irony,irony,2.277179479598999,5347,115.7265625,0.2287211
@user 180 dead on 26/11 n more than 10k our ppl killed in terror attacks till date but not 1 paki show sympathy 2 them #irony,irony,irony,2.425985097885132,5347,115.7265625,0.3730374
the ONLY time a crime becomes a federal crime @user @user @user @user @user @user,no irony,irony,2.2678213119506836,5347,115.7265625,0.2277655
this music is for the people and not for the money. peace and love. #KINGLIFE,no irony,no irony,2.4158647060394287,5347,115.73046875,0.3872077
Rangers league game with Alloa moved because of the Petrofac Cup final in April... #irony,irony,irony,2.285616159439087,5347,115.73046875,0.2386394
How to Find a Life Coach (& the questions you need to ask before hiring one) via> @user,no irony,no irony,2.406416177749634,5347,115.73046875,0.3643817
I wonder what was the holiday rituals for true Africans,no irony,no irony,2.255871295928955,5347,115.73046875,0.2209917
Been at the ER now since 10... #yay #not,irony,irony,2.2675626277923584,5347,115.74609375,0.2359779
@user Suhs been clean for 2 years and has only been in the league for five don't act like he was dirty for 10 years#not biased my ass,no irony,irony,2.308549404144287,5347,115.74609375,0.2656016
"@user @user thank you studs for perfecting and teaching my bench, respectively. Props on form from lifters in AL. #DYEL",no irony,no irony,2.3536970615386963,5347,115.74609375,0.3070502
Haley approves of her new hammock 🐭 #ratsofinstagram,no irony,irony,2.271547555923462,5347,115.75,0.2379457
"30 years on, people still haven't got justice they deserve. #BhopalGasTragedy Yet another brilliant job done by the Americans #sarcasm",irony,irony,2.4036917686462402,5347,115.75,0.3582316
"Pips who drop out of school n have Kirya as 'eir role model tht ey wana sing too..guy spix Portuguese,French,english...#Not a school dropout",no irony,no irony,2.4375767707824707,5347,115.734375,0.3988322
Free Pets and Animals Books #freebiebookdownload #Pets,no irony,no irony,2.257638931274414,5347,115.734375,0.2204068
@user There will be no next employer in NFL for Trestman. He was a disgraceful hire and never stood a chance.,no irony,irony,2.3910071849823,5347,115.74609375,0.3567805
Loooovvveeeeeee when my phone gets wiped -.- #not,irony,irony,2.2621982097625732,5347,115.75390625,0.2243295
Painting all cops with a broad brush because of the actions of a few is the same logic racists use. #Irony,irony,irony,2.277787446975708,5347,115.75390625,0.2362438
Don't know if I can handle this crazy 11-2 shift. It's so long I might pass out on the job! #sarcasm,irony,irony,2.423705577850342,5349,115.75390625,0.3784108
I just love being ignored😊|#not😒,irony,irony,2.419126272201538,5371,115.75390625,0.3821346
"#Irony RT @user If you're going to give someone a scathing, 1-Star review for poor grammar, FFS use proper grammar.",irony,irony,2.3036231994628906,5354,115.7578125,0.2550595
Produce Mobile Apps #not,irony,no irony,2.423243761062622,5371,115.7578125,0.3904393
Decide that you want it more than you are afraid of it. -Bill Cosby|#irony,irony,irony,2.3048548698425293,5422,115.7578125,0.2591636
"Finally finished the first season of #VeronicaMars. Move over, #CliffHuxtable. Keith Mars is the new sheriff--er, ultimate #TV dad--in town.",no irony,irony,2.412546396255493,5401,115.80859375,0.3722243
Merry Christmas to all those soldiers out there that couldn't make it home! I love you all ❤,no irony,irony,2.2199320793151855,5401,115.80859375,0.168245
About as relevant as Michael Sam and Jason Collins. RT @user Major League Baseball umpire Dale Scott comes out as gay.,no irony,irony,2.459123134613037,5394,115.80859375,0.4260118
Getting Final Jeopardy correct on Kids Jeopardy boosts my self-esteem,no irony,no irony,2.265838384628296,5386,115.80859375,0.2289473
itsfunny bc people think im quiet|but im just listening toeveryones convos|and figuring out ur weaknesses|todestroy u later in life #sarcasm,irony,irony,2.294752836227417,5384,115.80859375,0.2532793
"Woke Up , showered , made a lunch and got ready for work only to realize that I have the whole weekend off. 😅",no irony,irony,2.412731409072876,5380,115.80859375,0.3608166
@user @user @user @user @user How many of those jobs earn #middleclass wages? #Economics #Math #Z,no irony,no irony,2.274677276611328,5362,115.81640625,0.2376788
I reckon straight women fancy victoria secret models more than straight men do #victoriasecret #irony,irony,irony,2.3608829975128174,5408,115.81640625,0.3084661
Incredible insight on the @user #bornrisky campaign: #amputee #movement #equality #art #prosthetics,no irony,no irony,2.41789174079895,5393,115.8671875,0.378841
Love #hiphop mix tapes or have a mixtape to promote check out follow them on twitter #undergroundhiphop,no irony,no irony,2.142211675643921,5388,115.8671875,0.09001
"Extended cut ""NICHA"" #trailer #spoof #film #dramatic #action #film2014 #youtube #fightscenes",no irony,irony,2.1690192222595215,5385,115.8671875,0.1232519
@user Stunning work. #british #textiles #footwear #madeinbritain #not-a-nike-clone,no irony,no irony,2.3807694911956787,5385,115.8671875,0.3380589
@user @user Sent it but too slow. I had already posted.,no irony,irony,2.3646535873413086,5382,115.8671875,0.3266265
#FEMALECONDOM #anally #vaginally #prevent STD's/HIV/pregnancy #latex #free #NOT #Restrictive/tight #women/gay men,no irony,irony,2.3477256298065186,5343,115.8671875,0.2891745
Little cutie #Chico #Dog #Doggy #Puppy #Sweet #Cute #UK #Black #Biscuit #Not #Mine #Mini #Miss #My,no irony,error,2.3543941974639893,5347,115.8671875,0.309562
@user Niagra Falls tho... Really? #irony #LOL,irony,irony,2.290384292602539,5347,115.8671875,0.2422158
"If we win against Poland and Scotland, does that put us 65th in the world rankings. @user @user #Sarcasm",irony,irony,2.376445770263672,5343,115.8671875,0.3639917
#Myanmar #men #plead #not #guilty to #murder of #British #tourists. via @user,no irony,irony,2.4258358478546143,5343,115.8671875,0.3764083
"Since the tribunal was established 14 years ago, no complaint against the intelligence services has ever been upheld. #trustthesystem #not",irony,irony,2.2845654487609863,5343,115.8671875,0.239355
@user Garner protesters chant 'F*ck Fox News' despite Fox agreeing with them #EricGarner #Irony,irony,irony,2.378329277038574,5347,115.8671875,0.3423865
"@user After 1989, why did NATO need to expand?",no irony,no irony,2.273707866668701,5347,115.8671875,0.2603431
The #Irony of playing this song on my way to #work |#NoMoney #PartTimeCooks blackmossptc thanks for...,irony,irony,2.4141480922698975,5345,115.8671875,0.3626393
You are taking your responsibilities so seriously today that i... More for Leo,no irony,irony,2.423067569732666,5347,115.8984375,0.3762815
@user @user @user @user @user we get it right for business the trickle down fairy will do the rest #NOT,irony,irony,2.261470079421997,5345,115.8984375,0.239833
can you not understand that not EVERYTHING is about the President? @user @user @user @user,no irony,irony,2.424851417541504,5340,115.91015625,0.3855956
When you're in the doctors waiting room and hear a baby in the back screaming her lungs out is always a reassuring feeling #not,irony,irony,2.276549816131592,5344,115.91015625,0.2386481
"Well now the festive season has begun, let's take a moment to reflect on how much more royalties Slade and Wizard will get #sarcasm",irony,irony,2.3990156650543213,5344,115.91015625,0.3668949
"The last day of the year and I will be tweeting on my major highpoints of the year ...good, bad and ugly",no irony,irony,2.423290252685547,5344,115.91015625,0.3785064
MB forgot to move the elf on shelf and now 10 is asking me if Christmas is real. 😥@NannyProbss,no irony,irony,2.271160364151001,5344,115.9140625,0.2283197
"@user happy new year, da! Thanks sobra for this year 👍👍",no irony,no irony,2.422868013381958,5344,115.94140625,0.3686973
WATCH: #Megatron from #Transformers Rant About Social Media #Irony,no irony,irony,2.26471209526062,5344,115.94140625,0.2222388
@user @user #not #working when are we able to download games we paid in good faith? #psn start working again?,no irony,irony,2.274757146835327,5344,115.94140625,0.2370212
I just wrote a 13 page paper... I was awfully tired when I was writing it and now I can't sleep. #irony,irony,irony,2.3840456008911133,5344,115.94140625,0.3441633
@user happy birthday Skip! We will always love you! #Phillies #legend,no irony,no irony,2.2956979274749756,5381,115.94140625,0.2641312
"or a trout, or northern pike|@brownbearmike1 @user @user @user @user",no irony,irony,2.3748202323913574,5375,115.94140625,0.3293896
One of my favorite things to do is to make people wonder...it was completely unintentional but buying Bogs mud boots in a dress will do it,no irony,irony,2.3251781463623047,5331,115.94140625,0.28306
"Watching Sanjay, @user ... Getting the start vs. Butler and liking what I see! #Minny",no irony,no irony,2.303152561187744,5327,115.94140625,0.251041
There's no better way to start the week than to get your wisdom teeth taken out at 8 am!!! #not ☺😊😳,irony,irony,2.40946102142334,5327,115.94140625,0.3619935
The most exciting way to start a Friday: a presentation on structurally deficient bridges. #sarcasm #lobbyinglife,irony,irony,2.2788960933685303,5327,116.7734375,0.2423123
New shirt #new #shirt #im #sorry #its #just #i #literally #do #not #care #at #all,no irony,irony,2.381767988204956,5327,116.80859375,0.3368644
@user @user @user It wasn't for one person. It was a business expense.,no irony,no irony,2.285799741744995,5328,116.82421875,0.2508413
HAHAHAHA!! Oops.......I'm addicted to @user Tweets sooo FUNNY! You Got to follow him for #HILARIOUS #SARCASM #tweets #RT.,no irony,irony,2.4011642932891846,5359,116.82421875,0.3546508
@user @user @user absolutely loved it! Well done all involved!,no irony,no irony,2.2781243324279785,5346,116.83203125,0.2377724
"@user That was the case, not the recording.So comparing the two is apple & oranges.",no irony,irony,2.305964946746826,5404,116.83203125,0.2572808
Wow...lol||Need cash in your hands today? Go to #not #wun #not #mca...,no irony,irony,2.3699910640716553,5409,116.83203125,0.3323363
At least I don't have to clean the floor,no irony,no irony,2.2432079315185547,5387,116.83203125,0.2002502
Incidentally the foreword for movie #BhopalAPrayerForRain is by Subroto Roy Sahara - saying - justice delayed is justice denied. #Irony,irony,irony,2.372931718826294,5394,116.83203125,0.3428226
@user Our 3 losses followed bye weeks & an FCS team. Do we get rid of those next year? #sarcasm,irony,irony,2.2878384590148926,5406,116.83203125,0.2403434
#AskSuperwomanLIVE if you could swim in any liquid besides water what would you swim in?@IISuperwomanII |4,no irony,irony,2.296025514602661,5406,116.83203125,0.2499946
One of the most embarrassing losses @user Ever. #WTF,no irony,irony,2.400480270385742,5400,116.83203125,0.3701632
@user untrue - its Cutler's fault,no irony,irony,2.2704014778137207,5389,116.83203125,0.2277686
#Malala Yousufzai receives #NobelPeacePrize and #Pakistan ranks in top 10 dangerous countries !!! #irony,irony,irony,2.430445909500122,5390,116.83203125,0.3716916
#Not so Ugly Christmas Sweater red with red snowflakes & sequins cardigan 1X XL,no irony,irony,2.3498685359954834,5456,116.83203125,0.3106568
Testing water temperatures #excitingtimes #Not,irony,irony,2.2860567569732666,5456,116.83203125,0.2448359
Waking up with your cat attacking your hand is always delightful..... #not,irony,irony,2.3495960235595703,5454,116.83203125,0.2917964
"May not have hung out with you as much as some people, but every time we did it was a blast! You...",no irony,irony,2.286821126937866,5454,116.83203125,0.24308
@user the #USA is #NOT a #Democracy. The #USA is a #Republic from of #Goverment! Do you #Know #what the #Pledge of #Allegiance say's?,no irony,irony,2.390723466873169,5454,116.83203125,0.335646
I blame my mom. Mother of the Year #sarcasm,irony,irony,2.415088176727295,5413,116.83203125,0.3651086
Pulling my books out to prepare to organize my new bookshelves caused me to forget to bring my book today. #irony,irony,irony,2.3410263061523438,5414,116.83203125,0.2936867
"@user @user To be fair, you didn't use the mandatory #sarcasm hashtag :P",no irony,irony,2.2991855144500732,5414,116.83203125,0.2460291
"'I like the hope Jan Ellis writes with, the precision of the prose, and also the #humour and #irony she brings.'",no irony,irony,2.41302752494812,5413,116.83203125,0.3713929
Girls just wanna have fun#work#not#friends#only#dance#drinks#antennagrouprocks by mariag...,no irony,irony,2.433710813522339,5413,116.83203125,0.3837556
"The Bay Area storm is so big that tons of people's work was canceled today, causing me to be early to mine. #irony #stormageddon",irony,irony,2.2877426147460938,5413,116.83203125,0.2477788
@user I'm from the UK and I honestly think your a goddess! I love how you speak your mind but have a gentle side. #love #PattiKnows,no irony,irony,2.403294324874878,5413,116.83203125,0.3576164
Leaving whilst its dark is fun. #not,irony,irony,2.2761173248291016,5413,116.83203125,0.2325717
@user please note #sarcasm in last tweet before you kill yourself ;) many good pros including @user can show you best usage,no irony,irony,2.415940284729004,5413,116.83203125,0.3614221
@user my mum to be back with us for Xmas 🎄,no irony,no irony,2.433469295501709,5413,116.83984375,0.3812218
"@user Even though @user got more ex-wives than @user majors, I'm happy for that washed-up mess... #Not!! #Blocked",irony,irony,2.2692854404449463,5413,116.84765625,0.2274801
@user Ucan MAKE MONEY #TWEETING this info w/ new app||http://t.co/Q2WB7riAvK <-News ||https://t.co/cpJZkEgNe7,no irony,no irony,2.4247961044311523,5413,116.84765625,0.3797126
Take me tooooo church #not,no irony,irony,2.2672905921936035,5413,116.828125,0.2309622
"A 'republican move' which will 'effectively rob the royals'. Kate's spending 32k on1meal, who is being robbed? #irony",irony,irony,2.403932571411133,5413,116.828125,0.3620806
#obama @user announce special urgent package for #Pakistan .. supported by @user to enhance their fight against obscurantists. #NOT,irony,irony,2.430790424346924,5413,116.828125,0.3859585
@user Shirota Yu and... Inoue Yoshio? He was in Mozart! apparently.,no irony,irony,2.2749547958374023,5413,116.828125,0.2375193
"Looking for quality music check> @user hot record ""What About""",no irony,no irony,2.413081407546997,5413,116.828125,0.373483
"how is it possible that somebody so interesting is also so, so, so boring? #irony #what",irony,irony,2.283024787902832,5413,116.828125,0.2499657
"@user Not going this time, we might have a chance! Fool me once, shame on you, fool me twice..... #fuckthat",no irony,irony,2.4142844676971436,5413,116.828125,0.3648569
@user Minky Wale tail fritter for price of a bijoux flat in Port Talbot.,no irony,irony,2.422606945037842,5413,116.828125,0.3915281
".@ibnlive is the first to cut to ads during primetime to proudly announce that they're ""putting journalism first"". #Irony #NLprimetime",irony,irony,2.265178918838501,5413,116.828125,0.2297039
".@ChrisBrett2 @user @user @user I think it's your white skin. Or ""racist DNA"". He's a geneticist too, did ya know? #not",irony,irony,2.3865818977355957,5413,116.828125,0.3538062
#hi #good #morning #instadaily #snapchat #selfie #comment # #sleep #do #not #wake #up @ Happy,no irony,no irony,2.288753032684326,5413,116.828125,0.2497545
I JUST WANT TO BE DONE WITH FINALS #4hoursleft,no irony,irony,2.393418073654175,5413,116.828125,0.3492624
"1 bed flat #ToLet £550 pcm (£127 pw)|Humphrey Middlemore Drive, Harborne, #Birmingham B17|http://t.co/QHYcB5zKEv",no irony,no irony,2.4470720291137695,5413,116.83203125,0.400136
So there used to be a crossfit place here.... #irony #pizzawins,irony,irony,2.2877390384674072,5413,116.83203125,0.2358328
When I start singing songs from Once More With Feeling to myself while at work... #Buffymusical #stuckinmyhead,no irony,irony,2.4443440437316895,5423,116.83203125,0.3917633
"I'm heading off, but need to say this! ""Just because I am concerned for my country, and it's people-Does #NOT make me a racist! #Terrorists",no irony,irony,2.2850797176361084,5424,116.83203125,0.243748
Work hard in silence; let success make the noise.,no irony,no irony,2.4368741512298584,5421,116.83203125,0.3895909
@user @user now what has he said/done??,no irony,irony,2.2672274112701416,5417,116.83203125,0.2201143
Watching Alison Jackson's portfolio of work #eurobest2014 seems she's cracked it. Celebrity + stunt = #viral #sarcasm,irony,irony,2.430286169052124,5418,116.83203125,0.3905726
Spending the majority of my day in and out of the doctor has been awesome. #sarcasm,irony,irony,2.334573745727539,5458,116.83203125,0.2892769
@user - p.s. strong tweet. particularly Horatio's involvement in the matters #bloodlinecontinues xxx,no irony,irony,2.3955209255218506,5436,116.83203125,0.3456193
@user #spnews #yxe I hope you weren't driving when you took that picture. #irony,irony,irony,2.2012994289398193,5451,117.109375,0.1611799
My beautiful Belles #3daughters#lucky #me #havefun @ Wicklow 🌁,no irony,no irony,2.3065881729125977,5451,117.109375,0.2616974
"@user Yeah thanks for messing me about and then not delivering on the product, i feel really great about how this went down!! #Not #Thanks",irony,irony,2.3880012035369873,5430,117.11328125,0.3452643
"@user aha, but white girl drinks make me 'so so cray tipsy'",no irony,irony,2.287700891494751,5430,117.11328125,0.2361146
This is definitely me! 😁|#me #sarcastic #sarcasm #ecards #ecard #somecard #tease #funny #lol...,no irony,irony,2.4097392559051514,5430,117.11328125,0.3594876
Christmas alone😊 how nice #not,irony,irony,2.4273793697357178,5430,117.11328125,0.3773695
work Wednesday-Sunday .. #yay #not #moneytho 😩😭💰😒,irony,irony,2.2891435623168945,5430,117.11328125,0.239128
@user Gavy is one rude motherfucker. *Subtweets me* *Calls me a motherfucker* #Irony,irony,irony,2.3983633518218994,5430,117.11328125,0.360084
"Access to housing is not a fundamental human right, according to Ontario courts: #onpoli #TOpoli #cdnpoli",no irony,no irony,2.3023993968963623,5430,117.11328125,0.2588602
"@user Been friendzoned too many times in my life, the perks of being the good guy #Sarcasm #Lifeall my life this has happened",irony,irony,2.38130521774292,5445,117.11328125,0.3366534
@user You want to see something Irish!!Of all the reasons to be closed 😂😂😂 #irony,irony,irony,2.4148597717285156,5459,117.11328125,0.3692426
And then my sister should be home from college by time I get home from babysitting. And it's payday. THIS IS A GOOD FRIDAY,no irony,no irony,2.2293927669525146,5441,117.11328125,0.1775931
"Oh dear, some people don't get #irony 😳",no irony,irony,2.4592435359954834,5426,117.11328125,0.414957
Yay for Fire Alarms at 3AM #not,irony,irony,2.3659963607788086,5418,117.11328125,0.3354835
"I just drank a healthy, homemade, all fruit smoothie...in a @user beer glass. #irony",irony,irony,2.3054959774017334,5415,117.11328125,0.2716209
Should I buy these? And become a full time hipster? Lol! #NOT.....,irony,irony,2.3775928020477295,5394,117.11328125,0.324984
Just paid $2.59 for gas! #ThanksObama #sarcasm,irony,irony,2.3040239810943604,5396,117.11328125,0.257467
You are most welcome! Loved the post :D @user,no irony,irony,2.357267141342163,5395,117.11328125,0.3128905
Can't take my eyes off you|http://t.co/cKYk9vXewc via @user,no irony,irony,2.2801475524902344,5384,117.11328125,0.2460804
I am so ready for Monday. 🙆 #sarcasm,irony,irony,2.395637273788452,5384,117.11328125,0.3490854
@user rollins was so pissed off haha,no irony,irony,2.4151904582977295,5396,117.11328125,0.3714632
@user I do love a chilled night in. Saves having a hangover to😂 thank you hun X,no irony,irony,2.248466968536377,5396,117.11328125,0.2181408
@user if it got the attention of the smartass to comment that.. Didnt it work anyway?? #irony,irony,irony,2.410282850265503,5387,117.11328125,0.3656818
When you're sick and you feel bad for your cells cause they're fighting hard for you. #blessed #appreciative #sarcasm #kinda,irony,irony,2.2849693298339844,5396,117.27734375,0.247381
Does this look properly #shaded?? I think #not :-(|#shading #techniques #cube #3d #view #learning #damn I #suck #Sob!,no irony,irony,2.3941588401794434,5394,117.27734375,0.3444767
Company profile FORGET ME NOT PET CEMETERY - #FORGET #ME #NOT #PET #CEMETERY,no irony,no irony,2.4343199729919434,5396,117.27734375,0.3930219
@user guys!!! you've just smashed it!! #WhereDoBrokenHeartsGo #XFactorFinal,no irony,irony,2.2847397327423096,5394,117.27734375,0.2396403
i wanna be at home already,no irony,no irony,2.41646146774292,5447,117.27734375,0.3767224
Just realized my last final is tomorrow. FAAAAA-,no irony,irony,2.362065553665161,5408,117.27734375,0.3205885
@user @user @user @user @user Christian Europe translated Islamic manuscripts #Irony,irony,irony,2.4870378971099854,5462,117.2734375,0.4338524
Aaaaaand now I've found out that Chrome slows down downloads when the screen saver activates. Just makes me love it more #sarcasm,irony,irony,2.3841476440429688,5434,117.2734375,0.3303747
The fact that this time next week I'll be getting my wisdom teeth out 😖🙊 #chipmunk,no irony,irony,2.3730056285858154,5468,117.2734375,0.3381539
@user Way to lay out yesterday and put it all on the line #GoodLeader #Sarcasm,irony,irony,2.4115684032440186,5441,117.2734375,0.3732605
Two years later & gingerbread house making still makes me cry.,no irony,irony,2.314751386642456,5437,117.2734375,0.2736933
Amar Singh gives A+ rating to the Modi govt but Arun #Shourie says more is said than done in present govt #Irony #Politics,irony,irony,2.342177152633667,5429,117.2734375,0.3031909
@user @user @user |Thats a twist|Algorithms to cause more congestion & increase pollution|Too bizarre to be true #not,irony,irony,2.444007158279419,5426,117.2734375,0.3914554
@user #sarcasm is a service I offer.,no irony,irony,2.2801730632781982,5416,117.2734375,0.2339871
#PhatSexyAss #Picnic Picnic Porked Tiffany,no irony,irony,2.4153478145599365,5428,117.2734375,0.3629346
I'm absolutely positive that Coaches love it when parents tell them how to coach and run their program. #sarcasm #NOT #sticktoparenting,irony,irony,2.2937183380126953,5424,117.2734375,0.2516727
Nice touch. All the bar staff in the ground wearing #saintsfc t shirts,no irony,no irony,2.393928289413452,5428,117.2734375,0.3630457
@user trust me it will be out of form Scandinavian reef again to. @user do love @user I see😒🙈 #irony #FCBarcelona #mcfc,irony,irony,2.2682220935821533,5417,117.2734375,0.2204451
i literally love when someone throw me in at the deep end #irony #tough #life,irony,irony,2.3983137607574463,5417,117.2734375,0.3520457
"Agree with that... #we #are #not #mind #readers #haha||#Repost 9gag ⁰You may think we are, but we are...",no irony,irony,2.4320991039276123,5428,117.2734375,0.3955035
Day ninth December to have a pint at the boars head|#not really still in bed 😊,no irony,irony,2.260850667953491,5428,117.2734375,0.2118398
Speed cameras in Whipton by village shops. & yes it Takes 5 police officers!! 🚔 #waste #of #money #does #not #take #five #individuals 😂🚨🚓,no irony,irony,2.4401676654815674,5426,117.2734375,0.3886162
Picked an excellent day to get my hair done 😒 #sarcasm,irony,irony,2.2795889377593994,5426,117.2734375,0.2366545
@user his daughter is painting his toes! That is a parenting WIN in my book.,no irony,irony,2.3953206539154053,5425,117.2734375,0.3542306
Can't say no to that @user try now. Lets go @user we can do this #COYQ,no irony,irony,2.2960147857666016,5424,117.2734375,0.2490731
"ABC Takes A Look At ""The Turkey Song"" by @user - Make It A Classic #Thanksgiving -",no irony,no irony,2.386820077896118,5424,117.2734375,0.3403944
Waking up with a pounding headache is just what I need for this final #sarcasm,irony,irony,2.262770175933838,5423,117.27734375,0.2239234
Can always count on you to speak to me on here then delete the messages so It looks like I'm talking to myself. 😒 @user,no irony,irony,2.3866021633148193,5423,117.27734375,0.3415218
Stop by and pick up Alexandra's book with a coupon!,no irony,no irony,2.2924606800079346,5424,117.27734375,0.2586726
@user I swear we must be twins,no irony,irony,2.361621141433716,5423,117.27734375,0.3120894
Some days are just better than others..,no irony,no irony,2.4209141731262207,5424,117.27734375,0.3749678
"After getting a total of 4 hours of sleep in 2 days, I FINALLY got good sleep last night😁",no irony,irony,2.2755236625671387,5415,117.27734375,0.2308548
"Her name is not Superwoman, Wonder Woman, nor Dorothy from the Wizard of Oz. Women of Excellence",no irony,no irony,2.421868324279785,5415,117.27734375,0.3845468
I didn't realize Boston Coach also operated in Chicago #irony #brands,irony,irony,2.3118515014648438,5423,117.27734375,0.2639684
"@user and that ""somebody"" thought you were Padoin sister LoL !!! #SarcasmFail",no irony,irony,2.3933959007263184,5423,117.27734375,0.3468082
Once again @user is re writing history re: #CubaEmbargo ! *primal scream* #tcot,no irony,irony,2.4250988960266113,5411,117.27734375,0.385731
"Wow: Look what the NFL Rams player who did ""Hands Up, Don't Shoot"" pose has been arrested for | via @user #ferguson",no irony,irony,2.285240650177002,5421,117.27734375,0.2511636
Someone needs to stop me before I kill someone 😡 love waking up in the worst fcking mood #Not,irony,irony,2.3951802253723145,5421,117.27734375,0.3442618
What to do with that old #motherboard you have laying around. #NOT #guitarpicks,irony,irony,2.4066600799560547,5421,117.27734375,0.3678273
Joe Cole just casually walking past...,no irony,no irony,2.2656636238098145,5422,117.27734375,0.2373537
Am I the only one who finds it very stressful when the #OrionLaunch feed keeps buffering...?!,no irony,irony,2.3900578022003174,5422,117.27734375,0.3429734
@user No ... now someone will start a rumor of $ABBV pricing their HCV drug same or higher than $GILD #sarcasm,irony,irony,2.4670650959014893,5432,117.27734375,0.4256181
Never seen the gym so packed,no irony,no irony,2.1874542236328125,5424,117.27734375,0.1440769
❓❓GOT MENTIONS ❓❓||#MGWV #AutoFollow #RETWEET #RTMUZZA #TEAMFOLLOWBACK #TFBJP #500aday #RT2GAIN ||⏩ @user ⏪| |WHOS WANTS TO BE NEXT?,no irony,irony,2.3351874351501465,5405,117.27734375,0.2838227
Remember to raise a glass of merry to those who are at work keeping the world safe on Christmas 🌎🎄🌏🎅🌍❄|🚑🚒🚓🚁🚢 #essentialservice,no irony,no irony,2.3891937732696533,5403,117.27734375,0.3530573
"Wishing everyone a Happy, Healthy, and Prosperous New Year!!!",no irony,no irony,2.4572997093200684,5443,117.27734375,0.4134783
"@user @user @user Yes, and conventional taxis drive verrrry safely. #pfft #sarcasm",irony,irony,2.1902647018432617,5436,117.27734375,0.1379244
"Just ranted on and the moment I'm about to hit send, my ipod just died. #greatmorning #NOT",irony,irony,2.4498112201690674,5432,117.27734375,0.3991079
30 week scan #not #long #now #exciting #memory #all #good #happy #clear #baby #boy @ Portlaoise...,no irony,irony,2.3606908321380615,5413,117.27734375,0.312924
@user Obama and Hillary convinced Ukraine that they would protect them if they essentially disarm. Need to keep at least one promise.,no irony,irony,2.420781135559082,5413,117.27734375,0.3757491
i just enjoy throwing up #not #hatethis #sick #wanna #go #to #school #for #once #take #me #away,irony,irony,2.2832655906677246,5413,117.27734375,0.2357476
@user I actually think he needs to use the youngsters in this reincarnation #irony,irony,irony,2.4229087829589844,5413,117.27734375,0.381019
What a golden morning. 😒 #not,irony,irony,2.2636513710021973,5413,117.27734375,0.2157377
Sleep. SLEEP YOU STUPID IDIOT I WANNA LEAVE MY ROOM,no irony,irony,2.369283437728882,5405,117.27734375,0.3207876
LIBERAL/#LEFTISTS USE #RACIST/SEXIST #LABEL FOR |#DISLIKES|MSNBC host Ed Schultz said RACIST #NOT to SUPPORT demand for #MINIMUM WAGE|#SAD,no irony,irony,2.4357831478118896,5405,117.27734375,0.3891369
Read at the news '#Obama: #The #American #way #of #life #is #not #a #gift',no irony,irony,2.267807960510254,5405,117.27734375,0.2283084
Really missing my momma today.. More than usual. I don't think today will be a good day,no irony,irony,2.404301881790161,5405,117.27734375,0.3579782
"@user Nevermind that, but do pray tell,would Scherzy still play Grizabella?",no irony,irony,2.2647669315338135,5405,117.27734375,0.2269993
Everyone wants the truth but nobody wants to be honest... #irony,irony,irony,2.4280753135681152,5394,117.27734375,0.3831339
I won't be surprised if shelling across pak border intensifies during Delhi Elections to change issues of election's.,no irony,irony,2.4444727897644043,5404,117.27734375,0.3906696
Every inch of you is perfect from the bottom to the top UNLESS YOU'RE SKINNY #Shade #Sarcasm #TheMoreYouKnow,no irony,irony,2.296645164489746,5404,117.27734375,0.2495508
Take a look at those calves!!! 😎😎😂😂 ladies love the calves! #not #about #the #arms #its #about...,no irony,irony,2.4128758907318115,5398,117.27734375,0.3654333
@user your tongue in cheek @user weigh in does nothing but instigate breed specific hate. Stick to reporting on tuques. #yyj,no irony,irony,2.3105249404907227,5404,117.27734375,0.2631389
"@user You think my mom and I would get along better, she's a middle child too. #irony #middlechildsyndrome",irony,irony,2.382641315460205,5402,117.27734375,0.3349783
"Isn't this blaming the victim? #sarcasm RT @user Every year, 600K college students are injured while drunk.",irony,irony,2.3929765224456787,5402,117.27734375,0.3429771
that time when ward was mad because skye hide a secret from him #irony #skyeward #AgentsofSHIELD,irony,irony,2.293549060821533,5394,117.27734375,0.2432343
"While we applauded ourselves on getting to the Moon, Carl Sagan spoke a truth we all denied.|#irony",irony,irony,2.4110348224639893,5405,117.27734375,0.3699136
Can holidays last forever?? #happytimes #sundayout #mewearing #wyoustores #elenawearswyou #chanelboybag #chanel...,no irony,irony,2.3060572147369385,5405,117.27734375,0.2583839
Watching @user trich vlogs helps me alot with my trich condition !! ☺️💕,no irony,irony,2.392061471939087,5400,117.37890625,0.3416045
Photo: Orchid Tassel Chain Mermaid Dress $39.99 Onesize Leave email for invoice,no irony,no irony,2.424790382385254,5400,117.37890625,0.383174
@user this game is pathetic. How are they losing this game?,no irony,irony,2.2818541526794434,5399,117.37890625,0.2370794
bromanceshmomance: #I just checked and he has zero#ZERO#mentions asking if Louis was there#NONE#NADA#not...,no irony,irony,2.3816354274749756,5399,117.37890625,0.3416778
Being a light sleeper is the best. #not,irony,irony,2.2791740894317627,5399,117.37890625,0.2330594
schools in India praying for # #peshawarattack victims #PrayForPakistan ...,no irony,irony,2.3991315364837646,5399,117.37890625,0.3661161
The only company I thought would be best for the thesis is unfortunately taken already... a year ago..,no irony,irony,2.2808313369750977,5399,117.37890625,0.2352356
@user not worried about it. Whenevs 😉,no irony,irony,2.4097959995269775,5398,117.44921875,0.3687763
@user @user #not enough; unfortunately.,no irony,irony,2.2842185497283936,5397,117.44921875,0.2352225
@user . #please email me captainpc@me.com or contact through DM myself or @user . #I #have #DM #Address #details #but #not#had#reply,no irony,irony,2.4083166122436523,5396,117.453125,0.3733358
@user hahaha yeah I think so too cause you know how she loves her with all her heart 😂😂😂.... #NOT 🔫.,irony,irony,2.291163206100464,5396,117.453125,0.2463198
"It's really #NOT #GOOD, too have the #REPUTATION for STEALING FROM GIRLS. @user & Mr. MASON,..expect a call,..(;",no irony,irony,2.3915441036224365,5395,117.45703125,0.3492763
"we need to stop using the words ""racist"" & ""racism"" @user @user @user @user @user @user",no irony,irony,2.2745654582977295,5393,117.46484375,0.2406007
@user @user Probably my favourite book. Couldn't put it down. 5Stars!,no irony,no irony,2.394484281539917,5391,117.46484375,0.3518927
From what I can tell...most strippers belong right where they are #nocollegeneeded #adamsmith #specialization #strippers,no irony,irony,2.292705774307251,5391,117.46484375,0.2528949
"@user dualistic, as in good and evil? Right, because that doesn't apply to the real world.... #sarcasm #OrcsLive",irony,irony,2.3799097537994385,5404,117.46484375,0.3385232
#Consensus of Absolute Hilarious #Irony – #MichaelMann to lecture on #Professional #Ethics for #Climate #Scientists?,irony,irony,2.3242104053497314,5401,117.46484375,0.2712299
5 dollar OBX 1 dollar Gboro gone #lockitin #lottoclub #bankopen #doumenturdeposit#not criminal,no irony,irony,2.412330150604248,5388,117.46484375,0.3760193
I may or may not have put @user at the top of @user tree soon as he likes Christmas time... #Sarcasm,irony,irony,2.396497964859009,5380,117.46484375,0.3535663
"Regarding my #ATT case; I've contacted the BBB, FCC, and my States Attorney General. next... #WFAA #not #stopping",no irony,irony,2.261753797531128,5381,117.46484375,0.2371174
Acronyms because we're cool as fuck. Judge me.,no irony,irony,2.4332048892974854,5381,117.46484375,0.3770604
Only a true nightshift person would understand this #nightshift #hardcore #teamwork #not #always...,no irony,irony,2.2962238788604736,5372,117.46484375,0.2431849
"actually, it wasnt, it was purely economics @user @user @user @user @user @user @user",no irony,irony,2.402756929397583,5380,117.46484375,0.3629042
Sunday is such a fun day to study #not #ew #saywhat,irony,irony,2.450202703475952,5369,117.46484375,0.3964795
Reunited with my pump this morning. #yay #not 😣,irony,irony,2.2593207359313965,5380,117.46484375,0.220323
"My dad's still gonna get me santa's gifts since it's my last year before 18, but I really don't know what to ask for... #irony",irony,irony,2.2847416400909424,5383,117.46484375,0.248063
Remember that one time I worked both jobs while sick and it didnt suck at all... #sarcasm #notworthit,irony,irony,2.3192570209503174,5381,117.46484375,0.2732483
I'm really excited for next semester,no irony,no irony,2.317761182785034,5380,117.46484375,0.2744019
"@user @user Actually, even delivery won't save some. O voted to let born alive die. Also, look up ""4th trimester abortions"".",no irony,irony,2.4184536933898926,5380,117.46484375,0.3908556
good luck finding someone to take the other side of that bet LOL @user,no irony,irony,2.2900912761688232,5380,117.46484375,0.2422129
It is good that very few businesses/govts in EM economies have borrowed much via dollar-denominated loans from international banks. #Sarcasm,irony,irony,2.4074621200561523,5380,117.46484375,0.3562117
@user 🙌🙌 #fitfam #fitness #health,no irony,no irony,2.278000831604004,5368,117.46484375,0.2235295
GTA #San #Andreas #2 #is #not #coming #in #2015: One media has released that GTA San Andreas 2 is coming in 2015...,no irony,no irony,2.4173853397369385,5381,117.46484375,0.3865737
What a great way to start the day!! #Not 😠,irony,irony,2.2733380794525146,5380,117.46484375,0.2289719
@user I wonder what % of that 43% agree on what a private cloud is,no irony,irony,2.3997714519500732,5369,117.46484375,0.3561669
If i were to ask. I want to stay here for as long as possible..|#thinking,no irony,irony,2.2797367572784424,5380,117.46484375,0.2354501
@user @user @user Just wait till Cleveland comes again! #sarcasm,irony,irony,2.2676475048065186,5380,117.46484375,0.2251243
"'Liberated' Iraq -- 2014 One of Bloodiest Years with More than 36,000 Victims: Thank you, Western liberators #sarcasm",irony,irony,2.185718536376953,5369,117.4609375,0.133783
@user one hope this gets a RT! #recycling #roses #holly #wreath #MerryChristmas,no irony,no irony,2.419682741165161,5369,117.4609375,0.3799722
"@user Tag a teammate who is so bad, he runs the line every week. I'm sorry to say it's @user",no irony,irony,2.2742817401885986,5388,117.4609375,0.226125
@user easiest CL group with two rubbish teams but we won only 1 CL game - even that lucky last minute pen#not good enough#gutted,no irony,irony,2.456566095352173,5388,117.4609375,0.4236326
No one up? Okay cool #not,irony,irony,2.388587713241577,5388,117.4609375,0.3495376
#np #NowPlaying #NowListening #Music #Don't Let Her Pull You Down by #New Found Glory from the #album: #Not With...,no irony,no irony,2.4363455772399902,5388,117.4609375,0.3928227
"Here we go again, thanks to all that claim to cover WVHS hoop #NOT|Highlanders beat Parkersburg 76-75 on last second shot by @user",irony,no irony,2.269718885421753,5388,117.4609375,0.2329117
Long day and its not going to be possible without my good friend #coffee,no irony,no irony,2.4131693840026855,5387,117.4609375,0.3672781
Just loveeee driving upstate in the snow #not,irony,irony,2.2629477977752686,5387,117.4609375,0.225522
"If you know people who could talk power-dressing and social media marketing, please let me know. Thanks",no irony,no irony,2.4253487586975098,5386,117.4609375,0.3798977
I love getting up at 4 30 so I can wait on other ppl! #sarcasm,irony,irony,2.2798774242401123,5385,117.4609375,0.2370661
"Faux Leather Size Zipper Sleeveless Scoop Back Midi Dress|Size:s, m, l|Price:$39.99|Leave email for...",no irony,no irony,2.4122910499572754,5385,117.4609375,0.3784053
and as much as I want to connect .. I like only the people who dont want to .. #Irony #Why oh why?,irony,irony,2.261566638946533,5384,117.4609375,0.2243378
@user I saw a leaf blowing in the breeze. You could yell at that if you wanted to?,no irony,irony,2.420698642730713,5383,117.4609375,0.3721543
@user hold on a minute. Are you saying All blonde white women look the same?? #sarcasm,irony,irony,2.2666728496551514,5380,117.4609375,0.232503
@user Gotta love those racially based awards! #not,irony,irony,2.415954351425171,5380,117.4609375,0.3825822
"The best love is the kind that awakens the soul, and makes us reach for more...💖",no irony,irony,2.2968592643737793,5379,117.4609375,0.2595156
clashupdate #not,irony,no irony,2.4182207584381104,5375,117.4609375,0.3653769
@user Super Junior's Henry asks sasaeng fans to let him sleep|http://t.co/BhrEKEtMka Henry oppa >^<,no irony,irony,2.3958427906036377,5396,117.4609375,0.3586084
I have officially surrounded myself with the most amazing people 😊,no irony,irony,2.309331178665161,5396,117.4609375,0.2704199
@user @user republicans suck more at identifying #irony than alanis morissette.,no irony,irony,2.404176712036133,5394,117.4609375,0.3515674
That's always the solution..... #not. Doesn't fix anything!,irony,irony,2.4212558269500732,5375,117.4609375,0.3734307
Name an #excuse that people use #NOT to #workout ...,no irony,irony,2.267298460006714,5377,117.4609375,0.2230945
"@user @user @user @user @user @user ""left regressives"" is that not a label #irony",irony,irony,2.400365114212036,5402,117.4609375,0.3524995
@user but you can't expect us to hire one in only 3 weeks. Who moves that quickly on a coaching search? #sarcasm,no irony,irony,2.317451000213623,5414,117.4609375,0.2737882
A #celebrity is a person who is known for his well-knownness. #fact #TeamFollowBack #irony,irony,irony,2.4147262573242188,5410,117.4609375,0.3697061
Is there a basketball game on today? I'm not really sure. #ESPN seems to not be promoting anything about it. #sarcasm,irony,irony,2.4066107273101807,5402,117.4609375,0.3555906
@user @user @user We Agree #NHSENGLAND needs to #Publish #AandE figures over #HolidayPeriod #Sarcasm from #JeremyHunt,no irony,irony,2.299283742904663,5403,117.4609375,0.2413209
"If you've got the world on a string, you should give me some of that string, think of all the cool applications. #whatamidoing",no irony,irony,2.3727376461029053,5403,117.4609375,0.3267633
Christmas this Christmas that FOH its just a day people !! get a grip and sit down nd chow some Mopani worms,no irony,irony,2.2964930534362793,5403,117.4609375,0.2417076
#Warn them that your degree of #sarcasm depends on them in this #funny tank top! Order now at,no irony,irony,2.385148286819458,5403,117.4609375,0.3476635
The #Gophers aren't nervous. #SammyCommentary #Gophers,no irony,irony,2.2721781730651855,5402,117.4609375,0.241388
Bitches be like ..... #more #appointments #please #not#crazy#enough .... YET @ orthodontist,no irony,irony,2.414050579071045,5402,117.4609375,0.3708155
I am so glad that I woke up early for this office visit to have to the mother not show up! #not,irony,irony,2.281733751296997,5402,117.4609375,0.2420672
#Science of the #GardenOfEden - #Eden #KentHovind #Christian #Jesus #Christ #c...,no irony,irony,2.4084548950195312,5402,117.4609375,0.3717279
Sickens me that killing innocent black men & children has become such a lucrative career in America. #MikeBrown #TrayvonMartin #EricGarner,no irony,irony,2.2787280082702637,5403,117.4609375,0.2326327
50km into the #Rapha #festive500 and we stop off for a Coffee#1... Toes are coming back to life @user,no irony,no irony,2.4318056106567383,5403,117.4609375,0.3965394
@user u do really need to get a wee bit more lol,no irony,irony,2.2775931358337402,5402,117.4609375,0.2250649
"@user so if they undo the affordable care act, and I should expect my insurance to decline 33%? #Not #Gonna #Happen",no irony,irony,2.4147732257843018,5402,117.4609375,0.3694236
@user @user #not sure who will take it home?,no irony,irony,2.2581145763397217,5394,117.4609375,0.2226927
"I actually just started crying while brushing my teeth due to lack of sleep, stress and test anxiety. Today's gonna be a good one... #not",irony,irony,2.2800681591033936,5409,117.4609375,0.2456557
Don't you just love those people who won't shut up in class then hold everyone back by asking the teacher to repeat answers? #sarcasm,irony,irony,2.304903268814087,5408,117.4609375,0.2633614
"@user Oh, BELIEVE me. I agree totally. My tweet was pure #sarcasm. We need MORE #guns, not less. Santa is bringing me one. #2A",irony,irony,2.387568473815918,5407,117.4609375,0.3309505
The #Congressional #report on #torture #confirms that #AlQaeda was #not #involved in the #attacks of #September 11|http://t.co/GNBabcXR25,no irony,irony,2.2729687690734863,5400,117.4609375,0.2386615
#Sarcasm makes you mentally stronger. Which is very effective when dealing with emotional #stress and #fustration.|#funfact #WhatIfISay,no irony,irony,2.420844078063965,5402,117.58203125,0.3796395
Also it is funny how things at work get done when I'm on my off week #sarcasm,irony,irony,2.2978122234344482,5400,117.58203125,0.2466385
@user is this a new/recent release?,no irony,no irony,2.4297492504119873,5390,117.58203125,0.3789407
When I'm lacking inspiration I resort to scribbling angry/pretty things. Great start to the week! #sarcasm,irony,irony,2.29107666015625,5400,117.5859375,0.2441717
Also it's amazing how a shower and Taco Bell can make you feel like a new person. @user,no irony,irony,2.3939695358276367,5388,117.58984375,0.3398395
Visit #Tripplebeam #Music #Promotions @ #Michigan,no irony,no irony,2.3921332359313965,5425,117.58984375,0.3404926
'nuff #Bob #Couldn039t #Not #Repin #Ross #tattoo|Please RT:,no irony,irony,2.302262783050537,5492,117.58984375,0.254042
HAPPY BIRTHDAY BECCA. I just looked through ALL of my pictures which you know is a ton and found my...,no irony,no irony,2.1705548763275146,5455,117.58984375,0.1273974
Have you lost your zing? Working too hard? Check out my latest quickie: #habitually #internetmarketnewbie,no irony,irony,2.2748608589172363,5446,117.58984375,0.2282067
"Heartless Sanghi #Sarcasm""@Retributions: #IndiawithPakistan because a dumb nation deserves to be taken for a ride again and again. #Lakhvi""",no irony,irony,2.4708034992218018,5426,117.59375,0.4388001
I guess waking up every couple hours is cool |#not,irony,irony,2.3438117504119873,5426,117.59375,0.2998037
#Is #There #Too #Much to #Do or #Are #You #Not #Delegating #Enough ?,no irony,irony,2.293696641921997,5426,117.59375,0.2456372
@user @user told to stop work under crew contracts #irony,irony,irony,2.401848077774048,5412,117.59375,0.3676966
I need to get out of this car before I kill my dad.,no irony,irony,2.2605996131896973,5412,117.59375,0.2233424
Everytime I try to like Chris Brown he does something to royally eff that up. Dude is a chronic loose cannon #chrisbrown #Karrueche,no irony,irony,2.4297356605529785,5424,117.59375,0.3833425
#bedroom #decoration done lol #upstairs just needs a hoover... #Christmas 🎅 #decorations #downstairs #now xxx,no irony,no irony,2.2789125442504883,5422,117.59375,0.2379753
Look good feel good! #not #TeamNoSleep #cantopeneyes,irony,irony,2.397777557373047,5422,117.59375,0.3446931
How much did it cost to build #mygov #medicare? I see this way too often...,no irony,irony,2.29085111618042,5422,117.59375,0.2453193
That sad moment you realize you're past the point of having all those presents under the tree. I wanna move back in.,no irony,irony,2.3995108604431152,5412,117.59375,0.3408606
"So I may have had a ""few"" empties to recycle... ♻♻ |I ❤ #craftbeer",no irony,irony,2.2833058834075928,5422,117.59375,0.2423839
"@user @user @user @user @user @user yet in Ferguson, MO the mayor and Gov are Dems. #irony",irony,irony,2.4005606174468994,5423,117.59375,0.3518638
Abnormal professor walks in with the finals in a Zoloft bag #irony #psychhumor,irony,irony,2.303881883621216,5423,117.59375,0.2522002
@user in hereford but can't leave bambino alone!,no irony,irony,2.389223575592041,5422,117.59375,0.3382481
@user skiing in Regents Park much #not,irony,irony,2.446744680404663,5421,117.59375,0.3965396
Rejoice in knowing he is now in his new place...#not easy,no irony,irony,2.265512704849243,5421,117.59375,0.234834
"When ""make dua for me bro"" turns into an hour long conversation",no irony,irony,2.4038143157958984,5421,117.59375,0.3612783
"@user @user A thief, a liar, a vote rigger, mocks those who use food banks and an online bully #irony",no irony,irony,2.2711663246154785,5419,117.59375,0.2259665
"What the hell has happened to Shahid Afridi in last couple of days? Left alone more bouncers than played, got a review right. #pakvnz",no irony,irony,2.4194605350494385,5422,117.59375,0.3694798
Sub is making class go by so slow that I feel like I am losing brain cells. #irony #substitute #MoveitAlong,irony,irony,2.4249415397644043,5411,117.59375,0.3837342
#Photography #Photoshop #Photos #Art #EyeCandy #Bible on #TSU 💁🎄🎅 ||#FOLLOW,no irony,irony,2.265575408935547,5421,117.59375,0.2144053
@user Yeah someone with Hayek and hockey in their name calling someone racist #irony @user,irony,irony,2.418426036834717,5421,117.59375,0.3700329
"The Rondo, Ellis, Parsons, Dirk, Chandler starting line up would be one of my favorites in league. Mavs should go all out for Rondo.",no irony,no irony,2.303170680999756,5413,117.59375,0.252354
@user @user @user but of course it was. Cops could shoot a black man in front of a hospital & I bet you he'd still get no aid.,no irony,irony,2.418281078338623,5421,117.59375,0.3706064
I love it when people ignore me. #sarcasm,irony,irony,2.4262149333953857,5422,117.59375,0.3793745
"Every you're a fucking cunt, lying cunt did I say cunt song is about you now. How cute is that #defo #not #pissed #off #nope",no irony,irony,2.2752346992492676,5422,117.59375,0.2405287
"@user not you, you're on pain medications 😂",no irony,irony,2.425076961517334,5411,117.59375,0.3743176
What a great Christmas. 😅 #not,irony,irony,2.2822024822235107,5411,117.59375,0.2285636
i hate waking up in the mornings 😒#basicbrianna #not #an #early #bird,no irony,irony,2.394533157348633,5421,117.59375,0.3588708
"@user yeah amazing night, I think he out till the death! I'll let u know xx",no irony,irony,2.4297361373901367,5422,117.59375,0.382832
I wish I did better in high school,no irony,no irony,2.261333703994751,5422,117.59375,0.2224959
At the Toys for Lil Troops event for @user donating toys to children of deployed and low income troops.,no irony,no irony,2.427532434463501,5411,117.59375,0.3777656
The song was 'don't cry for me Argentina' #irony,irony,irony,2.3026273250579834,5426,117.59375,0.2505864
I liked a @user video The Ubisoft Graduate Program - Gameplay Programming,no irony,no irony,2.260998487472534,5463,117.59375,0.2176652
I wonder how many people who visit food banks have huge TVs or are drunks? #freedomofspeech #foodbanks,no irony,irony,2.418750524520874,5462,117.6328125,0.3805234
"#Alien dit : What is #Religion, it is a culture that has been invented by a #Fool who wanted to do everything that is #Not legal #Legally..",no irony,irony,2.306673049926758,5464,117.6328125,0.2572023
Lazying about in a hoody #WinterTimes,no irony,no irony,2.197706460952759,5462,117.6328125,0.1475471
Forgot to enter #sarcasm,no irony,irony,2.2964909076690674,5451,117.6328125,0.2494939
"#A #tax #per mile? #Americans #should #not #allow #GPS #tracking #of #cars, #trucks: Watch out – as the new year...",no irony,irony,2.4460384845733643,5457,117.6328125,0.3961137
Long distance relationships are serious SH*t #not ayoba...,no irony,irony,2.3185157775878906,5462,117.6328125,0.285671
Happy Birthday to me! #imgettinold #not #ionlygetbetter ROLL TIDE!,irony,irony,2.2850098609924316,5461,117.6328125,0.2420913
We are MAD Gamers: | Follow @user #Wellington #NewZealand,no irony,no irony,2.276305913925171,5455,117.6328125,0.2366407
So not okay with DB's racist jokes.,no irony,irony,2.451437473297119,5466,117.6328125,0.4173319
"#notcies #eu European Council: Press conference by Donald TUSK, Jean-Claude JUNCKER,, and Matteo RENZI,",no irony,no irony,2.344435930252075,5460,117.6328125,0.2954581
@user u bragged all yr about having Peyton in 2 leagues only to get beat in the 1st round in both #irony 😂😂😂😂,irony,irony,2.2865731716156006,5459,117.6328125,0.2443016
"The feeling you get, when you just wanna flip the table and screw the finals.",no irony,irony,2.37185001373291,5456,117.6328125,0.3342857
They working me so hard tonite,no irony,irony,2.354663848876953,5458,117.6328125,0.3088656
@user @user this vine won't come up 😫😫😫,no irony,irony,2.2643332481384277,5456,117.6328125,0.2213848
#Lance #Stephenson #not #traveling #with #team #on two-game #road #trip: Stephenson is still unable to run fully...,no irony,no irony,2.3705060482025146,5458,117.6328125,0.3311729
Jeez I wish the government paid for my food. #not #EBTbitches,irony,irony,2.3000664710998535,5455,117.6328125,0.2633711
"Hey @user some of your geeky/nerdy followers need #sarcasm marker on posts like that. Otherwise, they'll start doing exactly the same :)",no irony,irony,2.31030535697937,5443,117.6328125,0.2601603
Pretty Shitty day I'm gonna be soaked and full of mud and clay #iliketogetdirty #notreally #sarcasm,irony,irony,2.346259593963623,5443,117.6328125,0.2923954
"when you refer to yourself in the plural, you'll get that @user @user @user @user @user @user",no irony,irony,2.4139554500579834,5440,117.6328125,0.3812973
That moment when the ad plays flawlessly but the video keeps buffering #irony #YouTube @user,irony,irony,2.2592177391052246,5422,117.6328125,0.2278782
Gotta love a Romanian playing an improvised version of jingle bells in a minor key. Really sets the festive mood. #not,irony,no irony,2.4302573204040527,5420,117.6328125,0.393076
Perfect time to get sick 😢 #not,irony,irony,2.2594058513641357,5417,117.6328125,0.2189113
I'm giving up a lot of stuff to make sure others are happy . I wonder if anyone ever look past my appearance and see what I'm feeling 😩,no irony,irony,2.28002667427063,5420,117.6328125,0.2361065
Merry Christmas to all my friends and family... Santa just finished at my house!!,no irony,irony,2.413642644882202,5421,117.6328125,0.3552939
<-Video $ #SmartPhone can pay you to post!||#iphone #samsung #S4 #S3 #ipad #tablet #mlm|Start@,no irony,irony,2.284954786300659,5421,117.6328125,0.2538517
I see the #irony of MY LAST 3 TWEETS COMBINED was lost entirely on a certain someone... Faith in humanity: -3% :(,no irony,irony,2.4085521697998047,5421,117.6328125,0.3766152
Lol hilarious pic RT @user What a game! @user win!,no irony,irony,2.268045425415039,5410,117.6328125,0.224195
You've set yourself some target to achieve there like love #hot or #not,no irony,irony,2.410299777984619,5410,117.6328125,0.3585052
"Change is a Process, ||#Not an Event dafuq you thinking",no irony,irony,2.27990460395813,5423,117.6328125,0.2250105
My son gave me a cold......again!!! Yay! #sarcasm #NotExcitedAboutThisShitAtAll,irony,irony,2.3575127124786377,5421,117.6328125,0.3189223
"A #sale is #not #something you #pursue, it's #what #happens to you #while you are #immersed in #serving your...",no irony,irony,2.4250242710113525,5421,117.6328125,0.3767605
"@user ""Malala is fake and planted by the US coz Pakistan is perfectly safe for kids going to school"" #PeshawarAttack #Sarcasm",irony,irony,2.271228551864624,5421,117.6328125,0.2524705
Seriously has the #BBL04 got the tallest on ground interviewers of all time #talltowers #sevenfoot,no irony,irony,2.2783520221710205,5410,117.6328125,0.2275189
#Funny #18+ Turn On aquabreeze:||disgustinghotels:||#not all men,no irony,irony,2.3157882690429688,5409,117.6328125,0.2654436
Yay jury duty 😒 #sarcasm,irony,irony,2.346550941467285,5408,117.6328125,0.3021894
"i may have played a part, but i wont take sole credit ;) @user @user",no irony,irony,2.2696213722229004,5447,117.6328125,0.2152922
"@user @user I thought it was, what I call, the wet look lol",no irony,irony,2.416959047317505,5422,117.6328125,0.3588789
A burned tongue is a lovely way to start the day #sarcasm #ouch,irony,irony,2.2643349170684814,5433,117.6328125,0.2213892
Literally functioning on 4 hours of sleep and I feel great 😄 !! #Not #CollegeisKillingMe #OneMoreWeek,irony,irony,2.385361909866333,5423,117.6328125,0.3503075
When ya mates dad starts poking you on Facebook #Cringe 😲😬,no irony,irony,2.3081698417663574,5421,117.63671875,0.2733041
The #irony is anti state ppl will claim the little man (hacker) won when in reality the state won #sony,irony,irony,2.313579797744751,5420,117.63671875,0.2757144
#HowToGetUnfollowed Post pictures or videos of you smoking. Especially blowing smoke at the camera. #SoCool #Not #GTFO,irony,irony,2.303873300552368,5419,117.63671875,0.2734642
These refs are pissing me off. They seriously have no idea of what's going on.,no irony,irony,2.4143717288970947,5419,117.63671875,0.3673742
has anyone visualised the different colours and flavours of twitter streams? kinda lipmus test.,no irony,irony,2.4365384578704834,5410,117.63671875,0.387672
Psychic Advice weekdays at 9am (PDT) on Psychic View Radio..call in 347-850-1494 to ask YOUR question #BlogTalkRadio,no irony,no irony,2.278414011001587,5409,117.63671875,0.2341503
So ill. It actually hurts to breathe. Still that nice long walk to the station did me the world of good #not,irony,irony,2.4223930835723877,5408,117.63671875,0.3737167
@user then later he snuggles up to The Royals with giddy glee #Irony,irony,irony,2.2826344966888428,5408,117.63671875,0.2385137
"Blue skies, warm air, and the royal accommodation! #WhatMoreDoesOneNeed #Education? #Not...",irony,irony,2.4074409008026123,5404,117.63671875,0.3599954
it's International Human Rights Day #irony,irony,irony,2.2750630378723145,5402,117.63671875,0.2330449
So Jeremy Irons and Alan Rickman are BOTH in Marrakech just one week before I'm going there #everythingisfine #not #sonot,irony,irony,2.418494701385498,5398,117.63671875,0.382365
@user I take it you're not in England then ; ),no irony,irony,2.286318302154541,5398,117.63671875,0.2355548
#smile for the #photo #ok they said #boys #trouble #funny #football #kids #adorable #friends,no irony,irony,2.4138197898864746,5395,117.63671875,0.3801739
When hailey I play trivia crack she wants the sports & entertainment while I aim for the science and history hahahah,no irony,irony,2.2739899158477783,5387,117.63671875,0.2240837
@user Thanks for pirating my music! :D #not,irony,irony,2.4175925254821777,5384,117.63671875,0.3703814
Welcome to the surrealist estate agency!!,no irony,irony,2.4293971061706543,5384,117.63671875,0.3839348
#Average #Ball #Not #Party #Ping #Pong #homedecor Please RT:,no irony,irony,2.276489734649658,5384,117.63671875,0.236612
The fucking car just gave up..! #car #died #not-happy,no irony,irony,2.4335925579071045,5388,117.63671875,0.3850258
I like the feeling when people thinks they're 2 steps ahead of me... But the truth is they're miles and miles behind me AHAHAHAHA |#sarcasm,irony,irony,2.327240467071533,5388,117.63671875,0.2725817
"BM ""gives me"" from 3 pm to 8 pm with my son today, that's fair huh? #NOT!",irony,irony,2.3436474800109863,5388,117.63671875,0.2996821
@user and if Marathi man speak hindi to Chu*** samajhte hai #irony,irony,irony,2.4169414043426514,5388,117.63671875,0.3810372
Lesson learnt? Herd of sheep who fought over TVs on #BlackFriday struggling to sell them #irony #capitalism,irony,irony,2.2988765239715576,5388,117.63671875,0.246126
Tomorrow three test signature.|Thank you. |#school #sarcasm,irony,irony,2.387589931488037,5387,117.63671875,0.3469126
"So #GuardiansOfPeace win by threatening to destroy the #peace!!!, what a #irony",irony,irony,2.264831066131592,5387,117.63671875,0.22445
My babygirl has an imaginary friend it's so cute to watch her talk to it.,no irony,irony,2.4272372722625732,5385,117.63671875,0.3784693
#UKArtistOnly @user @user @user present. #UKUntoldStory #MIXTape #GetOn #DUCMG,no irony,no irony,2.2916343212127686,5385,117.63671875,0.2422775
@user They say #not #responsible and your #NotWorthIt to offer even $10 #discounts for the worst #customerservice I have ever had!,no irony,irony,2.409202814102173,5385,117.63671875,0.363991
Thanks GORI-san|#djgori #not for sale,no irony,irony,2.2860567569732666,5385,117.63671875,0.2334735
We may be some time. #Hibernot #Not,no irony,irony,2.3788135051727295,5385,117.63671875,0.3347684
@user @user @user @user @user @user I'm still going to Exeter whether they care or not,no irony,no irony,2.293416738510132,5385,117.63671875,0.2452257
@user NDP to introduce bill to make OHIP public #not appropriate # confidentiality,no irony,irony,2.3881475925445557,5385,117.63671875,0.3517319
Oregon marching band playing @user music. #awesome #OregonDucks #OregonvsFloridaState #RoseBowl2015,no irony,no irony,2.431459426879883,5385,117.63671875,0.3916596
@user we don't have a good enough singles depth atm to even account for doubles the problem has never been doubles always singles,no irony,irony,2.295985221862793,5385,117.63671875,0.241378
Yay yet another week with a child home from school ill! Just a hint of #Sarcasm to brighten my day.,irony,irony,2.401597261428833,5385,117.63671875,0.3657885
"#SMILES when there is #MONEY|#SCOWLS when there is #NOT|#RECOGNITION when there is #MONEY|#IGNORANCE when there is #NOT|⛪🏦💵 🏥💰🚓👊💥|""'💔#GOD$💔""",no irony,irony,2.341979503631592,5385,117.63671875,0.2966257
@user hey I seen u have followed me and I was going to ask to check out my channel and help me with a shoutout for subscribers ??,no irony,no irony,2.3657045364379883,5385,117.63671875,0.3356303
Urban Glam High Heel Earrings $7|Leave email for invoice,no irony,no irony,2.423347234725952,5385,117.63671875,0.3722892
Gotta love being lied to.... #not,irony,irony,2.2839338779449463,5385,117.63671875,0.2464069
@user @user Ladies wouldn't use that language.But I guess you are not one.,no irony,irony,2.4112699031829834,5385,117.63671875,0.3688145
@user I hate you lol,no irony,irony,2.286961793899536,5385,117.63671875,0.2357252
I didn't know it's your territory I really. .. WHAT ARE YOU DOIN- no. . Please don't shoot at me I. .,no irony,irony,2.411777973175049,5385,117.63671875,0.3695988
"Shopping day with Ms 15 today. Her haul included new Docs, eyeliner, bras, new issue Frankie mag, and half of Kikki K. Tired and broke now.",no irony,irony,2.4387521743774414,5385,117.63671875,0.3977225
Sweet jeebus! MT @user CryoSat & Jason-2 confirm very high to phenomenal seas generated by North Atlantic low,no irony,irony,2.2891592979431152,5385,117.63671875,0.2451665
Hyper at 1AM when I really should be getting rest #ohwhale 🐋🐳,no irony,irony,2.4043729305267334,5385,117.63671875,0.3638446
"We were miles apart,but you found me, now we are close enough, still apart #irony",irony,irony,2.2932257652282715,5385,117.63671875,0.2465078
Drinking a Southern Triangle IPA by @user at @user --,no irony,no irony,2.3973782062530518,5385,117.63671875,0.3532215
"American Red Cross van ""together we can save lives..."" And the driver is smoking. #irony",irony,irony,2.2839622497558594,5385,117.63671875,0.2398561
@user @user It also makes me want to post this...,no irony,irony,2.4081456661224365,5385,117.63671875,0.3556086
#birthcontrol #lol #wtf #whatisbirthcontrol @user great commercial #sarcasm,irony,irony,2.26786732673645,5385,117.63671875,0.2237178
Oh how I love working in Baltimore #not,irony,irony,2.429346799850464,5384,117.63671875,0.3832373
Fans watch #tylerfarr in concert at @user #countrymusic #throwdown1035 #tampa,no irony,no irony,2.271552085876465,5384,117.63671875,0.2284818
So I'm the school nurse today. And I have a fever. #irony,irony,irony,2.4228575229644775,5379,117.63671875,0.3718307
#BBC #News -- #USA -- #Jeb #Bush to #explore #White #House #bid.,no irony,no irony,2.282527446746826,5379,117.63671875,0.2423151
"Thanks for the dick pic, really, thanks. #Sarcasm",irony,irony,2.4120755195617676,5379,117.63671875,0.3736218
@user @user spawn of Larry Ellison aka World's Worst Human,no irony,irony,2.2876009941101074,5379,117.63671875,0.2407457
Really loves dentist appointments. #sarcasm,irony,irony,2.4167065620422363,5379,117.63671875,0.3728293
Now to write a JavaScript RegExp that allows . and ' in e-mail addresses...,no irony,no irony,2.2799482345581055,5379,117.63671875,0.2345839
@user @user 3 more nights 3 more nights 😬😬😬 #londoncalling,no irony,irony,2.4093432426452637,5427,117.63671875,0.3644563
"@user @user A lot of factors at play but I think you do retain him at max. Hopefully the FT's hurt his market a bit, selfishly speaking.",no irony,irony,2.432168483734131,5402,117.63671875,0.3893098
@user You're a tough bugger ;p,no irony,irony,2.2055845260620117,5395,117.63671875,0.1640379
I'm shocked that Mark May doesn't think the Buckeyes should be in the playoff!!! #Sarcasm,irony,irony,2.4677093029022217,5391,117.63671875,0.4238444
"Google scholarship application kept crashing in Chrome. Opened it in IE, finished application without incident. #irony",irony,irony,2.3216869831085205,5383,117.63671875,0.2723795
#AnalFrench #Chocolate Chocolate babe gets dicks in asshole,no irony,irony,2.3285419940948486,5383,117.63671875,0.2970865
Set my alarm for PM not AM...guess you could say I've got my life together #not sorry @user #Pearlburg mom and Jesus,irony,irony,2.4552321434020996,5383,117.63671875,0.3987095
Just entered the @user competition for tickets to the final! Fingers crossed @user,no irony,no irony,2.2867319583892822,5383,117.63671875,0.2309639
"Gun nut yells at cops conducting DUI checkpoint, later hit by drunk driver on way home #irony #karma",irony,irony,2.392347574234009,5382,117.63671875,0.3331183
"@user for the #yoga people out there, this is a Down Faced Dog dinner! #MerryChristmas",no irony,irony,2.2692415714263916,5382,117.63671875,0.2264934
"Have you ever seen the like?? 'Republican move' that will 'effectively rob the royal family', Kate's 32k meal #irony",irony,irony,2.3985583782196045,5384,117.63671875,0.360591
It's snowing in Chicago #whitechristmas #not,irony,no irony,2.2943785190582275,5384,117.63671875,0.2714397
Oh I just love when I wake up with a migraine 😒 #not #needmeds,irony,irony,2.4149677753448486,5383,117.63671875,0.3662674
Oh Oh mum is #not #going to be #pleased #littletike,no irony,irony,2.294304132461548,5383,117.63671875,0.2401449
Its a shame on an off day that the NFL doesnt have any interesting stories and isnt getting any attention. NOT #sarcasm,irony,irony,2.400247097015381,5383,117.63671875,0.3504708
Felicitats #Penedesfera #notcies,no irony,no irony,2.3375744819641113,5382,117.63671875,0.2818015
Cook and England rudderless at the death. Seven games and we've got progressively worse! Can't wait 'till they arrive here for WC #sarcasm,irony,irony,2.353722333908081,5382,117.63671875,0.3116969
#we are #not #perfect but it is #neccesary for #us to #be the #best # version of #ourselves,no irony,irony,2.4244322776794434,5384,117.640625,0.3933858
Happy Holidays! (this is officially our Christmas card) #BestFriend #UglySweaterBarCrawl,no irony,no irony,2.276125431060791,5383,117.640625,0.2239391
@user @user At least you got my joke,no irony,irony,2.419203996658325,5384,117.640625,0.3680581
"@user It's 2015. Why am I still manually turning on/off WiFi, Bluetooth, NFC, etc..? #fb yep",no irony,irony,2.294722318649292,5384,117.640625,0.2516081
"@user thanks babe, hope you have a good one too 💕🎊🎊",no irony,irony,2.3869893550872803,5382,117.640625,0.3492335
This nigga knocced back 6 shots of Henny lastnight ! @user,no irony,irony,2.4188640117645264,5383,117.640625,0.3728282
'Tis the season for tablets! I entered the #tabletsforall contest to win a tablet gift pack. Check it out:,no irony,no irony,2.2849719524383545,5383,117.640625,0.2460257
#notcies #eu Commissioner Creu reassures Committee of the Regions: Junckers investment plan will complement coh...,no irony,irony,2.4066264629364014,5383,117.640625,0.3601003
"Is there a ""like"" tab on me? I'm not a facebook status to be liked by people... #sarcasm #RudeButTrue",irony,irony,2.2841715812683105,5383,117.640625,0.2417225
"Bestiestest. *teary-eyed* THE KING IS COMING! My God's not dead, He's surely alive! #God's #not #dead #faith",no irony,irony,2.378058433532715,5374,117.640625,0.3337487
#Johnny #Football #time #is #not #a #fun time #any #more: The Cleveland Browns went into Sunday's game against the...,no irony,irony,2.428067445755005,5382,117.640625,0.3907914
@user THAT'S WHAT I'M TALKING ABOUT! Awesome Win CAVS!!!!!!,no irony,irony,2.290120840072632,5379,117.640625,0.2406884
08:01am on the dot and the buzzer rings #helloworld #not #sleepy #tired #nothanks,irony,irony,2.403754472732544,5382,117.640625,0.3535583
"@user Now I have a game Monday, Tuesday, friday and Saturday 😭😭",no irony,irony,2.2754359245300293,5373,117.640625,0.2328995
@user Go you! #not Home until the 1st Jan. So excited!,no irony,no irony,2.4118688106536865,5381,117.640625,0.3666956
Photo: Tuxedo Jumpsuit Sizes:Small-Large Color:Black Price:$65.00 Leave email and size for invoice,no irony,no irony,2.4280083179473877,5381,117.640625,0.3956325
#Analysis -- #Economic #issues #whip #up #Israelis #in #chocolate #pudding #election. via @user,no irony,irony,2.3022732734680176,5379,117.640625,0.2529493
@user Three minutes is better than no minutes,no irony,no irony,2.3872692584991455,5381,117.640625,0.3448807
"Found my motivation... Aka the back of my eye lids, by accident. Boy, me and @user are some winners. #not #senioritisisreal #losers",irony,irony,2.301420211791992,5383,117.640625,0.2460742
The ones that caught me by surprise were the ones I didn't expect #duh #redundantredundant,no irony,irony,2.408313751220703,5382,117.640625,0.3768131
This time last year...shiid was hella funny...unforgettable #khwaaaa,no irony,irony,2.4287753105163574,5382,117.640625,0.3765679
Hoar frost is challenging for some to spell.,no irony,no irony,2.272520065307617,5381,117.640625,0.2179787
@user @user Your views are not right wing or left wing...just vile.,no irony,irony,2.4345884323120117,5384,117.640625,0.3873248
@user @user Ah the 2014 #GamerGate Ebola campaign. How many people did we kill? #sarcasm,irony,irony,2.2629902362823486,5381,117.640625,0.2293777
"Where is the promise of ""peace on earth"" in this? ""Lord, Thy Kingdom come, Thy will be done."" #Advent #terror #irony",irony,irony,2.4317703247070312,5381,117.640625,0.3916392
"YOU are violent, it shows in your tweets @user @user @user @user @user",no irony,irony,2.271650552749634,5382,117.640625,0.2484919
Gael 'pro at presentations' Anderson #not #choke,irony,irony,2.4246304035186768,5381,117.640625,0.3697792
Nothing says nature like the relentless sound of AM commuter traffic #fthunter #AMdogfun #not@allpeaceful,irony,irony,2.3126707077026367,5381,117.640625,0.2684319
#notcies #eu Cleaner air would offer major health benefits in the Balkans,no irony,no irony,2.3789992332458496,5379,117.640625,0.3339969
Loving how dominant the SEC is #Pause ..... #Not,irony,irony,2.313650369644165,5371,117.640625,0.2571626
Best Christmas Eve news: I have a half sister. 😂👍 #sarcasm #thanksdad,irony,irony,2.380718469619751,5381,117.640625,0.3277855
Brother💙 we don't look alike #not #frère #family #lovehim,no irony,irony,2.4318578243255615,5381,117.640625,0.379151
Looking at the stairs & imaging that scary dark creature coming up freaks me out,no irony,irony,2.254312753677368,5371,117.640625,0.22823
@user at least there's a good football game on with zero chance of either of our teams losing lol,no irony,irony,2.2831039428710938,5371,117.640625,0.2367974
"we are all the same race, HUMAN the only race supported by the Human Genome Project @user @user @user @user @user",no irony,irony,2.2396678924560547,5381,117.640625,0.2218939
Throwing up is exactly what I want to be doing at 7:30am... 😷😷😷 #not,irony,irony,2.441537380218506,5373,117.640625,0.3922977
Well this is great.. #sarcasm|Illinois Passes Bill That Makes It Illegal To Record The Police,irony,irony,2.2865540981292725,5381,117.640625,0.2362394
"@user now, to remember which book... #goodluck",no irony,no irony,2.411159038543701,5382,117.640625,0.3683964
@user Ahem... yeah.. something like that ;)#irony is one of the few things keeping sanity when facing RU propaganda. #CrazyIvan,no irony,irony,2.301361560821533,5381,117.64453125,0.2564785
so glad I came to work at 7:30am for all the customers that are here!!!!!! #not #itsdead,irony,irony,2.3943369388580322,5381,117.64453125,0.364137
Still time to enter our @user planner giveaway courtesy of @user & @user #bbloggers #lbloggers,no irony,no irony,2.2597765922546387,5382,117.64453125,0.2346914
Check out the new novel Black Beauties by Eureka Johnson on or,no irony,no irony,2.438873052597046,5370,117.64453125,0.3982783
@user Definitely not...racism is systematic and entrenched in every American institution..also in black/white binary construction,no irony,irony,2.256141424179077,5381,117.64453125,0.2174289
Forest Hills Drive on my playlist naw....,no irony,irony,2.4188313484191895,5381,117.64453125,0.3703884
Full on man flu just in time for a weekend of work!! #awesome #sarcasm #coldandflu,irony,irony,2.2770848274230957,5381,117.64453125,0.2358219
"@user @user the cop also had prior misconduct charges. But, ya know, that's ok #sarcasm",irony,irony,2.418164014816284,5381,117.64453125,0.378266
"Zuma reads the quote ""People are not fighting for ideas, they fight for material benefits. To live in peace."" #Irony #YCLNationalCongress",irony,irony,2.2890100479125977,5381,117.64453125,0.244443
Because a field trip two days before finals is exactly what I need #not,irony,irony,2.375115394592285,5381,117.64453125,0.3332004
"sony emails tells me a few things. wealthy, high powered business(wo)men are ugly people, stupid & need to learn how to spell. #SonyHack",no irony,irony,2.268284797668457,5370,117.64453125,0.2203249
I wonder what triggered the anxiety? #sarcasm,irony,irony,2.422863721847534,5381,117.64453125,0.383226
Love waking up to no heat in my apartment #not #socold,irony,irony,2.279475212097168,5370,117.64453125,0.2428465
Nice weather for today.. #not 😠,irony,irony,2.4221112728118896,5379,117.64453125,0.374748
"Decided I'd go to bed ""early"" for once. I've been laying here since 2 am. Yet the total amount of sleep I've had all week is 10 hrs. #irony",irony,irony,2.2836313247680664,5381,117.64453125,0.2444693
I have a very annoying bluetick for sale. 8 yrs old. Needs babied and a bath. #sarcasm,no irony,irony,2.430911064147949,5381,117.64453125,0.3861817
Check out> @user that makes you feel something. #London #UK,no irony,irony,2.2993569374084473,5381,117.64453125,0.2444893
@user I don't think the Hereditary Baronet wants to encourage a something-for-nothing culture :-$ #irony,irony,irony,2.378559112548828,5382,117.64453125,0.3385113
@user for the brothers ah-ite.,no irony,irony,2.2817890644073486,5370,117.64453125,0.2449814
"@user @user I mean Zach is a teacher, amirite?",no irony,irony,2.3782436847686768,5381,117.64453125,0.3462232
Wash hands with water? MOH is rubbing this on everyone's face? #irony,irony,irony,2.2462992668151855,5371,117.64453125,0.2129141
Someone tell me where tf to find a fried chicken ornament bc this shit is necessary,no irony,irony,2.417398691177368,5381,117.64453125,0.3790455
My body refuses to sleep. #fucccck,no irony,irony,2.2617528438568115,5381,117.6484375,0.2174797
Decemberbessen #not #fail #footprint sorry....,irony,irony,2.4325711727142334,5370,117.6484375,0.3769269
@user hey sorry im late i didnt want to come #myperiod,no irony,irony,2.4579904079437256,5379,117.6484375,0.4009864
LOL lets see if he actually READS it|@Laura_Charlii @user @user,no irony,irony,2.2663838863372803,5381,117.6484375,0.232127
Not everyone's really for you no matter how long you knew them . And not everyone's a bad person just because it's been a short time. #irony,irony,irony,2.4266343116760254,5370,117.6484375,0.3816787
Less than a week til the ultimate squad is back together #RogersAndDalhauser @user,no irony,irony,2.27255916595459,5381,117.6484375,0.2294765
"Yeah, you're a grown up & at times feel very nostalgic towards your Bachpan. Iife's handiwork!!",no irony,no irony,2.4256386756896973,5379,117.6484375,0.3869632
"Mike Smith and Brian Hoyer walk into a bar. They sit down and at the same time say ""I told you it wasn't all my fault"" #Coyotes #Browns",no irony,irony,2.4372241497039795,5370,117.6484375,0.379366
"Someone discovered that they do indeed have a tail and that it is, in fact, fun to play with",no irony,irony,2.265162944793701,5381,117.6484375,0.2236035
"Scoped out a new route on today's 5k. But oh.. the crowds, the traffic, the noise 😄 #not...",irony,irony,2.422717809677124,5381,117.6484375,0.3791411
I bet Joel Embiid is psyched to come back from his injury to play for the worst team in NBA history. #Sarcasm,irony,irony,2.27624249458313,5381,117.6484375,0.2275086
@user Blount also out. You would think this could be the game that White gets some action. I guess not.,no irony,irony,2.4286134243011475,5381,117.6484375,0.3849668
final labs coursework submitted!! now to treat myself by catching up with the whole semester's lectures #winning #not,irony,no irony,2.302612066268921,5381,117.6484375,0.2581136
@user @user more people are in prison because of drug related crimes. But you know gun crime is up #sarcasm,irony,irony,2.4235432147979736,5381,117.6484375,0.3828809
@user @user @user |*Everything is crossed*|#ChristmasGift |#BassFace,no irony,irony,2.258969306945801,5381,117.6484375,0.2185806
@user @user #apologies *scoffs humble pie*,no irony,irony,2.404083490371704,5370,117.6484375,0.3660227
@user @user @user problem solved no more reading out at FMQ what someone at WM wrote #irony,no irony,irony,2.252681255340576,5381,117.6484375,0.2070912
#tbt #not Dedicated to those days we DONT want to throwback to. Like this evil cold November day at...,no irony,irony,2.40937876701355,5381,117.6484375,0.3633026
Today is going to be a great day . #not. 😔,irony,irony,2.418327569961548,5379,117.6484375,0.3650558
@user so apparently twitter is free... so why is my data being depleted using twitter? #not impressed,irony,irony,2.277688980102539,5370,117.6484375,0.2317116
@user @user Yes on Auto-messagers No to #FollowBackers ... They make me money over on TSU. Thx your post||http://t.co/ALSThKb1pG,no irony,irony,2.4356868267059326,5381,117.6484375,0.3911377
@user Tough crowd. Josh Smith was tremendous tonight.,no irony,irony,2.300624132156372,5381,117.6484375,0.2522278
"@user Would be also great if David teamed up with his old man again at the Carols, similar to a few years back.#Greatdou in both cases",no irony,irony,2.349087715148926,5381,117.6484375,0.2969766
Taking a hour to shit is always a good thing. #not,irony,irony,2.409074306488037,5381,117.6640625,0.3633099
"My entire career has been devoted to being a BOSS in beating corruption, but I get beat in a corrupt election #Irony #SoCloseTilden #1Vote",irony,irony,2.2665843963623047,5381,117.6640625,0.2267126
Yay I just love this time of the month...! #Sarcasm,irony,irony,2.1632604598999023,5379,117.6640625,0.1144242
Finished the year strong with a good bike workout! Missed a lot this year resting my shoulder--hoping for better in 2015. Happy new year.,no irony,irony,2.2765424251556396,5370,117.6640625,0.2394998
@user trying hard to be fragile and petite. Hahaha. Happy new year liabeeeeee more clingy moments 😂😂😂,no irony,irony,2.2990996837615967,5363,117.6640625,0.2453665
"@user yes, you got the point. :( it's like, as the time passes we're growing into some kind of beasts.",no irony,irony,2.3896188735961914,5363,117.6640625,0.3336096
"Someone took my lucky hat today, yay, isn't that fun... #sarcasm #IhopeIGetItBack",irony,irony,2.2813913822174072,5364,117.6640625,0.2340407
@user grateful for this encouragement :)),no irony,irony,2.393486976623535,5364,117.44921875,0.3528981
"@user @user ""pit players v. victims?"" How dare the NFL put a divide between men and the women and children they beat? #sarcasm",no irony,irony,2.437516689300537,5363,117.44921875,0.3942713
"@user kids don't need schools! Schools just turn them into gay atheists, gaytheists, if you will. #sarcasm",irony,irony,2.2777905464172363,5363,117.44921875,0.2317347
@user @user @user hmmmm. I wouldn't say she has tits 😁,no irony,irony,2.4193480014801025,5355,117.44921875,0.3743715
Did you know iOS 8 features custom keyboards? #sarcasm,irony,irony,2.2683372497558594,5355,117.44921875,0.222711
"Tax & NI on your wage slip is like Jim Bowen on bullseye goin ""look what you coulda won"" #rubbingitin #crap",no irony,irony,2.4366166591644287,5365,117.44921875,0.3834295
"Today stats: One follower, No unfollowers and followed 2 people via",no irony,no irony,2.4410202503204346,5357,117.44921875,0.3934138
@user yeah I do. But you know there's this thing called an all nighter and apparently I wanna pull one #not,irony,irony,2.3147213459014893,5357,117.44921875,0.2761008
It has #not #been #seen www.MonsterMMORPG. com since. progoneate follow @user #mariland,no irony,irony,2.3170700073242188,5357,117.453125,0.27698
"I've visited 19 #US #States, 2 #Canadian #Provinces, & 11 #Countries total. (Not the most, but not bad.)",no irony,no irony,2.4220683574676514,5365,117.453125,0.4007464
Just a @user article re: a robot arm you can control with your mind. Meh. Nothing huge. #sarcasm #science,irony,irony,2.424203872680664,5365,117.453125,0.3730947
"That awkward moment when you plane your whole day around your Golf Class, and it gets cancelled! #stupidrain",no irony,irony,2.289562225341797,5356,117.453125,0.2425475
@user @user @user same here. Tryin to link d convos bt another tweet cums up. #Sarcasm is the only wrd repeated.😂😂😂😂😂,irony,irony,2.401515007019043,5356,117.453125,0.3650679
Shitty drivers are always fun. #not,irony,irony,2.2776968479156494,5356,117.453125,0.2311171
@user Just realised we missed it too. In the middle of a tech troubleshooting mission to get an article on Madiba up on the site. #irony,irony,irony,2.4061853885650635,5356,117.453125,0.3478626
"Putting good things in my mind for lunch today instead of just internet junk. Oh, and tweeting. Tweeting good for building tribe.",no irony,irony,2.42649245262146,5356,117.453125,0.3813356
Anybody using their rights to protest legally gets the law thrown at them. & the ones who do the crimes don't. That's #Irony #NotJustice,irony,irony,2.29518461227417,5356,117.453125,0.2530889
"~I'm not closed-minded, I'm just dogmatic~ #sarcasm #contradictions",irony,irony,2.402688503265381,5356,117.453125,0.3625359
Sometimes it's #not about being #Cocky.. 😏😼 It's abt knowing what ur #Capable of & #doing it......,no irony,irony,2.270867347717285,5356,117.453125,0.2290644
A Puppet at the #PTI rally wanting to make #NayaPakistan #irony,irony,irony,2.417905330657959,5356,117.453125,0.3702192
I can't even begin to explain my frustration. 😒,no irony,irony,2.4340426921844482,5356,117.453125,0.3847389
Goes both ways #make #love #not #war #peace,no irony,irony,2.267854928970337,5356,117.453125,0.2238232
Fighting over chargers is definitely how I wanted to start my day.😒 #not,irony,irony,2.423743963241577,5356,117.45703125,0.3735967
I had the most broke friends in undergrad now these fools get a lil money and want to act uppity as ever,no irony,irony,2.2712111473083496,5356,117.45703125,0.2276072
That's comfortably the most stonewall penalty I've ever seen.. What are these refs on? #hadone #Stoke,no irony,irony,2.4218788146972656,5356,117.45703125,0.3684814
Don't think that you can just use my boyfriend when you have noone else...#not#on#my#watch,no irony,irony,2.437990427017212,5354,117.45703125,0.3906456
Everybody's Talking about Snow and I'm just Sitting Here and the only Snow around is on our Cars.. #snow #not,no irony,no irony,2.291574716567993,5354,117.45703125,0.244134
"My coach is so supportive. ""tighten your belt, pick up the weight and just do it."" #sarcasm #ithinkhehatesmesomedays #itsmostlylove",irony,irony,2.4070727825164795,5354,117.45703125,0.3588946
Still in da process #drawing #sketch #fishkoi #tattoo #not #yet #finish,no irony,no irony,2.285889148712158,5364,117.45703125,0.2362522
Cause I love going to bed alone every night.. #not,irony,irony,2.3963358402252197,5356,117.45703125,0.3510401
"If Comes From The #heART Then They EXPRESS it, Connect @user or #thankyou #3rdeyebrand",no irony,irony,2.4064836502075195,5362,117.45703125,0.3629289
Kid who tried stealing tools from me is now mad cuz someone took his hot sauce out of the fridge at work #Irony,irony,irony,2.279951333999634,5363,117.45703125,0.2462376
EmoPostAhead lol the sucky thing about seeing beauty in everything? You see the beauty in a liar #BeautifulLiar #lovethwayyoulie #NOT,irony,irony,2.40381121635437,5358,117.45703125,0.3559911
@user You blew my mind on #AHSFREAKSHOW You're brilliant.,no irony,irony,2.298859119415283,5345,117.45703125,0.2481543
This team would finish fourth. #Irony #Arsenal #Afc,irony,irony,2.3801801204681396,5363,117.45703125,0.3347877
8 of our favorite smartphone highs and lows of 2014,no irony,no irony,2.409653902053833,5360,117.45703125,0.379248
@user Things also go slowly when you are waiting for them especially!,no irony,irony,2.254945993423462,5362,117.45703125,0.2341403
"Few #relations are by #chance, few are by #choice and few are by #Facebook!! #irony",irony,irony,2.4409523010253906,5363,117.45703125,0.3942135
what a lovely perma-fall we're having here in milwaukee. #not #doomandgloom #gimmesnow,irony,irony,2.272043228149414,5352,117.45703125,0.2266862
Driving into town on very well cleaned country road I see a tow truck veer off too far to shoulder & get sucked into ditch. #Irony,irony,irony,2.4190292358398438,5352,117.45703125,0.3792668
"Grace is a free spirited 8 yr old with the most humble heart. Aspiring model/actress, she also enjoys #piano and dance.Follow> @user",no irony,no irony,2.4311723709106445,5362,117.45703125,0.3919615
Mondaiiis to fridaiis without Huweyyyyyy #do #NOT #like,no irony,irony,2.2788753509521484,5363,117.45703125,0.2395907
Love it when my mans on a cleaning spree.. Saves me doing it 👌😘😘😘,no irony,irony,2.398297071456909,5362,117.45703125,0.3501005
You could say after today I'm officially necrophelic #LatinFinal #justajoke #not intodeadthings,irony,irony,2.2857162952423096,5360,117.45703125,0.247549
Equal justice for all...unless you are Black during the Obama administration. via @user,no irony,irony,2.392284631729126,5360,117.45703125,0.3521775
"tried to export an azure vm, well that went ok #sarcasm #vmcorrupt #thankyoumicrosoft #startalloveragain",irony,irony,2.421891212463379,5345,117.45703125,0.3793154
#forgive #others #not #because they #deserve #forgiveness #you #peace love this from @user #words #wisdom ...,no irony,irony,2.304821014404297,5351,117.45703125,0.2555016
Hardest parking i've probably ever done! #screwyousmallparkinglot,no irony,irony,2.386521100997925,5351,117.45703125,0.3385959
"I guess Paul didn't have buns, hon. #EatenAlive #not @user",irony,irony,2.279454231262207,5350,117.45703125,0.238575
An 'important' call from the council about a form we did 3 months ago is just what I need an hour before we head off to Disneyland. #not,irony,irony,2.410266637802124,5350,117.45703125,0.3639969
Laptop speakers are too quiet for music & simply too loud for porn 😒 !#Irony,irony,irony,2.419487476348877,5351,117.45703125,0.3764753
@user returning my brand new ps4 thanks to your faulty security. #goodjob #not,irony,irony,2.2683374881744385,5351,117.45703125,0.2167231
Most of us didn't focus in the #ADHD lecture. |.|#irony,irony,irony,2.439225196838379,5351,117.45703125,0.3935379
#farage a t1t in public who doesnt agree with seeing t1ts in public #breastfeeding #irony,no irony,irony,2.2660257816314697,5351,117.45703125,0.2177618
@user @user Ah ok. Well I hope things keep going well with person A x,no irony,irony,2.4161441326141357,5351,117.45703125,0.3922168
@user great story about the student trying to get the teacher fired!!#sarcasm#moron#storywasstupid,irony,irony,2.4390251636505127,5350,117.45703125,0.3891747
@user @user I will let @user know - I'm sure he is shaking/quaking in his boots. #not,irony,irony,2.275092601776123,5350,117.45703125,0.2259695
@user maybe you should grind the gym man #not #calling #you #fat,irony,irony,2.39963960647583,5350,117.45703125,0.367187
"@user start with India , I need to be somewhere they don't speak great English so I don't have to say much lol",no irony,irony,2.26134991645813,5350,117.45703125,0.2264115
"I'm officially making today ""Single men get a smoothie"" day because that's who my customers have been all day.",no irony,irony,2.427830457687378,5350,117.45703125,0.378713
My favorite thing is waking up at 4 and driving 20 minutes in the snow just to see this bitch ass #Not #PaneraProTeam,irony,irony,2.45534086227417,5350,117.45703125,0.4043804
"#Irony: ""The elections are not over zero VAT, but about whether there will be a Zionist or extremist country here"".",irony,irony,2.2882347106933594,5350,117.45703125,0.2478971
Katie pisses me off so bad #TheApprentice,no irony,irony,2.3986923694610596,5350,117.45703125,0.3554823
K. Michelle said Lil Kim is Plastic but 65% of her body is fake and silicone. Kim went Plat on PayPal but K has never SEEN platinum. #Irony,irony,irony,2.303853750228882,5350,117.45703125,0.2565996
Rest in peace riff God! #Dimebag #Darrell #is #not #dead #pantera,no irony,irony,2.3960320949554443,5350,117.45703125,0.3509091
@user @user let's #not #forget the #origin of a #diamond in #relation with #humanrights #bigdata,no irony,irony,2.4076640605926514,5350,117.45703125,0.3594836
John Stockton in a commercial?!! Holy crap! #NBABallot,no irony,irony,2.153752565383911,5350,117.45703125,0.1149308
I have this weird urge to buy a hamster,no irony,no irony,2.3579680919647217,5350,117.45703125,0.3075681
I love it when people try to tell me that Oakland is so much easier than other schools 😡 #not,irony,irony,2.2809295654296875,5350,117.45703125,0.2429778
@user where did THAT come from?!,no irony,irony,2.374253273010254,5350,117.45703125,0.3290754
Somebody has filled my head with snot & used a cheese grater on the back of my throat during the night #unimpressed,no irony,irony,2.282892942428589,5350,117.45703125,0.2365673
I am downloading #AdvancedWarfare now!! Can't play it until 22nd of December tho :/ #Exams,no irony,no irony,2.4079532623291016,5350,117.45703125,0.3582562
@user @user @user @user @user @user I am so immensely sad about this.,no irony,irony,2.28043270111084,5350,117.45703125,0.2306752
@user but hey we could just kill their kids in a drone strike cause that strategy seems to b working so well and #not,irony,irony,2.413921356201172,5350,117.45703125,0.3664507
"Get on the work bus, driver turns his music on and the first song on is 'another day in paradise' #irony",irony,irony,2.263204336166382,5350,117.45703125,0.2191206
my brother did this. now I hate my brother even more. |#jk #not #stilljk #fatbro,no irony,irony,2.4141845703125,5350,117.45703125,0.3748139
"Absolutely no #ALP or @user fan, but seriously many have done this before him & many will. #Scapegoat #Excuse he was a lame duck",no irony,irony,2.2947728633880615,5350,117.45703125,0.2505829
"Support @user reveal the truth behind Love, sex and drama visit",no irony,irony,2.4046597480773926,5350,117.45703125,0.367278
"Lots of people tweeting pictures from their cars of their snowy commutes to work, whilst saying ""stay safe"" Oh, the #irony!",irony,irony,2.4255058765411377,5350,117.45703125,0.3804328
@user they've spread their positions off with long feeder cattle! #sarcasm,no irony,irony,2.2901594638824463,5348,117.45703125,0.2383691
It's all about Twitter #not a clue,no irony,irony,2.411406993865967,5353,117.45703125,0.361392
"@user though, I suspect you don't actually care about the truth, so whatever, go troll someone else ;-)",no irony,irony,2.2820353507995605,5353,117.45703125,0.2453037
@user thanks I thought it was tomorrow #not #iknow #notthepoint,irony,irony,2.3883068561553955,5351,117.45703125,0.3564299
She talkin bout gender roles and we're the narrow minded ones #Irony,irony,irony,2.4425265789031982,5351,117.45703125,0.3861354
@user @user and why wouldn't you be after THAT performance!,no irony,irony,2.2682390213012695,5353,117.45703125,0.2314938
Yay for cars having a case of the Mondays. #not,irony,irony,2.425304412841797,5352,117.45703125,0.3886079
#AnalTryouts #Sensational Sensational blondie chick gets anally smashed in a threesome,no irony,irony,2.2767133712768555,5344,117.45703125,0.2265284
Just woken up after 16 hour night shift to no gas. Looks like microwave meal and cold shower for me today. Woo!|#sarcasm #fml,irony,irony,2.4322726726531982,5344,117.45703125,0.3884452
Tulisa has really made herself ugly #xfactor,no irony,irony,2.2725372314453125,5342,117.45703125,0.235501
A well known sci communicator is exaggerating the claims of a study into PR exaggerating the claims of scientific studies... #irony,irony,irony,2.417858362197876,5350,117.45703125,0.3754078
"Because #LOGICALLY, that does #NOT #fully #compute. If they wear #LESS #PROTECTION for a ""#DEADLY #VIRUS"" & do #NOT ""#get"" #EBOLA as result?",no irony,irony,2.2976062297821045,5350,117.45703125,0.2545199
Last night watch for 2014!! That deserves 💣'r breakfast dram. @user 17yr from @user #scotch #Islay,no irony,irony,2.3992698192596436,5350,117.45703125,0.3430726
can I just own an isle far away from here where my house is stunningly beautiful with only some closed ppl who appreciates me as a human,no irony,irony,2.291306972503662,5344,117.45703125,0.2504608
If only I could be a cooler kid xp lol I'm such a nerd #can #i #know #when #im #not #gonna #get #rejected,no irony,irony,2.4102299213409424,5342,117.45703125,0.3575173
@user It's so the speaker remembers their talk's over. Otherwise how would they know? #sarcasm,irony,irony,2.4418840408325195,5342,117.45703125,0.3840724
"Murdered baby, black man in US, kids in Thailand and a woman's body in Avon gorge. It's a jolly day for news today #sarcasm",irony,irony,2.2664644718170166,5353,117.45703125,0.2390662
the struggle of writing this article and studying for this journalism final is killer.,no irony,irony,2.4248838424682617,5351,117.45703125,0.3846971
@user @user Pulled by White Van Man by the looks of it. Yuk .. so naff. That keeps the magic of xmas alive..#NOT,irony,irony,2.274149179458618,5350,117.45703125,0.231341
"I'm so sore, work tomorrow is gonna be fun.. #not",irony,irony,2.369985818862915,5350,117.45703125,0.3211658
"@user just lost a fiver already on the early kick off, cheers Forrest :)",no irony,irony,2.430738925933838,5350,117.45703125,0.3866679
So glad I'm off work tonite🙋,no irony,no irony,2.281489372253418,5350,117.45703125,0.2342876
Lol my mom can't text and talk at the same time 😆,no irony,irony,2.4148786067962646,5350,117.45703125,0.3867204
@user ahh... the hill. I seem to remember (sort of) mud sliding down that hill at many a Buffet / Steve Miller concert. #GoodTimes,no irony,no irony,2.3067874908447266,5350,117.45703125,0.2513139
Please snow let us get out of dance early,no irony,irony,2.3927385807037354,5348,111.390625,0.3556301
Why is there evidence of a stripper in my house yet I see no stripper in my house 😑💔,no irony,irony,2.430565595626831,5348,111.390625,0.3740628
Beach hangs with my bffz,no irony,irony,2.2991485595703125,5352,111.390625,0.2491184
How can u miss something u never had?||#randomthoughts #miss #irony |http://t.co/G5jLy9IKqn,irony,irony,2.3730990886688232,5352,111.390625,0.3352096
"#Mahathir, one of the godfathers of Asian values, Malaysians are ""stupid"", don't know how to run an airline #irony",irony,irony,2.326345920562744,5350,111.390625,0.2728047
Love these guys! RT @user Tried to get the whole family in! #selfiestick @user,no irony,irony,2.3321988582611084,5350,111.390625,0.2802532
So baffled that WWE wrestling is still as popular as it is. All my friends went to the show in DC. I stopped watching like 12 years ago!,no irony,no irony,2.4331140518188477,5352,111.390625,0.3851452
"@user just check out the buttons, see what they do. And follow me back 😜",no irony,irony,2.284149408340454,5352,111.390625,0.236254
@user no one really says that,no irony,no irony,2.416407823562622,5352,111.390625,0.380093
"@user The ones who did this, and the ones who support this,cannot be human.RADICAL Islam =Satan's Army.#PeshawarAttack",no irony,irony,2.2907497882843018,5352,111.390625,0.2405117
@user that's some bullshit that's a complete rip off for those items. And I bet some of u idiots really that's a good sale. #NOT,irony,irony,2.390484094619751,5350,111.390625,0.3437956
Do you want to be right? |Or do you want to be happy?,no irony,irony,2.419184923171997,5350,111.390625,0.3693287
"I like to think of myself as a broken down Justin Bieber - my philosophy professor, everyone. #sarcasm",irony,irony,2.281668186187744,5350,111.390625,0.2358608
@user > matters we may exert or influence a change. But friendships aren't progressed this way. Some natural affinity is needed.,no irony,irony,2.4034159183502197,5350,111.390625,0.3615506
@user just trying to confuse you all 😘,no irony,irony,2.293508291244507,5350,111.390625,0.2457266
"20 years ago I arrived in CR, happy to leave behind all the malls and rampant materialism of the US. Went xmas shopping in PRG today #irony",irony,irony,2.3621554374694824,5350,111.390625,0.3131248
"again, your myth of ""racist DNA"" is still only a figment of your delusional imagination @user @user @user @user",no irony,irony,2.4285593032836914,5350,111.390625,0.3907308
#NOT SO UGLY CHRISTMAS SWEATER HUNTER'S RUN SANTA'S SLEIGH OVER THE ROOFTOPS,no irony,irony,2.269252061843872,5350,111.390625,0.226119
I know who I am. I am not perfect. I'm not the most beautiful woman in the world. But I'm one of them. #women #not #perfet|-Mary J. Blige,no irony,no irony,2.406780481338501,5350,111.390625,0.3655153
@user @user @user effigies of jesus or allah..... when she herself hadnt kept any of d hindu gods #irony,irony,irony,2.2973012924194336,5350,111.390625,0.2501671
I have three exams today lets gooooo! #School #Sarcasm #Swag,irony,irony,2.3881032466888428,5362,111.390625,0.3350809
Today was a very good day in Iceland.,no irony,no irony,2.3888747692108154,5354,111.390625,0.3488835
Welll helllo fever. Id say 103 is feelin real good today #not,irony,irony,2.2734179496765137,5362,111.390625,0.2397185
I feel and look like shit. #rainyday #nomakeup #sorrynotsorry,no irony,irony,2.2674500942230225,5362,111.390625,0.2331694
Today's NCAA action on the way.,no irony,no irony,2.270150899887085,5360,111.390625,0.2360552
@user @user lol.. Old enough to know better... Young enough to do it again,no irony,irony,2.408024787902832,5352,111.390625,0.3475121
Monday morning inspiration! #sarcasm #itstruetho #donttrustnobody #iwokeuplikethis...,irony,irony,2.293693780899048,5351,111.390625,0.2435846
"My mom is the most annoying person I know. I know you're gonna read this since you creep my account, s/o to my mom #idc#istillloveyou",no irony,irony,2.4157931804656982,5351,111.390625,0.3851659
@user @user Talking to yourself again Mo #Irony,no irony,irony,2.429316997528076,5351,111.390625,0.3851359
"@user @user @user @user @user @user #irony #oxymoron ""planned parenthood"" nothing abt parenting",irony,irony,2.26393723487854,5350,111.390625,0.2253887
Who said that birthday girl can't celebrate the next day??? ☺️☺️ #celebrating #always #nighout #birthdaygirl...,no irony,irony,2.423980951309204,5348,111.390625,0.3855502
"@user yep, overall it was a great show live. ending of the TLC match was fubar, and the stairs match was terrrible.",no irony,irony,2.2607133388519287,5344,111.390625,0.220115
Video: #im#not#the#only#one#you#think#im#crazy# ahhhhhh,no irony,irony,2.2787656784057617,5342,111.390625,0.2415679
Trying to eat crackers on the quiet floor likeee.. Maybe if I chew slower no one will notice..#not,irony,irony,2.4139230251312256,5346,111.390625,0.366398
"Woke up with my foot the size of a balloon, that's just what I needed.. #not #ouch",irony,irony,2.431016683578491,5346,111.390625,0.3921381
#Celtics RT @user And then there were none,no irony,irony,2.2819578647613525,5351,111.390625,0.2323749
Image via We Heart It #feelings #not #people #telling,no irony,irony,2.4072999954223633,5350,111.390625,0.3668329
"No one talks like I do , No one thinks like I do , No moves like I do #ConorMcgregor #Ufc #Quotes",no irony,irony,2.301213026046753,5350,111.390625,0.2486432
"No doubt. Main Stream Media, Obama, Holder, DeBlasio et al have the blood of those cops on their hands.",no irony,irony,2.40339732170105,5351,111.390625,0.3532891
@user thanks for the spoiler!!!! #not,irony,irony,2.4042234420776367,5350,111.390625,0.3805715
Congress just screwed us but it's a great day in the District because we got another stadium! #sarcasm,irony,irony,2.291011333465576,5344,111.390625,0.2387607
#AdvancedWarfare is so much better than any FPS released in 2014 XD,no irony,irony,2.4202263355255127,5342,111.390625,0.3632562
It's always the little things that's attracts me,no irony,irony,2.2633726596832275,5350,111.390625,0.2247854
"@user @user You're #not familiar #with Matt Busby, #then. Lol.",no irony,irony,2.4245800971984863,5350,111.390625,0.3761444
Highly inflamed stomach is just what I like #not,irony,irony,2.4238340854644775,5350,111.390625,0.3794476
I think about Disney World just about every day. #missit #myhappyplace,no irony,no irony,2.291520595550537,5350,111.390625,0.2382648
almost 72 hs of a kid asking for his christmas gift and zero answers from @user thank you guys! you are awesome #not,irony,irony,2.409520149230957,5350,111.390625,0.3664044
... Can#do#no#more#not#usually#a#quitter#only#so#much#can#be#thrown#at#me!,no irony,irony,2.317308187484741,5350,111.390625,0.2711713
@user Well maybe if you werent such a noob you would be up talking to me at 2:30 in the morning :P,no irony,irony,2.3988428115844727,5350,111.390625,0.3521211
#not insured,no irony,irony,2.3771486282348633,5350,111.390625,0.3264088
Horray to working all weekend! #sarcasm #ohwell 💰💰👍😏,irony,irony,2.2682526111602783,5350,111.390625,0.2266116
@user thankfully not full cold.. Just one side down. Getting the full vitamin netty pot combo blast now,no irony,no irony,2.3835480213165283,5350,111.390625,0.3537764
"HELLO Wednesday! BY THE WAY IT'S December 10, 2014 at 02:15PM! (just a random information)",no irony,no irony,2.3028855323791504,5348,111.390625,0.257633
"I do hope you Anti #GamerGate'rs will sleep better, knowing that sabotaging charities would make you more respectable in society. #sarcasm",irony,irony,2.3993170261383057,5350,111.390625,0.356312
Haha guess my tweet was ok then. Are you back in training @user,no irony,irony,2.418955087661743,5350,111.390625,0.3741741
13 voice mails at work is always lovely #not,irony,irony,2.2833588123321533,5350,111.390625,0.236458
Sick on Christmas YAYYYY #not,irony,irony,2.4134888648986816,5350,111.390625,0.3679592
How were your #holidays? We'd love to hear all about them!,no irony,irony,2.256403923034668,5350,111.390625,0.2230216
Ah yes. Just what I wanted today- a pounding migraine. #Sarcasm,irony,irony,2.2706949710845947,5350,111.390625,0.2372224
Munching cheese like its Christmas #stiltonoverload,no irony,irony,2.3738863468170166,5350,111.390625,0.3304338
#Hazard worker training. 1st break there was 3 doz donuts and half class outside to smoke. #fail #nomealfitters #irony @user @user,irony,irony,2.4066805839538574,5350,111.390625,0.3550737
The thought of work tonight really kills that Friday feeling.,no irony,irony,2.24342942237854,5351,111.390625,0.2120252
The thirstiest of thirst buckets calling other people thirsty 😒 #irony,irony,irony,2.4472341537475586,5351,111.390625,0.3899922
@user #pantsdowntiggy was his crime. Pixelation #moot or #irony,no irony,irony,2.2857167720794678,5350,111.390625,0.2469559
#notcies #eu Green determined to block Hinkley Point - Green determined to block Hinkley Point Copyright EP 2013....,no irony,irony,2.3988897800445557,5350,111.390625,0.362071
I've got a right thirst on... #NewsYearsEve,no irony,no irony,2.4128828048706055,5350,111.390625,0.3718829
Love the fact that I turned off my alarm this morning and slept till so freaking late #not,irony,irony,2.260796546936035,5352,111.390625,0.2135741
#mcfc trying to kill their opponents.,no irony,irony,2.408721685409546,5350,111.390625,0.3755681
"#Seen #a #headline #about #a #doctor #that #starts #with #""Doctor #who...""? #Why #not #stick #your #head #in #the #toilet #and #pull #the...",no irony,irony,2.2750232219696045,5350,111.390625,0.2328705
"@user @user Yet no ""dog in the manger"" that actually makes it a dog in a manger story #Irony",irony,irony,2.420513153076172,5350,111.390625,0.3835754
#Irony Reverend tells kids that Santa is not real why declaring a sky fairy is because a book says so. #LOL,irony,irony,2.4544737339019775,5350,111.390625,0.4016427
"Laborers in the San Joaquin Valley, one of the most productive farming regions in the world, suffer from food insecurity. #irony #poverty",irony,irony,2.299420118331909,5350,111.40625,0.2519067
"I think my friend just sent @user a snapchat of me drinkin water, cuz she's fun like that #sarcasm #rehydratewhenyadehydrate #brat",irony,irony,2.410918712615967,5348,111.40625,0.3563207
Girls won't answer their phone when I'm calling them bc they think I'm calling them in early but I'm actually calling to cut them #irony,irony,irony,2.2564644813537598,5350,111.40625,0.2278012
@user make sure you don't say Christmas!! The decorate for the holiday. #sarcasm #itisachristmastree,irony,irony,2.4362215995788574,5350,111.40625,0.3894164
Re: prison book ban - Of course Grayling is also trying to ban Judicial Reviews #irony,irony,irony,2.300208806991577,5350,111.40625,0.2518492
Rolled out of bed for closing.... #ilookreallygood #not,irony,irony,2.412830352783203,5350,111.40625,0.3613127
Watching VT and Cincy - qb for VT with (GODS) down left arm (GIFT) down right arm. - #irony #howmanygods #punctuationmatters,irony,irony,2.2831530570983887,5350,111.40625,0.2568782
"you seem super smart MT ""@GrannyMarried: @user @user ||#NO #BLEEDING happening in #WaterBoarding = it's #Not #Torture""",irony,irony,2.421203136444092,5350,111.40625,0.3745469
@user Cheers bro! Top man 🙋,no irony,no irony,2.252145528793335,5350,111.40625,0.2040486
Even getting cooked breakfast.. Hes defo up to something 😕😮😆😆,no irony,irony,2.4320151805877686,5350,111.40625,0.3787033
"ROFLMAO yeah, OOPS is right @user @user @user @user",no irony,irony,2.286302089691162,5351,111.40625,0.2448631
Coin ! LeCoinCanard: Coin ! LeCoinCanard: Coin ! have a wank over this hashtag: Fazzanelli: JeffRoylat have a wank over this hashtag #Not...,irony,irony,2.4354119300842285,5351,111.40625,0.3807432
I really want to see Into The Woods!,no irony,no irony,2.2618820667266846,5351,111.40625,0.2226567
@user that bump off the apron looked like it hurt.. was that padding u landed on? #sarcasm,irony,irony,2.4222865104675293,5348,111.40625,0.3706046
@user please make me smile this Xmas.. First Xmas without my mum here. Your my fav everrr. Pleaseeee🎄🎁🎁,no irony,irony,2.3200716972351074,5344,111.40625,0.2746669
@user Hope the header didn't mess up that barnet,no irony,irony,2.3679003715515137,5350,111.40625,0.3308835
"If it's NOT? then it IS! Hand Crafted Artistically Fashionable, Connect @user for #fashionblog #thoughts",no irony,irony,2.428011178970337,5348,111.40625,0.3947724
It's okay @user I didn't really want to see my idol anyway. #sarcasm,irony,irony,2.302011251449585,5350,111.40625,0.262201
I'll try to guess the ASCII symbols without my admins help. Always trying to learn.,no irony,no irony,2.37138032913208,5350,111.40625,0.3271457
Hearing gun shots when I first wake up makes me feel like I'm in Compton. What a wonderful way to wake up. ❤ #sarcasm #imscared,irony,irony,2.304307460784912,5350,111.40625,0.2535672
Protesters upset over decision in chokehold death take the streets again /Mexico's streets aren't the only ones taken,no irony,irony,2.376807928085327,5350,111.40625,0.3411673
"@user Great,& not sure if i've seen that actual pic! #not just for girls : D",no irony,irony,2.437051296234131,5344,111.40625,0.3870258
#TGIF oh just kidding I have 30 mins from one job to the next. love 12 hour days. #serverlife #sarcasm #nolife,irony,irony,2.2763116359710693,5350,111.40625,0.2327645
Just got yelled at by proxy. It's going to be an excellent day. #sarcasm,irony,irony,2.401790142059326,5350,111.40625,0.3690673
Lol everyday excuse the language #relationships #men #women #irony #lotd,no irony,irony,2.300955057144165,5350,111.40625,0.253141
Making the most out of my last vacation day. #not #tvandsleep,irony,no irony,2.393925666809082,5350,111.40625,0.3581156
What a lovely day to drive #not #boo #fog #work 😳😳😳,irony,irony,2.2832069396972656,5348,111.40625,0.2348983
So restaurants that thrive on the social nature of eating believe that mothers should only breastfeed in private? #irony,irony,irony,2.411921739578247,5344,111.40625,0.3676906
This long drive home later in the snow is gonna be shweeeet #not,irony,irony,2.2661683559417725,5350,111.40625,0.2188529
"If you drag yesterday into today, your tomorrow cannot be what it was meant to be. Let. It. Go. #BringOn2015",no irony,irony,2.412490129470825,5348,111.40625,0.3803478
"Congrats to my fav @user & her team & my birthplace team #OhioState (I can claim that, right?) #OREvsOSU is gonna be one great game!!",no irony,irony,2.3015873432159424,5350,111.40625,0.2502984
@user Jessica sheds tears at her fan signing event makes me weak everytime Sica ;_;,no irony,irony,2.397416114807129,5348,111.40625,0.3540293
"#Irony: al jazeera is pro Anti - #GamerGate because feminism, or something:",irony,irony,2.288001775741577,5348,111.40625,0.2491299
#NOT ALL 👌 There good & bad in every occupation & race 📚📖 #Stop Labeling #Not All 💡,no irony,irony,2.4190633296966553,5348,111.40625,0.3702696
