text,label,prediction,response_time,vram_usage,ram_usage,total_time
"Dogged Federer claims Dubai crown World number one Roger Federer added the Dubai Championship trophy to his long list of successes - but not before he was given a test by Ivan Ljubicic. Top seed Federer looked to be on course for a easy victory when he thumped the eighth seed 6-1 in the first set. But Ljubicic, who beat Tim Henman in the last eight, dug deep to secure the second set after a tense tiebreak. Swiss star Federer was not about to lose his cool, though, turning on the style to win the deciding set 6-3. The match was a re-run of last week's final at the World Indoor Tournament in Rotterdam, where Federer triumphed, but not until Ljubicic had stretched him all the way. ""I really wanted to get off to a good start this time, and I did, and I could really play with confidence while he still looking for his rhythm,"" Federer said. ""That took me all the way through to 6-1 3-1 0-30 on his serve and I almost ran away with it. But he came back, and that was a good effort on his side."" Ljubicic was at a loss to explain his poor showing in the first set. ""I didn't start badly, but then suddenly I felt like my racket was loose and the balls were flying a little bit too much. And with Roger, if you relax for a second it just goes very quick,"" he said. ""After those first three games it was no match at all. I don't know, it was really weird. I was playing really well the whole year, and then suddenly I found myself in trouble just to put the ball in the court."" But despite his defeat, the world number 14 was pleased with his overall performance. ""I had a chance in the third, and for me it's really positive to twice in two weeks have a chance against Roger to win the match. ""It's an absolutely great boost to my confidence that I'm up there and belong with top-class players.""",sport,sport,10.770058870315552,5242,120.453125,8.7204788
"UK troops on Ivory Coast standby Downing Street has confirmed British troops are on standby in case they need to help evacuate several hundred UK citizens from Ivory Coast. The news came as it emerged France had begun evacuating its hostages after days of anti-French demonstrations. Trouble flared after nine French peacekeepers were killed and President Jacques Chirac ordered the destruction of the Ivory Coast's air force. A company of 100-120 UK troops is understood to have been put on standby. They are ready to fly out and secure the route from the embassy to the airport if called upon. Prime Minister Tony Blair's official spokesman said: ""There are British nationals in Ivory Coast and as you can imagine we are making the usual contingency plans in case the situation deteriorates further, but that's all I can say at this stage."" He added the situation would be monitored carefully in case evacuation became necessary. France has played a lead role in international peacekeeping in Ivory Coast - a former colony - after President Laurent Gbagbo broke an 18-month ceasefire with rebels bombing their positions and killing the nine French soldiers. The decision to destroy the African nation's small air force prompted riots against French and other foreign nationals. The Spanish have already put their forces on standby to evacuate their nationals if necessary.",politics,politics,2.3384828567504883,5236,124.7265625,0.2839142
"Keanu Reeves given Hollywood star Actor Keanu Reeves, best known for his role in the Matrix movies, has been awarded a star on the prestigious Hollywood Walk of Fame. The 40-year-old attended the unveiling of the star with his mother, Patricia, and thanked her for inspiring him to become an actor. ""When I was 15 years old I asked my mom if it was OK to be an actor,"" Reeves said. ""She said: 'Whatever you want'."" His star is the 2,277th to be embedded in the pavement on Hollywood Boulevard. The actor, who was born in the Lebanese capital Beirut, also spoke of how he dropped out of school to pursue an acting career. ""Hollywood was calling,"" he said, ""So I got in my car, a 1969 British racing green Volvo with holes in the floor and bricks holding up the seats. I was a young man full of hopes and dreams."" Reeves first found fame in the teen comedy Bill and Ted's Excellent Adventure, and went on to combine such blockbusters as Speed, The Devil's Advocate and the Matrix series, with smaller films including My Own Private Idaho. More recently he was seen in Something's Gotta Give alongside Jack Nicholson and Diane Keaton. His next film, the supernatural thriller Constantine, is released in the US later this month and opens in the UK in March.",entertainment,entertainment,2.378965377807617,5238,125.78515625,0.3394771
"Classy Henman makes winning start Tim Henman opened his 2005 campaign with a 6-1 7-5 victory over Argentine David Nalbandian at the Kooyong Classic exhibition tournament on Wednesday. The British number one will next play Roger Federer at the Australian Open warm-up event on Friday. The world number one beat Gaston Gaudio 5-7 6-1 6-4, before Andre Agassi saw off Chilean Olympic gold medalist Nicolas Massu 6-1 7-6 (7-4). Andy Roddick beat Ivan Ljubicic, who replaced Paradorn Srichaphan, 6-1 6-4. Henman made an impressive start to the year, only faltering against Nalbandian when serving for the match at 5-4. But the Briton regained his composure to win the next two games for only his second win in six matches against the Argentine. ""It's a great start to the year - just what I was looking for,"" Henman told his website. ""Over the years I've found David very difficult to play against. ""He returns serve very well and he's deceptively effective from the baseline, so sometimes it can be difficult to execute my gameplan well enough against him to get the right result. ""Beating somebody of his stature is always good for the confidence and it bodes well at the beginning of the year."" Henman also revealed the extent of the back problems he suffered in the off-season. ""I'm not the most flexible and at the end of the year I was pretty exhausted and wanted to have a couple of weeks where I didn't do anything,"" said Henman. ""When I started training again it really, really seized up. As much as I enjoyed the two weeks off I don't think it's so productive."" Federer dropped a tight first set against 2004 French Open champion Gaudio, but was content with his game. ""It was about getting used to the surface,"" he said. ""The conditions are much quicker than Doha, my timing was OK, but I could have served better. ""All in all I'm happy with the match, and I won it - that's a good sign. Now I have a day off and hopefully play better the next match."" Agassi was delighted with victory over Massu in his first match for over two months. ""I felt pretty good,"" said the American. ""I liked the way the match played out and, maybe excluding a few second serve returns, I felt like I was doing most things pretty darn well for the first match.""",sport,sport,2.43896484375,5231,125.8671875,0.3918502
"Mixed reaction to Man Utd offer Shares in Manchester United were up over 5% by noon on Monday following a new offer from Malcolm Glazer. The board of Man Utd is expected to meet early this week to discuss the latest proposal from the US tycoon that values the club at £800m ($1.5bn). Manchester United revealed on Sunday that it had received a detailed proposal from Mr Glazer. A senior source at the club told the BBC: ""This time it's different"". The board is obliged to consider this deal. But the Man Utd supporters club urged the club to reject the new deal. Manchester United past and present footballers Eric Cantona and Ole Gunnar Solskjaer, and club manager Sir Alex Ferguson, have lent their backing to the supporters' group, Shareholders United. They have all spoken out against the bid. A spokesman for the supporters club said: ""I can't see any difference (compared to Mr Glazer's previous proposals) other than £200m less debt. ""He isn't bringing any money into the club; he'll use our money to buy it."" Mr Glazer's latest move is being led by Mr Glazer's two sons, Avi and Joel, according to the Financial Times. A proposal was received by David Gill, United's chief executive, at the end of last week, pitched at about 300p a share. David Cummings, head of UK equities for Standard Life Investments, said he believed a ""well funded"" 300p a share bid would be enough for Mr Glazer to take control of the club. ""I do not think there is anything that Manchester United fans can do about it,"" he told the BBC. ""They can complain about it but it is curtains for them. They may not want him but they are going to get him."" The US tycoon, who has been wooing the club for the last 12 months, has approached the United board with ""detailed proposals"", it has confirmed. Mr Glazer, who owns the Tampa Bay Buccaneers team, hopes this will lead to a formal bid being accepted. He is believed to have increased the amount of equity in the new proposal, though it is not clear by how much. For his proposal to succeed, he needs the support of United's largest shareholders, the Irish horseracing tycoons JP McManus and John Magnier. They own 29% of United through their Cubic Expression investment vehicle. Mr Glazer and his family hold a stake of 28.1%. But it is not yet known whether Mr McManus and Mr Magnier would support a Glazer bid. NM Rothschild, the investment bank, is advising Mr Glazer, according to the Financial Times. His previous adviser, JPMorgan, quit last year when Mr Glazer went ahead and voted against the appointment of three United directors to the board, against its advice. But the FT said it thought JP Morgan may still have had some role in financing Mr Glazer's latest financial proposal.",business,business,2.4927215576171875,5229,125.96484375,0.4388979
"Italy aim to rattle England Italy coach John Kirwan believes his side can upset England as the Six Nations wooden spoon battle hots up. The two sides, both without a win, meet on 12 March at Twickenham and Kirwan says his side will be hoping to make the most of England's current slump. ""We have to make sure the England and France games are tough for them. ""England have not been having the best of championships. That is a big one for us and them and I am sure my players will rise to the occasion,"" he said. But Kirwan admits that a lot of hard work will be needed with his kickers before the trip to London. Roland de Marigny and Luciano Orquera had a miserable time with the boot in the dire defeat to Scotland as Chris Paterson stole the show to give the hosts a much-needed 18-10 victory. Kirwan said: ""The kicking was the decisive factor in Scotland which cost us and it could go down to the kicking again next time. ""But I have a lot of confidence in my players and I am positive we can put everything together against England."" England, meanwhile, are licking their wounds and rueing what might have been had two decisions from referee Jonathan Kaplan not gone against them in the second half in Dublin. First Mark Cueto was judged offside as he chased fly-half Charlie Hodgson's kick, and then Kaplan opted not to call upon video evidence to see if Josh Lewsey had touched down after being driven over Ireland's line. But centre Jamie Noon believes the side at least showed better form than their previous two defeats. ""We definitely improved against an in-form Irish side,"" he said. ""We went to Dublin quietly confident that we would be able to compete, and I think we showed that. ""We have got to make sure we now take the form and positives into the Italy game. We are under no illusions that it is going to be easy, but we definitely need a win."" England have now equalled an 18-year low of four successive championship defeats, including France in Paris last season, and have lost four in a row under Andy Robinson. His predecessor, Sir Clive Woodward, began his seven-year reign with three defeats and two draws.",sport,sport,2.4343137741088867,5230,126.03125,0.3770728
"Slim PlayStation triples sales Sony PlayStation 2's slimmer shape has proved popular with UK gamers, with 50,000 sold in its first week on sale. Sales have tripled since launch, outstripping Microsoft's Xbox, said market analysts Chart-Track. The numbers were also boosted by the release of the PS2-only game Grand Theft Auto: San Andreas. The title broke the UK sales record for video games in its first weekend of release. Latest figures suggest it has sold more than 677,000 copies. ""It is obviously very, very encouraging for Sony because Microsoft briefly outsold them last week,"" John Houlihan, editor of Computerandvideogames.com told BBC News. ""And with Halo 2 [for Xbox] out next week, it really is a head-to-head contest between them and Xbox."" Although Xbox sales over the last week also climbed, PS2 sales were more than double that. The figures mean Sony is reaching the seven million barrier for UK sales of the console. Edinburgh-based developer, Rockstar, which is behind the GTA titles, has seen San Andreas pull in an estimated £24m in gross revenues over the weekend. In comparison, blockbuster films like Harry Potter and The Prisoner Of Azkaban took £11.5m in its first three days at the UK box office. The Lord of the Rings: The Return of the King took nearly £10m over its opening weekend, although games titles are four to five times more expensive than cinema tickets. Gangster-themed GTA San Andreas is the sequel to Grand Theft Auto Vice City which previously held the record for the fastest-selling video game ever. The Xbox game Halo 2, released on 11 November in the UK, is also widely tipped to be one of the best-selling games of the year. The original title won universal acclaim in 2001, and sold more than four million copies. Mr Houlihan added that Sony had done well with the PS2, but it definitely helped that the release of San Andreas coincided with the slimline PS2 hitting the shelves. The run-up to Christmas is a huge battlefield for games consoles and titles. Microsoft's Xbox had been winning the race up until last week in sales. The sales figures also suggest that it may be a largely adult audience driving demand, since GTA San Andreas has an 18 certificate. Sony and Microsoft have both reduced console prices recently and are preparing the way for the launches of their next generation consoles in 2005. ""Both have hit crucial price points at around £100 and that really does open up new consoles to new audience, plus the release of two really important games in terms of development are also driving those sales,"" said Mr Houlihan.",tech,entertainment,2.4560704231262207,5228,126.16796875,0.4084254
"Dawson set for new Wasps contract European champions Wasps are set to offer Matt Dawson a new deal. The 31-year-old World Cup winning scrum-half has impressed since joining the London side from Northampton this summer on a one-year contract. Wasps coach Warren Gatland told the Daily Mirror: ""We have not yet offered Matt a new contract but we will be doing so. ""I'm very happy with his contribution and I think he's good enough to play for another couple of years."" Dawson played a vital part in England's World Cup win last year but has fallen out of favour with new coach Andy Robinson after missing a training session in September. However he hopes the new deal will help him regain his England place. ""Rugby is still my priority and there's still a burning desire within me to play the best rugby I possibly can,"" he said. ""I know within myself, if I was given the chance I could play for England again. ""I know I'm fit enough, I'm strong enough, I'm skilful enough.""",sport,sport,2.331757068634033,5232,126.23828125,0.2831069
"TV debate urged for party chiefs Broadcasters should fix a date for a pre-election televised debate between the three main political leaders, according to the Hansard Society. It would then be up to Tony Blair, Michael Howard and Charles Kennedy to decide whether to take part, the non-partisan charity said. Chairman Lord Holme argued that prime ministers should not have the right of veto on a matter ""of public interest"". ""The broadcasters should make the decision to go ahead,"" he said. Lord Holme's proposal for a televised debate comes just four months after millions of viewers were able to watch US President George W Bush slug it out verbally with his Democratic challenger John Kerry. He said it was a ""democratically dubious proposition"" that it was up to the incumbent prime minister to decide whether a similar event takes place here. If Mr Blair did not want to take part, the broadcasters could go ahead with an empty chair or cancel the event and explain their reasons why, Lord Holme said. ""What makes the present situation even less acceptable is that although Mr Howard and Mr Kennedy have said they would welcome a debate, no-one has heard directly from the prime minister,"" he said. ""It has been left to nudges and winks, hints and briefings from his aides and campaign managers to imply that Mr Blair doesn't want one, but we haven't heard from the prime minister himself."" Lord Holme, who has campaigned for televised debates at previous elections, said broadcasters were ""more than willing to cooperate with the arrangements"". Opinion polls suggested that the idea had the backing of the public who like comparing the personalities and policies of the contenders in their own homes, he said. Lord Holme argued that as part of their public service obligations, broadcasters ""should make the decision to go ahead"" as soon as the election is called. An independent third-party body such as the Hansard Society or Electoral Commission could work out the ground rules so they were fair to participants and informative to the public, he said. ""It would be up to each party leader to accept or refuse,"" said Lord Holme. ""If the prime minister's reported position is true and he does want to take part, he would then be obliged to say why publicly. ""The broadcasters would then have the option of cancelling the event for obvious and well-understood reasons, or going ahead with an empty chair. ""Either way would be preferable to the present hidden veto."" The Hansard Society has long campaigned for televised debates and has published reports on the issue in 1997 and 2001. Tony Blair has already ruled out taking part in a televised debate during the forthcoming election campaign. Last month he said: ""We answer this every election campaign and, for the reasons I have given before, the answer is no,"" he said at his monthly news conference.""",politics,politics,2.4295737743377686,5235,113.03515625,0.3929796
"Gerrard plays down European hopes Steven Gerrard has admitted that Liverpool have little chance of winning the Champions League this season. The 24-year-old Reds skipper spoke out ahead of Tuesday's first leg at home to Bayer Leverkusen in the last 16, which he will miss through suspension. ""Let's be realistic, there are some fantastic teams left in the Champions League,"" he told BBC Radio Five Live. ""We are just going to try to stay in as long as possible but we realise that maybe it is not our year this year."" Gerrard has made no secret of his desire to be involved in Europe's premier club competition. Last season he described qualification for the Champions League as the ""be all and end all"" - and rumours persist that he will leave Anfield if the Reds fail to secure a place in the competition. He has consistently been linked with a move away from Liverpool, with Chelsea the favourites to snap up the England midfielder. And Blues boss Jose Mourinho backed Gerrard's view that Rafael Benitez's team could struggle to progress this season. ""Rafa has still time in front of him to build an even better team, maybe he's a little bit behind (right now),"" he told BBC Radio Five Live. Gerrard, who fired Liverpool into the last 16 of this season's competition with a brilliant goal in December's win over Olympiakos, insisted he was still fully focused on helping Liverpool to glory this season. The Reds are currently fifth in the Premiership table, five points off the crucial fourth spot, which brings Champions League qualification - and they face Chelsea in Sunday's Carling Cup final. ""It's big couple of months for Liverpool,"" he added. ""We're fighting for the fourth spot for the Champions League for next season but we are still involved in two cup competitions, which are very important. ""We are confident we can upset Chelsea in the Carling Cup final and get to the last eight of the Champions League because, financially, it is big for the club and, personally for myself, it is very good.""",sport,sport,2.3442575931549072,5229,113.05859375,0.2959766
"Row over 'police' power for CSOs The Police Federation has said it strongly opposes giving Community Support Officers (CSOs) the power to detain suspects for up to 30 minutes. The powers - piloted in six areas - were extended to all police forces in England and Wales on Thursday. The federation said CSOs do not have the experience, training and safety equipment to deal with ""potentially confrontational"" situations. But the government said the move would help police ""build safe communities"". Police Federation chairman Jan Berry said civilian officers should act as ""eyes and ears"" for the police. ""They should not be placed in potentially confrontational situations - which detaining someone clearly is,"" she said. CSOs can now use reasonable force to detain suspects for up to 30 minutes while they wait for police officers to arrive. The powers will be granted by chief constables of local forces. Ms Berry said this ""dramatically changes"" their original purpose - to be a visible presence combating low-level crime and anti-social behaviour. She said more powers would mean more paperwork and less time on the street. But Home Office minister Hazel Blears defended the move saying it would give the civilian officers ""just that little bit of edge"". She denied their role was changing and said the new powers would not take them away from the streets. ""The powers that we are bringing in are things that they need to do when they are out patrolling,"" she said. The Home Office has produced its own report on CSOs which it describes as ""encouraging"". Ms Blears said the study shows CSOs are ""making a real difference"" in the fight against crime. But the report also showed that the public is having difficulties distinguishing between a civilian officer and a proper officer. Shadow home secretary David Davis said the research appeared to acknowledge that CSOs were having no discernible effect on crime figures. ""While the answer is a lot more real police, the government wants to recruit 25,000 people who can't arrest anyone,"" he said. BBC home affairs correspondent Danny Shaw said the research is inconclusive. There are about 3,500 CSOs in England and Wales but the government intends to have 25,000 on the streets by 2008 at a cost of £50m. They already have powers to hand out fines for a wide range of offences. The Serious Organised Crime and Police Bill proposes extra powers to search suspects, enforce licensing offences, direct traffic and deter begging.",politics,politics,2.435399055480957,5234,113.1796875,0.3927384
"UKIP MEP attacked German 'empire' A UK Independence Party MEP suggested Germany saw the EU as an 'empire' and was cheaper than using tanks, a new documentary has revealed. Mike Nattrass, UKIP's deputy leader, made the comments to an audience at a meeting during last September's Hartlepool by-election campaign. But challenged on the remark, he denied accusing Germany of using the EU as cover for a ""4th German Reich"". He says he was not ""German-bashing"" but saying peace was the EU's founding aim. The meeting was shown in a BBC 3 film on ex-UKIP MEP Robert Kilroy-Silk. The former chat show host quit the party earlier this month, calling it a joke. The documentary showed Mr Nattrass, apparently talking about the EU, telling the meeting: ""The Germans are the big losers here but they don't care because to them the project is worthwhile. ""It's like an empire for them spreading in all directions away from Germany into Hungary, into what they call the Sudetenland - Czechoslovakia, places like that. ""So it's cheaper for them to do it this way than roll the tanks in."" On Tuesday, he told the BBC News website he did not think the comments were offensive and worked happily with MEPs of different nationalities in the European Parliament. He argued that peace was the only reason for having the ""outdated"" EU as there was no economic justification. Pointing to Germany's trade interests as a country in the centre of Europe, Mr Nattrass said: ""The fact is that the EU benefits Germany but it does not benefit Britain. ""I'm not at all German-bashing. It's the truth."" A UKIP spokesman said: ""Mike has some passionate beliefs and sometimes uses excessively colourful language with which to express them."" The documentary showed some of the tensions between Mr Kilroy-Silk and his fellow MEPs after UKIP took third place in last year's European elections. He denied wanting to be leader until October 2004, when he told BBC One's Breakfast with Frost programme he aspired to the job. Asked by the documentary makers why he had lied about his leadership ambitions, Mr Kilroy-Silk said: ""There was one thing I said that I shouldn't have said at the time. ""I was trying to be helpful to the party and it was the wrong thing to do, I should have told the truth."" The film also included footage of a row between Mr Kilroy-Silk, MEP Nigel Farage and party leader Roger Knapman about rumours that he was about to resign the UKIP whip in the European Parliament. Mr Kilroy-Silk told them he had not left the UKIP group - a move he announced shortly after the meeting. He told Mr Farage: ""Don't tell lies Nigel, now you've told too many. Most of the trouble had been caused by you."" UKIP officials claim it was in fact Mr Kilroy-Silk, not Mr Farage, who briefed newspapers he was leaving the group of MEPs. Later in unguarded, off-air comments in a television studio, Mr Kilroy-Silk was heard saying he was irritated by ""defending some of these right-wing fascist nutters"". Mr Kilroy-Silk separately said he had argued against UKIP working with such groups which believed homosexuality was a sin. A UKIP spokesman said there were more than 40 MEPs in the same group in the European Parliament. They were from a broad spectrum - some right-wing, some left-wing - but with a shared belief in the ""unfeasibility of the EU as it is now"". He did not defend other groups' religious beliefs but argued it was their right to hold such views - just as Mr Kilroy-Silk had a right to criticise Arab states. London UKIP MEP Gerard Batten said: ""Robert has made a variety of comments about UKIP and its MEPs. ""There are of course two sides to every story. What Robert does not say is that he was offered several positions which would have given him effective control of the party, but not the title of leader."" Mr Kilroy-Silk is to launch his own parry, Veritas, in Westminster on Wednesday.",politics,politics,2.5497734546661377,5234,113.2109375,0.4951361
"The Force is strong in Battlefront The warm reception that has greeted Star Wars: Battlefront is a reflection not of any ingenious innovation in its gameplay, but of its back-to-basics approach and immense nostalgia quotient. Geared towards online gamers, it is based around little more than a series of all-out gunfights, set in an array of locations all featured in, or hinted at during, the two blockbusting film trilogies. Previous Star Wars titles like the acclaimed Knights Of The Old Republic and Jedi Knight have regularly impressed with their imaginative forays into the far corners of the franchise's extensive universe, and their use of weird and wonderful new characters. Battlefront on the other hand wholeheartedly revisits the most recognisable elements of the hit movies themselves. The sights, sounds and protagonists on show here will all be instantly familiar to fans, who may well feel that the opportunity to relive Star Wars' most memorable screen skirmishes makes this the game they have always waited for. The mayhem can be viewed from either a third or first-person perspective, and you can either fight for the forces of freedom or join Darth Vader on the Dark Side, depending on the episode and type of campaign as well as the player's personal propensity for good or evil. There is ample chance to be a Wookie, shoot Ewoks and rush into battle alongside a fired-up Luke Skywalker. In each section, the task is simply to wipe out enemy troops, seize strategic waypoints and move on to the next planet. It really is no more complicated than that. Locations include the frozen wastes of Hoth, the ice planet from The Empire Strikes Back, complete with massive mechanical AT-ATs on the march. There are also the dusty, sinister deserts of Tatooine and Geonosis, as well as the forest moon of Endor, where Return Of The Jedi's much-maligned Ewoks lived. The feel of those places is well and truly captured, with both backdrops and characters looking good and very authentic. It is worth noting though that on the PlayStation 2, the game's graphics are a curiously long way behind those of the Xbox version. The pivotal element behind Battlefront's success is that it successfully gives you the feel of being of being plunged into the midst of large-scale war. The number of combatants, noise and abundance of laser fire see to that, and the sense of chaos really comes over. Speaking of noise, Battlefront is a real testament to the strength of the Star Wars galaxy's audio motifs. The multitude of distinctive weapon and vehicle noises are immensely familiar, as are the stirring John Williams symphonies that never let up. There is also a particularly snazzy remix of one of his themes in the menu section. It has to be said if the game did not have the boon of being Star Wars, it would not stand up for long. The gameplay is reliable, bog-standard stuff, short on originality. There are also odd annoyances, like the game's insistence on re-spawning you miles away from the action, an irritating price to pay for not getting blown up the second you appear. And some of the weapons and vehicles are not as responsive and fluid to operate as they might be. That said, it is still great fun to pilot a Scout Walker or Speeder Bike, however non user-friendly they prove. Whilst it is firmly designed with multiplayer action in mind, Battlefront is actually perfectly good fun as an offline game. The above-average AI of the enemy sees to that, although given the frenetic environments they operate in, their strategic behaviour does not need to be all that sophisticated. Battlefront's novelty value will doubtless wear off relatively fast, leaving behind a slightly empty one-trick-pony of a game. But for a while, it is an absolute blast, and one of the most immediately satisfying video game offerings yet from George Lucas' stable.",tech,entertainment,2.521172285079956,5235,113.26171875,0.4846968
"Singapore growth at 8.1% in 2004 Singapore's economy grew by 8.1% in 2004, its best performance since 2000, figures from the trade ministry show. The advance, the second-fastest in Asia after China, was led by growth of 13.1% in the key manufacturing sector. However, a slower-than-expected fourth quarter points to more modest growth for the trade-driven economy in 2005 as global technology demand falls back. Slowdowns in the US and China could hit electronics exports, while the tsunami disaster may effect the service sector. Economic growth is set to halve in Singapore this year to between 3% and 5%. In the fourth quarter, the city state's gross domestic product (GDP) rose at an annual rate of 2.4%. That was up from the third quarter, when it fell 3.0%, but was well below analyst forecasts. ""I am surprised at the weak fourth quarter number. The main drag came from electronics,"" said Lian Chia Liang, economist at JP Morgan Chase. Singapore's economy had contracted over the summer, weighed down by soaring oil prices. The economy's poor performance in the July to September period followed four consecutive quarters of double-digit growth as Singapore bounced back strongly from the effects of the deadly Sars virus in 2003.",business,business,2.3284080028533936,5243,113.3203125,0.2912988
"IBM puts cash behind Linux push IBM is spending $100m (£52m) over the next three years beefing up its commitment to Linux software. The cash injection will be used to help its customers use Linux on every type of device from handheld computers and phones right up to powerful servers. IBM said the money will fund a variety of technical, research and marketing initiatives to boost Linux use. IBM said it had taken the step in response to greater customer demand for the open source software. In 2004 IBM said it had seen double digit growth in the number of customers using Linux to help staff work together more closely. The money will be used to help this push towards greater collaboration and will add Linux-based elements to IBM's Workplace software. Workplace is a suite of programs and tools that allow workers to get at core business applications no matter what device they use to connect to corporate networks. One of the main focuses of the initiative will be to make it easier to use Linux-based desktop computers and mobile devices with Workplace. Even before IBM announced this latest spending boost it was one of the biggest advocates of the open source way of working. In 2001 it put $300m into a three-year Linux program and has produced Linux versions of many of its programs. Linux and the open source software movement are based on the premise that developers should be free to tinker with the core components of software programs. They reason that more open scrutiny of software produces better programs and fuels innovation.",tech,tech,2.3518118858337402,5255,113.35546875,0.3001682
"Ferguson rues failure to cut gap Boss Sir Alex Ferguson was left ruing Manchester United's failure to close the gap on Chelsea, Everton and Arsenal after his side's 1-1 draw with Fulham. Premiership leaders Chelsea and the Gunners endured a 2-2 stalemate on Sunday, giving United the chance to make up some ground in the league. But Ferguson said: ""I think what makes it so bad is that both our rivals dropped points at the weekend. ""It was a great opportunity - and we haven't delivered."" United went ahead through Alan Smith in the 33rd minute before Bouba Diop's superb 25-yard strike cancelled out the visitors' lead in the 87th minute. Ferguson described the result as an ""absolute giveaway"" after United had earlier missed a host of opportunities to finish off the encounter. He said: ""It was a good performance - some of the football was fantastic - but we just didn't finish them off. ""In fairness, it's a fantastic strike from the Fulham player."" The result leaves Ferguson's side fourth in the league on 31 points - four points behind Arsenal and a further five back from Chelsea.",sport,sport,2.2859811782836914,5257,113.359375,0.2451129
"Tough rules for ringtone sellers Firms that flout rules on how ringtones and other mobile extras are sold could be cut off from all UK phone networks. The rules allow offenders to be cut off if they do not let consumers know exactly what they get for their money and how to turn off the services. The first month under the new rules has seen at least ten firms suspended while they clean up the way they work. The rules have been brought in to ensure that the problems plaguing net users do not spread to mobile phones. In the last couple of years ringtones, wallpapers, screensavers and lots of other extras for phones have become hugely popular. But fierce competition is making it difficult for firms to get their wares in front of consumers, said Jeremy Flynn, head of third party services at Vodafone. ""If you are not on the operator's portal you are going to have quite heavy marketing costs because it's a problem of how people discover your services,"" he said. To combat this many ringtone and other mobile content sellers started using a new tactic to squeeze more cash out of customers. This tactic involved signing people up for a subscription to give them, for instance, several ringtones per week or month instead of the single track they thought they were getting. Mr Flynn said that the move to using subscriptions happened over the space of a few weeks at the end of 2004. Websites such as grumbletext.co.uk started getting reports from customers who were racking up large bills for phone content they did not know they had signed up for. ""What made us uncomfortable was that these services were not being marketed transparently,"" said Mr Flynn. ""People did not know they were being offered a subscription service."" ""We saw potential for substantial consumer harm here,"" he added. The swift adoption of subscription services led to the creation of a new code of conduct for firms that want to sell content for mobile phones. The drafting of the new rules was led by the Mobile Entertainment Forum and the UK's phone firms. ""Everyone is required to conform to this code of conduct,"" said Andrew Bud, regulatory head of the MEF and executive chairman of messaging firm MBlox. ""It's all about transparency,"" he said. ""Consumers have to be told what they have got themselves into and how to get out of it."" ""The consumer has a right to be protected,"" he said. Christian Harris, partnership manager of mobile content firm Zed, said the new system was essential if consumers were to trust companies that sell ringtones and other downloads. ""The groundrules must be applied across the whole industry and if that's done effectively we will see the cowboys driven out,"" he said. The new rules came in to force on 15 January and the first month under the new regime has seen many firms cautioned for not honouring them. Some have been told to revamp websites so customers know what they get for their money and what they are signing up for, said Mr Flynn. Also, said Mr Flynn, Vodafone has briefly cut off between eight and ten content sellers flouting the rules. ""We have quite draconian contracts with firms,"" he said. ""We do not have to say why. We can just cut them off."" Under the rules consumers must be able to switch off the services by using a universal ""stop"" command sent via text message. He said the system had been designed to limit how much a consumer will pay if they inadvertently signed up for a service. ""The mobile is so personal that people really resent the abuse of what is effectively part of their personality,"" said Mr Flynn.",tech,business,2.452935218811035,5255,113.38671875,0.4173044
"How to make a gigapixel picture The largest digital panoramic photo in the world has been created by researchers in the Netherlands. The finished image is 2.5 billion pixels in size - making it about 500 times the resolution of images produced by good consumer digital cameras. The huge image of Delft was created by stitching together 600 single snaps of the Dutch city taken at a fixed spot. If printed out in standard 300 dots per inch resolution, the picture would be 2.5m high and 6m long. The researchers have put the image on a website which lets viewers explore the wealth of detail that it captures. Tools on the page let viewers zoom in on the city and its surroundings in great detail. The website is already proving popular and currently has more than 200,000 visitors every day. The image was created by imaging experts from the Dutch research and technology laboratory TNO which created the 2.5 gigapixel photo as a summer time challenge. The goal of the project was to be one of the first groups to make gigapixel images. The first image of such a size was manually constructed by US photographer Max Lyons in November 2003. That image portrayed Bryce Canyon National Park, in Utah, and was made up of 196 separate photographs. The panorama of Delft is a little staid in contrast to the dramatic rockscape captured in Mr Lyons' image. ""He did it all by hand, which was an enormous effort, and we got the idea that if you use automatic techniques, it would be feasible to build a larger image,"" said Jurgen den Hartog, one of the TNO researchers behind the project. ""We were not competing with Mr Lyons, but it started as a lunchtime bet."" The Dutch team used already available technologies, although it had to upgrade them to be able to handle the high-resolution image. ""We had to rewrite almost all the tools,"" Me den Hartog told the BBC News website. ""All standard Windows viewers available would not be able to load such a large image, so we had to develop one ourselves."" The 600 component pictures were taken on July 2004 by a computer-controlled camera with a 400 mm lens. Each image was made to slightly overlap so they could be accurately arranged into a composite. The stitching process was also done automatically using five powerful PCs over three days. Following the success of this project, and with promises of help from others, the TNO team is considering creating a full 360-degree panoramic view of another Dutch city, with even higher resolution.",tech,tech,2.4262185096740723,5250,113.43359375,0.3773882
"Spurs to sign Iceland U21 star Tottenham are primed to snap up Iceland Under-21 international Emil Hallfredsson after he impressed on trial at White Hart Lane. The 20-year-old midfielder, who plays for FH Hafnarfjordur, also starred in the Uefa Cup match against Scottish side Dunfermline earlier this season. Spurs have agreed a fee for the player, who has yet to agree personal terms. ""He had offers from two other clubs but he decided to come to Tottenham,"" said Spurs sporting director Frank Arnesen. ""He is a left-sided player, a position we have been looking at and he showed so much talent in his time here that we decided to take him. ""It's down the road of bringing in talent, good prospects and giving them a place at Tottenham where they can improve.""",sport,sport,2.273235321044922,5237,113.484375,0.2236238
"Arthur Hailey: King of the bestsellers Novelist Arthur Hailey, who has died at the age of 84, was known for his bestselling page-turners exploring the inner workings of various industries, from the hotels to high finance. Born in Luton, Bedfordshire, on 5 April 1920, Hailey was the only child of working class parents, They could not afford to keep him in school beyond the age of 14. He served as a pilot with the Royal Air Force during World War II, flying fighter planes to the Middle East. It was an occupation that was later to feature in his authorial debut, the television screenplay Flight into Danger. Hailey emigrated to Canada in 1947, where he eventually became a citizen. He wanted to be a writer from an early age, but did not take it up professionally until his mid-thirties, when he was inspired to write his first screenplay while on a return flight to Toronto. ""I fell to daydreaming. I visualised the pilots at the controls and wondered what would happen if they both got sick. Could I fly the airplane? I was a rusty wartime pilot who hadn't flown for nine years... "" Hailey later recalled. The Canadian Broadcasting Corporation bought Flight into Danger for $600 (£318) and it was shown on TV in April 1956. It was later memorably spoofed in the 1980 comedy Airplane!, starring Leslie Nielsen. Hailey worked as a screenwriter for a couple of years, before turning to novels. He went on to produce 11 best-selling books, which were published into 38 languages in 40 countries. Flight into Danger was adapted to become Hailey's first novel, Runaway Zero-Eight in 1958. The Final Diagnosis and In High Places followed, both achieving a popular following. But it was not until Hotel, in 1965, that Hollywood came calling. The hit novel took four years to write, and stayed on national best-seller lists for a full year. It was turned into a movie in 1967 and later adapted into a glossy soap in the 1980s, starring James Brolin. Airport (1968) arguably remains Hailey's best-loved work and prompted the disaster movie genre. The thriller follows events in the sky, and on the ground at a snow-logged airport, when a terrorist boards an airplane with a bomb. The book was adapted into a hit film in 1970, starring Burt Lancaster as the harassed aiport manager and Dean Martin as a womanising pilot, alongside Jean Seberg and Jacqueline Bisset. In a testament to the popularity of the fledgling disaster genre - three sequels followed. The writer was known for his painstaking research into the professions around which each novel was centred, drawing his characters ""from real life"" and taking up to three years to produce each book. ""I have never been able to write quickly or easily. I am too self-critical for that. I am never satisfied,"" he once said. In 1969, he moved to Nassau in the Bahamas, with his wife Sheila. Wheels (1971), The Moneychangers (1975) and Overload (1979) followed. Despite a lukewarm response from critics, and few literary accolades, Hailey was at the height of his fame in the seventies and continued to attract the attention of Hollywood producers. Strong Medicine, Hailey's blockbuster focusing on the pharmaceutical industry, was turned into a film in 1986, starring Sam Neill, Douglas Fairbanks Jr and a panoply of former soap stars. The 1997 novel Detective proved to be Hailey's final book, when at the age of 77 he decided to retire. Hailey's health began to deteriorate in recent years, twice undergoing heart surgery. He suffered a stroke just two months ago. He died in his sleep on Wednesday, after dinner with his wife and two of his six children at his home in New Providence island. ""He had a wonderful life. His greatest ambition was to see his name on a book and he certainly achieved that,"" said his wife, Sheila.",entertainment,entertainment,2.662891387939453,5239,113.53125,0.616146
"Usher leads Soul Train shortlist Chart-topping R&B star Usher is leading the field at this year's Soul Train Awards, with five nominations. The singer, whose album Confessions has sold close to eight million copies in the US alone, is already in the running for eight Grammy Awards. Newcomer Ciara - who recently beat Elvis Presley to the UK number one spot - has four nominations, while Alicia Keys has three. The Soul Train Awards ceremony will take place in Hollywood on 28 February. Usher has already swept the board at the American Music Awards with four titles, including two best album awards. His Soul Train nominations include best male R&B-soul album and best male R&B-soul single for Confessions Part II. Usher's work with rappers Ludacris & Lil Jon won him nominations for best R&B-soul or rap music video and best R&B-soul or rap dance cut for the song Yeah!, while his duet with Keys, My Boo, earned the pair a nod for best R&B-soul single. Keys' album The Diary of Alicia Keys was also up for best R&B-soul album by a female. Her song If I Ain't Got You received a best single nomination in the female R&B-soul category. Newcomer Ciara's four nominations include best female R&B-soul album and best R&B-soul or rap by a new artist. Beyonce, Prince, Destiny's Child, Jill Scott and New Edition all received two nominations each. The Soul Train Music Awards, which started 18 years ago, celebrates artists in R&B, hip-hop, rap and gospel music.",entertainment,entertainment,2.3218300342559814,5227,113.6640625,0.2831824
"Campaign 'cold calls' questioned Labour and the Conservatives are still telephoning the millions of people who have signed up to make sure they do not get marketing ""cold calls"". The parties say they can stick to the rules by ensuring that their calls are not marketing - for instance by asking about people's voting intentions. The Lib Dems are asking the watchdog overseeing the rules to stop the calls. The information commissioner's office says surveys are allowed but there is a ""grey"" area if personal data is kept. Telephone call centres are expected to be used as never before by all the three major parties in the run-up to the general election. But seven million telephone numbers are on the Telephone Preference Service (TPS) lists, which ban unsolicited sales and marketing calls. Both schemes are run by the Direct Marketing Association and backed by EU directives on privacy and electronic communications. The rules on marketing calls apply as much to politicians as to private sector companies. But that does not mean Labour and the Tories are not calling people signed up to the TPS. A Labour Party spokesman told the BBC News website the party avoided those on TPS lists when telephoning people about membership or fundraising. But that did not happen for ""voter identification"" calls. ""When we ask which party they will vote for, that is not marketing and we have very clear legal advice that it is not,"" he said. ""So it is not covered by the Telephone Preference Service."" He said the party always asked people if they would be happy to be contacted again and if they said no, they were not rung again. A Conservative spokeswoman said the party stuck to the rules when it rang TPS subscribers. She said: ""We do apply TPS but in line with the law. We would not do things that are not allowed in the law."" A spokesman for the Information Commissioner's Office said it would be classed as marketing if political parties telephoned people to encourage them to vote for them. But the rules did allow polling organisations to telephone people about their voting intentions if they recorded them only as part of a bigger set of statistics, not person by person. ""If a political party was doing that than it may be that also would not be marketing,"" he said. The spokesman said it might be considered unsolicited marketing if a party recorded voting preferences with a view to marketing information in the future. The spokesman said there was ""no yes or no"" answer and the area was ""pretty grey"". He added: ""If someone complained, then we would investigate that. Political parties are aware of the regulations. At the last by-elections, we reminded them."" Lib Dem chairman Matthew Taylor has now written to the watchdog saying: ""The advice we have received on several previous occasions is that such phone calls are illegal."" He says evidence from local Lib Dem parties around the country suggests there are ""significant"" numbers of such calls. ""I hope you can therefore take swift and efficient action to ensure that this ceases,"" he tells the commissioner. Mr Taylor argues there should be new guidelines so all parties can act in the same way if the watchdog believes the rules allow parties to ring TPS numbers about voting intentions and later urge those people to vote for them.",politics,politics,2.408266544342041,5289,113.6640625,0.3736713
"Will the Budget bring out smiling voters? As Tory spokesman Oliver Letwin said - any chancellor would use his pre-election budget to offer some vote winning sweeteners, wouldn't he. And everyone does, indeed, expect Gordon Brown to do just that in his last budget before the expected polling day of 5 May. There will be plenty of talk about taking no risks with the economy or handing out irresponsible giveaways. But Mr Brown will stun Westminster and break just about every historical precedent if he fails to do something designed to put a smile on voters' faces and make them more inclined to back Labour in the election. And there has already been speculation about possible tax reductions for the poorest and increasing the threshold on stamp duty in this week's Budget. The aim of his package will be to keep any disillusioned core Labour voters in the fold, while ensuring the middle England voters who gave Tony Blair two election victories don't desert him at the third poll. And, needless to say, there will be plenty of analysis of what impact the Budget will have on Mr Brown's own ambitions to replace Mr Blair as prime minister at some point after a third win. But there is a shadow hanging over this pre-election performance - in the shape of £11 billion or thereabouts. That is the size of the financial ""black hole"" the Tories, backed by some independent forecasters, believe Mr Brown will have to fill with tax increases after the election. The opening shot in that battle was fired at the weekend with claims a Treasury leak suggested Mr Brown was ready to slap capital gains tax on home sales to raise some of that cash. It was immediately denied, but the Tories remain suspicious, claiming that, as Mr Letwin said, if the money does not come from there, where will it come from. Mr Brown will undoubtedly claim the forecasts are simply wrong and that he will have absolutely no need to raise taxes after the election, should Labour win. Previous gloomy forecasts proved wrong, he will argue, while suggesting that only by sticking with him can Britain continue to have a sound economy, low unemployment and high public spending. The opposition will reject that by claiming they can keep the economy sound, increase spending and cut taxes at the same time. The Liberal Democrats will also promise to run a sound economy, but based on increased taxes to fund spending and, amongst other things, abolishing the council tax in favour of a local income tax. And there will be prolonged argument over which of the parties can make the greatest savings in Whitehall and beyond to fund their policies. But probably what that all boils down to is a simple question of which of the parties the voters most trust to keep the economy stable and avoid any unpleasant surprises in the coming years. And it is probably still the answer to that one question that will overwhelmingly decide the outcome of the general election.",politics,politics,2.4340312480926514,5282,113.66796875,0.3915992
"Label withdraws McFadden's video The new video of former Westlife singer Brian McFadden has been pulled after a Dublin school complained about being associated with his song Irish Son. St Fintian's High School says it is clearly identified in the video, while McFadden never went there. McFadden makes claims that he was beaten at his own school in the song's lyrics, saying it had ""cell blocks"". The performer's record label Sony BMG has withdrawn the video and issued replacements to television stations. The label believed the school name was fictitious until they received the complaint. They have said the reference to the school was unintentional and coincidental. The head of Christian Brothers' school St Fintian's, Richard Fogarty, said the video implied that the 24-year-old pop star had attended his school and was abused there. ""The school has always treated its pupils with respect,"" Mr Fogarty said in a statement. McFadden makes specific references to the Christian Brothers in his song, but did not attend St Fintian's. Corporal punishment was outlawed in Irish schools in 1982 when McFadden was two years old. McFadden, whose debut solo album is released next week, has said that every song is autobiographical and ""a true story"". Alcoholism and domestic violence are among the other topics dealt with in his songs, half of which have been written with Robbie Williams' former collaborator, Guy Chambers. McFadden, who quit chart-topping group Westlife in March, went to number one in September with his first solo single Real To Me. He enjoyed 12 chart-toppers with the boy band before parting company with them.",entertainment,entertainment,2.3550684452056885,5224,113.67578125,0.3171827
"Savvy searchers fail to spot ads Internet search engine users are an odd mix of naive and sophisticated, suggests a report into search habits. The report by the US Pew Research Center reveals that 87% of searchers usually find what they were looking for when using a search engine. It also shows that few can spot the difference between paid-for results and organic ones. The report reveals that 84% of net users say they regularly use Google, Ask Jeeves, MSN and Yahoo when online. Almost 50% of those questioned said they would trust search engines much less, if they knew information about who paid for results was being hidden. According to figures gathered by the Pew researchers the average users spends about 43 minutes per month carrying out 34 separate searches and looks at 1.9 webpages for each hunt. A significant chunk of net users, 36%, carry out a search at least weekly and 29% of those asked only look every few weeks. For 44% of those questioned, the information they are looking for is critical to what they are doing and is information they simply have to find. Search engine users also tend to be very loyal and once they have found a site they feel they can trust tend to stick with it. According to Pew Research 44% of searchers use just a single search engine, 48% use two or three and a small number, 7%, consult more than three sites. Tony Macklin, spokesman for Ask Jeeves, said the results reflected its own research which showed that people use different search engines because the way the sites gather information means they can provide different results for the same query. Despite this liking for search sites half of those questioned said they could get the same information via other routes. A small number, 17%, said they wouldn't really miss search engines if they did not exist. The remaining 33% said they could not live without search sites. More than two-thirds of those questioned, 68%, said they thought that the results they were presented with were a fair and unbiased selection of the information on a topic that can be found on the net. Alongside the growing sophistication of net users is a lack of awareness about paid-for results that many search engines provide alongside lists of websites found by indexing the web. Of those asked, 62% were unaware that someone has paid for some of the results they see when they carry out a search. Only 18% of all searchers say they can tell which results are paid for and which are not. Said the Pew report: ""This finding is ironic, since nearly half of all users say they would stop using search engines if they thought engines were not being clear about how they presented paid results."" Commenting Mr Macklin said sponsored results must be clearly marked and though they might help with some queries user testing showed that people need to be able to spot the difference.",tech,business,2.4503633975982666,5225,113.67578125,0.4107824
"Making your office work for you Our mission to brighten up your working lives continues - and this time, we're taking a long hard look at your offices. Over the next few months, our panel of experts will be listening to your gripes about where you work, and suggesting ways to make your workspace more efficient, more congenial or simply prettier. This week, we're hearing from Marianne Petersen, who is planning to convert a barn in Sweden into a base for her freelance writing work. Click on the link under her photograph to read her story, and then scroll down to see what the panel have to say. And if you want to take part in the series, go to the bottom of the story to find out how to get in touch. Working from home presents a multitude of challenges. Understanding your work personality allows you to work in terms of your own style. Do you feel confident about your work output without conferring with others? Are you able to retain discipline and self motivate to get the job done? Do you build on the ideas of others - or are you a more introspective problem solver?. In order for a virtual office to succeed, keeping the boundary between work and home life is essential. It may be useful to be quite rigid about who is allowed to visit, and to keep strict office hours. Referring to the space as work will give those around you a clear message that this is professional space. It is imperative to consider how to bring the outside world into yours, keeping up to date with developments and maintaining a network. Isolated work environments mean this has to be carefully thought out, and a strategy has to be developed that suits both your personality and your industry. Joining professional groups or forming a loose association of like-minded people may assist. It is useful to structure these meetings in advance as often they get relegated to less important status when times are busy - with the danger that when the workload eases, they have to be resurrected. Prior to any interior work being undertaken it is essential to ensure that the roof and walls are made water-and-weather-tight, and the structure is checked for stability. It appears that the roof trusses may need repairs and additional bracing. Ideally, the roof should be replaced with an outer material in keeping with the character and location of the barn. This would also allow for a well-insulated inner skin to be provided which should be light coloured. It is likely that the most efficient way of heating the building is with electricity. In order to provide this the owner will need to have an electrical engineer calculate the potential heating, power and lighting load to make sure the mains supply and distribution capacity are adequate. Ideally, it would be good to have a mains water supply and some means of drainage for toilet and washing facilities. The walls should be dry lined with a single skin of plasterboard laid over rockwool slab which will allow good wall insulation and the power and lighting circuits to be concealed, and the walls should be painted in a light colour. The owner mentions she might lay a new floor over the existing planks; this will improve the insulation and offer a level surface. I would suggest laying new oak veneer planks which can work in with the character of the barn. As for lighting, consider a combination of floor mounted uplights, wall lights (wall washers) and selected downlights. Use a combination of mains voltage fluorescent fittings and dimmable units which can vary the light levels and the feel of the interior. Please click on the link to the right here to see my ideas for Marianne's barn. The layout of this office reflects the need to have a working area and a more relaxed meeting space. Large desk space and extensive storage would combine with tub chairs to maximise the space available. The finishes chosen for the furniture will need to reflect the unusual setting, while the lighting and temperature control mechanisms used will further influence the workplace. Regarding accessing the internet via the connection in the main house, your plan of going wireless is sensible. A wireless router/access point in the house with a wireless LAN card in the PC in the renovated area may be sufficient. However, important points to consider are the distance between the two buildings and the nature of the materials through which the signals have to pass, which could result in a weak signal strength. You may require an additional wireless access point in the renovated area. Your local IT supplier will be able to advise on this. If you haven't already invested in robust firewall and anti-virus software, it is essential to do so, to protect your investment. To really take advantage of wireless technology, you might consider a laptop computer and a docking station with external mouse and monitor. Or you could use one of the new Tablet computers, which allow you to write directly on the screen and convert into text with built-in hand recognition software. And finally, you will save money and space by considering a multi-function product for print, scan, copy and fax.",business,business,2.601684331893921,5227,113.68359375,0.5484621
"Sprinter Walker quits athletics Former European 200m champion Dougie Walker is to retire from athletics after a series of six operations left him struggling for fitness. Walker had hoped to compete in the New Year Sprint which is staged at Musselburgh Racecourse near Edinburgh on Tuesday and Wednesday. The 31-year-old Scot was suspended for two years in 1998 after testing positive for nandrolone. ""I had intended to race but I'm running like a goon,"" said Walker. He told the Herald newspaper: ""I'm not in great shape, after missing about a month of training. ""I missed a big chunk of speed work over about three weeks, and then another week working in America. ""If I'd had a half-decent mark it might have motivated me more, but I won't be racing. ""I still enjoy training, but feel it's time to move on, and concentrate on a career.""",sport,sport,2.2704741954803467,5225,113.69140625,0.2235909
"Iraqis win death test case probe The family of an Iraqi civilian allegedly killed by UK troops have won a challenge against the government's refusal to order a full inquiry. The High Court ruled on Tuesday that Baha Mousa's death in British custody in Iraq fell within the European Convention on Human Rights. And the judges paved the way for an independent inquiry by saying previous investigations were inadequate. But judicial reviews into five other deaths in southern Iraq were ruled out. Their families will be appealing against the judgement. The families' solicitor Phil Shiner described it as ""a historic day for human rights and the rule of law in the UK"". Father-of-two Mr Mousa, 28, a hotel receptionist, was arrested with eight men seized at a hotel in Basra in September 2003. He was allegedly beaten to death while in the custody of the Queen's Lancashire Regiment. The Iraqi families' lawyer argued that failing to adequately investigate the death breached the European Convention on Human Rights. Ministry of Defence lawyers argued the UK-controlled area of southern Iraq was outside European jurisdiction. But Lord Justice Rix and Mr Justice Forbes ruled that UK jurisdiction could extend to a UK-run prison, but did not apply ""to the total territory of another state"". They said as Mr Mousa was in custody when he died, his case came within the UK's jurisdiction. The other five Iraqis did not die in custody, so their cases had to fail, they said. And it was difficult to say that the investigation which had already occurred ""has been timely, open or effective"", the judges said. After the ruling Carla Ferstman, legal director of the human rights organisation Redress, said: ""It is not enough for the military to investigate behind closed doors. ""There must be an effective public investigation by an independent official body. Only such an investigation could reveal what really happened and who might be responsible."" Other allegations involving British soldiers included the shooting of an Iraqi police commissioner and the shooting of four Iraqi civilians in May 2003. Both sides were granted permission to appeal. Prime Minister Tony Blair's official spokesman said: ""Obviously we will need to study this detailed judgment. I would point out, however, that a separate criminal case is currently being considered by the army prosecuting authority. ""I can't say anything further for obvious reasons. The MoD are considering whether to appeal."" But former British Commander Colonel Bob Stewart said : ""Anyone at the top [of the military] will be saddened by the verdict that has taken place but will say: 'If there's a case to answer, let's have it out. Because we don't want people thinking that British soldiers beat up civilians and get away with it',"" he said. ""The Ministry of Defence does everything in its power to try to prove we act ethically and properly under the rules of war.""",politics,politics,2.450242757797241,5227,113.9921875,0.4024387
"Defection timed to hit tax pledge With impeccable and precisely-calculated timing, Tory defector Robert Jackson and his new Labour bosses have attempted to overshadow Michael Howard's latest announcement on taxation and spending. With just about everyone in Westminster now working towards a May general election, Mr Howard is eager to map out some clear and distinctive policies aimed at finally shifting the Tories' resolutely depressing poll showings. The big idea is his £35bn savings on waste and bureaucracy which Mr Howard has pledged to plough back into public services and tax cuts. And it was virtually certain his pledge on tax cuts was meant to be the core message from his interview on the BBC One's Breakfast with Frost programme. He and his shadow Chancellor Oliver Letwin have been edging towards an announcement on this front for some months now, but without any concrete pledges. But Mr Howard announced that, of the £35bn he has earmarked from savings, £12bn will be used to plug Labour's claimed financial black hole with any left over going to tax cuts in Mr Letwin's first budget. He would not be precise, but there are already suggestions he is set to announce lifting the threshold on income tax and reforming or abolishing inheritance tax. But he did, for the first time, say there would be such tax cuts. ""At this election, people will have a clear choice between Mr Blair who will waste more and tax more and the Conservative party which will give value for money and tax less"". It is the Tories' attempt to open that famed ""clear blue water"" between them and the Labour party and return to a traditional Tory agenda that will both reassure the middle England voters who have abandoned him and appeal to core Conservative voters. So it is a pretty safe bet to assume that, when Robert Jackson finally decided to jump ship and swim over to the Labour benches, his new masters decided to time the announcement for the greatest possible impact. Mr Howard, however, was dismissive. ""These things happen from time to time. There are disagreements between Robert Jackson and me. ""The election is not going to be decided on what Robert Jackson did,"" he added. And that is certainly true. The election will be decided on ""the economy stupid"". Other issues like the Iraq war and the ""trust"" thing will also play a major part. But it is the economy that will probably be the greatest influence over the way people finally vote. And many on the Tory benches have been crying out for Mr Howard to get back onto the old Tory tax cuts agenda. Mr Howard knows that risks accusations that, as a result, he would slash public services, so he has attempted to shoot that fox first. With polls suggesting voters would rather any government cash surpluses were spent on schools and hospitals before tax cuts, he has suggested that is exactly what he will do. Whether this will finally be enough to shift those polls remains to be seen.",politics,politics,2.3944172859191895,5229,114.0703125,0.346406
"Home loan approvals rising again The number of mortgages approved in the UK has risen for the first time since May last year, according to lending figures from the Bank of England. New loans in December rose to 83,000, slightly higher than November's nine-year low of 77,000. Mortgage lending rose by £7.1bn in December, up from a £6.4bn rise in November. The figures contradict a survey from the British Bankers' Association, which said approvals were at a five-year low. Analysts say the figures show the market may be stabilising but still point to further house price softness. ""The modest rise in mortgage approvals and lending in December reinforces the impression that the housing market is currently slowing steadily rather than sharply,"" said Global Insight analyst Howard Archer, commenting on the BoE's figures. The BBA believes that the property market is continuing to cool down. Changes to mortgage regulation may have artificially depressed figures in November, thus flattering the December figures, analysts said. In October last year, new rules came into force, which meant some lenders were forced to withdraw mortgage products temporarily in November and defer some lending until they had made sure they had complied with the rules properly. Separately, the Bank of England said that consumer credit rose by £1.5bn in December, more than the £1.4bn expected and above the £1.4bn reported in the previous month.",business,business,2.3765432834625244,5236,114.0703125,0.3391263
"Springer criticises Opera musical Talk show host Jerry Springer, whose programme inspired the controversial opera shown by the BBC, has said he would not have written it himself. The BBC received 47,000 complaints before the musical was broadcast, and protesters demonstrated outside BBC buildings across the UK. Springer helped launch the West End show and attended the opening night. ""I wouldn't have written it. I don't believe in making fun of other religions,"" he said. The TV host said he understood how people could have thought the musical had gone too far. ""You know, on our TV show if people use inappropriate language we bleep it out, if there's nudity we cover it up, so that viewers at home don't get to see any of this,"" he said. Asked whether he thought the BBC should have screened the controversial musical he said: ""I don't know if they should have had it on television but, good Lord, if you don't like what's on television, that's why God gave us remote controls. ""My show is about dysfunctional people and I defy anyone to watch the show and suggest to me the people on it aren't to some degree dysfunctional."" ""If I did a show about the war in Iraq, it wouldn't make me a warmonger, I would just be doing my job to report on the war. ""In the case of my show, it's my job to report on the dysfunctions that take place in society."" The British-born presenter is in London to speak at a fundraising dinner for the United Jewish Israel Appeal. The dinner, on Tuesday, is expected to be attended by more than 800 guests.",entertainment,entertainment,2.3746225833892822,5239,114.0703125,0.3314158
"Stars pay tribute to actor Davis Hollywood stars including Spike Lee, Burt Reynolds and Oscar nominee Alan Alda have paid tribute to actor Ossie Davis at a funeral in New York. Veteran star Ossie Davis, a well-known civil rights activist, died in Miami at the age of 87 on 4 February 2005. Friends and family, including actress Ruby Dee his wife of 56 years, gathered at the Riverside Church on Saturday. Also present at the service was former US president Bill Clinton and singer Harry Belafonte, who gave the eulogy. ""He would have been a very good president of the United States,"" said Mr Clinton. ""Like most of you here, he gave more to me than I gave to him."" The 87-year-old was found dead last weekend in his hotel room in Florida, where he was making a film. Police said that he appeared to have died of natural causes. Davis made his acting debut in 1950 in No Way Out starring Sidney Poiter. He frequently collaborated with director Spike Lee, starring in seven Lee films including Jungle Fever, Do The Right Thing and Malcolm X. Attallah Shabazz, the daughter of activist Malcolm X, recalled the famous eulogy delivered by Davis at her father's funeral. ""Harlem has come to bid farewell to one of its finest hopes,"" she said, quoting the man she knew as Uncle Ossie. ""Ditto."" ""Ossie was my hero, and he still is,"" said Aviator star Alan Alda, a family friend for over forty years. ""Ossie was a thing of beauty."" ""I want so badly someday to have his dignity - a little of it anyway,"" added Burt Reynolds, Davis's co-star in the 90s TV comedy Evening Shade. Before the midday funeral, scores of Harlem residents formed a queue outside the church to pay their respects to Davis. ""It is hard to fathom that we will no longer be able to call on his wisdom, his humour, his loyalty and his moral strength to guide us in the choices that are yet to be made and the battles that are yet to be fought,"" said Belafonte, himself an ardent civil rights activist who had been friends with Davis for over 60 years. ""But how fortunate we were to have him as long as we did.""",entertainment,entertainment,2.3821752071380615,5234,114.0703125,0.3527862
"Xbox 2 may be unveiled in summer Details of the next generation of Microsoft's Xbox games console - codenamed Xenon - will most likely be unveiled in May, according to reports. It was widely expected that gamers would get a sneak preview of Xbox's successor at the Game Developers Conference (GDC) in March. But a Microsoft spokeswoman confirmed that it would not be at GDC. Sony, Microsoft and Nintendo are all expected to release their more powerful machines in the next 18 months. The next Xbox console is expected to go on sale at the end of the year, but very few details about it have been released. It is thought that the machine may be unveiled at the Electronic Entertainment Expo (E3) in Los Angeles, which takes place in May, according to a Reuters news agency report. E3 concentrates on showing off the latest in gaming to publishers, marketers and retailers. The GDC is aimed more at game developers. Microsoft chief, Bill Gates, used the GDC event to unveil the original Xbox five years ago. Since its launch, Microsoft has sold 19.9 million units worldwide. At the Consumer Electronics Show earlier this year, there was very little mention of the next generation gaming machine. In his keynote speech, Mr Gates only referred to it as playing an essential part of his vision of the digital lifestyle. But the battle between the rival consoles to win gamers' hearts and thumbs will be extremely hard-fought. Sony has traditionally dominated the console market with its PlayStation 2. But earlier this year, Microsoft said it had reached a European milestone, selling five million consoles since its European launch in March 2002. Hit games like Halo 2, which was released in November, helped to buoy the sales figures. Gamers are looking forward to the next generation of machines because they will have much more processing and graphical power. They are also likely to pack in more features and technologies that make them more central as entertainment and communications hubs. Although details of PlayStation 3, Xenon, and Nintendo's so-called Revolution, are yet to be finalised, developers are already working on titles. Rory Armes, studio general manager for games giant Electronic Arts (EA) in Europe, recently told the BBC News website in an interview that EA was beginning to get a sense of the capabilities of the new machines. Microsoft had delivered development kits to EA, but he said the company was still waiting on Sony and Nintendo's kits. But, he added, the PlayStation 3 was rumoured to have ""a little more under the hood [than Xbox 2]"".",tech,tech,2.4529101848602295,5229,114.0703125,0.4117001
"Christmas shoppers flock to tills Shops all over the UK reported strong sales on the last Saturday before Christmas with some claiming record-breaking numbers of festive shoppers. A spokesman for Manchester's Trafford Centre said it was ""the biggest Christmas to date"" with sales up 5%. And the Regent Street Association said shops in central London were also expecting the ""best Christmas ever"". That picture comes despite reports of disappointing festive sales in the last couple of weeks. The Trafford Centre spokeswoman said about 8,500 thousand vehicles had arrived at the centre on Saturday before 1130 GMT. ""We predict that the next week will continue the same trend,"" she added. It was a similar story at Bluewater in Kent. Spokesman Alan Jones said he expected 150,000 shoppers to have visited by the end of Saturday and a further 100,000 on Sunday. ""Our sales so far have been 2% up on the same time last year,"" he said. ""We're very busy, it's really strong and people will be shopping right up until Christmas. ""Over the Christmas period we're expecting people to spend in excess of £200m at the centre."" On Saturday afternoon, a spokeswoman for the St David's Shopping Centre in Cardiff said it looked like being its busiest day of the year with about 200,000 shoppers expected to have visited by the close of play. At the St Enoch's Shopping Centre in Glasgow, more than 140,000 shoppers - an all-time record - were expected to have passed through the doors by its closing time of 1900 GMT. Senior business manager Jon Walton said: ""It has been phenomenal - absolutely mobbed. ""Every week footfall has been showing strong growth and at the weekends it has been going mad."" Regent Street Association director Annie Walker said on Saturday: ""The stores were heaving today and a lot of people are going to be doing last minute shopping as many people finished work on Friday and can go in the week."" She said reports of a slump in pre-Christmas sales were related to the growing popularity of internet sales. ""I do think this has had a lot to do with reports of lower sales figures,"" she said. ""Internet shopping has gone up enormously and not all stores have websites.""",business,business,2.3577799797058105,5238,114.08203125,0.3138309
"Teenager Tait picked for England Newcastle's teenage centre Mathew Tait has been named as a centre in England's team to face Wales in the Six Nations opener in Cardiff on Saturday. The 18-year-old will play alongside Falcons' team-mate Jamie Noon in England's midfield. Scrum-half Matt Dawson is also recalled, despite been left out of the initial squad after a row over clashing TV and training commitments. Bath lock Danny Grewcock will also start, pending a possible citing. England coach Andy Robinson has also awarded Gloucester flanker Andy Hazell his first Six Nations start. In another change to the side that lost to Australia in November, Leicester lock Ben Kay replaces Bath second row Steve Borthwick. Robinson was already without Jonny Wilkinson, Mike Tindall, Stuart Abbott, Richard Hill and Will Greenwood, while Mike Catt had been left out of England's squad. J Robinson (Sale Sharks, capt); M Cueto (Sale Sharks), M Tait (Newcastle), J Noon (Newcastle), J Lewsey (Wasps); C Hodgson (Sale Sharks), M Dawson (Wasps); G Rowntree (Leicester), S Thompson (Northampton), J White (Leicester), D Grewcock (Bath), B Kay (Leicester), L Moody (Leicester), A Hazell (Gloucester), J Worsley (Wasps). Replacements: A Titterrell (Sale Sharks), P Vickery (Gloucester), S Borthwick (Bath), J Forrester (Gloucester), H Ellis (Leicester), O Barkley (Bath), B Cohen (Northampton).",sport,sport,2.3413162231445312,5239,114.9296875,0.3021647
"Security warning over 'FBI virus' The US Federal Bureau of Investigation is warning that a computer virus is being spread via e-mails that purport to be from the FBI. The e-mails show that they have come from an fbi.gov address and tell recipients that they have accessed illegal websites. The messages warn that their internet use has been monitored by the FBI's Internet Fraud Complaint Center. An attachment in the e-mail contains the virus, the FBI said. The message asks recipients to click on the attachment and answer some questions about their internet use. But rather than being a questionnaire, the attachment contains a virus that infects the recipient's computer, according to the agency. It is not clear what the virus does once it has infected a computer. Users are warned never to open attachment from unsolicited e-mails or from people they do not know. ""Recipients of this or similar solicitations should know that the FBI does not engage in the practice of sending unsolicited e-mails to the public in this manner,"" the FBI said in a statement. The bureau is investigating the phoney e-mails. The agency earlier this month shut down fbi.gov accounts, used to communicate with the public, because of a security breach. A spokeswoman said the two incidents appear to be unrelated.",tech,tech,2.366739511489868,5238,114.96484375,0.3105276
"Blair congratulates Bush on win Tony Blair has said he looks forward to continuing his strong relationship with George Bush and working with him during his second term as president. Mr Bush's re-election came at a crucial time for a world that was ""fractured, divided and uncertain"", Mr Blair said. It had to be brought together, he added, saying action was needed on poverty, the Middle East and the conditions on which terrorists prey. Mr Blair said states had to work with the US to fight global terrorism. But there was a need to recognise it would not be defeated by ""military might alone but also by demonstrating the strength of our common values"" he added. Solving the conflict in the Middle East was the world's single most ""pressing political challenge"" of the present day, Mr Blair warned. The prime minister also urged Europe and the US to ""build anew their alliance"". ""All of us in positions of leadership, not just President Bush, have a responsibility to rise to this challenge. It is urgent that we do so."" Mr Blair also paid tribute to Democrat John Kerry's campaign, saying he had helped make the presidential election ""a true celebration of American democracy"". The election of the US president was significant for the world but particularly so for Britain because of its special relationship, he added. Earlier Tory leader Michael Howard sent Mr Bush his ""warmest congratulations"", saying: ""We look to the president to be a unifying force for those all over the world who share our determination to defend freedom."" Liberal Democrat leader Charles Kennedy welcomed the fact there had been a quick conclusion to the election, unlike in 2000. Mr Bush's first task was to ""rebuild a sense of domestic purpose"" within the US, he said. Mr Kennedy said: ""Internationally, it is to be hoped that a second term will see a more sensitive approach to relations with long-standing allies, not least for the global efforts to combat terrorism."" Lib Dem foreign affairs spokesman Menzies Campbell said a win by Mr Kerry would have given Mr Blair the chance of a fresh start, adding it was almost as if there was an ""umbilical cord"" between Mr Bush and the UK premier. ""Europeans must hope that his administration will be much more multilateral in character, and that he will act swiftly to rebuild the Atlantic partnership which is so vital to security. ""Iraq will remain an issue of potential division for some time to come."" Even before the result became clear, Mr Blair was being urged to push for action on climate change at his first meeting with whichever candidate won. Liberal Democrat environment spokesman Norman Baker underlined the issue of global warming during a Commons debate on Anglo-American relations on Wednesday. Environment Secretary Margaret Beckett has said the US will act on global warming despite George Bush's refusal to sign up to the Kyoto protocol on carbon emissions. Public opinion would force change, she told BBC news. But Myron Ebell, an adviser on climate change to President Bush, has said there would be no change in the US stance and rejected the threat of climate change. He claimed the US was the only country with independent scientists.",politics,politics,2.480377674102783,5234,114.96875,0.4326895
"Capriati to miss Melbourne Jennifer Capriati has become the third leading lady to withdraw from the Australian Open because of injury. The organisers of the first grand slam of 2005, which begins on 17 January, said the American has a problem with her right shoulder. It comes as a blow to the women's draw as last year's champion, Justin Henin-Hardenne, and runner-up, Kim Clijsters, will also be absent. Capriati is a two-time champion in Melbourne with wins in 2001 and 2002. She is believed to have picked up the injury at the Advanta Championships at Philadelphia in November and had to pull out of an exhibition match with Wimbledon champion Maria Sharapova on 17 December. Capriati also decided against competing in the Australian Open warm-up event, the Sydney International.",sport,sport,2.267634868621826,5234,114.96875,0.2213049
"West End to honour finest shows The West End is honouring its finest stars and shows at the Evening Standard Theatre Awards in London on Monday. The Producers, starring Nathan Lane and Lee Evans, is up for best musical at the ceremony at the National Theatre. It is competing against Sweeney Todd and A Funny Thing Happened on the Way to the Forum for the award. The Goat or Who is Sylvia? by Edward Albee, The Pillowman by Martin McDonagh and Alan Bennett's The History Boys are shortlisted in the best play category. Pam Ferris, Victoria Hamilton and Kelly Reilly are nominated for best actress. Ferris - best known for her television roles in programmes such as The Darling Buds of May - has made the shortlist for her role in Notes on Falling Leaves, at the Royal Court Theatre. Meanwhile, Richard Griffiths, who plays Hector in The History Boys at the National Theatre, will battle it out for the best actor award with Douglas Hodge (Dumb Show) and Stanley Townsend (Shining City). The best director shortlist includes Luc Bondy for Cruel and Tender, Simon McBurney for Measure for Measure, and Rufus Norris for Festen. Festen is also shortlisted in the best designer category where Ian MacNeil, Jean Kalman and Paul Arditti will be up against Hildegard Bechtler, for Iphigenia at Aulis, and Paul Brown, for False Servant. The Milton Shulman Award for outstanding newcomer will be presented to Dominic Cooper (His Dark Materials and The History Boys), Romola Garai (Calico), Eddie Redmayne (The Goat, or Who is Sylvia?) or Ben Wishaw (Hamlet). And playwrights David Eldridge, Rebecca Lenkiewicz and Owen McCafferty will fight it out for The Charles Wintour Award and a £30,000 bursary. Three 50th Anniversary Special Awards will also be presented to an institution, a playwright and an individual.",entertainment,entertainment,2.525587558746338,5252,114.9765625,0.4796564
"Oil prices reach three-month low Oil prices have fallen heavily for a second day, closing at three-month lows after news that US crude stocks have improved ahead of winter. London Brent crude closed at $40.15 on Thursday - a drop of 5.1% - having dived below $40 a barrel for the first time since mid-September. US light crude traded in New York lost more than $2 to $43.25, its lowest close since 10 September. The price of both benchmark crudes has dropped 12% in two days. The falls were triggered when the Energy Information Administration (EIA) said on Wednesday that US crude stocks were 3.5% higher than a year ago. The news calmed worries about winter shortages. Weak US fuel and heating oil stocks have been a persistent factor in pushing up oil prices. ""It's amazing how quickly sentiment changed,"" said Rick Mueller, an analyst at Energy Security Analysis. Analysts also attributed the fall to mild early-winter weather, which has tempered demand for heating oil. The stronger fuel inventories helped boost US stock markets to nine-month highs on Wednesday, though only the Nasdaq index had hung onto those gains by the end of Thursday. In London, the FTSE 100 index closed 15 points higher at 4,751. The long-awaited drop in oil prices helped to ease persistent investor jitters over the impact of energy costs on company profits and economic growth. However, traders warned that the fall could be short-lived if there is a cold snap in North America this winter or any major supply problems in other parts of the world. The price of crude is still up about 30% on the start of 2004, but has fallen from the record of $55.67 set in late October. Opec nations have increased production to 25-year highs to meet global demand and this has helped rebuild US stocks hit by supply disruptions after Hurricane Ivan in September. Traders were also encouraged by comments on Wednesday from the energy minister of Opec member Algeria. Chakib Khelil said the cartel was likely to keep output unchanged when it meets next week. However, some analysts believe the sharp fall in crude prices may harden Opec's attitude to over-production, leading to a scaling back of oil output. Fears still remain over the level of US heating oil stocks, which are rising but remain down on 2004 levels. A cold spell in north America would start to deplete supplies and could spark further price rises. Analysts, however, say prices will fall further if inventories continue to rise. ""Mother Nature is going to be huge in the next several weeks,"" said Kyle Cooper, at Citigroup Global Markets. ""Long term I think we're headed to $30-35 but I don't think we're doing that yet. We have a lot of winter left."" John Person, president of National Futures Advisory Services, said the EIA data indicated there should be adequate supplies for the next three months in the US. .",business,business,2.4333415031433105,5307,115.0078125,0.3789659
"Wasps 31-37 Leicester Leicester withstood a stunning Wasps comeback to win a pulsating Heineken Cup encounter at the Causeway Stadium. The Tigers stormed 22-6 ahead within 18 minutes through tries from Lewis Moody, Geordan Murphy and Martin Corry. European champions Wasps fought back through a Josh Lewsey try and Mark van Gisbergen's boot, and they were level at 31-31 with five minutes remaining. But it was the visitors who kept their cool as Andy Goode kicked the Tigers to victory with a penalty and a drop goal. The closing moments saw desperate defence from Leicester as Wasps turned down several penalties to go for the try they needed. Wasps pounded the line and a penalty try looked likely before referee Nigel Williams controversially blew for full-time. Fly-half Goode was the Tigers hero, kicking 22 points in total, while Leicester's overwhelming domination in the scrums ultimately told. Even their lack of discipline in defence - which presented the admirable Van Ginsberg with 26 points - could not undo them as they held out for a famous win. Lawrence Dallaglio's team have now got it all to do in the quest for a quarter-final place given that two of their last three games are away - against Leicester and Biarritz. However, Wasps rugby director Warren Gatland warned his side will will not relinquish their European title without a fight. ""If we lose next week, then we are struggling,"" said Gatland. ""But we don't want to give this trophy away. We worked so hard to win it last season, we will go down fighting. ""We have got to get our scrum right next week, it is the biggest cause for concern."" Leicester coach John Wells saluted the outstanding work of Graham Rowntree and Julian White, who were magnificent up front. ""They were the backbone of our performance today,"" said Wells. ""And to score three tries against the European champions at home was also something I am pleased about."" Van Gisbergen; Lewsey, Erinle, Abbott, Voyce; King, Dawson; Dowd, Greening, Green; Shaw, Birkett; Worsley, O'Connor, Dallaglio (capt). Replacements: Gotting, McKenzie, Lock, Hart, Biljon, Brooks, Hoadley. Murphy; Rabeni, Smith, Gibson, Healey; Goode, Ellis; Rowntree, Chuter, White, M Johnson (capt), L Deacon; Moody, Back, Corry. Replacements (from): Buckland/Cockerill, Morris, Kay, W Johnson/B Deacon, H Tuilagi, Bemand, A Tuiliagi, Lloyd, Vesty.",sport,sport,2.461561441421509,5363,115.0078125,0.4141178
"China continues rapid growth China's economy has expanded by a breakneck 9.5% during 2004, faster than predicted and well above 2003's 9.1%. The news may mean more limits on investment and lending as Beijing tries to take the economy off the boil. China has sucked in raw materials and energy to feed its expansion, which could have knock-on effects on the rest of the world if it overheats. But officials pointed out that industrial growth had slowed, with services providing much of the impetus. Growth in industrial output - the main target of government efforts to impose curbs on credit and investments - was 11.5% in 2004, down from 17% the previous year. Still, consumer prices - at 2.4% - rose faster than in 2004, adding to concern that a sharp rise in producer prices of 7.1% could stoke inflation. And overall investment in fixed assets was still high, up 21.3% from the previous year - although some way off the peak of 43% seen in the first quarter of 2004. The result could be higher interest rates. China raised rates by 0.27 percentage points to 5.8% - its first hike in nine years - in October 2004. Despite the apparent rebalancing of the economy the overall growth picture remains strong, economists said. ""There is no sign of a slowdown in 2005,"" said Tim Congdon, economist at ING Barings. China's economy is not only gathering speed thanks to domestic demand, but also from soaring sales overseas. Figures released earlier this year showed exports at a six-year high in 2004, up 35%. Part of the impetus comes from the relative cheapness of the yuan, China's currency. The government keeps it pegged close to a rate of 8.28 to the US dollar, - much to the chagrin of many US lawmakers who blame China for lost jobs and competitiveness. Despite urging to ease the peg, officials insist they are a long way from ready to make a shift to a more market-set rate. ""We need a good and feasible plan and formulating such a plan also needs time,"" National Bureau of Statistics chief Li Deshui told Reuters. ""Those who hope to make a fortune by speculating on a renminbi revaluation will not succeed in making a profit.""",business,business,2.433175802230835,5290,115.0078125,0.3905981
"Vera Drake leads UK Oscar hopes Mike Leigh's film Vera Drake will lead British hopes at this year's Academy Awards after getting three nominations. Imelda Staunton was nominated for best actress for her role in the abortion drama, while Leigh received nods for best director and original screenplay. Kate Winslet was also nominated in the best actress category for her role in Eternal Sunshine of the Spotless Mind. And Clive Owen and Sophie Okonedo both got nominated for supporting roles in Closer and Hotel Rwanda respectively. Owen has already been made bookmakers' favourite for best supporting actor for the role in Closer that has already clinched him a Golden Globe award. And it is the first nomination for actress Okonedo, chosen for her performance in Hotel Rwanda, about the 1994 Rwandan genocide. It is also a debut nomination for Staunton, 49, who told BBC News 24 she had not thought the film would appeal to Academy voters. ""It was an extraordinary time making the film and I can't believe what has happened this morning,"" she said. ""I hope it just shows Mike up to be the extraordinary filmmaker he is. ""We are also dealing with a very difficult subject matter and it is amazing to have it accepted in this way."" Leigh, who had previously received three Oscar nominations for Secrets and Lies and Topsy Turvy, told BBC News 24 the latest success was ""amazing"". He said: ""We hoped that Imelda Staunton would get a nomination but I never expected to get director and screenplay. It's just absolutely wonderful. ""I think people are aware that it's about life - and I hope it is the warmth and compassion that really talks to people."" Winslet said she was ""ecstatic"" about the fourth nomination of her career. ""Being nominated means so much to me. To be nominated for a film that was released a while ago, I feel so honoured and overwhelmed,"" she said. John Woodward, chief executive of the UK Film Council, said it was ""extremely heartening"" to see British filmmaking talent recognised on the global stage. ""Britain has a hugely talented industry and these nominations show why National Lottery investment in film pays major dividends for our culture and economy."" Among a total of 24 British nominees, composer Andrew Lloyd Webber and lyricist Charles Hart are up for best original song for Learn To Be Lonely, from The Phantom of the Opera movie. Cinematographer John Mathieson, who was nominated for Gladiator in 2001, is also up for The Phantom of the Opera. And Finding Neverland has garnered two more nominations for Brits. Gemma Jackson, who has also worked on Bridget Jones's Diary and Iris, is up for art direction while costume designer Alexandra Byrne, whose previous films have included Captain Corelli's Mandolin and Elizabeth, is in the running. The UK has two contenders in the best live action short film category. Wasp was made by ex-children's TV presenter Andrea Arnold while Little Terrorist is the work of Ashvin Kumar. This year's awards will be handed out in Hollywood on 27 February.",entertainment,entertainment,2.4440810680389404,5279,115.015625,0.4038806
"2D Metal Slug offers retro fun Like some drill sergeant from the past, Metal Slug 3 is a wake-up call to today's gamers molly-coddled with slick visuals and fancy trimmings. With its hand-animated sprites and 2D side-scrolling, this was even considered retro when released in arcades four years ago. But a more frantic shooter you will not find at the end of your joypad this year. And yes, that includes Halo 2. Simply choose your grunt and wade through five 2D side-scrolling levels of the most hectic video game blasting you will ever encounter. It is also the toughest game you are likely to play, as hordes of enemies and few lives pile the pressure on. Players must battle soldiers, snowmen, zombies, giant crabs and aliens, not to mention the huge, screen-filling bosses that guard each of the five levels. The shoot-anything-that-moves gameplay is peppered with moments of old-school genius. Fans of robotic gastropods should note the title refers, instead, to the vast array of vehicles on offer in a game stuffed with bizarre hardware. Tanks, jets and submarines can be commandeered, as well as cannon-toting camels, elephants and ostriches - more weaponry on offer than in an acre of Iraq. Doling out justice is a joy thanks to ultra responsive controls, and while this is a tough nut to crack, it is addictive enough to have you gagging for that one last go. And at a mere £20, Metal Slug 3 is as cheap as sliced, fried spuds, as the man says. Of course, most of you will ignore this, lacking as it does the visual fireworks of modern blasters. But at a time when blockbuster titles offer only a fresh lick of paint in favour of real innovation, Metal Slug 3 is a fresh gasp of air from an era when the Xbox was not even a twinkle in Bill Gates' eye.",tech,entertainment,2.3903205394744873,5280,115.015625,0.3489409
"Millions 'to lose textile jobs' Millions of the world's poorest textile trade workers will lose their jobs under new trade rules to be introduced in the new year, a charity has warned. The World Trade Organisation (WTO) is to end its Multi-Fibre Agreement (MFA) on midnight of 31 December. Christian Aid condemned the move, saying it would see almost a million jobs in Bangladesh alone being axed. However, supporters of the change claim it will mean increased efficiency and lower costs for Western consumers. It will also see more jobs created in India and China, advocates argue. The WTO said that many developing countries support the end of quotas and stressed that funding was available to countries such as Bangladesh to help them make the transition to a fully liberalised market. ""There will be a period of adjustment required,"" said WTO spokesman Keith Rockwell. ""Some countries will do better than others but there is no one who is suggesting that no developing country will do well out of this. ""Some countries where it may appear that orders will dry up have seen orders surging and there are many companies who will continue with existing trading relationships."" Christian Aid has called on British firms not to simply ""cut and run"" but look after their workers, in a new report called Rags To Riches To Rags. It added that with few employment alternatives available many sacked garment workers could end up in far worse jobs - with some of the mainly female workers forced into the sex trade. The WTO itself has warned that as many as 27 million jobs could be lost as a result of liberalisation in the textile industry. Some of the world's fastest developing countries which rely on textile exports to build growth - for example in Bangladesh textiles account for almost 85% of the country's exports and the industry employs around 1.5 million people. The MFA pact has helped developing countries get a bigger share of the world market. ""The losers in this new trade landscape will be some of the most vulnerable workers in countries such as Bangladesh, Cambodia, Sri Lanka and Nepal,"" Andrew Pendleton, Christian Aid's head of Trade Policy, said. ""They will be hard-pressed to cope when garment industries there lose their protection. ""We are deeply concerned that the New Year will spell misery for huge numbers of garment workers."" The WTO said there was no consenus among its members to retain the quotas and emphasised that funding was available to countries such as Bangladesh to help them adjust to the liberalised market. It added that the impact of the changes for workers most affected by the shake-up had not been considered, adding such seismic changes to policy should ""put the interests of poor people first - rather than simply aiming to liberalise markets at any cost"". While the current MFA was not perfect, its did allow Third World countries like Bangladesh to get onto the first rung of industrial development, Christian Aid said. ""International trade must not be governed by a 'race to the bottom' that pitches one set of poor people against another,"" Mr Pendleton added.",business,business,2.418496608734131,5272,115.02734375,0.3688745
"Lacroix label bought by US firm Luxury goods group LVMH has sold its loss-making Christian Lacroix clothing label to a US investment group. The Paris-based firm has been shedding non-core businesses and focusing on its most profitable brands including Moet & Chandon champagne and Louis Vuitton. LVMH said the French designer's haute couture and ready-to-wear labels had been purchased by the Falic Group for an unspecified sum. The Falic Group bought two cosmetics labels from LVMH in 2003. The sale of the Lacroix label comes as many fashion houses are struggling to make money from their expensive haute couture ranges. The Florida-based Falic group, which also runs a chain of 90 duty free stores in the US, said it planned to expand the brand by opening new stores. Mr Lacroix said he planned to stay at the label he founded in 1987 although exact details are still to be confirmed.",business,business,2.3230957984924316,5271,115.02734375,0.2862484
"Satellite mapping aids Darfur relief Aid workers trying to house, feed and clothe millions of homeless refugees in the Sudanese region of Darfur are getting a helping hand from advanced mapping technology. A European consortium of companies and university groups known as Respond is working to provide accurate and up to date maps. The aim is to overcome some of the huge logistical challenges in getting supplies to where they are needed. Respond is using satellite imagery to produce accurate maps that can be used in the field rapidly. ""Respond has produced very detailed maps for example for the road networks, for the rivers and for the villages, to more large-scale maps useful for very general planning purposes,"" said Einar Bjorgo from Unosat, the UN satellite mapping organisation that is part of the Respond consortium. The group uses satellites from Nasa, the European Space Agency and the Disaster Monitoring Constellation. The satellite data is transmitted to ground stations. From there, the information makes its way to Respond organisations that specialise in interpreting such data. ""You have to convert the data into images, then the interpreter has to convert all this into crisis, damage, or situation maps,"" said Stefan Voigt, who works in the remote sensing department of one of those organisations, the German Aerospace Centre. This kind of detailed analysis usually takes a couple of months but Respond gets it done in about 12 hours. ""Our users are usually not so much familiar with reading satellite imagery, reading satellite maps, so it's our task to transfer the data into information that non-technical people can read and understand easily and very, very efficiently,"" said Mr Voigt. Respond supplies maps to aid groups via the web, and on compact disc. But the best map is one you can hold in your hands, especially in remote areas where internet connections and laptops are scarce. ""A map is a working document,"" explains Herbert Hansen of Respond's Belgian partner Keyobs. ""You need to use it, you need to write on it, correct, give feedback and so on, so you need paper to write on. ""We print maps, we laminate the maps, we encapsulate the maps if needed so you can take a shower with the map, it's completely protected."" Humanitarian groups in Darfur have been making good use of Respond's maps. They have come in especially handy during Sudan's rainy season, when normally dry riverbeds, or wadis, became flooded. ""These wadis had a very small amount of flooding, generally, in terms of depth, but greatly impeded the transport capabilities and capacities of the humanitarian groups on the ground,"" says Stephen Candillon of Respond imaging partner Sertit. Respond's rapid imaging has allowed aid groups to find ways around the wadis, allowing then to mark on their maps which roads were washed out at which times. Aid groups say that combination of satellite technology and on-the-ground observation helped keep relief flowing to those who needed it. Clark Boyd is technology correspondent for The World, a BBC World Service and WGBH-Boston co-production",tech,business,2.5660152435302734,5261,115.02734375,0.5128957
"Benitez 'to launch Morientes bid' Liverpool may launch an £8m January bid for long-time target Fernando Morientes, according to reports. The Real Madrid striker has been linked with a move to Anfield since the summer and is currently behind Raul, Ronaldo and Michael Owen at the Bernabeu. Liverpool boss Rafael Benitez is keen to bolster his forward options with Djibril Cisse out until next season. ""If there is an attractive propostition it could be I would be keen to leave,"" admitted the 28-year-old Morientes. He added: ""Unfortunately, I'm not in control of the situation. I'm under contract to Real and they will make any decisions."" The fee could put Liverpool off a prospective deal but Real are keen to net the cash as they are reported to be preparing a massive summer bid for Inter Milan striker Adriano. The Reds are currently sixth in the Premiership, 15 points behind leaders Chelsea.",sport,sport,2.3055238723754883,5261,115.02734375,0.2707675
"Ireland call up uncapped Campbell Ulster scrum-half Kieran Campbell is one of five uncapped players included in Ireland's RBS Six Nations squad. Campbell is joined by Ulster colleagues Roger Wilson and Ronan McCormack along with Connacht's Bernard Jackman and Munster's Shaun Payne. Gordon D'Arcy is back after injury while Munster flanker Alan Quinlan also returns to international consideration. ""The squad is selected purely on form. A lot of players put their hands up,"" coach Eddie O'Sullivan told BBC Sport. ""Kieran Campbell was just one of those players. He has been playing very well in the Heineken Cup and deserves his call-up. ""There is big competition in some departments and not so much in others. There were one or two players who were unfortunate just to miss out."" Back-row forwards David Wallace and Victor Costello are omitted, with O'Sullivan having Quinlan, Wilson, Simon Easterby, Anthony Foley, Denis Leamy and Johnny O'Connor vying for the three positions. With David Humphreys, Kevin Maggs, Simon Best and Tommy Bowe again included, it is Ulster's biggest representation in a training panel for quite some time. Munster and Leinster have 12 and 11 players in the squad respectively while Jackman is the sole Connacht representative. Four British-based players are also included. Ulster forward Ronan McCormack said he was ""totally shocked"" to be included. ""I'm really looking forward to it,"" said McCormack. ""I played with guys like Brian O'Driscoll and Denis Hickie back in my school days in Leinster so I do know a few of them although not that well. ""It will be great to work with them."" S Best (Ulster), S Byrne (Leinster), R Corrigan (Leinster), L Cullen (Leinster), S Easterby (Llanelli), A Foley (Munster), J Hayes (Munster), M Horan (Munster), B Jackman (Connacht), D Leamy (Munster), E Miller (Leinster), R McCormack (Ulster), D O'Callaghan (Munster), P O'Connell (Munster), J O'Connor (Wasps), M O'Kelly (Leinster), F Sheahan (Munster), R Wilson (Ulster), A Quinlan (Munster). T Bowe (Ulster), K Campbell (Ulster), G D'Arcy (Ulster), G Dempsey (Leinster), G Duffy (Harlequins), G Easterby (Leinster), D Hickie (Leinster), A Horgan (Munster), S Horgan (Leinster), D Humphreys (Ulster), K Maggs (Ulster), G Murphy (Leicester), B O'Driscoll, (Leinster), R O'Gara (Munster), S Payne (Munster), P Stringer (Munster). K Gleeson (Leinster), T Howe (Ulster), J Kelly (Munster), N McMillan (Ulster).",sport,sport,2.5697085857391357,5261,115.08984375,0.5287657
"Berlin honours S Korean director South Korean film director Im Kwon-Taek has received an honorary Golden Bear at the Berlin Film Festival. Im, who has made more than 100 films in a 40-year career, was hailed for his ""remarkable visual beauty, technical innovation, and intellectual depth"". Twenty of his films are screening in a special retrospective during the festival, which runs until 20 February. The veteran film-maker, 68, won the best director prize at the Cannes Film Festival in 2002 for Chihwaseon. ""Although his films vary in style, they all bear his unmistakable stamp: they are forceful and charged cinematographically, as well as reticent, stylised and musical,"" organisers said in a statement. Meanwhile, a film version of Bizet's opera Carmen - translated into the South African language Xhosa - has received a warm reception at the festival. U-Carmen eKhayelitsha (Carmen in Khayelitsha), which is one of 21 films up for Berlin's top prize, the Golden Bear, is British director Mark Dornford-May's first feature film. ""It's the first time any opera has been translated into a black South African language. Xhosa works brilliantly, it's such a musical language,"" said music director Charles Hazlewood.",entertainment,entertainment,2.3411741256713867,5261,115.08984375,0.2922755
"Mourinho receives Robson warning Sir Bobby Robson has offered Chelsea boss Jose Mourinho some advice on coping under pressure. The pair worked together at Barcelona and Porto and Robson had a word of warning for his protege. ""It has all gone for him just lately and that is marvellous, but sometimes you have to have a bit of humility and learn how to lose,"" said Robson. ""It is when it goes against you and you get a bit of bad luck that you learn, and he'll get it straight."" Robson was speaking after being formally granted the freedom of the city of Newcastle. ""Jose is doing very well at the moment,"" Robson added of the man who worked for him for six years. ""He has got one pot - possibly two to follow - a big game against Barcelona to come and I cannot see them losing their lead in the Premiership. ""They are in a good position and I would expect them to go on and win it, which is a wonderful achievement. ""What has occurred over the last couple of weeks will stand him in very good stead for the future. If he is intelligent, he will take it on board - and he is very intelligent. ""He will have learned more in the last fortnight than the last eight months. Before that, it was all about winning."" Robson also admitted he would relish the chance to get back into management and test his skills against Mourinho. ""I am not in a hurry to take the wrong job, but I am ready to take the right job and I feel there is another job in me,"" he added. ""I know the area I am capable of working in and of course I would like a job in the Premiership if one was available. ""It would not worry me if I had to pit my wits against Jose. ""But it is not just a case of him and me against one another. It would be his team against my team - but I would not be afraid of that.""",sport,sport,2.482095241546631,5261,115.08984375,0.438361
"Cactus diet deal for Phytopharm A slimming aid made from a southern African cactus is set to be developed by UK firm Phytopharm and Unilever. Anglo-Dutch food giant Unilever will help the pharmaceutical firm develop the snacks containing Hoodia extract. Phytopharm shares jumped 10.7% on the news, with analysts saying sales of $600m (£309m) a year were possible. The plant, licensed to Phytopharm in 1997, has been used for thousands of years by the Sans bushmen of the Kalahari desert to stave off hunger. Studies have reportedly shown the plant curbs appetite instead of reducing calorific intake like many existing products. Phytopharm will receive an initial fee of £6.5m from Unilever - out of a potential total of £21m - as well as future royalties on product sales. Under the deal, production of the Hoodia cactus at Phytopharm's nursery in South Africa will also rise from eight million plants to potentially hundreds of millions, said Phytopharm chief executive Richard Dixey. The firm had initially hoped to market a slimming drug from Hoodia with Pfizer. But the research collaboration came to an end in 2003. Analysts said Unilever could launch the new products in 2007. ""This deal goes a long way to restoring the market faith in Phytopharm's pipeline after the Pfizer exit,"" said analyst Erling Refsum at Nomura.",business,business,2.394965171813965,5261,115.09375,0.3484836
"GE sees 'excellent' world economy US behemoth General Electric has posted an 18% jump in quarterly sales, and in profits, and declared itself ""in great shape"". ""We are benefiting from our growth initiatives and an excellent global economy,"" said GE's chief executive Jeff Immelt. GE is the US' biggest firm based on stock market valuation. GE's net profits were $5.37bn (£2.86bn) for the final three months of 2004, while sales came in at $43.7bn. The group, whose businesses range from jet engines to the NBC television channel, forecast sustained growth at between 10-15% for this year and next. GE's shares rose 1% on the news before ending Friday 0.24% lower. ""The industries GE is in are doing very well. The materials, financial and industrial sectors are all picking up,"" said Steve Roukis, an analyst at fund manager Matrix Asset Advisors, which has shares in GE. GE said orders in the fourth quarter were 15% higher than in the same period of 2003, ""with growth across the board"". ""In the fourth quarter, nine of our 11 businesses delivered at least double-digit earnings growth,"" said Mr Immelt. Full year 2004 gains were less spectacular, but still respectable. Net profit was up 6% at $16.6bn. Last year, GE bought Vivendi Universal, merging it with NBC to form NBC Universal. The success of Universal Studio's film 'Ray', a portrait of jazz musician Ray Charles, has helped boost earnings at the unit.",business,business,2.4032294750213623,5261,115.09375,0.3641781
"What really divides the parties So what is the gap between Labour and the Tories nowadays? One Starbucks, one Rymans and one small Greek cafe as it happens. Both parties have now completed their moves to new headquarters, with Labour creating its election hub just three doors away from the Tories' new headquarters in Victoria Street, just down the road from the Commons. That should make things a little easier if and when the crack-of-dawn election press conferences kick off. Unlike 2001, there should be no need for colleagues to have taxis gunning their engines outside, or to buy scooters, to get themselves between the tightly-timetabled events. And, to all intents and purposes, we already appear to be in that general election campaign. Certainly the press conference hosted by election co-ordinator Alan Milburn, in the rather compact new conference room - still smelling of new carpet and with the garish New Labour coffee mugs as yet unstained - had all the hallmarks of an election event. ""Welcome to the unremittingly New Labour media centre,"" he said. And I'll bet he hadn't checked that one with Gordon Brown. Along with Work and Pensions Secretary Alan Johnson and Minister for Work Jane Kennedy, he then went on to tear into the Tory plans to scrap the New Deal welfare-to-work scheme, which they claimed would lead to an increase of almost 300,000 in unemployment. And they ridiculed the claims made on Monday by Michael Howard that he could save £35 billion of Labour waste and inefficiency to spend on public services while also offering £4 billion of tax cuts. Labour has come up with a figure of £22 billions worth of efficiency savings so, understandably perhaps, believe Mr Howard must be planning cuts to squeeze the extra £13 billion. These figures, based on the two parties' own detailed studies, will be battered to within an inch of their lives during the campaign. Wednesday was just the start.",politics,politics,2.491779327392578,5261,115.09375,0.4427142
"Radcliffe enjoys winning comeback Paula Radcliffe made a triumphant return to competitive running with victory in the New York Marathon. The Briton, running for the first time since dropping out of the Olympic marathon and 10,000m, held off Kenyan Susan Chepkemei in a thrilling finish. The pair were locked together for the last few miles before Radcliffe finally sprinted clear to win in two hours, 23 minutes and 10 seconds. ""It's a good way to end the year,"" she said. ""I'm ready for a good rest now."" Radcliffe decided only recently to run in the race and many had doubted whether she had sufficiently recovered from her Olympic ordeal just 11 weeks ago. But the world record-holder was prominent at the head of the field for the whole race as her rivals slowly dropped off the pace. Just Chepkemei and Radcliffe were left in contention as the race came into the final few miles. The Kenyan put in several bursts of speed to throw off Radcliffe but the Briton managed to hang in. Both runners looked to be suffering as they reached the final mile in Central Park. But it was Radcliffe who managed to dredge up a final sprint to see off Chepkemei in the closest finish in the race's history and in the process make a huge step in erasing the disappointment she suffered in Athens.",sport,sport,2.3748514652252197,5261,115.09375,0.3176011
"Newest EU members underpin growth The European Union's newest members will bolster Europe's economic growth in 2005, according to a new report. The eight central European states which joined the EU last year will see 4.6% growth, the United Nations Economic Commission for Europe (UNECE) said. In contrast, the 12 Euro zone countries will put in a ""lacklustre"" performance, generating growth of only 1.8%. The global economy will slow in 2005, the UNECE forecasts, due to widespread weakness in consumer demand. It warned that growth could also be threatened by attempts to reduce the United States' huge current account deficit which, in turn, might lead to significant volatility in exchange rates. UNECE is forecasting average economic growth of 2.2% across the European Union in 2005. However, total output across the Euro zone is forecast to fall in 2004 from 1.9% to 1.8%. This is due largely to the faltering German economy, which shrank 0.2% in the last quarter of 2004. On Monday, Germany's BdB private banks association said the German economy would struggle to meet its 1.4% growth target in 2005. Separately, the Bundesbank warned that Germany's efforts to reduce its budget deficit below 3% of GDP presented ""huge risks"" given that headline economic growth was set to fall below 1% this year. Publishing its 2005 economic survey, the UNECE said central European countries such as the Czech Republic and Slovenia would provide the backbone of the continent's growth. Smaller nations such as Cyprus, Ireland and Malta would also be among the continent's best performing economies this year, it said. The UK economy, on the other hand, is expected to slow in 2005, with growth falling from 3.2% last year to 2.5%. Consumer demand will remain fragile in many of Europe's largest countries and economies will be mostly driven by growth in exports. ""In view of the fragility of factors of domestic growth and the dampening effects of the stronger euro on domestic economic activity and inflation, monetary policy in the euro area is likely to continue to 'wait and see', the organisation said in its report. Global economic growth is expected to fall from 5% in 2004 to 4.25% despite the continued strength of the Chinese and US economies. The UNECE warned that attempts to bring about a controlled reduction in the US current account deficit could cause difficulties. ""The orderly reversal of the deficit is a major challenge for policy makers in both the United States and other economies,"" it noted.",business,business,2.4895670413970947,5261,115.1015625,0.4365148
"Blair dismisses quit claim report Tony Blair has dismissed reports he told Gordon Brown he would quit before the next general election. ""You don't do deals over jobs like this,"" the prime minister told BBC One's Breakfast with Frost programme. According to a new book, Brown's Britain, Mr Blair went back on a pledge to make way for Mr Brown after Cabinet allies intervened in June 2004. Mr Blair said the claims were ""reheated from six months ago"" and that he was concentrating on running the country. Mr Blair said: ""I've dealt with this six months ago. I said then you don't do deals over jobs like this - you don't. ""What both of us are actually concentrating on are the issues that concern the country."" The book, by Sunday Telegraph journalist Robert Peston and serialised in the newspaper, said the pair had ""mutual animosity and contempt"" for each other. It claims Tony Blair felt by November 2003 he had lost voters' trust because of the Iraq war and that he was no longer an asset to the Labour Party. And that at a dinner hosted by Deputy Prime Minister John Prescott he told Mr Brown of his intention to stand down. According to Mr Peston the prime minister said: ""Help me to get through the year and I will then stand down."" But he then changed his mind in June 2004, following intervention from allies in the Cabinet and the suspicion that the chancellor was deliberately manoeuvring against him, according to the book. Mr Peston told BBC News: ""My understanding is that they are not nearly as close or as friendly as they once were. ""What the book says is there is now a pretty profound mutual mistrust, mutual animosity. ""I think in public you see this double-act pretending everything is alright, but in private I don't think the relationship is good because Brown, understandably, feels deeply betrayed - particularly over this issue of the leadership."" But, in a wide-ranging BBC interview covering issues such as the Asian tsunami disaster, the Middle East peace process and Northern Ireland, Mr Blair said: ""When you get to the top in politics you get this huge swell around you. ""All sorts of people make all sorts of claims and counter-claims."" He admitted to a ""sense of frustration"" about the allegations which he said had been made ""countless times"". There has been fresh speculation of a rift recently, following their separate responses to the Asian tsunami. These rumours were fuelled by Mr Blair's decision to hold his monthly media conference at the same time as a long-planned speech by Mr Brown on UK plans to tackle global poverty with a new ""Marshall Plan"" for Africa. There was speculation the pair were trying to outdo each other's response to the disaster. But the prime minister said he had discussed these claims with the chancellor and dismissed them as a ""load of nonsense"". Former welfare minister Frank Field MP said the prime minister should sack Mr Brown, but did not believe Mr Blair was strong enough to do so. Tory leader Michael Howard accused the prime minister and Mr Brown of ""squabbling like schoolboys"". He told Sky News' Sunday with Adam Boulton: ""This is the politics of the playground and Britain really does deserve better."" The Liberal Democrat parliamentary chairman Matthew Taylor said the personal ambition of Mr Blair and Mr Brown was ""getting in the way of good government"". ""Either they need to grow up and put their squabbles to one side or they cannot expect the electorate to support a divided government at the next election."" During the interview Mr Blair also said the former home secretary David Blunkett would play a ""big role"" at the general election.",politics,politics,2.5520360469818115,5261,115.10546875,0.5025703
"Help for indies in download sales A campaign has been launched to help independent labels get their music online and benefit from the growing trend for downloading music. The British Phonographic Industry has identified a lack of independent music available for download. ""We want to ensure that independent repertoire is as successful in the download world as it is in the physical world,"" said BPI chief Peter Jamieson. Downloaded singles have now overtaken physical singles in the UK. Mr Jamieson said his organisation was lobbying music service providers, which include iTunes and Napster, to urge them to promote independent releases. Download sales are due to be incorporated into the UK singles chart later this year. ""With downloads shortly to be eligible for the singles chart, this is a key commercial issue on which the BPI committed to assisting its members,"" added Mr Jamieson. As part of the campaign the BPI is running a series of seminars entitled Getting Your Music Online, focusing on how independent labels can embrace digital music. The US has already begun incorporating download sales in the Billboard's Hot 100 chart.",entertainment,business,2.289004325866699,5261,115.10546875,0.2387929
"Bortolami predicts dour contest Italy skipper Marco Bortolami believes Saturday's Six Nations contest against Scotland will be a scrappy encounter. With both sides looking for their first win of the championship, the third-round game at Murrayfield has been billed as a wooden-spoon decider. And Bortolami feels the Edinburgh contest could end up being a bruising battle of the packs. ""It will not be a pretty game because both teams are desperate to gain their first win,"" said the lock forward. Italy have only recorded three wins since they joined the Six Nations in 2000, but two of those have come against Scotland. This year, Italy opened up with a stubborn display against Ireland but ended up losing 28-17. However, they were thoroughly outplayed by an impressive Welsh side in Rome last time out. Now the Italians travel to Edinburgh hoping to claim their first away win in the Six Nations. ""Scotland played extremely well against France in Paris but not so well when Ireland came to Edinburgh,"" said Bortolami. ""We are still very disappointed with our last game against Wales in Rome and we are thoroughly determined to right the wrongs. ""As a nation, our quest is to be respected as a team worthy of a place in this tournament and we can only do this by winning games.""",sport,sport,2.4371800422668457,5261,115.10546875,0.4015358
"Mexican in US send $16bn home Mexican labourers living in the US sent a record $16.6bn (£8.82bn) home last year. The Bank of Mexico said that remittances grew 24% last year and now represent the country's second-biggest source of income after oil. Better records and greater prosperity of Mexican expatriates in the US are the main reasons behind the increase. About 10 million Mexicans live in the US, where there are 16 million citizens of Mexican origin. Remittances now represent more than 2% of the country's GDP, according to the Bank of Mexico's figures. Last year, there were 50.9 million transactions, with an average value of $327 per remittance, the bank said. According to Standard & Poor's, which has recently upgraded Mexico's sovereign debt rating, the rise in remittances helps protect the Mexican economy against a potential fall in the international oil prices. The growth in remittances has sparked fierce competition between banks. Bank of America announced last week that it planned to eliminate transfer fees for some customers. Remittance charges are estimated to have dropped by between 50 and 60%, reports from the US Treasury and the Inter-American Development Bank have said. The Inter-American Development Bank estimates that remittances to Latin America and the Caribbean reached $45bn in 2004.",business,business,2.4044864177703857,5261,115.10546875,0.3659328
"Top stars join US tsunami TV show Brad Pitt, Robert De Niro and Hugh Grant have been added to the line-up for a two-hour US TV special to raise money for victims of the Asian tsunami. Andy Garcia, Lucy Liu, Natalie Portman and Jay Leno are also among the new names for Saturday's Tsunami Aid. They will join A-list singers Madonna, Sir Elton John, Nelly and Usher plus actors Kevin Spacey, Halle Berry and George Clooney on the NBC broadcast. Viewers will be urged to phone in to make donations throughout the night. Norah Jones, Diana Ross, Stevie Wonder, Maroon 5, Mary J Blige and Eric Clapton will give musical performances on the show described as ""A Concert of Hope"". Catherine Zeta Jones, Michael Douglas, Bruce Willis, Uma Thurman, Matt Damon, Drew Barrymore and Tim Robbins are among the other movie superstars due to put in an appearance. George Clooney recently reacted angrily to a TV host's suggestion that not all funds raised would go towards tsunami relief. Fox TV's Bill O'Reilly said he would be ""watching to see if the money gets to the tsunami victims"" and warned the celebrities taking part ""had better be involved all the way down the line"". But Clooney accused O'Reilly of creating a fuss for his own personal gain, saying viewers may now be ""afraid that their money will do no good"". He urged O'Reilly to co-present the TV special, adding in a letter: ""We're not playing games here, we're trying to save lives. It's as simple as this - you're either with this joint effort or against it."" Organisers say all funds will go to the American Red Cross. The commercial-free benefit show will also be aired by a string of cable broadcasters and Clear Channel's radio stations across the US. In addition, performances will be available to buy on the internet as downloads from Sony's Connect music store. A similar TV benefit carried by all four primary US TV networks after the 11 September terror attacks raised more than $150m (£80m). - The Bangkok International Film Festival got under way on Thursday in the Thai capital in the shadow of the country's 5,300 deaths from the tsunami. The red carpet gala opening night was ditched in favour of a more subdued first night. Six different films were shown at six cinemas, with all money from ticket sales going to charity.",entertainment,entertainment,2.4581332206726074,5261,115.109375,0.4133155
"Local net TV takes off in Austria An Austrian village is testing technology that could represent the future of television. The people of Engerwitzdorf are filming, editing and producing their own regional news channel. The channel covers local politics, sports, events and anything that residents want to film and are prepared to upload for others to watch on PCs. The pilot has been so successful that Telekom Austria is now considering setting up other projects elsewhere. ""It's growing unbelievably fast,"" said Rudolf Fischer, head of Telekom Austria's fixed line division. The trial of Buntes Fernsehen (Multi-Coloured TV) was started in late 2004 and creates a net-based TV station run by the 8,000 residents of Engerwitzdorf. The hardware and software to turn video footage into edited programmes has been provided by Telekom Austria but this equipment, following training, has been turned over to the villagers. Any video programme created by the villagers is uploaded to a Buntes Fernsehen portal that lets people browse and download what they want to watch. Most people watch the TV on their home PC and a broadband connection is needed to get broadcast quality programmes. In the first four months of the project villagers have created 60 films and put together regular reports on local news items. ""They have adopted it very quickly,"" said Mr Fischer. ""They like the possibility to create their own content and see what's going on in the area."" ""It's kind of the democratisation of local TV,"" he said, ""because none of the bigger broadcasters would ever do anything like this for that region."" The Buntes Fernsehen project has been such a success that Telekom Austria is now considering setting up other schemes in similarly rural areas. Mr Fischer said it was taking the roll-out to other areas slowly because of the work involved in setting up the scheme, getting backers from local government and educating people how to make programmes. The Engerwitzdorf scheme is an outgrowth of Telekom Austria's online TV channel Aon which lets people watch programmes on their PC. Aon streams a couple of live channels, plus sports, news and music programmes on to the net and has a pay-for-download section that lets people watch what they want when they want to watch it. In October a larger TV-on-demand project is due to launch in Vienna that will let people download many programmes from the net.",tech,tech,2.4244649410247803,5261,115.109375,0.3948696
"Captains lining up for Aid match Ireland's Brian O'Driscoll is one of four Six Nations captains included in the Northern Hemisphere squad for the IRB Rugby Aid match on 5 March. France's Fabien Pelous, Gordon Bullock of Scotland and Italy's Marco Bortolami are also in the Northern party. Sir Clive Woodward will coach the Northern team against Rod Macqueen's Southern Hemisphere team in a tsumani fund-raising match at Twickenham. ""I'm looking forward to working with such outstanding players,"" he said. It will be a chance for Woodward to assess some of his options before unveiling his British and Irish Lions touring party, who will visit New Zealand in the summer. ""The game promises to be a great spectacle,"" he said. ""Both teams are fielding top-quality sides and I really hope that the rugby public and community get behind this game to raise as much money as possible for such a deserving cause."" L Dallaglio (England), B Cohen (England), A Rougerie (France), D Traille (France), F Pelous (France), R Ibanez (France), P de Villiers (France), B O'Driscoll (Ireland, capt), P O'Connell (Ireland), D Humphreys (Ireland), C Paterson (Scotland), C Cusiter (Scotland), G Bullock (Scotland), S Taylor (Scotland), A Lo Cicero (Italy), M Bortolami (Italy), S Parisse (Italy), D Peel (Wales), C Sweeney (Wales), J Thomas (Wales), R Williams (Wales), J Yapp (Wales). C Latham (Australia); R Caucaunibuca (Fiji), J Fourie (S Africa) T Umaga (New Zealand), S Bobo (Fiji); A Mehrtens (New Zealand) G Gregan (Australia, capt); T Kefu (Australia), P Waugh (Australia), S Burger (S Africa); I Rawaqa (Fiji), V Matfield (S Africa); K Visagie (S Africa), J Smit (S Africa), C Hoeft (New Zealand). Reserves: B Reihana (New Zealand), B Lima (Samoa), E Taukafa (Tonga), O Palepoi (Samoa), S Sititi (Samoa), M Rauluni (Fiji), A N Other.",sport,sport,2.494739055633545,5261,115.109375,0.4397944
"Italy to get economic action plan Italian Prime Minister Silvio Berlusconi will unveil plans aimed at kickstarting the country's sputtering economy on Thursday night in Rome. He will present an ""Action Plan for the Development of Italy"" in a meeting with industrialists and trade union leaders. Mr Berlusconi is expected to table reforms aimed at boosting research and development (R&D) spending, and the competitiveness of small firms. Also in focus will be bankruptcy laws and the slow pace of the legal system. The prime minister is scheduled to start the meeting at 1830 GMT. The government has been accused of underfunding R&D, making it harder for Italy to compete with other European nations and leading to a ""brain-drain"" of the country's brightest talents. Analysts say that hiring and firing staff is still too difficult and expensive, hampering the development of small- and medium-sized businesses. As a result, they say, Italy's corporate landscape is filled with numerous smaller companies that are often reluctant to become bigger because of all the extra hassle that would accompany the running of a larger firm. At the same time, bankruptcy laws make it difficult for failed company directors to set up new businesses and emerge from their debts, a situation that is hampering Italy's entrepreneurial spirit. The government says that it has set about tackling the problems, adding that getting growth going was the responsibility of all of Italy's 60 million population. According to Il Sole 24 Ore, Italy's business newspaper, the government will focus on ""opening up markets, infrastructure, research, making more incentives available, bankruptcy law, the slow pace of the justice system"". Mr Berlusconi has previously promised to cut taxes by 6.5bn euros ($8.6bn; £4.5bn) this year in an effort to get people and companies to spend. He has also promised to cap spending on transport, education and health so as to trim the ballooning budget deficit. Italy plans to raise as much as 25bn euros from privatisations in 2005, including a partial flotation of the post office and utility Enel. Critics argue that these moves do not go far enough and could make Italy's problems worse. Limiting government spending will lead to job losses, they counter, while the income tax cuts will have a negligible effect on sentiment and ultimately favour the wealthy. The country has been one of the eurozone's worst economic performers in recent years. Growth was 1.1% in 2004, up from just 0.3% in 2003 and 0.4% in 2002 - an improvement but still a long way from ideal. At the same time, business and consumer confidence has dipped and analysts have raised concerns that what little spending there is stems from Italians dipping into their savings accounts or using credit cards. Without a pick up in national growth, they say, the money could eventually run out, bringing Italy's economy to a juddering halt. Consumer spending accounts for about two-thirds of Italy's economy.",business,business,2.3919804096221924,5268,115.109375,0.3540055
"Councils 'must find Gypsy sites' Ministers are telling councils to find more sites for travellers, amid continuing rows concerning a string of unauthorised encampments. Councils are also to be given stronger powers to move on illegal settlements by Gypsy communities on rural land. More money is to be given to councils to develop official caravan parks, said housing minister Yvette Cooper. In November, MPs urged ministers to make councils create sites because 3,500 travellers have no place to stop. Ms Cooper said an annual scheme to refurbish existing traveller sites would now be extended to consider council bids for new stopping places. That scheme has paid out £25m in four years, with £8m available for 2005. ""There are two major problems in the planning system at the moment concerning Gypsy and traveller sites,"" said Ms Cooper. ""Firstly, local authorities are not identifying enough appropriate locations either for private or public sites. And secondly, they do not have enough powers to deal swiftly with development on inappropriate sites. ""The result is that there are too many developments on inappropriate sites, causing tensions and difficulties for both the neighbouring communities and the Gypsies and travellers. ""That is why we are consulting on a new obligation on local authorities to identify more appropriate sites, as well as new powers to take immediate action if the development is in the wrong place and cannot be tolerated in even the short-term because of risk to local amenity and the environment."" Under the new regulations, expected to be in force in the spring, officials will be able to serve ""temporary stop notices"" aimed at preventing works on a site before a council has had chance to obtain a full legal ban. Many MPs with rural constituencies, particularly in eastern England, have been pressing the government to create stronger enforcement powers, saying villagers are suffering because of the legal delays in removing illegal encampments. Andrew Ryder, of the Traveller Law Reform Coalition, said: ""We welcome talk about an obligation on councils to identify land for Gypsies and travellers, so long as it is a real obligation as opposed to a recommendation which could be and was easily ignored. ""New accommodation proposals for travellers need to be backed up with decent funding and intervention by the government when councils attempt to dodge their responsibilities towards travellers, as they often do. ""Living on the side of the road or being worn down by planning appeals, legal action and eviction is no one's idea of fun."" In their November report, MPs from the committee scrutinising the Office for the Deputy Prime Minister, responsible for housing, said most illegal traveller encampments were caused by a lack of places to stop. Numerous communities and councils were paying for lengthy and expensive evictions against travelling communities, said the MPs. In turn, the problems had worsened because councils were reluctant to voluntarily provide sites because of resistance from residents. Two of the most controversial traveller sites - Cottenham in Cambridgeshire and Minety in Wiltshire - remain embroiled in an ongoing legal battle.",politics,politics,2.435811758041382,5269,115.109375,0.3912345
"Corry backs skipper Robinson England forward Martin Corry says Jason Robinson is the right man to lead the national team back to winning ways. After losses to Wales and France, critics have started to wonder whether Robinson can captain from full-back. But Corry has backed Robinson, who was given the role after the injury to fly-half Jonny Wilkinson, ahead of this weekend's trip to Ireland. ""Jason is doing a tremendous job. Every week my respect for him goes up,"" Corry told BBC Radio Five Live. ""He is an inspirational captain. When he talks with the squad he talks with a lot of sense. ""The players have a lot of respect for him. It's an honour to be in the England side and an honour to play under him."" England are under immense pressure following their poor start to the year and victory is vital if they are to rescue their Six Nations campaign. But Corry insists England are in the right frame of mind for the contest. ""There is apprehension going into every game,"" he added. ""But you have to use that fear and put it into a positive mindset. ""When the whistle goes on Sunday, what has happened in the past does not count for anything. ""We have not performed but if we put in a performance on Sunday then we can start turning results around. ""There are a lot of changes taking place with England and we are at the start of something. We have not got off to the greatest of starts but you need to experience the bad the before you can fully appreciate the good."" A trip to Lansdowne Road is daunting at any time, especially against an Ireland side that are flying high after two impressive wins. They are the form team of the tournament and are tipped to claim their first Grand Slam since 1948. But Corry is relishing the prospect of taking on the Irish in their own backyard. ""They are full of confidence and are playing a great team game,"" he said. ""The forwards are creating a great platform and they have explosive runners out wide. ""If you look at the team on paper, they have stars from one to 15. It's a huge task but it is a great opportunity for us. ""Lansdowne Road is a tremendous venue to play in and we have to use it to our advantage.""",sport,sport,2.414921283721924,5265,115.109375,0.3677932
"Lomu relishing return to action Former All Black star Jonah Lomu says he cannot wait to run out on the pitch for former England rugby union captain Martin Johnson's testimonial on 4 June. The 29-year-old had a kidney transplant in July 2004 but will play his first full match for three years, leading a southern hemisphere side at Twickenham. ""I actually started training three weeks after my operation but I was very limited until a few months ago. ""Now it's basically bring it on!"" said the giant winger. ""The match on 4 June will be my first 15-man game but I have a training schedule which is quite testing and combines with sevens and a whole lot of things,"" said Lomu. ""I have got so much energy since my operation that I train three times a day, six days a week. ""Mohammed Ali has always been my ideal. Coming back to rugby, people said 'you are dreaming' but it always starts off with a dream. ""It's up to you whether you want to make it a reality."" Opinion has been divided on whether Lomu should attempt to return to the game after such a major operation. But when Lomu was asked whether he was taking a risk he replied: ""As much as someone going down the road being hit by a bus. ""There are a lot of people in the world with one kidney who just don't know it. ""I have talked this over, had a chat with the donor and this is to set my soul at peace and finish something I started in 1994 [when he made his All Blacks debut]."" At his lowest ebb Lomu was so ill he could barely walk, but he says he is now getting stronger every day and his long-term target is to play for New Zealand again. ""The only person who saw me at my worst was my wife,"" he added. ""I used to take two steps and fall over but now I can run and it is all coming back, and a lot more quickly than I ever thought it would. ""To play for the All Blacks would be the highest honour I could get. That is the long-term goal and you have to start somewhere.""",sport,sport,2.4307217597961426,5267,115.109375,0.380595
"Blair backs 'pre-election budget' Tony Blair has backed Chancellor Gordon Brown's pre-Budget report amid opposition claims he was too bullish about the state of the UK economy. In a speech in Edinburgh, the prime minister said Thursday's report reinforced stability and opportunity. And that would be central to Labour's next election campaign, planning for which was already well advanced. Mr Brown earlier denied his economic forecasts were too optimistic - but refused to rule out future tax rises. He told BBC Radio 4's Today programme: ""No politician should make the mistake that John Major and his colleagues made in 1992 of saying no matter what the circumstances are, they can make all sorts of guarantees on every individual thing. ""That is not what politicians should do, it would not be responsible to do."" Mr Brown insisted his spending plans were ""affordable"" and he could afford to be optimistic because Britain was now a stable, low-inflation economy and house prices were now stabilising. Mr Blair praised his chancellor for his role in creating economic stability, which he said was the ""cornerstone"" of Labour's programme. In a speech at Edinburgh's Napier University, he said Labour would publish over the next few months ""a rich agenda for future policy in any possible third term"". ""In every area of work there is a detailed plan for the future, much clearer than those in 1997 or 2001. All of it fits together around common themes of opportunity, security and stability for all,"" Mr Blair said. In his pre-Budget report, Mr Brown surprised some City experts by forecasting UK growth at between 3% and 3.5% for next year. Many believe the figure is more likely to be under 3% - and fear tax rises or spending cuts, saying tax receipts have been overestimated. Carl Emmerson, from the Institute for Fiscal Studies, told BBC News: ""He thinks everything will come out in the wash and it will, in fact, be OK. We're not so sure."" David Page, of Investec Securities, said: ""His forecast that he will meet the golden rule with a margin of £8bn is way too optimistic. ""It's going to take a significant turnaround in the economy to meet these targets."" Conservative Shadow chancellor Oliver Letwin said: ""I can't find a single economic forecaster from the IMF to the Institute of Fiscal Studies who believes anything other than the chancellor has got a black hole in his finances. ""In order to deal with that he will have to raise taxes after the next general election."" Mr Letwin accused the chancellor of using ""fancy statistics"" to hide public service failures. Vincent Cable, for the Liberal Democrats, called on Mr Brown to open up the government's books to the National Audit Office, to see if he had met his ""golden rule"". ""It is very clear that there are some serious loose ends in government public spending,"" Mr Cable told MPs.",politics,politics,2.494701385498047,5291,115.109375,0.4502444
"Bekele sets sights on world mark Olympic 10,000m champion Kenenisa Bekele is determined to add the world indoor two mile record at February's Norwich Union Grand Prix in Birmingham. The 22-year-old will again be chasing a record held by his compatriot and mentor Haile Gebrselassie, who set the mark at the same meeting in 2003. ""I am still as hungry to do as much as I can in this sport,"" said Bekele. ""And aiming for the two mile world record in Birmingham is the next of those targets."" Gebrselassie's current record stands at eight minutes, 04.69 seconds. And Bekele is no stranger to overhauling world marks at the National Indoor Arena. The Ethiopian broke the world indoor 5,000m record on his debut at the meeting last year. Compatriots Mulugeta Wondimu, Abiyote Abate and Markos Geneti, the world indoor bronze medallist over 3000m, will race against Bekele on 18 February. The meet has already attracted a crop of Olympic talent. Britain's 800m and 1500m champion Kelly Holmes is taking part in the 1000m. Swedish heptathlon gold medallist Carolina Kluft will contest the 60m hurdles. While men's 4x100m relay gold medallists Jason Gardener and Mark Lewis-Francis will go head-to-head in the 60m.",sport,sport,2.2950241565704346,5289,115.109375,0.2496464
"Robinson ready for difficult task England coach Andy Robinson faces the first major test of his tenure as he tries to get back to winning ways after the Six Nations defeat by Wales. Robinson is likely to make changes in the back row and centre after the 11-9 loss as he contemplates Sunday's set-to with France at Twickenham. Lewis Moody and Martin Corry could both return after missing the game with hamstring and shoulder problems. And the midfield pairing of Mathew Tait and Jamie Noon is also under threat. Olly Barkley immediately allowed England to generate better field position with his kicking game after replacing debutant Tait just before the hour. The Bath fly-half-cum-centre is likely to start against France, with either Tait or Noon dropping out. Tait, given little opportunity to shine in attack, received praise from Robinson afterwards, even if the coach admitted Cardiff was an ""unforgiving place"" for the teenage prodigy. Robinson now has a tricky decision over whether to withdraw from the firing line, after just one outing, a player he regards as central to England's future. Tait himself, at least outwardly, appeared unaffected by the punishing treatment dished out to him by Gavin Henson in particular. ""I want more of that definitely,"" he said. ""Hopefully I can train hard this week and get selected for next week but we'll have to look at the video and wait and see. ""We were playing on our own 22 for a lot of the first half so it was quite difficult. I thought we defended reasonably well but we've just got to pick it up for France."" His Newcastle team-mate Noon hardly covered himself in glory in his first major Test. He missed a tackle on Michael Owen in the build-up to Wales' try, conceded a penalty at the breakdown, was turned over in another tackle and fumbled Gavin Henson's cross-kick into touch, all inside the first quarter. His contribution improved in the second half, but England clearly need more of a playmaker in the inside centre role. Up front, the line-out remains fallible, despite a superb performance from Chris Jones, whose athleticism came to the fore after stepping into the side for Moody. It is more likely the Leicester flanker will return on the open side for the more physical challenge posed by the French forwards, with Andy Hazell likely to make way. Lock Ben Kay also justified his recall with an impressive all-round display on his return to the side, but elsewhere England positives were thin on the ground.",sport,sport,2.5323407649993896,5272,115.109375,0.4958789
"Irish company hit by Iraqi report Shares in Irish oil company Petrel Resources have lost more than 50% of their value on a report that the firm has failed to win a contract in Iraq. Reuters news agency reported that Iraq's Oil Ministry has awarded the first post-war oilfield contracts to a Canadian and a Turkish company. By 1700 GMT, Petrel's shares fell from 97p ($1.87) to 44p ($0.85). Petrel said that it has not received any information from Iraqi authorities to confirm or deny the report. Iraq is seeking to award contracts for three projects, valued at $500m (£258.5m). Turkey's Everasia is reported by Reuters to have won a contract to develop the Khurmala Dome field in the north of the country. A Canadian company, named IOG, is reported to have won the contract to run the Himrin field. Ironhorse Oil and Gas has denied to Reuters that it is the company in question. These two projects aim to develop Khurmala field to produce 100,000 barrels per day and raise the output of Himrin. The winners of the contract are to build new flow lines and build gas separation stations. The contract to develop the Suba-Luhais field has not yet been awarded as Iraq's Oil Ministry is studying the offers. If Iraq's cabinet approves the oil ministry's choice of companies, then this will be the first deal that Iraq has signed with a foreign oil company. Iraq is still trying to boost its production capacity to match levels last seen in the eighties, before the war with Iran. Oil officials hope to double Iraq's output by the end of the decade.",business,business,2.359591484069824,5271,115.109375,0.3225153
"Nasdaq planning $100m share sale The owner of the technology-dominated Nasdaq stock index plans to sell shares to the public and list itself on the market it operates. According to a registration document filed with the Securities and Exchange Commission, Nasdaq Stock Market plans to raise $100m (£52m) from the sale. Some observers see this as another step closer to a full public listing. However Nasdaq, an icon of the 1990s technology boom, recently poured cold water on those suggestions. The company first sold shares in private placements during 2000 and 2001. It technically went public in 2002 when the stock started trading on the OTC Bulletin Board, which lists equities that trade only occasionally. Nasdaq will not make money from the sale, only investors who bought shares in the private placings, the filing documents said. The Nasdaq is made up shares in technology firms and other companies with high growth potential. It was the most potent symbol of the 1990s internet and telecoms boom, nose-diving after the bubble burst. A recovery in the fortunes of tech giants such as Intel, and dot.com survivors such as Amazon has helped revive its fortunes.",business,business,2.345113515853882,5270,115.109375,0.2950526
"EastEnders 'is set for US remake' Plans to create a US soap based on the BBC's EastEnders have reportedly been drawn up by the Fox TV network. EastEnders' head writer Tony Jordan and music mogul Simon Fuller are involved in the project, according to reports in the Hollywood Reporter trade newspaper. It said scripts have been commissioned for a series about a community of working class people in of Chicago. The original EastEnders was pulled from BBC America last year after it proved a failure in the ratings. US versions of other British hits have proved less successful across the Atlantic. BBC comedy Coupling was remade with a US cast, but lost its primetime slot on the NBC network due to disappointing ratings. At home, EastEnders has been facing its own ratings battle, recently losing out to rival ITV soap Emmer dale. Primetime soaps on US television have made a recent comeback, following the success of ABC serial Desperate Housewives. The series takes a ""darkly comedic"" look at the goings-on of a group of characters living in the suburbs.",entertainment,entertainment,2.346689224243164,5270,115.109375,0.3077247
"Buffy creator joins Wonder Woman The creator of Buffy the Vampire Slayer is to take on a new female superhero after signing up to write and direct the Wonder Woman movie. Joss Whedon described the DC Comics character as ""the most iconic female heroine of our time"". ""In a way, no one has met her yet,"" he said. ""What I love most about icons is finding out what's behind them, exploring the price of their power."" Linda Carter played the character in the 1970s TV series. The character of Wonder Woman, famed for her red and gold costume, was born on Paradise Island, and was blessed with the powers of strength and flight. The film is being produced by Joel Silver, producer of the Matrix trilogy. ""There's no one better than Joss to adapt the legendary Wonder Woman comic book character created in the 1940s into a dynamic feature film for 21st Century audiences,"" said Silver. ""Wonder Woman was the first great female superhero to emerge from comic books and later inspire millions of fans in her television incarnation... but this groundbreaking heroine has yet to be reinvented for the feature film arena."" Whedon created the character of Buffy in the screenplay for the 1992 film. He distanced himself from the movie because of the direction it eventually took, and the film bombed. But he did not give up on the Slayer and went on to write and executive produce seven seasons of the cult TV series. He also produced the spin-off Angel series. He is currently directing the film Serenity, based on his short-lived sci-fi series Firefly.",entertainment,entertainment,2.4058613777160645,5268,115.109375,0.3566014
"Tory leader 'cleared' over work Scottish Conservative Party leader David McLetchie claims he has been cleared over a potential conflict of interest. The Edinburgh MSP earns up to £30,000 a year from the law firm Tods Murray, where he is a partner. Mr McLetchie said he has taken advice from Holyrood officials about what details he needs to declare. He was advised to exercise judgement to avoid the perception of a conflict and said he had done nothing wrong. As an MSP, Mr McLetchie signed a parliamentary motion questioning expansion plans for Edinburgh Airport. It then emerged Tods Murray has a client which opposes the development. Mr McLetchie then sought guidance from the standards committee to clarify his position. BBC Scotland's political correspondent Glenn Campbell said no complaint had been made against Mr McLetchie, but questions were raised about his dual role. Glenn said MSPs are advised to guard against a conflict of interests and a perception of a conflict. Mr McLetchie said: ""I'm quite clear that no conflicts of interest arise in my case, that the judgement I took has effectively been vindicated when you look at the advice that has been given to me and that these allegations are unfounded."" He said nothing had changed in respect of his work with the law firm and it was a matter he would have to discuss with the other partners at Tods Murray. ""The firm and I have a very good working relationship and we have done for the last six years,"" said Mr McLetchie. ""I don't suppose I'll be working forever as a lawyer or a politician. I deserve to retire from both, but I'm not willing to put time limits on them.""",politics,politics,2.358090877532959,5268,115.109375,0.3241229
"Injury sidelines Philippoussis Mark Philippoussis withdrew from the Sydney International tennis tournament as expected on Sunday after suffering a groin injury during the Hopman Cup. His participation in the Australian Open, which begins on 17 January in Melbourne, also remains in doubt. Defending women's champion Justine Henin-Hardenne is also out of the Sydney event because of a knee injury. In the only main draw men's or women's singles match on Sunday, Nathalie Dechy beat American Lisa Raymond 7-5 6-3. Number one men's seed Lleyton Hewitt begins his quest for a fourth Sydney title on Tuesday when he plays Karol Beck. Lindsay Davenport, top seed in the women's draw, has been handed a first-round bye and plays France's Dechy in the second round on Tuesday.",sport,sport,2.3036508560180664,5268,115.109375,0.2604583
"Robotic pods take on car design A new breed of wearable robotic vehicles that envelop drivers are being developed by Japanese car giant Toyota. The company's vision for the single passenger in the 21st Century involves the driver cruising by in a four-wheeled leaf-like device or strolling along encased in an egg-shaped cocoon that walks upright on two feet. Both these prototypes will be demonstrated, along with other concept vehicles and helper robots, at the Toyota stand at the Expo 2005 in Aichi, Japan, in March 2005. The models are being positioned as so-called personal mobility devices, which have few limits. The open leaf-like ""i-unit"" vehicle is the latest version of the concept which the company introduced last year. Built using environmentally friendly plant-based materials, the single passenger unit is equipped with intelligent transport system technologies that allow for safe autopilot driving in specially equipped lanes. The model allows the user to make tight on-the-spot turns, move upright amongst other people at low speeds and can be easily switched into a reclining position at higher speeds. Body colours can be customized to suit individual preferences and a personal recognition system offers both information and music. Also on display at the show will be the egg-shaped ""i-foot"". This is a two-legged mountable robot like device that can be controlled with a joystick. Standing at a height of well over seven feet (2.1 metres), the unit can walk along at a speed of about 1.35km/h (0.83mph) and navigate staircases into the bargain. Mounting and dismounting is accomplished with the aid of the bird-like legs that bend over backwards. ""They are clearly what we call concept vehicles, innovative ideas which have yet to be transformed into potential products and which are a few years away from actual production,"" said Dr David Gillingwater from the Transport Studies Group at Loughborough University. ""They clearly have eye-catching appeal, which is in part the name of the game here, and are linked to the iMac and iPod-type niche which Apple have been responsible for developing and leading in recent years - new, different, hi-tech, image conscious products. ""As always with these concept vehicles, it is difficult to see 'who' they would appeal to and what their role would be in the 'personal transport' marketplace."" The personal transport arena is taking on a new dimension though with futuristic devices that augment human capabilities. Toyota's prototypes represent the latest incarnation of wearable exoskeletons in a vehicular form that is specially focused on transport. Powered robotic exoskeletons have been the focus of much US military research over the years and Japan seems to have jumped onto the bandwagon with a wave of products being developed for specific applications. With an emerging range of devices targeted towards the ageing world population, care giving and the military, wearable exoskeletons seem to represent a new line of future technologies that meet an individual's particular mobility needs. While Toyota's prototypes are geared towards mass transport, the company says that the vehicles will allow the elderly and the disabled to achieve independent mobility. Experts, though, are a bit sceptical of their acceptance in this area. ""Those with arguably the greatest needs for this sort of assistance, now and certainly in the future, are the elderly and infirm people,"" Dr Gillingwater told the BBC News website. ""You have to ask whether these sorts of vehicles will appeal to these groups."" Design considerations also exist. Dr Erel Avineri, of the Centre for Transport and Society at the University of the West of England in Bristol said: ""The design of the introduced mobility devices is not completely adjusted to the specific needs of the elderly and the disabled. ""For example, one problem that many older passengers experience is limited ability to rotate the neck and upper body, making it difficult to look to the side and back when backing up. ""It looks like the visual design of the device interior does not consider this need. This and other human-factors related issues in the design of such devices are not the only issues that should be considered,"" said Dr Avineri. ""In general, introducing a new technology requires the passenger to change behaviour patterns that have served the older passenger for decades. Elderly users might not necessarily accept such innovation. ""This may be another barrier to the commercial success of such a vehicle."" Such single-person vehicles may find a relatively small market niche and may be more suited towards specialised applications rather than revolutionising the face of mass transport. ""The concept of personal mobility behind these sorts of innovations is great but they beg a huge number of questions,"" said Dr Gillingwater. ""What's their range? How user-friendly will they really be? What infrastructure will be required to allow these vehicles to be used. ""Overall I think these vehicles pose a number of important questions than provide answers or solutions.""",tech,tech,2.603440284729004,5268,115.109375,0.5508223
"Rapper Jay-Z becomes label boss Rap star Jay-Z is to become a record company executive after being put in charge of one of hip-hop's most influential labels, Def Jam. Jay-Z, who said he would make no more music after 2003's The Black Album, will become the company's president and chief executive from January. Def Jam's parent company, Universal, made the appointment after buying Jay-Z's Roc-A-Fella label. Def Jam's artists include LL Cool J, DMX, Ludacris, Ja Rule and Ashanti. Jay-Z will continue to run Roc-A-Fella, which he founded with Damon Dash in 1995 and has Kanye West and Beanie Sigel on its roster. Universal said on Wednesday it had bought the 50% of Roc-A-Fella it did not already own. Antonio ""LA"" Reid, chairman of The Island Def Jam Music Group, said: ""I can think of no-one more relevant and credible in the hip-hop community to build upon Def Jam's fantastic legacy."" He hoped Jay-Z would ""move the company into its next groundbreaking era"", he added. Jay-Z, real name Shawn Carter, said: ""I have inherited two of the most important brands in hip-hop, Def Jam and Roc-A-Fella. ""I feel this is a giant step for me and the entire artist community."" One of the most successful and respected rap stars of the last eight years, Jay-Z's hits have included Hard Knock Life, Dirt Off Your Shoulder and 03 Bonnie and Clyde with his girlfriend Beyonce Knowles. He said he would retire after The Black Album, but has just released an album and been on an ill-fated tour with R Kelly. Def Jam was founded in 1984 by Russell Simmons and producer Rick Rubin and signed artists including Run-DMC, The Beastie Boys and Public Enemy.",entertainment,entertainment,2.3669512271881104,5268,115.109375,0.3492817
"Will Tory tax cuts lift spirits? Michael Howard has finally revealed the full scale of his planned Tory tax cuts. Should he win the next general election, he has earmarked £4 billion that will be used to reduce taxes - although he still will not say which or how. This was the pre-election message many in his party have been pressing for and voters, he believes, will warm to. At its simplest, it is saying: ""Vote Tory and you can have it both ways"". Not only would his government stick to Labour spending plans on core public services, including health and education, it would increase spending on defence, police and pensions. And even after that was done, it would still have enough left over for a tax cut equivalent to about a penny off the basic rate of income tax. All the money would come from its £35 billion efficiency savings which would see the axe taken to bureaucracy, waste and the civil service. Of that, £23 billion would go on spending plans, with £8 billion to fill the black hole left, they claim, by Gordon Brown, and the rest going in tax cuts. Neither Mr Howard nor Mr Letwin would say exactly how they would use that cash, although a cut in the basic rate seems unlikely. Ideas already floated include raising tax thresholds and abolishing or reducing inheritance tax, although some in the Tory party are urging Mr Howard to announce something more eye-catching before the election. As the Tory leader declared, the aim of the exercise is to open up a real economic policy divide between Labour and the Tories. ""At this election, people will have a clear choice between Mr Blair who will waste more and tax more and the Conservative party which will give value for money and tax less,"" he said. It is a move back towards an almost traditional Tory message which previously suggested Labour was the party of tax rises and the Conservatives the party of tax cuts. The extension of that, however, was that Labour was also seen as the party of big spending on the public services while the Tories were the cutters. And that is where one of the problems lies for Mr Howard - can he persuade sceptical voters that they really can have it both ways with bigger spending on public services AND lower taxes? He insists he will not promise anything before the election that he cannot deliver if put into Downing Street. Labour, needless to say, claim his planned £35bn efficiency savings simply don't add up and that those sorts of figures are fantasy. One of New Labour's greatest successes before the historic 1997 election was to persuade voters, business and the City that it could be trusted to run the economy. So far that has not faced any real challenge, but independent analysts now claim a third New Labour government would be forced to either increase taxation or taxes to plug a black hole it has at the centre of its finances. Meanwhile, the Liberal Democrats are committed to increasing taxes for the most well off to finance their spending proposals launched earlier in the day. So, Mr Howard hopes his message will start to hit home during this unofficial election campaign and that his poll ratings might finally lift off the floor. And, while other issues like the Iraq war and trust will play a major part in that campaign, it is likely - and the prime minister probably hopes - that the economy will be the deciding factor.",politics,politics,2.451706886291504,5268,115.109375,0.4124973
"Observers to monitor UK election Ministers will invite international observers to check the forthcoming UK general election is fairly run. The move comes amid claims the poll could be marred by electoral fraud. A report by two MPs committees called on Thursday for urgent changes to the electoral registration system to combat vote rigging and boost turnout. But in a written response to Labour MP Gordon Prentice, the government said it would normally invite observers to any UK election. Junior constitutional affairs minister Christopher Leslie said: ""I fully expect us to repeat our previous practice of doing so once the date for the next general election is announced."" The government has looked at ways of boosting voter turnout, which fell to 59% in the last general election in 2001. But trial all-postal ballots in four English regions last summer were hit by delays and some fraud allegations. Liberal Democrat peer Lord Greaves called last week for international observers at the general election - saying otherwise there could be months of court challenges ""on a scale not seen since the 19th Century"". Thursday's report was drawn up by two committees scrutinising the work of the Office of the Deputy Prime Minister (ODPM) and the Department for Constitutional Affairs (DCA). It said that, with the growth of postal voting, there was a strong case to tighten up fraud protection by requiring voters to register individually, rather than by household. It also said about three million people eligible to vote are not registered to do so. Figures for the 2001 general election suggest 29% of people aged between 18 and 24, and 19% of black voters were not on the electoral roll. Young people in shared accommodation are thought to miss out because no one acts as head of the household to fill in the form. ODPM committee chairman Andrew Bennett said individual voter registration, as opposed to registration by household, should be quickly introduced as it could ""dramatically reduce the chances of fraud"". But his counterpart on the DCA committee, Alan Beith, said it should be delayed ""until measures likely to increase registration have been put in place and proved effective."" Shadow Constitutional Affairs Secretary Oliver Heald accused the government of ""dragging its feet"" over ""this badly needed measure"". ""It is vital that we move ahead with the Northern Ireland system of individual electoral registration to safeguard the integrity of the Britain's electoral system,"" he said. The report said individual registration should be treated carefully as 12% of voters disappeared from the electoral roll in Northern Ireland when it was introduced in 2002. The report said the government should consider fines for unregistered voters, but accepted many experts said it would be an expensive system that would be hard to enforce. It said incentives to register, such as £20 council tax rebate, were likely to be seen as ""gimmicks"" and risked undermining the integrity of the system, MPs said. Instead they called for ""imaginative campaigns"" to boost interest.",politics,politics,2.427497625350952,5268,115.109375,0.3893365
"Home phones face unclear future The fixed line phone in your home could soon be an endangered species. Research by handset maker Nokia shows that more and more people are using their mobile phone for every call they make or take. According to the study, more than 45 million people in the UK, Germany, US and South Korea now only use a mobile. It showed that people keep their fixed line phone because call charges are lower, but most of those questioned said the future was definitely mobile. The Nokia-sponsored research showed that mobiles and fixed phones were used for different purposes. Home phones were used for longer calls but conversations on mobiles tended to be shorter, between mobiles and to friends. In the UK 69% of those questioned said they turned to their fixed phone because it was still cheaper to use than a mobile. However, when pressed few could say with accuracy how tariffs on fixed and mobile phones compared. In the US and Germany many of those interviewed said they used the fixed phone because it was more reliable than a mobile handset and let them get access to the net at relatively high speeds. In all the countries where interviews were carried out, older people were more likely to use a fixed line phone more than a mobile. Women aged 50 or above almost never use a mobile phone, the research found. The move to mobile was most pronounced in South Korea where 65% of those questioned said they already make most of their calls from a mobile. 18% said they would not get a landline if they moved house. Many of those questioned said they had an emotional connection to their fixed phone that drew on its position in the home and the ""cosiness"" of making a call there. Nokia said these findings had implications for mobile operators who must work hard to ensure that mobiles are seen as cheap, reliable and providing good call quality. The survey also showed that it is not just voice calls that are going wireless. Some of those questioned said they were looking to use a mobile or wireless service to get net access within the next couple of years. Polling firm Mori interviewed more than 6,000 people in the UK, US, Germany and South Korea for the survey.",tech,business,2.4005939960479736,5266,115.109375,0.3385705
"Film row over Pirates 'cannibals' Plans to portray Dominica's Carib Indians as cannibals in the sequel to hit film Pirates of the Caribbean have been criticised by the group's chief. Carib Chief Charles Williams said talks with Disney's producers revealed there was ""a strong element of cannibalism in the script which cannot be removed"". The Caribbean island's government said Disney planned to film in Dominica. The Caribs have long denied their ancestors practised cannibalism. Disney was unavailable for comment. ""Our ancestors stood up against early European conquerors and because they stood up...we were labelled savages and cannibals up to today,"" said Mr Williams. ""This cannot be perpetuated in movies."" Shooting on the sequel is expected to begin in April, with hundreds of Dominicans applying to be extras in the movie. About 3,000 Caribs live on the island of Dominica, which has a population of 70,000. Many Caribs were killed by disease and war during colonisation up to the 1600s. Mr Williams said he had received support from indigenous groups around the world in his efforts to have cannibalism references removed from the film. But he admitted there were some members of the Carib council who did not support the campaign. He said some did not ""understand our history, they are weak and are not committed to the cause of the Carib people"". The first Pirates of the Caribbean film took $305m (£162m) at the box office in the US alone. The cast and crew are to work on two sequels back-to-back, with the first to be released in 2006.",entertainment,entertainment,2.436692714691162,5266,115.109375,0.3952381
"Blind student 'hears in colour' A blind student has developed software that turns colours into musical notes so that he can read weather maps. Victor Wong, a graduate student from Hong Kong studying at Cornell University in New York State, had to read coloured maps of the upper atmosphere as part of his research. To study ""space weather"" Mr Wong needed to explore minute fluctuations in order to create mathematical models. A number of solutions were tried, including having a colleague describe the maps and attempting to print them in Braille. Mr Wong eventually hit upon the idea of translating individual colours into music, and enlisted the help of a computer graphics specialist and another student to do the programming work. ""The images have three dimensions and I had to find a way of reading them myself,"" Mr Wong told the BBC News website. ""For the sake of my own study - and for the sake of blind scientists generally - I felt it would be good to develop software that could help us to read colour images."" He tried a prototype version of the software to explore a photograph of a parrot. In order to have an exact reference to the screen, a pen and tablet device is used. The software then assigns one of 88 piano notes to individually coloured pixels - ranging from blue at the lower end of this scale to red at the upper end. Mr Wong says the application is still very much in its infancy and is only useful for reading images that have been created digitally. ""If I took a random picture and scanned it and then used my software to recognise it, it wouldn't work that well."" Mr Wong has been blind from the age of seven and he thinks that having a ""colour memory"" makes the software more useful than it would be to a scientist who had never had any vision. ""As the notes increase in pitch I know the colour's getting redder and redder, and in my mind's eye a patch of red appears."" The colour to music software has not yet been made available commercially, and Mr Wong believes that several people would have to work together to make it viable. But he hopes that one day it can be developed to give blind people access to photographs and other images.",tech,tech,2.4450390338897705,5266,115.11328125,0.399795
"Berlin applauds Hotel Rwanda Political thriller Hotel Rwanda was given a rousing reception by spectators at the Berlin Film Festival on Saturday. The movie's star Don Cheadle also received a standing ovation when he stepped onto the stage after the show. The film is the true story of the hotel manager who saved 1,200 Tutsis from death during the Rwandan genocide. The film, showing out of competition in Berlin, is nominated for three Oscars, including best actor for Cheadle. Sophie Okonedo, who plays Cheadle's wife Tatiana, is nominated for best supporting actress. The film is also in the running for best original screenplay. Cheadle, was joined on stage at Berlin by Paul Rusesabagina, the hotel manager he plays in the film, Mr Rusesabagina's wife and his extended family, who fled Rwanda and now live in Belgium. Mr Rusesabagina used his influence as a prominent Hutu businessman to shelter potential victims of the Rwandan genocide, contacting dignitaries including Bill Clinton, the King of Belgium as well as the French foreign ministry. Hotel Rwanda is one of two films addressing the genocide at the 55th Berlin Film Festival, which runs until 20 February. Sometimes in April is a feature by Raoul Peck competing for the festival's coveted Golden and Silver Bear awards. The film was made exclusively in Rwanda whereas Hotel Rwanda was shot mostly in South Africa, with some scenes made in Kigali.",entertainment,politics,2.3692917823791504,5266,115.35546875,0.3298416
"England 17-18 France England suffered an eighth defeat in 11 Tests as scrum-half Dimitri Yachvili booted France to victory at Twickenham. Two converted tries from Olly Barkley and Josh Lewsey helped the world champions to a 17-6 half-time lead. But Charlie Hodgson and Barkley missed six penalties between them, while Yachvili landed six for France to put the visitors in front. England could have won the game with three minutes left, but Hodgson pushed an easy drop goal opportunity wide. It was a dismal defeat for England, coming hard on the heels of an opening Six Nations loss in Wales. They should have put the game well beyond France's reach, but remarkably remained scoreless for the entire second half. A scrappy opening quarter saw both sides betray the lack of confidence engendered by poor opening displays against Wales and Scotland respectively. Hodgson had an early opportunity to settle English nerves but pushed a straightforward penalty attempt wide. But a probing kick from France centre Damien Traille saw Mark Cueto penalised for holding on to the ball in the tackle, Yachvili giving France the lead with a kick from wide out. France twice turned over England ball at the breakdown early on as the home side struggled to generate forward momentum, one Ben Kay charge apart. A spell of tit-for-tat kicking emphasised the caution on both sides, until England refused a possible three points to kick a penalty to the corner, only to botch the subsequent line-out. But England made the breakthrough after 19 minutes, when a faltering move off the back of a scrum led to the opening try. Jamie Noon took a short pass from Barkley and ran a good angle to plough through Yann Delaigue's flimsy tackle before sending his centre partner through to score at the posts. Hodgson converted and added a penalty after one of several French infringements on the floor for a 10-3 lead. The fly-half failed to dispense punishment though with a scuffed attempt after France full-back Pepito Elhorga, scragged by Lewsey, threw the ball into touch. Barkley also missed two longer-range efforts as the first half drew to a close, but by then England had scored a second converted try. After a series of phases lock Danny Grewcock ran hard at the French defence and off-loaded out of Sylvain Marconnet's tackle to Lewsey. The industrious wing cut back in on an angle and handed off hooker Sebastien Bruno to sprint over. After a dire opening to the second half, France threw on three forward replacements in an attempt to rectify the situation, wing Jimmy Marlu having already departed injured. Yachvili nibbled away at the lead with a third penalty after 51 minutes. And when Lewis Moody was twice penalised - for handling in a ruck and then straying offside - the scrum-half's unerring left boot cut the deficit to two points. Barkley then missed his third long-range effort to increase the tension. And after seeing another attempt drop just short, Yachvili put France ahead with his sixth penalty with 11 minutes left. England sent on Ben Cohen and Matt Dawson, and after Barkley's kick saw Christophe Dominici take the ball over his own line, the stage was set for a victory platform. But even after a poor scrummage, Hodgson had the chance to seal victory but pushed his drop-goal attempt wide. England threw everything at the French in the final frantic moments, but the visitors held on for their first win at Twickenham since 1997. J Robinson (capt); M Cueto, J Noon, O Barkley, J Lewsey; C Hodgson, H Ellis; G Rowntree, S Thompson, P Vickery; D Grewcock, B Kay; J Worsley, L Moody, M Corry. A Titterrell, A Sheridan, S Borthwick, A Hazell, M Dawson, H Paul, B Cohen. P Elhorga; C Dominici, B Liebenberg, D Traille, J Marlu; Y Delaigue, D Yachvili; S Marconnet, S Bruno, N Mas; F Pelous (capt), J Thion, S Betsen, J Bonnaire, S Chabal. W Servat, J Milloud, G Lamboley, Y Nyanga, P Mignoni, F Michalak, J-P Grandclaude. Paddy O'Brien (New Zealand)",sport,sport,2.5401766300201416,5266,115.35546875,0.4966263
"Iraq and Afghanistan in WTO talks The World Trade Organisation (WTO) is to hold membership talks with both Iraq and Afghanistan. But Iran's bid to join the trade body has been refused after the US blocked its application for the 21st time. The countries stand to reap huge benefits from membership of the group, whose purpose is to promote free trade. Joining, however, is a lengthy process. China's admission in 2001 took 15 years and talks with Russia and Saudi Arabia have been taking place for 10 years. Membership of the Geneva-based WTO helps guarantee a country's goods receives equal treatment in the markets of other member states - a policy which has seen it become closely associated with globalisation. Iraq's Trade Minister Mohammed Mustafa al-Jibouri welcomed the move, describing it as significant as November's decision by the Paris Club of creditor nations to write off 80% of the country's debts. Assad Omar, Afghanistan's envoy to the United Nations in Geneva, said accession would contribute to ""regional prosperity and global security"". There are now 27 countries seeking membership of the WTO. Prospective members need to enter into negotiations with potential trading countries and change domestic laws to bring them in line with WTO regulations. Before the process gets under way, all 148 WTO members must give their backing to applicant countries. The US said it could not approve Iran's application because it is currently reviewing relations. But several nations criticised the approach, and European Union ambassador to the WTO, Carlo Trojan, said Iran's application ""must be treated independently of political issues"".",business,business,2.36904239654541,5266,115.35546875,0.3212558
"Manchester wins Labour conference The Labour Party will hold its 2006 autumn conference in Manchester and not Blackpool, it has been confirmed. The much trailed decision was ratified by Labour's ruling National Executive Committee in a break with the traditional choice of a seaside venue. It will be the first time since 1917 that the party has chosen Manchester to host the annual event. Blackpool will get the much smaller February spring conference instead in what will be seen as a placatory move. For years the main political parties have rotated between Blackpool, Bournemouth and Brighton. And the news the much larger annual conference is not to gather in Blackpool will be seen as a blow in the coastal resort. In 1998 the party said it would not return to Blackpool but did so in 2002. The following year Bournemouth hosted the event before the party signed a two year deal for Brighton to host the autumn conference. Colin Asplin, Blackpool Hotel Association said: ""We have tried very hard to make sure they come back to Blackpool. ""Obviously we have failed in that. I just hope Manchester can handle the crowds. ""It amazes me that the Labour Party, which is a working class party, doesn't want to come to the main working class resort in the country."" The exact cost to Blackpool in terms of lost revenue for hotel accommodation is not yet known but it is thought that block bookings will be taken at the major Manchester hotels after the official announcement.",politics,politics,2.357593536376953,5266,115.35546875,0.3160128
"Adventure tale tops awards Young book fans have voted Fergus Crane, a story about a boy who is taken on an adventure by a flying horse, the winner of two Smarties Book Prizes. Paul Stewart and Chris Riddell's book came top in the category for six- to eight-year-olds and won the award chosen by after-school club members. Sally Grindley's Spilled Water, about a Chinese girl sold as a servant, was top in vote of readers aged nine to 11. Biscuit Bear by Mini Grey took the top award in the under-five category. Winners were voted for by about 6,000 children from a shortlist picked by an adult panel. The prize, which is celebrating its 20th year, is billed as ""the UK's biggest children's book award"". Fergus Crane includes text by Stewart and illustrations by Riddell, who also created The Edge Chronicles together. As well as the six to eights prize, it won the 4Children Special Award voted for by after-school club members. Julia Eccleshare, chair of the adult judging panel, said children's literature had ""never looked stronger"" in the prize's 20 years. ""This award counts because the final choice of winners is made by children, who are the toughest critics of all,"" she said. ""This year's young judges chose the winners from an exceptionally strong and varied shortlist which showcases the very best in children's books today."" Previous winners have included JK Rowling, Jacqueline Wilson and Dick King-Smith.",entertainment,entertainment,2.4502875804901123,5266,115.35546875,0.3951373
"Hague 'given up' his PM ambition Former Conservative leader William Hague says he will not stand for the leadership again, having given up his ambition to be prime minister. Mr Hague, 43, told the Daily Telegraph he would now find a life dominated by politics too ""boring"" and unfulfilling. Mr Hague, who stepped down after his party's 2001 election defeat, does not rule out a return to the front bench. He also told the paper he hopes to remain MP for Richmond, North Yorks, and start a family with wife Ffion. Mr Hague, who recently had published the biography of William Pitt the Younger, also said he wanted to continue writing books and speech-writing. He told the newspaper: ""I don't know whether I will ever go back on to the front, but don't rush me."" Asked if he would stand for the leadership again, Mr Hague replied: ""No. Definitely not."" His determination to stay away from a central role will disappoint some senior Conservative members, who say the party needs him. Tim Collins, the shadow education secretary, said last week it would be a ""huge boost"" to the party if Mr Hague returned to the front bench. Mr Hague became an MP at 27 and Leader of the Opposition at 36. He said: ""I feel fortunate that, by the age of 40, I had crammed in an entire political career. ""I had been in the Cabinet and been leader of the party, so now I can branch out into other things...it is a very liberating feeling."" Mr Hague added that he may have misjudged his own ambition to be prime minister. ""Maybe I wasn't as driven by politics as I thought I was,"" he said.",politics,politics,2.378363847732544,5266,115.35546875,0.3445314
"Xbox power cable 'fire fear' Microsoft has said it will replace more than 14 million power cables for its Xbox consoles due to safety concerns. The company said the move was a ""preventative step"" after reports of fire hazard problems with the cables. It affects Xboxes made before 23 October 2003 for all regions but mainland Europe - and consoles in that region made before 13 January 2004. Microsoft said it had received 30 reports of minor injury or property damage due to faulty cables. The firm said fewer than one in 10,000 consoles had experienced component failures. The recall affects almost three quarters of all Xboxes sold around the world since its launch in 2001. In a statement, it added: ""In almost all instances, any damage caused by these failures was contained within the console itself or limited to the tip of the power cord at the back of the console."" But in seven cases, customers reported sustaining a minor burn to their hand. In 23 cases, customers reported smoke damage, or minor damage to a carpet or entertainment centre. ""This is a preventative step we're choosing to take despite the rarity of these incidents,"" said Robbie Bach, senior vice president, Microsoft home and entertainment division. ""We regret the inconvenience, but believe offering consumers a free replacement cord is the responsible thing to do."" Consumers can order a new cable from the Xbox website or by telephoning 0800 028 9276 in the UK. Microsoft said customers would get replacement cords within two to four weeks from the time of order. It advised users to turn off their Xboxes when not in use. A follow-up to Xbox is expected to released at the end of this year or the beginning of 2006.",tech,business,2.3885443210601807,5266,115.359375,0.3482452
"Saint-Andre anger at absent stars Sale Sharks director of rugby Philippe Saint-Andre has re-opened rugby's club-versus-country debate. Sale host Bath in the Powergen Cup on Friday, but the Frenchman has endured a ""difficult week"" with six players away on England's Six Nations training camp. ""It's an important game but we've just the one full session. It's the same for everyone but we need to manage it. ""If five players or more are picked for your country they should move the date of the game,"" he told BBC Sport. Unless the authorities agree to make changes, Saint-Andre believes England's national team will suffer as clubs opt to sign foreigners and retired internationals. ""That's not good for the politics of the English team or for English rugby,"" he argues. It is an issue he has taken up before, most notably during the autumn internationals when Sale lost all three Zurich Premiership matches they played. Now he fears it could derail the club's hopes of cup silverware after eight players, including captain Jason Robinson and fly-half Charlie Hodgson, were away with their countries. ""We're in the quarter-finals, it's always better to play at home than away and it's a great opportunity,"" he added. ""But we have to be careful. Bath have just been knocked out of Europe and will make it a tough game. It also comes at the end of a very, very difficult week. ""Sebastien Bruno's been with France, Jason White with Scotland and there are six with England, that's eight players plus injuries - 13 players out of a squad of 31. ""We'll have just one session together and will have to do our best to make that a good one on Thursday afternoon."" Gloucester have also been caught in a club-versus-country conflict after England sought a second medical opinion on James Simpson-Daniel's fitness. The winger is carrying a shoulder injury and the national team management believe he requires time on the sidelines. As a result he misses the Cherry and White's quarter-final at home to Bristol. ""Under the Elite Player Squad agreement, England wanted a second opinion, which they can do,"" director of rugby Nigel Melville told the Gloucester Citizen. ""They obviously want him for international rugby and we want him for club rugby in what is a very important game for us. There is a conflict of interests. ""The surgeon who carried out his operation said he was fine for us but England say he is still vulnerable to be damaged again and want him on a full rehab programme."" Simpson-Daniel added: ""I've said to Nigel I want to be back playing and that means if everything goes well this week, I can target the Worcester game (on 29 January) for a return.""",sport,sport,2.476900577545166,5266,115.453125,0.4361881
"LSE 'sets date for takeover deal' The London Stock Exchange (LSE) is planning to announce a preferred takeover by the end of the month, newspaper reports claim. The Sunday Telegraph said the LSE's plan was further evidence it wants to retain tight control over its destiny. Both Deutsche Boerse and rival Euronext held talks with the London market last week over a possible offer. A £1.3bn offer from Deutsche Boerse has already been rejected, while Euronext has said it will make an all cash bid. Speculation suggests that Paris-based Euronext has the facilities in place to make a bid of £1.4bn, while its German rival may up its bid to the £1.5bn mark. Neither has yet tabled a formal bid, but the LSE is expected to hold further talks with the two parties later this week. However, the Sunday Telegraph report added that there are signs that Deutsche Boerse chief executive Werner Seifert is becoming increasingly impatient with the LSE's managed bid process. Despite insisting he wants to agree a recommended deal with the LSE's board, the newspaper suggested he may pull out of the process and put an offer directly to shareholders instead. The newspaper also claimed Mr Seifert was becoming ""increasingly frustrated"" with the pace of negotiations since Deutsche Boerse's £1.3bn offer was rejected in mid-December, in particular the LSE's decision to suspend talks over the Christmas period. Meanwhile, the German exchange's offer has come under fire recently. Unions for Deutsche Boerse staff in Frankfurt have reportedly expressed fears that up to 300 jobs would be moved to London if the takeover is successful. Others claim it will weaken the city's status as Europe's financial centre, while German politicians are also said to be angry over the market operator's promise to move its headquarters to London if a bid is successful. A further stumbling block is Deutsche Boerse's control over its Clearstream unit, the clearing house that processes securities transactions. LSE shareholders fear it would create a monopoly situation, weakening the position of shareholders when negotiating lower transaction fees for share dealings. LSE and Euronext do not have control over their clearing and settlement operations, a situation which critics say is more transparent and competitive.",business,business,2.483205556869507,5266,115.453125,0.4546003
"PC ownership to 'double by 2010' The number of personal computers worldwide is expected to double by 2010 to 1.3 billion machines, according to a report by analysts Forrester Research. The growth will be driven by emerging markets such as China, Russia and India, the report predicted. More than a third of all new PCs will be in these markets, with China adding 178 million new PCs by 2010, it said. Low-priced computers made by local companies are expected to dominate in such territories, Forrester said. The report comes less than a week after IBM, a pioneer of the PC business, sold its PC hardware division to China's number one computer maker Lenovo. The $1.75bn (£900m) deal will make the combined operation the third biggest PC vendor in the world. ""Today's products from Western PC vendors won't dominate in those markets in the long term,"" Simon Yates, a senior analyst for Forrester, said. ""Instead local PC makers like Lenovo Group in China and Aquarius in Russia that can better tailor the PC form factor, price point and applications to their local markets will ultimately win the market share battle,"" he said. There are currently 575 million PCs in use globally. The United States, Europe and Asia-Pacific are expected to add 150 million new PCs by 2010, according to the study. The report forecast that there will be 80 million new PC users in India by 2010 and 40 million new users in Indonesia.",tech,business,2.3960626125335693,5266,115.453125,0.3541713
"Federer joins all-time greats The last year has seen one player dominate men's tennis, and one country dominate the women's game. Roger Federer became the first man since Mats Wilander in 1988 to win three Grand Slams in one season. And after Anastasia Myskina became the first Russian woman to win a Grand Slam at the French Open, two more followed at Wimbledon and the US Open. Meanwhile, Briton Tim Henman enjoyed his best year, while Greg Rusedski fought back superbly from adversity. Federer began the year as world number one and holder of the Wimbledon and Masters Cup titles, and set about conquering new ground. The Swiss sounded warning of the dominance to come at the Australian Open. He ripped through the draw before beating Marat Safin in the final. Andy Roddick was the only player to put up any real resistance at Wimbledon, and Federer's performance against Lleyton Hewitt in the US Open final was breathtaking. Federer again got the better of Hewitt in the season-ending Masters Cup. His victory in Houston proved to be his 13th successive win in a final, an Open era record. The only major let-down was a third-round loss to Gustavo Kuerten at the French Open, and Roland Garros will be his main target in 2005. There was also a surprise loss to the unheralded Tomas Berdych at the Olympic Games, which saw Chile dominate as Nicoals Massu took the singles and then paired up with Fernando Gonzaelz to win doubles gold. Another major trophy that looks beyond Federer is the Davis Cup, which was won by Spain in a 3-2 home success over the USA in Seville. Roddick struggled on the clay, losing to Rafael Nadal on the opening day before going down to Carlos Moya in the all-important fourth rubber. Henman broke new ground by reaching the semis on clay at the French Open - a stunning effort - and also at the US Open. A quarter-final defeat to Mario Ancic at Wimbledon was disappointing for the limp manner of the Briton's defeat, but he remains optimistic of going further next year. British number two Rusedski endured a rollercoaster year, returning to the circuit after being cleared of a doping offence in March. With his ranking down at 168, many feared the 31-year-old's career was over, but he battled back in the second half of the season to re-enter the top 50. The Russian women finally delivered on their long-recognised promise in 2004, with Myskina, Maria Sharapova and Svetlana Kuznetsova winning Grand Slams, before taking the season-ending Fed Cup. But while the young Russians were on the way up, it was a different story for the Belgians and the Williams sisters. Only veteran Lindsay Davenport held the new wave at bay, a stunning run of form after Wimbledon taking her to number one ahead of Amelie Mauresmo, whose Grand Slam drought goes on. The year started in regulation fashion as Justine Henin-Hardenne beat compatriot Kim Clijsters at the Australian Open. A virus ruined the rest of Henin-Hardenne's year, although she was fit enough to win Olympic gold, but Clijsters had an even more miserable 2004. She suffered a serious wrist injury and then announced the end of her relationship with Lleyton Hewitt, and will be happy to see the year end. In their absence, Myskina thrashed Elena Dementieva in a historic, but woeful, all-Russian final at the French Open. Wimbledon was a more refreshing affair as Sharapova captivated SW19, showing nerves of steel as she battled past Davenport and Serena Williams to take the title. Davenport was a strong favourite for the US Open but, hampered by injury, lost to the powerful and unflappable Kuznetsova in the semis. Kuznetsova went on to give Dementieva another Grand Slam final thrashing, with the latter's wayward serve becoming one of the talking points of the year. With the Russians still improving, the likes of Henin-Hardenne, Clijsters, Davenport, Mauresmo, Venus and Serena will need to be fully fit and motivated in 2005. And it may take their compatriot Safin to challenge Federer on the men's side.",sport,sport,2.583564281463623,5266,115.45703125,0.5478723
"Republic to face China and Italy The Republic of Ireland have arranged friendlies against China and Italy which will take place at Lansdowne Road in March and August. Brian Kerr's side will face the 54th ranked Chinese on 29 March - just three days after the World Cup qualifier against Israel in Tel Aviv. Italy will visit on 17 August in what will be a warm-up game ahead of the autumn World Cup qualifiers. In their last meeting, the Irish beat Italy in the 1994 World Cup Finals. However, that is the Republic's only victory in eight attempts against the Italians who have won all the other seven games. The 29 March game will be the second time the Republic have played China - the previous encounter back in June 1984 with the Irish winning 1-0 in Sapporo, Japan. Brian Kerr said: ""China have made great progress over the last few years and will provide difficult opposition. ""We all witnessed the performances of the Asian teams in the last World Cup, and China play a similar type of football. ""As for Italy, they make a welcome return to Dublin and will be a massive attraction because they are one of the great traditional powers in the world. ""The game will be ideal preparation for the three important World Cup qualifiers in the autumn."" Ireland round off their World Cup campaign with games against France on 7 September, Cyprus on 8 October and Switzerland on 12 October.",sport,sport,2.3576672077178955,5266,115.45703125,0.3109572
"Johnny and Denise lose Passport Johnny Vaughan and Denise Van Outen's Saturday night entertainment show Passport to Paradise will not return to screens, the BBC has said. The ex-Big Breakfast presenters were recruited to host the BBC One family variety show last July. ""There are currently no plans for another series,"" a spokeswoman said. She added the pair ""brought a real warmth to Saturday night, but in the end we felt we had done enough with the format of the show"". Passport to Paradise involved a combination of games and outside broadcasts with a high level of audience participation. The first instalment attracted more than 4.1 million viewers - but that had dropped to fewer than 2.7 million by the time it ended. The BBC spokeswoman said Graham Norton's Strictly Dance Fever would be a priority for 2005. ""That's very much on the cards for next year, and we're concentrating at the moment on Strictly Come Dancing, which is doing phenomenally well,"" she said.",entertainment,entertainment,2.418170690536499,5266,115.45703125,0.3759939
"IMF agrees fresh Turkey funding Turkey has agreed a draft proposal with the International Monetary Fund to borrow $10bn (£5.19bn), extending its ongoing financial support until 2007. Turkey's current $18.6bn loan agreement with the IMF expires in February and the new deal would see it receive added support between 2005 and 2007. In return for the funding, Turkey would be expected to keep inflation under control and introduce market reforms. Turkey's economy has steadily recovered from a severe crisis in 2001. Economic growth has average 6-7% in the past three years, ahead of IMF forecasts, while inflation fell below 10% this year for the first time in 30 years. However, Turkey has a huge debt burden - already owing $23bn to the IMF - while its current account deficit has swelled to $10.7bn this year. The Turkish economics minister, Ali Babacan, said the two sides had reached general agreement on a new three year funding program. Rodrigo de Rato, the IMF's managing director, said the loan agreement would help to improve Turkish economic prospects by cutting its debt and stimulating growth. ""I believe the new programme, if implemented successfully, will help Turkey create the conditions for sustained growth and employment creation, reduce inflation toward European level and enhance the economy's resilience,"" he said. The agreement must still be ratified by IMF directors at a meeting expected to take place next month. The agreement would also enable Turkey to defer payments on previous loans worth $3.7m until 2006. As part of the draft agreement, Turkey has signed a ""letter of intent"" stating its determination to push through far-reaching reforms to its tax and benefits system and its banking sector. Such reforms are considered vital for Turkey if it is to fulfil its ambition of joining the European Union. The EU will decide on 17 December whether to begin entry talks with Turkey. The US, the largest of the IMF's 184 members, is a strong supporter of continued financial support for Turkey.",business,business,2.370795726776123,5266,115.46484375,0.3138234
"Foxx and Swank win US awards Jamie Foxx and Hilary Swank have won the Screen Actors Guild Awards for best male and female film actors, boosting their Oscars hopes this month. Foxx's portrayal of late soul-singer Ray Charles in Ray had already earned him a prestigious Golden Globe award. Swank triumphed for playing a gutsy female boxer in Million Dollar Baby. Modest wine country comedy Sideways knocked out favourites Million Dollar Baby and The Aviator by taking the top prize for best cast performance. The Screen Actors Guild (SAG) represents US film and TV actors. Its winners often go on to win Oscars. In other nominations, Cate Blanchett triumphed as the best supporting actress for her role as Katharine Hepburn in The Aviator. Veteran actor Morgan Freeman took the best supporting actor award for playing a prize-fighter turned gym manager in Million Dollar Baby. ""Thank you for Ray Charles for just living so complex and so interesting, and making us all just come together,"" said Foxx, accepting his award in Los Angeles on Saturday. He also praised the film director: ""Thank you for Taylor Hackford for taking a chance with an African-American film. Taylor, you're my director of the year."" Swank, too, was full of praise for her director and co-star Clint Eastwood. ""I bow down to you,"" Swank said to the 74-year-old Eastwood. ""You are a talent beyond compare. If I'm half the person you are and half the talent you are when I'm 74, I will know that I've accomplished something great."" Both Foxx and Swank are now considered to be among the favourites to get Oscars - the Hollywood's ultimate prize. However, Swank has to overcome a strong challenge from Annette Bening, a nominee for the theatre farce Being Julia. Meanwhile, ballots for Oscars - the Hollywood's top honours - were mailed earlier this week to members of the Academy of Motion Picture Arts and Sciences. The voting is due to end on 22 February - five days before the ceremony.",entertainment,entertainment,2.454695224761963,5266,115.46484375,0.4119384
"Feta cheese battle reaches court A row over whether only Greece should be allowed to label its cheese feta has reached the European Court of Justice. The Danish and German governments are challenging a European Commission ruling which said Greece should have sole rights to use the name. The Commission's decision gave the same legal protection to feta as to Italian Parma ham and French Champagne. But critics of the judgement say feta is a generic term, with the cheese produced widely outside Greece. The Commission's controversial 2002 ruling gave ""protected designation of origin"" status to feta cheese made in Greece, effectively restricting the use of the feta name to producers there. From 2007 onwards, Greek firms will have the exclusive use of the feta label and producers elsewhere in Europe must find another name to describe their products. The German and Danish governments argue that feta does not relate to a specific geographical area and that their firms have been producing and exporting the cheese for years. ""In our opinion it is a generic designation and we do not have any other name or term for this type of cheese,"" Hans Arne Kristiansen, a spokesman for the Danish Dairy Board, told the BBC. Denmark is Europe's second largest producer of feta after Greece - producing about 30,000 tonnes a year - and exports its products to Greece. It is concerned that the ruling could threaten the production of other cheeses in Denmark such as brie. ""It would cost millions if we wanted to introduce a new designation,"" Mr Kristiansen said. ""That is just one of the costs."" The case will also have a major impact on Britain's sole feta producer, Yorkshire company Shepherds Purse Cheeses. Judy Bell, the company's founder, said it would cost a huge amount to rebrand its product. ""If we lose we will have to go through a massive re-merchandising process and reorganisation,"" she said. ""We have never tried to pull the wool over anyone's eyes - it's very clear from the label that it's Yorkshire feta."" The original decision was a victory for Greece, where feta cheese is believed to have been produced for about 6,000 years. Feta is a soft white cheese made from sheep or goat's milk, and is an essential ingredient in Greek cuisine. Greece makes 115,000 tonnes, mainly for domestic consumption. The Court is expected to reach a verdict in the case in the autumn.",business,business,2.447077512741089,5266,115.46484375,0.3980021
"Ask Jeeves joins web log market Ask Jeeves has bought the Bloglines website to improve the way it handles content from web journals or blogs. The Bloglines site has become hugely popular as it gives users one place in which to read, search and share all the blogs they are interested in. Ask Jeeves said it was not planning to change Bloglines but would use the 300 million articles it has archived to round out its index of the web. How much Ask Jeeves paid for Bloglines was not revealed. Bloglines has become popular because it lets users build a list of the blogs they want to follow without having to visit each journal site individually. To do this it makes use of a technology known as Really Simple Syndication (RSS) that many blogs have adopted to let other sites know when new entries are made on their journals. The acquisition follows similar moves by other search sites. Google acquired Pyra Labs, makers of the Blogger software, in 2003. In 2004 MSN introduced its own blog system and Yahoo has tweaked its technology to do a better job of handling blog entries. Jim Lanzone, vice president of search properties at Ask Jeeves in the US, said it did not acquire Bloglines just to get a foothold in the blog publishing world. He said Ask Jeeves was much more interested in helping people find information they were looking for rather than helping them write it. ""The universe of readers is vastly larger than the universe of writers,"" he said. Mr Lanzone said the acquisition would sit well with Ask's My Jeeves service which lets people customise their own web experience and build up a personal collection of useful links. ""Search engines are about discovering information for the first time and RSS is the ideal way to keep track of and monitor those sites,"" he said. It would also help drive information and entries from blogs to the portals that Ask Jeeves operates. There would be no instant sweeping changes to Bloglines, said Mr Lanzone. ""Our intent is to take our time to figure out the right business model not to try to monetise it right away,"" he said. Though Mr Lanzone added that Ask Jeeves would be helping organise the database of 300m blog entries Bloglines holds with its own net indexing technology. ""Being able to search the blogosphere as one corpus of information will be very useful in its own right,"" said Mr Lanzone. Rumours about the acquisition were broken by the Napsterization weblog which said it got the hint from Ask Jeeves insiders.",tech,tech,2.5054900646209717,5266,115.46484375,0.4670374
"Apple unveils low-cost 'Mac mini' Apple has unveiled a new, low-cost Macintosh computer for the masses, billed as the Mac mini. Chief executive Steve Jobs showed off the new machine at his annual MacWorld speech, in San Francisco. The $499 Macintosh, sold for £339 in the UK, was described by Jobs as the ""most important Mac"" made by Apple. Mr Jobs also unveiled the iPod shuffle, a new music player using cheaper flash memory rather than hard drives, which are used in more expensive iPods. The new computer shifts the company into new territory - traditionally, the firm is known as a design and innovation-led firm rather than as a mass-market manufacturer. The Mac mini comes without a monitor, keyboard and mouse, and a second version with a larger hard drive will also be sold for $599. The machine - which will be available from 22 January - was described by Jobs as ""BYODKM... bring your own display, keyboard, and mouse"". In an attempt to win over Windows PC customers, Mr Jobs said it would appeal to people thinking of changing operating systems. ""People who are thinking of switching will have no more excuses,"" he said. ""It's the newest and most affordable Mac ever."" The new computer has been the subject of speculation for several weeks and while few people will be surprised by the announcement many analysts had already said it was a sensible move. In January, Apple sued a website after it published what it said were specifications for the new computer. Ian Harris, deputy editor of UK magazine Mac Format, said the machine would appeal to PC-owning consumers who had purchased an iPod. ""They want a further taste of Mac because they like what they have seen with iPod."" Harris added: ""Everybody thought that Apple was happy to remain a niche maker of luxury computers, and moving into a market dominated by low margin manufacturers like Dell is a bold move. ""But it shows that Apple is keen to capitalise on the mass market success it's had with the iPod. The Mac mini will appeal to PC users looking for an attractive, 'no fuss' computer."" The new iPod shuffle comes in two versions - one offering 512mb of storage for $99 (£69 in the Uk) and a second with one gigabyte of storage for $149 (£99) - and went on sale Tuesday. The music player has no display and will play songs either consecutively or shuffled. The smaller iPod will hold about 120 songs, said Mr Jobs. Mr Jobs told the delegates at MacWorld that iPod already had a 65% market share of all digital music players.",tech,tech,2.4422264099121094,5266,115.46484375,0.3981572
"US top of supercomputing charts The US has pushed Japan off the top of the supercomputing chart with IBM's prototype Blue Gene/L machine. It is being assembled for the Lawrence Livermore National Laboratory, under the US Department of Energy. IBM test results show that Blue Gene/L has managed speeds of 70.72 teraflops. The previous top machine, Japan's NEC Earth Simulator, clocked up 35.86. The Top 500 list was announced on Monday and officially charts the fastest computers in the world. It is announced every six months and is worked out using an officially recognised mathematical speed test called Linpack which measures calculations per second. Once completed in 2005, Blue Gene/L will be more powerful than its current prototype. ""Next year with the final Blue Gene, four times what it is this year, it is going to be a real step up and will be hard to beat,"" said Erich Strohmaier, one of the co-founders of the Top500 list. It will help scientists work out the safety, security and reliability requirements for the US's nuclear weapons stockpile, without the need for underground nuclear testing. It will also cut down on the amount of heat generated by the massive power, a big problem for supercomputers. In second place was Silicon Graphics' Columbia supercomputer based at the US space agency's (Nasa) Ames Research Center in California. The Linux-based machine was reported to have reached a top speed of 42.7 trillion calculations per second (teraflops) in October. It will be used to model flight missions, climate research, and aerospace engineering. The defeated Japanese contender, the Earth Simulator, which was listed in third place, losing the top spot it had held since June 2002. It is dedicated to climate modelling and simulating seismic activity. Since the first supercomputer, the Cray-1, was installed at Los Alamos National Laboratory, US, in 1976, computational speed has leaped 500,000 times. The Cray-1 was capable of 80 megaflops (80 million operations a second). The Blue Gene/L machine that will be completed next year will be five million times faster. Started in 1993, the Top 500 list is decided by a group of computer science academics from around the world. It is presented at the International Supercomputer Conference in Pittsburgh.",tech,tech,2.4315083026885986,5266,115.46484375,0.3805296
"Holmes back on form in Birmingham Double Olympic champion Kelly Holmes was back to her best as she comfortably won the 1,000m at the Norwich Union Birmingham Indoor Grand Prix. The 34-year-old, running only her second competitive race of the season, shook off the rust to win in two minutes, 35.39 seconds. But she is still undecided about competing in the European Championships in Madrid from 4-6 March. ""I'll probably be entered and make my mind up at the last minute,"" she said. ""My training hasn't gone as well as expected but I've got two weeks to decide. ""I need to take my time and make sure I feel good about what I'm doing. ""I felt very good here but with the crowd behind you, you feel like you can do anything."" American was the eventual winner of the men's 60m race which almost ended in farce. Three athletes were disqualified for false starting, including Britain's Mark Lewis-Francis, who was the first man guilty of coming out of his blocks too quickly. World 100m champion Kim Collins clinched second spot ahead of world 60m record holder and Scott's training partner Maurice Greene. Jason Gardener's unbeaten run came to an end as he came fifth and he will need to improve if he is to defend his European title in Madrid. ""You can't win them all,"" said Gardener afterwards. ""And I was very disappointed as I know I'm capable of doing better."" Russian was back on record-breaking form in the pole vault at the National Indoor Arena. The Olympic champion set a new world mark of 4.88m to break her own record - which she set just six days ago - and beat Russian rival Svetlana Feofanova. It was Isinbayeva's 11th world record - indoors or out - since July 2003. ""I'm so happy and I will do my best to break the 5m barrier soon,"" the 22-year-old told BBC Sport. Jamaica's stormed to a personal best of 7.13 seconds to claim the women's 60m sprint. Belgian Kim Gevaert, who will be one of the favourites for next month's European title, took second while American Muna Lee was third. There was disappointment for British pair Jeanette Kwakye and Joice Maduaka who finished seventh and eighth respectively. Jamaican stretched her unbeaten record to 25 races as she effortlessly claimed the 200m. The Olympic champion set a new indoor personal best of 22.38 seconds - the fastest time in the world this season. fought off fellow Briton Tim Abeyie to take the men's 200m in a personal best of 20.88. continued her outstanding start to the season, beating a strong international field, which included two-time Olympic 100m hurdles bronze medallist Melissa Morrison, to claim the women's 60m hurdles. The 25-year-old Briton clocked 7.98 seconds while pre-European Championships favourite Russian Irina Shevchenko finished down in sixth. Ethiopia's failed in her bid to smash compatriot Berhane Adere's world 3,000m record but still won the event in emphatic style. The Olympic 5,000m champion was inside record pace but dropped off over the final third, finishing in eight minutes, 33.05 seconds - the fourth fastest time ever recorded for the event. Britain's Jo Pavey bravely decided to go with Defar as she strode away from the field and took second in a season's best 8:41.43. Kenyan also missed out on the indoor 1500m world record, which Hicham El Guerrouj has held for the last eight years. Lagat settled for silver behind El Guerrouj in Athens and was almost four seconds short of the Moroccan's world best, clocking 3:35.27 in Birmingham. And was still struggling to find his form after the death of his fiancee this year. The Olympic 10,000m champion had comfortably led the men's two mile race after his younger brother Tariku had set the pace. But fellow Ethiopian appeared ominously on Bekele's shoulder with two laps to go before surging past him at the bell to win in 8:14.28. Jamaican made the most of a blistering start to take the men's 400m title in 45.91 seconds. World indoor champion, Alleyne Francique, faded badly and finished in fourth while American duo Jerry Harris and James Davis took second and third respectively. Swede showed her class in the long jump as she stole top spot from Jade Johnson with the very last jump of the competition. The Olympic heptathlon gold medallist reached 6.66m to better Johnson's mark of 6.52m - her second personal best inside a week. ""I was quite surprised because I didn't think I'd end up with second place,"" said Johnson, who wore London's 2012 Olympic bid slogan, ""Back the Bid"", on her shorts. ""But I'm pleased and hopefully I'll get a bit better for the Europeans. I really want to win a medal."" won the men's event with a season's best of 7.95m, taking the scalp of world indoor champion Savante Stringfellow of the USA.",sport,sport,2.682987689971924,5268,115.46484375,0.6426785
"New UKIP defection to 'Veritas' The UK Independence Party has lost one of its two London Assembly members to Robert Kilroy-Silk's new political party, expected to launch on Wednesday. Damian Hockney said ex-chatshow host Mr Kilroy-Silk would ""deliver better"" as the leader of a eurosceptic party. He said Mr Kilroy-Silk had made him deputy party leader of Veritas, Latin for truth. Sources close to Mr Hockney said around eight other members of London UKIP were also planning to jump ship. Details of the coming week's events were hammered out at a meeting at Mr Kilroy-Silk's Buckinghamshire home on Sunday, the BBC News Website was told. The news came after UKIP suspended a candidate for allegedly suggesting the criminally insane should be killed. John Houston, 54, was due to stand in the East Kilbride seat in Lanarkshire at the next election. A spokesman for UKIP called on Mr Hockney to quit the London Assembly. UKIP asserts that Mr Hockney ""has a moral obligation, if not a legal one"" to stand down. Mr Hockney meanwhile told the BBC: ""I believe that Robert Kilroy-Silk can deliver better as a leader of a eurosceptic party than the current leadership of the UK Independence Party."" On the suspension of Mr Houston, UKIP said those who selected him knew nothing of his views. Mr Houston is alleged to have said that the organs of the criminally insane should be ""made available to law-abiding members of the community"" and proposed the legalisation of drugs and the sex trade. The document reportedly said: ""We're looking for the resurrection of the British Empire. ""The problems for the human race - environmental and others - can only be dealt with on a global scale, and that calls for a radical alliance of the English-speaking nations, which they are uniquely able to do."" UKIP spokesman Mark Croucher said the main issue would be that Mr Houston's reported views had been presented as UKIP policy, which they were not.",politics,politics,2.4195311069488525,5268,115.46484375,0.3737151
"Japanese growth grinds to a halt Growth in Japan evaporated in the three months to September, sparking renewed concern about an economy not long out of a decade-long trough. Output in the period grew just 0.1%, an annual rate of 0.3%. Exports - the usual engine of recovery - faltered, while domestic demand stayed subdued and corporate investment also fell short. The growth falls well short of expectations, but does mark a sixth straight quarter of expansion. The economy had stagnated throughout the 1990s, experiencing only brief spurts of expansion amid long periods in the doldrums. One result was deflation - prices falling rather than rising - which made Japanese shoppers cautious and kept them from spending. The effect was to leave the economy more dependent than ever on exports for its recent recovery. But high oil prices have knocked 0.2% off the growth rate, while the falling dollar means products shipped to the US are becoming relatively more expensive. The performance for the third quarter marks a sharp downturn from earlier in the year. The first quarter showed annual growth of 6.3%, with the second showing 1.1%, and economists had been predicting as much as 2% this time around. ""Exports slowed while capital spending became weaker,"" said Hiromichi Shirakawa, chief economist at UBS Securities in Tokyo. ""Personal consumption looks good, but it was mainly due to temporary factors such as the Olympics. ""The amber light is flashing."" The government may now find it more difficult to raise taxes, a policy it will have to implement when the economy picks up to help deal with Japan's massive public debt.",business,business,2.3907573223114014,5268,115.46875,0.3512683
"Lasting influence of legend Charles Ray Charles, who has won a string of posthumous Grammy Awards, belonged to a pioneering generation of artists that had a huge influence on the course of rock and pop music. His sound encompassed so many styles - blues, gospel, jazz, rock 'n' roll, even country - and had a real impact on the nascent UK beat and R&B scenes. Compared in stature to Elvis Presley by some commentators, Charles' songs cast their spell on such 1960s stalwarts as Joe Cocker, Steve Winwood, Eric Burdon and Van Morrison. His influence has extended to contemporary artists such as Norah Jones, with whom he recently recorded a duet. If James Brown was the godfather of soul, then Ray Charles was indisputably one of its founding fathers. Along with Sam Cooke, he was instrumental in bringing together the gospel fervour of the deep south Baptist church with the ""devil's"" music of R&B to pave the way for a new generation of soul artists. Without Charles, it is hard to imagine the tear-stained Atlantic R&B sound of Aretha Franklin, Otis Redding or Wilson Pickett. He was also a talented jazz composer, arranger and band leader, playing at the Newport Jazz Festival and Carnegie Hall and recording with noted jazz musicians such as Milt Jackson and David ""Fathead"" Newman. Unfortunately, he also shared another trait common among many jazz artists of the era - that of heroin addiction, which led to him being arrested in 1965. His string of 1950s Atlantic R&B successes included songs that would be covered by the first-generation rock 'n' roll greats, including I've Got A Woman (Roy Orbison, Elvis Presley) and Hallelujah, I Love Her So (Eddie Cochran). After the exuberance of his 1959 signature song What'd I Say, Charles turned towards a more pop-oriented style, recording Hoagy Carmichael's sentimental string ballad Georgia On My Mind, and the upbeat Hit The Road Jack. He also won acclaim in the country arena with his interpretations of Hank Williams standards such as Your Cheating Heart and You Win Again. More than 40 years after its release, his 1962 ABC album Modern Sounds in Country and Western Music is still regarded as a classic. His version of Don Gibson's I Can't Stop Loving You topped the pop and R&B charts in the US. In 1972, he made a rare foray into protest songs with his album A Message from the People. On it, he took a stand on poverty and civil rights - echoing similar recordings of the era from progeny such as Stevie Wonder, James Brown, Curtis Mayfield and Marvin Gaye. More than 20 years later, he would embrace contemporary production with his 1993 album My World, which featured hip-hop beats - although Charles claimed at the time not to know what hip-hop was. Among the tributes that poured in from all sections of the music world when Charles died aged 73 in June 2004 was one from his friend, the producer Quincy Jones, who described him as a ""brother in every sense of the word"". ""There will never be another musician who did as much to break down the perceived walls of musical genres as much as Ray Charles did,"" he said. Former Manfred Mann singer Paul Jones, who sang on 1960s hits such as Come Tomorrow and Sha La La, said Charles was one of his heroes. ""I'm quite sure my own writing was influenced by him,"" he told BBC News Online. ""I would put money on the proposition that Ray Charles will have an influence on music forever.""",entertainment,entertainment,2.451967716217041,5268,115.46875,0.4264525
"Mobile games come of age The BBC News website takes a look at how games on mobile phones are maturing. A brief round-up follows but you can skip straight to the reviews by clicking on the links below. Part two will follow on Monday. Reviews of Call of Duty, Splinter Cell - Pandora Tomorrow, Lord of the Rings and Pocket Kingdom will follow on Monday If you think of Snake when some mentions ""mobile games"" then you could be in for a bit of a surprise. This is because mobile games have come a long way in a very short time. Even before Nokia's N-Gage game phone launched in late 2003, many mobile operators were realising that there was an audience looking for something to play on their handset. And given that many more people own handsets than own portable game playing gadgets such as the GameBoy it could be a very lucrative market. That audience includes commuters wanting something to fill their time on the way home, game fans looking for a bit of variety and hard core gamers who like to play every moment they can. Life for all these types of player has got immeasurably better in the last year as the numbers of titles you can download to your phone has snowballed. Now sites such as Wireless Gaming Review list more than 200 different titles for some UK networks and the ranges suit every possible taste. There are ports of PC and arcade classics such as Space Invaders, Lunar Lander and Bejewelled. There are also versions of titles, such as Colin McRae Rally, that you typically find on PCs and consoles. There are shoot-em-ups, adventure games, strategy titles and many novel games only found on handsets. Rarely now does an action movie launch without a mobile game tie-in. Increasingly such launches are all part of the promotional campaign for a film, understandable when you realise that a good game can rack up millions of downloads. The returns can be pretty good when you consider that some games cost £5. What has also helped games on mobiles thrive is the fact that it is easier than ever to get hold of them thanks to technology known as Wap push. By sending a text message to a game maker you can have the title downloaded to your handset. Far better than having to navigate through the menus of most mobile operator portals. The number of handsets that can play games has grown hugely too. Almost half of all phones now have Java onboard meaning that they can play the increasingly sophisticated games that are available - even the ones that use 3D graphics. The minimum technology specifications that phones should adhere to are getting more sophisticated which means that games are too. Now double key presses are possible making familiar tactics such as moving and strafing a real option. The processing power on handsets means that physics on mobile games is getting more convincing and the graphics are improving too. Some game makers are also starting to take advantage of the extra capabilities in a mobile. Many titles, particularly racing games, let you upload your best time to see how you compare to others. Usually you can get hold of their best time and race against a ""ghost"" or ""shadow"" to see if you can beat them. A few games also let you take on people in real time via the network or, if you are sitting close to them, via Bluetooth short-range radio technology. With so much going on it is hard to do justice to the sheer diversity of what is happening. But these two features should help point you in the direction of the game makers and give you an idea of where to look and how to get playing. TOO FAST TOO FURIOUS (DIGITAL BRIDGES) As soon as I start playing this I remember why I never play driving games - because I'm rubbish at them. No matter if I drive the car via joystick or keypad I just cannot get the hang of braking for corners or timing a rush to pass other drivers. The game rewards replay because to advance you have to complete every section within a time limit. Winning gives you cash for upgrades. Graphically the rolling road is a convincing enough evocation of speed as the palm trees and cactus whip by and the city scrolls past in the background. The cars handle pretty well despite my uselessness but it was not clear if the different models of cars were appreciably different on the track. The only niggle was that the interface was a bit confusing especially when using a joystick rather than the keypad to play. FATAL FORCE (MACROSPACE) A futuristic shooter that lets you either play various deathmatch modes against your phone or run through a series of scenarios that involves killing aliens invading Earth. Graphics are a bit cartoon-like but only helps to make clear what is going on and levels are well laid out and encourage you to leap about exploring. Both background music and sounds effects work well. The scenarios are well scripted and you regularly get hints from the Fatal Force commanders. Weapons include flamethrowers, rocket launchers, grenades and at a couple of points you even get chance to use a mech for a short while. With the right power-up you can go into a Matrix-style bullet time to cope with the onslaught of aliens. The game lets you play via Bluetooth if others are in range. Online the game has quite a following with clans, player rankings and even new downloadable maps.",tech,tech,2.6453206539154053,5268,115.46875,0.5989913
"Howard unveils election platform The Conservatives would stand up for the ""forgotten majority"", Michael Howard pledged as he unveiled the first part of the Tory election manifesto. The Tory leader argued there was a mass of people whom he says feel let down by Tony Blair and who share Tory values. In the foreword to the manifesto, he promises to focus on restoring order, trying to lower taxes and giving power back to the people. Labour says the document offers only a return to a ""failed Tory past"". The Liberal Democrats say the Conservatives cannot win what they predict will be a three-party contest. Campaigning activity is accelerating ahead of the general election, which is widely tipped for May but could be any time before June 2006. Labour on Monday postponed a launch of election posters because of the Asian tsunami disaster. Mr Howard published the introduction to the Tory manifesto. Other chapters will follow in coming weeks. In a speech in Northamptonshire, he said the ""forgotten majority"" made up the backbone of Britain. They were people who were saving for their first home or their retirement, working hard and accepting their responsibilities. He says in the manifesto foreword: ""They have been forgotten, neglected and taken for granted by Mr Blair."" Saying Britain must change direction, Mr Howard argues government is too big and cannot continue ""down the path of ever rising taxes"". He promises to ensure frontline professionals, parents and patients make the key decisions rather than Whitehall ""bureaucrats"". And he says the Tories would get a grip on crime, immigration and disorder. ""The decline of responsibility and the proliferation of so-called 'human rights' have left us in a moral quagmire, unable to get a grip on rising crime and disorder,"" he says. Mr Howard says he will produce a Timetable for Action so people can hold him to account but on issues like taxation he has so far only published options, not specific plans. Mr Howard told BBC News: ""I'm determined to lower taxes but I'm also determined not to make any promises I can't keep."" The Tories were unveiling material months ahead of the expected election because they needed time to make voters aware of their policies, he said. He was asked if Tory support for the government on Iraq and identity cards had given the Lib Dems the chance to portray themselves as the opposition to Labour. Mr Howard argued the only test for his policies was whether they were best for Britain. It had nothing to do with putting ""clear blue water"" between himself and his opponents. Labour's election slogan will be: ""Britain's working, don't let the Tories wreck it again"". Campaign coordinator Alan Milburn accused the Tories of ""launching Thatcherism in instalments"" while Labour helped the hard working majority of families. Lib Dem president Simon Hughes said his party had set out its election stance in September. ""The Liberal Democrats will ask the British people for support this year as the party with the policies best able to deliver freedom and fairness and to restore trust,"" he said.",politics,politics,2.5069844722747803,5268,115.46875,0.4544244
"'Best person' for top legal job The ""best person for the job"" should be appointed lord chancellor, and not necessarily a lawyer or MP, the courts minister has told MPs. Under reforms, the post of lord chancellor is to be stripped of its judicial functions. ""The lord chancellor...no more needs to be a lawyer than the Secretary of Health needs to be a doctor,"" said courts minister Christopher Leslie. The Constitutional Reform Bill was entering its second reading on Monday. Mr Leslie said: ""The prime minister should be able to appoint the best person for the job whether they sit in the House of Lords or the House of Commons."" Under the reforms, the Law Lords will also be replaced as the UK's highest legal authority by a Supreme Court and judges will be appointed by an independent panel rather than ministers. In December the Lords rejected a plea by current Lord Chancellor Lord Falconer that the holder of the job should not necessarily be a lawyer or a peer. The peers voted by 229 to 206 to say in law that lord chancellors must also be peers. The debate was carried over from the last Parliamentary session, but with an impending general election time is crucial for the government to get the Bill passed. Mr Leslie said it was irrelevant whether the post was called Secretary of State for Constitutional Affairs or Lord Chancellor. He said: ""What matters most is...whether it is reformed so that the post holder no longer has those conflicting duties. ""It is no longer appropriate for a government minister to have such unfettered discretion in the appointment of judges."" Shadow attorney general Dominic Grieve criticised the government on its plans to change what he said was an ""exceptional institution,"" providing a ""champion of the independence of the judiciary"". The government had initially proposed to take this institution and ""smash it to pieces,"" Mr Grieve said. Convention should be ""nurtured and celebrated,"" but the government distrusted and disliked it instead. He warned that unless ministers backed down over the lord chancellor remaining a member of the House of Lords, the government would have ""great difficulty"" in getting the Bill through Parliament. Former Cabinet minister Douglas Hogg, whose father and grandfather served as lord chancellor, said the Bill was ""largely unnecessary, bureaucratic and expensive"". But the Tory MP for Sleaford and North Hykeham admitted the lord chancellor's role and office ""cannot be frozen in aspic"".",politics,politics,2.4350955486297607,5268,115.46875,0.3985915
"Donor attacks Blair-Brown 'feud' The reported feud between Tony Blair and Gordon Brown has prompted a Labour donor to say he will almost certainly refuse to give more funds. Duncan Bannatyne also attacked the government over Iraq and its ""poor"" response to the Asian tsunami crisis. His broadside came as ex-Foreign Secretary Robin Cook said he hoped Mr Brown would be premier at some point. Mr Bannatyne has previously given Labour £50,000. He made his fortune from care homes and health clubs. The 52-year-old on Tuesday said was he was reviewing his donations because of Cabinet disunity and international issues. His spokesman said it was highly unlikely he would give Labour more money, although he would remain a supporter and not fund the Conservatives. Robert Peston's new book has prompted more speculation about the Blair-Brown rift with its claims that the prime minister broke a promise made in 2003 to stand down. Mr Bannatyne said: ""Disunity in the Cabinet has a corrosive effect on the country. ""Gordon Brown is a great chancellor who has delivered a stable economy, but business wants that to continue and not be blown off course by petty squabbles based on personal ambition."" The businessman, whose latest venture is a casino in Newcastle, also voiced concern about the ongoing violence in Iraq. And he branded the UK government's response to the tsunami as ""piecemeal and poor"". ""The people there need practical help not just pledges of money,"" he said. ""The US has forces helping on the ground - we can do more."" British Navy ships have helped the relief effort and the prime minister has said the government could ultimately give hundreds of millions of pounds in aid. Mr Bannatyne is due to host a new television programme and is also appearing on BBC2 business start-up programme Dragon's Den. But his spokesman insisted his attack on Labour was not a publicity stunt. In a separate development, Robin Cook gave his support to Mr Brown's prime ministerial ambitions but told a lunch for political journalists winning the election had to be Labour's election. But he insisted the recent squabbles between Mr Blair and Mr Brown were not ""perceived as a problem by the voters,"" adding there was no impression of governmental incompetence. Mr Cook argued that more prominence was given to these matters because there was ""not an alternative source of opposition to the government"". He warned the ""Abstentions Party"" was the real challenge to Labour - and they would not be motivated by Mr Blair's promise to produce an ""unremittingly New Labour"" election manifesto. His comments come after Dave Prentis, the leader of Britain's biggest union Unison, told the Daily Record newspaper he wants a date to be set for Mr Blair to be replaced as Labour leader.",politics,politics,2.496452569961548,5268,115.46875,0.4434763
"Clijsters could play Aussie Open Kim Clijsters has denied reports that she has pulled out of January's Australian Open because of her persistent wrist injury. Open chief Paul McNamee had said: ""Kim's wrist obviously isn't going to be rehabilitated."" But her spokesman insisted she had simply delayed submitting her entry. ""The doctors are assessing her injury on a weekly basis and if there is no risk she could play. But if there's the least risk she will stay away."" Despite being absent from the WTA entry list for the tournament, which begins on 17 January, Clijsters would be certain to get a wild card if she requested one. Clijsters is still ranked 22nd in the world despite only playing a handful of matches last season. The Belgian had an operation on her left wrist early in the season but injured it again on her return to the tour. Meanwhile, Jelena Dokic, who used to compete for Australia, has opted out of the first Grand Slam of the season. Dokic has not played in the Australian Open since 2001 when she lost in the first round. But the 21-year-old would have had to rely on a wild card next season because her ranking has tumbled to 127th. Four-time champion Monica Seles, who has not played since last year's French Open, is another absentee because of an injured left foot.",sport,sport,2.4463531970977783,5268,115.46875,0.3955435
"Oscar nominee Dan O'Herlihy dies Irish actor Dan O'Herlihy, who was nominated for best actor at the 1955 Oscars, has died at the age of 85. O'Herlihy, whose Oscar nomination was for Luis Bunuel's The Adventures of Robinson Crusoe, died at his home in Malibu, California, a spokesman said. The actor began his film career in the 1940s, playing Macduff to Orson Welles' Macbeth in 1948, and was also a regular in on the Dublin stage. He later appeared in Robocop and its sequel and cult TV show Twin Peaks. He played the CEO of Omni Consumer Products in 1987's Robocop and Robocop 2 three years later, and was saw mill owner Andrew Packard in Twin Peaks, also in 1990. Despite his Oscar nomination, he had few other lead roles and became a familiar supporting actor on TV and in film. The year he was nominated, the Academy Award was won by Marlon Brando for On the Waterfront.",entertainment,entertainment,2.368516206741333,5268,115.98828125,0.3250768
"Boothroyd calls for Lords speaker Betty Boothroyd has said the House of Lords needs its own Speaker and that peers should lead the way on reforming the upper chamber. Baroness Boothroyd, who was the first woman to be Commons Speaker, said she believed Tony Blair initiated reforms without a clear outcome in mind. ""Now we have to take care of it ourselves and make the best of it,"" she told the BBC's Breakfast with Frost. In 1999 Labour removed all but 92 of the Lords' 750 hereditary peers. That was billed as the first stage of reform of the institution. The lord chancellor hinted further reforms could be unveiled in the next Labour manifesto. ""I think we need to look very carefully at the relationship between the Lords and the Commons,"" Lord Falconer told BBC1's Breakfast With Frost. ""How it interacts with the Commons is a very, very important issue. ""We need to address the issue in the manifesto, but you will have to wait for when the manifesto comes."" The lord chancellor currently has the role of House of Lords speaker. He is also head of the judiciary and a member of the Cabinet as constitutional affairs secretary. Lady Boothroyd said she believed it was unacceptable for the lord chancellor to have the role of Speaker. ""I would really like to see a Speaker of the House of Lords,"" she said. ""I don't go for the idea of somebody - a lord chancellor - who is head of the judiciary, a senior Cabinet minister and Speaker of the Lords. ""I want somebody there who is going to look after that House and do a job there.",politics,politics,2.3660025596618652,5268,116.11328125,0.3163935
"Brazil buy boosts Belgium's Inbev Belgian brewing giant Inbev has seen its profits soar thanks to its acquisition of Brazil's biggest beer firm Ambev last year. Inbev, which makes Stella Artois, said pre-tax profits for 2004 rose 56% to 1.16bn euros ($1.5bn; £800m), and said it expected solid growth in 2005. The performance comes on sales up 21% at 8.6bn euros. The firm, formerly Interbrew, became the world's biggest brewer by volume when it bought Ambev in August 2004. The acquisition meant its sales by volume grew 57% in 2004, with four months of Ambev sales accounting for almost all of the increase. US beermaker Anheuser-Busch sells less beer by volume than Inbev but is bigger in terms of the value of its sales. Continuing demand for Inbev's products in the South American markets where its Brazilian arm is most popular means it expects to keep boosting its turnover. ""It's the Brazil business that's doing it,"" said ING analyst Gerard Rijk of Inbev's strong performance. Ambev boosted its share of Brazil's beer market from 62% at the end of 2003 to more than 68% by December 2004, Inbev reported. In contrast, Inbev's European business saw volume sales fall 2.5%, although Central and Eastern European sales rose 12%. Overall, net profits were up 42% to 719m euros.",business,business,2.4041459560394287,5268,116.125,0.3659446
"Fuming Robinson blasts officials England coach Andy Robinson said he was ""livid"" after his side were denied two tries in Sunday's 19-13 Six Nations loss to Ireland in Dublin. Mark Cueto's first-half effort was ruled out for offside before the referee spurned TV replays when England crashed over in the dying minutes. ""[I'm] absolutely spitting. I'm livid. There's two tries we've been cost,"" Robinson told BBC Sport. ""We've got to go back to technology. I don't know why we didn't."" South African referee Jonathan Kaplan ruled that Cueto was ahead of Charlie Hodgson when the fly-half hoisted his cross-field kick for the Sale wing to gather. Kaplan then declined the chance to consult the fourth official when Josh Lewsey took the ball over the Irish line under a pile of bodies for what could have been the game-winning try. ""I think Mark Cueto scored a perfectly legal try and I think he should have gone to the video referee on Josh Lewsey,"" said Robinson. ""It is how we use the technology. It is there, and it should be used. ""I am still trying to work out the Cueto try. I have looked at both, and they both looked tries. ""We are very disappointed, and this will hurt, there is no doubt about that. ""We are upset now, but the referee is in charge and he has called it his way and we have got to be able to cope with that. ""We did everything we could have done to win the game. I am very proud of my players and, with a couple of decisions, this could have been a very famous victory. ""I thought we dominated. Matt Stevens had an awesome game at tighthead prop, while the likes of Charlie Hodgson, Martin Corry and Lewis Moody all came through well. ""Josh Lewsey was awesome, and every one of the forwards stood up out there. Given the pressure we were under, credit must go to all the players. ""We have done everything but win a game of rugby, but Ireland are a good side. They defended magnificently and they've got every chance of winning this Six Nations."" England have lost their first three matches in this year's Six Nations and four out of their six games since Robinson took over from Sir Clive Woodward in September.",sport,sport,2.465162754058838,5268,116.125,0.4111584
"Jol joy at 'professional' Cup win Tottenham manager Martin Jol acclaimed his players for their patience in their 3-0 FA Cup fifth-round victory over a determined Nottingham Forest side. ""We had the initiative but it wasn't easy. It was a professional sort of performance,"" the Dutchman said. ""Forest played with a lot of players behind the ball in the first half, but at 2-0 they were dead and buried."" Looking ahead to the quarter-final, Jol said: ""Newcastle have got a very good side and they are always difficult."" However, he added that his side, who are four places above the Magpies in the Premiership, were ""not afraid of anyone"". Robbie Keane, skipper for the night and scorer of the crucial second goal, echoed his manager's sentiments on the last-eight match. ""They're on a high, but we're confident and in the last few games we've played well and hopefully we can go there and get the win,"" he said. He conceded the win over Forest, which included goals from Noe Pamarot and Mido, was not pretty to watch. ""It wasn't the best display but it's all about the result,"" the Irishman said. ""We knew it was going to be difficult with the conditions. The pitch wasn't the best but we still tried to pass it. ""We dug in and the gaffer said to us at half-time to keep being patient and that the goal will come."" Forest manager Gary Megson conceded his team did not deserve anything after a poor performance. ""If you play like we did and concede two goals from corners you're going to have an uphill battle against a very good team,"" he said. ""If we defend in the Championship like we did we'll not get another point. ""We were organised but I felt at times we thought the system would be enough but we didn't look like scoring.""",sport,sport,2.3271968364715576,5268,116.125,0.3051591
"US trade gap hits record in 2004 The gap between US exports and imports hit an all-time high of $671.7bn (£484bn) in 2004, latest figures show. The Commerce Department said the trade deficit for all of last year was 24.4% above the previous record - 2003's imbalance of $496.5bn. The deficit with China, up 30.5% at $162bn, was the largest ever recorded with a single country. However, on a monthly basis the US trade gap narrowed by 4.9% in December to £56.4bn. The US consumer's appetite for all things from oil to imported cars, and even wine and cheese, reached record levels last year and the figures are likely to spark fresh criticism of President Bush's economic policies. Democrats claim the administration has not done enough to clamp down on unfair foreign trade practices. For example, they believe China's currency policy - which US manufacturers claim has undervalued the yuan by as much as 40% - has given China's rapidly expanding economy an unfair advantage against US competitors. Meanwhile, the Bush administration argues that the US deficit reflects the fact the America is growing at faster rate than the rest of the world, spurring on more demand for imported goods. Some economists say this may allow an upward revision of US economic growth in the fourth quarter. But others point out that the deficit has reached such astronomical proportions that foreigners many choose not to hold as many dollar-denominated assets, which may in turn harm growth. For all of 2004, US exports rose 12.3% to $1.15 trillion, but imports rose even faster by 16.3% to a new record of $1.76 trillion. Foreign oil exports surged by 35.7% to a record $180.7bn, reflecting the rally in global oil prices and increasing domestic demand. Imports were not affected by the dollar's weakness last year. ""We expect the deficit to continue to widen in 2005 even if the dollar gets back to its downward trend,"" said economist Marie-Pierre Ripert at IXIS.",business,business,2.436821699142456,5268,116.125,0.3873197
"Brown names 16 March for Budget Chancellor Gordon Brown will deliver his Budget to the House of Commons on 16 March, the Treasury has announced. The Budget, likely to be the last before the General Election, will be at about 1230 GMT on that Wednesday, just after Prime Minister's question time. The annual event is when the chancellor outlines the government's taxation and broader economic predictions. The Tories say it is likely the Budget will contain measures to attract votes. The election is expected on 5 May. Next month's Budget will be Mr Brown's ninth since Labour came to power in 1997. If a May election is called, there could be as little as 18 days between the Budget and the announcement of a date for the election. A shortened Finance Bill would have to be rushed through Parliament with all-party support to allow the Government to continue collecting revenue. The full Finance Bill, with the Budget measures in it, would then be returned to the Commons after the election, if Labour secures another term in office. Tory shadow chancellor Oliver Letwin said: ""We can be sure of two things: the Budget will contain measures to attract votes, and it will not contain the £8 billion of tax rises which independent experts say are inevitable if Labour wins the election."" As Mr Brown announced the Budget date in a short ministerial statement, accountancy firm Ernst & Young urged him to put politics aside and focus on the long-term requirements of the economy. ""In the Budgets that were given immediately before the last six elections, taxes were cut by the incumbent chancellor and, in many cases, taxes were increased soon after the election result,"" said Aidan O'Carroll, E&Y's UK head of tax.",politics,politics,2.4601776599884033,5268,116.125,0.408946
"Umaga ready for ""fearsome"" Lions All Blacks captain Tama Umaga has warned the British and Irish Lions will be his most fearsome opponents yet ahead of their summer tour. But Umaga, in England for Saturday's IRB Rugby Aid match, also backed New Zealand to win the three-Test series against the Lions. He told BBC Sport: ""It's potentially the most fearsome line-up I've ever come up against. They're awesome. ""But I'd back us all the way to beat them when they come over."" Lions boss Sir Clive Woodward is set to announce his squad for the June-July tour next month. When Woodward was appointed last year, it was widely believed he would rely heavily on his former England players. But Umaga said: ""He'd be hard pushed to do that now considering the shape of the Six Nations. ""Don't get me wrong, England have got a lot of talented guys and I'm sure there are some of them who'll make the Lions Test XV. ""But you can't disguise Wales and Ireland in particular. Some of the tries they've scored have been great. I'll admit it'll be fairly awesome lining up against the likes of Brian O'Driscoll."" Umaga will meet O'Driscoll in Saturday's Rugby Aid match at Twickenham, with the Irish captain leading the Northern Hemisphere side. O'Driscoll is among a host of players in the Northern Hemisphere squad, coached by Woodward, that are tipped for Lions call-ups. ""It'll be good for us to get an early idea of some of these guys, although a lot can change between now and June,"" Umaga said. The 31-year-old admitted interest in the Lions tour was immense, calling it ""the biggest thing to hit New Zealand since Lord of the Rings"". He added: ""As players, it's enough for us to be driven by the rarity of playing the Lions. In fact, it's not just us All Blacks - it's the talk of the country."" Umaga admitted the fear of injury weighed on his mind ahead of Saturday's charity game, which features a host of big names including George Gregan, Andrew Mehrtens and Chris Latham. But he admitted the value of the cause - proceeds of the match will go to aiding victims of the tsunami - easily won him over. ""The second [Southern Hemisphere coach] Rod Macqueen made the approach, I didn't hesitate. It was great when New Zealand Rugby then gave me the all clear. ""Thankfully I didn't know anyone that was involved in the tragedy of the tsunami but you couldn't miss all the horrific reports on the news. ""There are so many people that were affected, are still affected and will be affected for a long time. It's just good to know we can do something minor to help out."" - The match will be televised on BBC One at 1400 GMT on Saturday.",sport,sport,2.478468894958496,5268,116.2109375,0.4342238
"Incredibles win animation awards The Incredibles movie has beaten Shrek 2 to the main prizes at Hollywood's animation awards, the Annies. The superhero film was named best animated feature while Brad Bird won best director, writer and voice actor for his role as designer Edna Mode. The Incredibles won a total of 10 awards - but Shrek 2, which had seven nominations, went home empty-handed. The two movies will compete with Shark Tale in the best animated film category of the Oscars at the end of February. The Incredibles' awards came despite Shrek 2's greater box office success. Shrek 2 took $881m (£468m) around the world, compared with $576m (£306m) for The Incredibles. SpongeBob SquarePants was named best animated TV show while TV comedy King of the Hill picked up two prizes including one for actress Brittany Murphy's voice work. Tom Kenny, who provides the voice for SpongeBob SquarePants, hosted Sunday's ceremony at the Alex Theater, Los Angeles. The awards are handed out by the International Animated Film Society. Finding Nemo won nine Annies last year.",entertainment,entertainment,2.3139150142669678,5268,116.28515625,0.271328
"Firefox browser takes on Microsoft Microsoft's Internet Explorer has a serious rival in the long-awaited Firefox 1.0 web browser, which has just been released. Few people get excited when some new software is released, especially when the program is not a game or a music or movie player. But the release of the first full version of Firefox has managed to drum up a respectable amount of pre-launch fervour. Fans of the software have banded together to raise cash to pay for an advert in the New York Times announcing that version 1.0 of the browser is available. The release of Firefox 1.0 on 9 November might even cause a few heads to turn at Microsoft because the program is steadily winning people away from the software giant's Internet Explorer browser. Firefox has been created by the Mozilla Foundation which was started by former browser maker Netscape back in 1998. Much of the development work done since then has gone into Firefox which made its first appearance under this name in February. Earlier incarnations, but which had the same core technology, were called Phoenix and Firebird. Since then the software has been gaining praise and converts, not least because of the large number of security problems that have come to light in Microsoft's Internet Explorer. Rivals to IE got a boost in late June when two US computer security organisations warned people to avoid the Microsoft program to avoid falling victim to a serious vulnerability. Internet monitoring firm WebSideStory has charted the growing population of people using the Firefox browser and says it is responsible for slowly eroding the stranglehold of IE. Before July this year, according to WebSideStory, Internet Explorer was used by about 95% of web surfers. That figure had remained static for years. In July the IE using population dropped to 94.7% and by the end of October stood at 92.9%. The Mozilla Foundation claims that Firefox has been downloaded almost eight million times and has publicly said it would be happy to garner 10% of the Windows- using, net-browsing population. Firefox is proving popular because, at the moment, it has far fewer security holes than Internet Explorer and has some innovations lacking in Microsoft's program. For instance, Firefox allows the pages of different websites to be arranged as tabs so users can switch easily between them. It blocks pop-ups, has a neat way of finding text on a page and lets you search through the pages you have browsed. One of the most powerful features of Firefox is the many hundreds of extras, or extensions, produced for it. The Mozilla Foundation is an open source organisation which means that the creators of the browser are happy for others to play around with the core code for the program. This has resulted in many different add-ons or extensions for the browser which now include everything from a version of the familiar Google toolbar to a Homeland Security monitor that keep users aware of current threat levels. Firefox, which used to be called Firebird and before that Phoenix, also has a growing number of vocal net-based fans. A campaign co-ordinated by the Spread Firefox website attempted to raise the $50,000 needed for a full page advert in the New York Times. The campaign set itself a target of recruiting 2500 volunteers. Ten days in to the campaign 10,000 people had signed up and now about $250,000 has been raised. The ad is due to run sometime in a three-week period in late November/early December. The surplus cash will be used to help keep the Mozilla Foundation running. Microsoft is facing a growing challenge to IE's hold on the web using population. from alternative browsers such as Opera, Safari, Amaya and even Netscape.",tech,tech,2.5488955974578857,5268,116.28515625,0.5073941
"Guantanamo four questioned The four Britons freed from US custody in Guantanamo Bay are expected to be allowed a visit by one relative. Moazzam Begg, Martin Mubanga, Feroz Abbasi and Richard Belmar were held for three years, accused of al-Qaeda links. Mr Begg's father, Azmat, said he had been told he could see his son for 20 minutes and would say he was ""a hero"". The men are being held at London's Paddington Green police station, where they are expected to be questioned by UK anti-terror officers. But Louise Christian, the lawyer representing Mr Abbasi and Mr Mubanga, said the families would be reunited with the men away from the station. Before being driven by police from Birmingham to London, Azmat Begg said he was concerned for his son Moazzam's mental state and was looking forward to giving him a hug. As Azmat Begg arrived at the London police station, there appeared to be some confusion as to the visiting arrangements. Police have said they have a duty to investigate the men, who were arrested on their return to the UK. But Metropolitan Police Commissioner Sir John Stevens said evidence obtained by MI5 while the four were in Cuba was ""absolutely"" inadmissible in UK courts. In an interview with the Independent, Sir John said his officers would have to find other evidence before the suspects could be tried in the UK. He told the newspaper: ""If an admission is made, it is a totally different ball game... it could be used as evidence. ""The options are: if there is enough evidence they will be charged. If not they will be released as soon as possible."" The men have been allowed to meet their lawyers. Louise Christian said that after being ""tortured and abused"" at Guantanamo Bay, the men's arrest was unfair and inappropriate. She told BBC News she remained very concerned about their psychological state. Gareth Peirce, lawyer for Mr Begg, said she was shocked at the condition of the men and appalled that the authorities felt the need to detain them. Washington has claimed all four were ""enemy combatants"" who trained at camps run by al-Qaeda. The Pentagon says they were freed after the UK government promised they would not be a threat to the national security of the US or any of its allies. The detainees were immediately arrested under Section 41 of the Terrorism Act 2000 when they landed at RAF Northolt, west London, on Tuesday. Massoud Shadjareh, from the Muslim Safety Forum, said: ""What sort of homecoming is this? They are innocent people."" The Muslim Council of Britain urged that the men should receive counselling and medical help. ""We want these men to be returned into the arms of their waiting family,"" said Iqbal Sacranie, secretary general of the council.",politics,politics,2.449267625808716,5268,116.28515625,0.409297
"MPs to debate 'euthanasia laws' MPs are preparing to debate a bill which critics claim would legalise euthanasia ""by the back door"". The bill would give legal force to ""living wills"", where people say they want medical treatment withheld if they become severely incapacitated. The Mental Capacity Bill has broad support from charities who say it would give better safeguards over treatment. But Christian groups say it could mean doctors withholding food and fluids even if they think it inappropriate. Ministers insist the Mental Capacity Bill - for England and Wales - would not change laws on assisted suicide and contains a presumption in favour of preserving life. The bill would establish a legal presumption that everybody can make decisions about their own treatment unless proved otherwise. It would allow people to give somebody the power of attorney to make decisions on their behalf, which could be challenged by doctors. Critics fear it could allow ""killing by omission"" through withdrawing treatment. An amendment to the bill - specifically preventing decisions that would bring about death - has been tabled by former Conservative leader Iain Duncan Smith. Ninety one MPs have signed a petition backing the amendment. MPs could vote on it later on Tuesday, during the bill's report stage debate. The Bill will then go to a third reading and be debated in the Lords, before becoming law. The Christian Medical Fellowship (CMF) and Lawyers' Christian Fellowship (LCF) said the Mental Capacity Bill would allow euthanasia by the ""back door"". Peter Saunders of the CMF said it believed advance refusals should be only advisory, not legally binding. ""CMF is concerned that patients will make unwise and hasty advance decisions to refuse food and fluids without being properly informed about the diagnosis and the expected course their illness will take,"" he said. The LCF's Andrea Williams said there were ""too many loopholes that could be abused by unscrupulous doctors"". Ex-Labour minister Frank Field told BBC Two's Newsnight programme there was a danger people would feel under pressure to ""do away"" with themselves so relatives could inherit their assets. Constitutional Affairs Minister David Lammy said laws affecting 750,000 people with dementia needed updating. Mr Lammy told BBC News Labour MPs would not get a free vote as the law was being strengthened, not changed. ""We are against euthanasia, we are against assisted suicide but we are in a situation now where people can make living wills and that has the force of the common law,"" he said. ""Doctors are saying they want more clarity. Patients are saying they want more clarity."" The Making Decisions Alliance, which includes the Alzheimer's Society, Age Concern, Mencap and the National Autistic Society, said misunderstandings over the bill had to be cleared up. ""It will not change the current law on euthanasia and will actually provide a series of better safeguards when decisions are made for people who lack capacity,"" the alliance said in a statement. The British Medical Association also backs the bill, saying it just gives incapacitated people the same rights as others. Debate on legalising euthanasia has intensified in the UK because of cases like that of motor neurone patient Diane Pretty. She died two years ago after losing a legal battle to allow her husband to help her commit suicide.",politics,politics,2.8514809608459473,5268,116.2890625,0.8101247
"Robinson wants dual code success England rugby union captain Jason Robinson has targeted dual code success over Australia on Saturday. Robinson, a former rugby league international before switching codes in 2000, leads England against Australia at Twickenham at 1430 GMT. And at 1815 GMT, Great Britain's rugby league team take on Australia in the final of the Tri-Nations tournament. ""Beating the Aussies in both games would be a massive achievement, especially for league,"" said Robinson. England have the chance to seal their third autumn international victory after successive wins over Canada and South Africa, as well as gaining revenge for June's 51-15 hammering by the Wallabies. Meanwhile, Great Britain could end 34 years of failure against Australia with victory at Elland Road. Britain have won individual Test matches, but have failed to secure any silverware or win the Ashes (with a series victory) since 1970. ""They have a great opportunity to land a trophy and it would be a massive boost for rugby league in this country if we won,"" said Robinson. ""I know the boys can do it - they've defeated the Aussies once already in the Tri-Nations."" But Robinson was not losing sight of the task facing his England side in their final autumn international. ""For us, we've played two and won two this November,"" he said. ""If we beat Australia it would be the end to a great autumn series for England. If we stumble then we'll be looking back with a few regrets. Robinson also revealed that the union side had sent the Great Britain team a good luck message ahead of the showdown in Leeds. ""We signed a card for them today and will write them an email on Saturday wishing them all the best,"" said Robinson. ""Everyone has signed the card - a lot of the guys watch league and we support them fully. ""Both games will be very tough and hopefully we'll both do well.""",sport,sport,2.442674160003662,5268,116.2890625,0.3904269
"Microsoft takes on desktop search Microsoft has entered the desktop search fray, releasing a test version of its tool to find documents, e-mails and other files on a PC hard drive. The beta program only works on PCs running Windows XP or Windows 2000. The desktop search market is becoming increasingly crowded with firms touting programs that help people find files. Search giant Google launched its desktop search tool in October, while Yahoo is planning to release similar software in January. ""Our ambition for search is to provide the ultimate information tool that can find anything you're looking for,"" said Yusuf Mehdi, corporate vice president at Microsoft's MSN internet division. Microsoft's program can be used as a toolbar on the Windows desktop, the Internet Explorer browser and within the Outlook e-mail program. The software giant is coming late to the desktop search arena, competing with a large number of rivals. Google has already released a desktop tool. Yahoo is planning to get into the game in January and AOL is expected to offer desktop searching early next year. Small firms such as Blinkx, Copernic, Enfish X1 Technologies and X-Friend offer tools that catalogue the huge amounts of information that people increasingly store on their desktop or home computer. Apple will release a similar search system for its computers called Spotlight that is due to be released with the Tiger operating system.",tech,tech,2.392632484436035,5268,116.2890625,0.3482397
"Reboot ordered for EU patent law A European Parliament committee has ordered a rewrite of the proposals for controversial new European Union rules which govern computer-based inventions. The Legal Affairs Committee (JURI) said the Commission should re-submit the Computer Implemented Inventions Directive after MEPs failed to back it. It has had vocal critics who say it could favour large over small firms and impact open-source software innovation. Supporters say it would let firms protect their inventions. The directive is intended to offer patent protection to inventions that use software to achieve their effect, in other words, ""computer implemented invention"". The draft law suffered setbacks when Poland, one of the largest EU member states, rejected its adoption twice in two months. Intense lobbying on the issue has started to gain momentum in some national parliaments putting them under immense pressure. Only two MEPs backed the draft law at the JURI meeting, with one voting to abstain. Opponents of the draft directive welcomed the decision and said a new first reading of the proposals would give the EU a chance to have fuller debates about its implications in all member states. In the US, the patenting of computer programs and internet business methods is permitted. This means that the US-based Amazon.com holds a patent for its ""one-click shopping"" service, for example. Critics are concerned that the directive could lead to a similar model happening in Europe. This, they fear, could hurt small software developers because they do not have the legal and financial might of larger companies if they had to fight patent legal action in court. Supporters say current laws are inefficient and it would serve to even up a playing field without bringing EU laws in line with the US.",tech,business,2.454547643661499,5268,116.29296875,0.4042576
"PlayStation 3 chip to be unveiled Details of the chip designed to power Sony's PlayStation 3 console will be released in San Francisco on Monday. Sony, IBM and Toshiba, who have been working on the Cell processor for three years, will unveil the chip at a technology conference. The chip is reported to be up to 10 times faster than current processors. It is being designed for use in graphics workstations, the new PlayStation console, and has been described as a supercomputer on a chip. Sony has said the Cell processor could be used to bridge the gap between movies and video games. Special effects and graphics designed for films could be ported for use directly in a video game, Sony told an audience at the E3 exhibition in Los Angeles last year. Cell could also be marketed as an ideal technology for televisions and supercomputers, and everything in between, said Kevin Krewell, the editor in chief of Microprocessor Report. The chip will be made of several different processing cores that work on tasks together. The PlayStation 3 is expected in 2006 but developers are expecting to get prototypes early next year to tune games that will appear on it at launch. Details of the chip will be released at the International Solid State Circuits Conference in San Francisco. Some details have already emerged, however. When put inside powerful computer servers, the Cell consortium expects it to be capable of handling 16 trillion floating point operations, or calculations, every second. The chip has also been refined to be able to handle the detailed graphics common in games and the data demands of films and broadband media. IBM said it would start producing the chip in early 2005 at manufacturing plants in the US. The first machines off the line using the Cell processor will be computer workstations and servers. A working version of the PS3 is due to be shown off in May 2005 but a full launch of the next generation console is not expected to start until 2006. ""In the future, all forms of digital content will be converged and fused onto the broadband network,"" said Ken Kutaragi, chief operating officer of Sony, said last year. ""Current PC architecture is nearing its limits,"" he added.",tech,tech,2.454057216644287,5268,116.29296875,0.4020621
"Progress on new internet domains By early 2005 the net could have two new domain names. The .post and .travel net domains have been given preliminary approval by the net's administrative body. The names are just two of a total of 10 proposed domains that are being considered by the Internet Corporation for Assigned Names and Numbers, Icann. The other proposed names include a domain for pornography, Asia, mobile phones, an anti-spam domain and one for the Catalan language and culture. The .post domain is backed by the Universal Postal Union that wants to use it as the online marker for every type of postal service and to help co-ordinate the e-commerce efforts of national post offices. The .travel domain would be used by hotels, travel firms, airlines, tourism offices and would help such organisations distinguish themselves online. It is backed by a New York-based trade group called The Travel Partnership. Icann said its early decision on the two domains was in response to the detailed technical and commercial information the organisations behind the names had submitted. Despite this initial approval, Icann cautioned that there was no guarantee that the domains would actually go into service. At the same time Icann is considering proposals for another eight domains. One that may not win approval is a proposal to set up a .xxx domain for pornographic websites. A similar proposal has been made many times in the past. But Icann has been reluctant to approve it because of the difficulty of making pornographers sign up and use it. In 2000 Icann approved seven other new domains that have had varying degrees of success. Three of the new so-called top level domains were for specific industries or organisations such as .museum and .aero. Others such as .info and .biz were intended to be more generic. In total there are in excess of 200 domain names and the majority of these are for nations. But domains that end in the .com suffix are by far the most numerous.",tech,business,2.4313714504241943,5270,116.29296875,0.3867709
"Sony PSP console hits US in March US gamers will be able to buy Sony's PlayStation Portable from 24 March, but there is no news of a Europe debut. The handheld console will go on sale for $250 (£132) and the first million sold will come with Spider-Man 2 on UMD, the disc format for the machine. Sony has billed the machine as the Walkman of the 21st Century and has sold more than 800,000 units in Japan. The console (12cm by 7.4cm) will play games, movies and music and also offers support for wireless gaming. Sony is entering a market which has been dominated by Nintendo for many years. It launched its DS handheld in Japan and the US last year and has sold 2.8 million units. Sony has said it wanted to launch the PSP in Europe at roughly the same time as the US, but gamers will now fear that the launch has been put back. Nintendo has said it will release the DS in Europe from 11 March. ""It has gaming at its core, but it's not a gaming device. It's an entertainment device,"" said Kaz Hirai, president of Sony Computer Entertainment America.",tech,entertainment,2.4144999980926514,5270,116.29296875,0.3656132
"Half-Life 2 sweeps Bafta awards PC first person shooter Half-Life 2 has won six Bafta Awards, including best game and best online game. The title, developed by Valve, was released last year to universal acclaim - receiving special praise for its immersive plot and physics engine. The game also won Baftas for best action adventure, best PC game, art direction and animation. Burnout 3 won three awards in the categories for racing, technical direction and best PlayStation 2 game. Grant Dean, chairman of the Bafta games awards, said at a ceremony in London on Tuesday: ""The last year has been a great year for the interactive entertainment industry. ""These awards reflect the enormous achievements, progress and diversity that we have seen in that time."" Halo 2 won the best Xbox game category, while Prince of Persia: Warrior Within was adjudged the best GameCube title. The sports award went to Konami's Pro Evolution Soccer 4. Bafta said the ""significant feature"" of this year's awards was the number of ""non-traditional games"". The originality award was won by PlayStation 2 title Singstar while the children's award went to GameCube bongo rhythm game Donkey Konga. The Handheld Award went to Colin McRae Rally 2005 while the mobile category was won by Blue Tooth Byplanes. The audio award was won by Call of Duty: Finest Hour and Hitman: Contracts won the music award.",tech,entertainment,2.1945433616638184,5270,116.29296875,0.1433895
"Nortel in $300m profit revision Telecoms equipment maker Nortel Networks has sharply revised downwards its profits for the 2003 fiscal year. In a long-awaited filing, Nortel said it had made $434m (£231m), compared to the previously reported $732m. But the figures - revised after an audit which led to the sacking of the Canadian firm's chief - showed revenue was about 4% higher than first thought. Nortel shares, which have lost nearly 50% of their value since last year, climbed 1.46% in Toronto on Tuesday. Nortel's head Frank Dunn and two other executives were fired in January last year after the company announced it had conducted the internal audit. Securities and police authorities in both the US and Canada are still conducting inquiries into the accounts. Nortel also issued new figures for the 2001-2002 period, which they had previously indicated had understated losses. ""With the completion of our restatements we have a solid foundation on which to move forward with our business,"" said Nortel president and chief executive Bill Owens. ""The restatement has been a monumental task, both complex and demanding."" The company also said 12 senior executives - none of whom were involved directly in the accounting of the revised figures - have voluntarily agreed to repay to bonuses awarded in 2003 totalling $8.6m. Nortel added: ""these members of the core executive team share the board's deep disappointment over the circumstances that led to the restatement.""",business,business,2.4624862670898438,5269,116.29296875,0.4131128
"Yukos bankruptcy 'not US matter' Russian authorities do not have to abide by any US court decisions taken with regard to troubled oil giant Yukos, a Houston court has been told. Legal expert William Butler said there was no treaty between the US and Russia to recognise the other's legal rulings. That meant Moscow would not have to adhere to US rulings in the Yukos case. Yukos says a US court was entitled to declare it bankrupt before its Yugansk unit was sold, since it has a US subsidiary and local bank accounts. Yukos made its surprise Chapter 11 bankruptcy filing in Houston in December in an unsuccessful attempt to halt the auction of Yugansk, its main oil producing unit, by Russian authorities. Yugansk was sold to help pay off a $27.5bn (£14.5bn) back tax bill. It was bought for $9.4bn by a previously unknown group, which was in turn bought by state-controlled oil company Rosneft. The US court's jurisdiction has been challenged by Deutsche Bank and Gazpromneft, a former unit of Russian gas monopoly Gazprom which is due to merge with Rosneft. Deutsche Bank maintains the case has no place in a US court because Yukos has no assets in the US, apart from two bank accounts and a house in Houston owned by its chief finance officer Bruce Misamore. Deutsche Bank is involved in the case because it is itself being sued by Yukos. It had agreed to loan Gazpromneft the money to bid for Yugansk. US bankruptcy judge Letitia Clark, who issued an injunction in December to try and prevent the Yugansk sale, has said she will rule ""pretty promptly, however I do not anticipate ruling on it before next Tuesday"". Yukos has claimed it sought help in the US because other forums - Russian courts and the European Court of Human Rights - were either unfriendly or offered less protection. It has claimed that Russia imposed the huge tax bill and forced the sale of Yugansk as part of a campaign to destroy Yukos and its former owner Mihkail Khodorkovsky, who is facing a 10-year prison term in Russia for fraud and tax evasion. Yukos' parent company, the Gibraltar-based Menatep Group, is suing Russia in Europe for $28.3bn in financial damages. The company is also seeking $20bn in a separate US lawsuit against Rosneft and Gazprom for their role in the sale of Yugansk.",business,business,2.4596643447875977,5268,116.296875,0.4079979
"Serena ends Sania Mirza's dream Sania Mirza, the first Indian woman to reach the third round of a Grand Slam tennis event, has lost to women's favourite Serena Williams. The 18-year-old Mirza, who got a wild card entry into the Australian Open in Melbourne, lost to Williams 1-6,4-6 in the third round. Williams took just 56 minutes to defeat Mirza and sail into the fourth round. The only other Indian woman to win a match at a Grand Slam is Nirupama Vaidyanathan. Vaidyanathan made it to the second round of the Australian Open in 1998. Playing the biggest match of her life, Mirza made little impact on Williams in the early stages of the game. But the teenager showed more confidence in the second set and engaged the seventh-seeded Williams in some well contested rallies. Mirza, a junior Wimbledon doubles title winner, became the first Indian woman to reach the third round of a grand slam tennis event when she beat Hungarian Petra Mandula on Wednesday. ""I'm really excited. I was confident but I didn't think it was going to be that easy,"" Mirza said after her second round win. ""My aim was to win a round here. When I did that I was so relieved, there was no pressure."" Tennis is not a particularly popular sport in India, but a number of Indians watched the live telecast of the match between Mirza and Williams. Mirza, who lives in the southern Indian city of Hyderabad known for producing a host of top Indian cricketers, turned professional two years ago. She says she was considered too small when she went for her first tennis classes as a six-year-old girl. ""Then finally [the coach] called my parents up and said 'the way she hits the ball, I've never seen a six-year-old hit a ball like that',"" Mirza told the Associated Press.",sport,sport,2.395789384841919,5268,116.30078125,0.3537108
"Tory expert denies defeatism The Conservatives' campaign director has denied a report claiming he warned Michael Howard the party could not win the next general election. The Times on Monday said Australian Lynton Crosby told the party leader to focus on trying to increase the Tories' Commons presence by 25 to 30 seats. But Mr Crosby said in a statement: ""I have never had any such conversation... and I do not hold that view."" Mr Howard later added there was not ""one iota"" of truth in the report. The strategist helped Australia's PM, John Howard, win four elections. Mr Howard appointed Mr Crosby as his elections chief last October. Mr Crosby's statement said: ""The Conservative Party has been making an impact on the issues of lower tax and controlled immigration over the past week."" It added: ""The Labour Party will be wanting to do all they can to distract attention away from the issues that really matter to people.""",politics,politics,2.396756172180176,5268,116.30078125,0.3526222
"Google's toolbar sparks concern Search engine firm Google has released a trial tool which is concerning some net users because it directs people to pre-selected commercial websites. The AutoLink feature comes with Google's latest toolbar and provides links in a webpage to Amazon.com if it finds a book's ISBN number on the site. It also links to Google's map service, if there is an address, or to car firm Carfax, if there is a licence plate. Google said the feature, available only in the US, ""adds useful links"". But some users are concerned that Google's dominant position in the search engine market place could mean it would be giving a competitive edge to firms like Amazon. AutoLink works by creating a link to a website based on information contained in a webpage - even if there is no link specified and whether or not the publisher of the page has given permission. If a user clicks the AutoLink feature in the Google toolbar then a webpage with a book's unique ISBN number would link directly to Amazon's website. It could mean online libraries that list ISBN book numbers find they are directing users to Amazon.com whether they like it or not. Websites which have paid for advertising on their pages may also be directing people to rival services. Dan Gillmor, founder of Grassroots Media, which supports citizen-based media, said the tool was a ""bad idea, and an unfortunate move by a company that is looking to continue its hypergrowth"". In a statement Google said the feature was still only in beta, ie trial, stage and that the company welcomed feedback from users. It said: ""The user can choose never to click on the AutoLink button, and web pages she views will never be modified. ""In addition, the user can choose to disable the AutoLink feature entirely at any time."" The new tool has been compared to the Smart Tags feature from Microsoft by some users. It was widely criticised by net users and later dropped by Microsoft after concerns over trademark use were raised. Smart Tags allowed Microsoft to link any word on a web page to another site chosen by the company. Google said none of the companies which received AutoLinks had paid for the service. Some users said AutoLink would only be fair if websites had to sign up to allow the feature to work on their pages or if they received revenue for any ""click through"" to a commercial site. Cory Doctorow, European outreach coordinator for digital civil liberties group Electronic Fronter Foundation, said that Google should not be penalised for its market dominance. ""Of course Google should be allowed to direct people to whatever proxies it chooses. ""But as an end user I would want to know - 'Can I choose to use this service?, 'How much is Google being paid?', 'Can I substitute my own companies for the ones chosen by Google?'."" Mr Doctorow said the only objection would be if users were forced into using AutoLink or ""tricked into using the service"".",tech,business,2.508631706237793,5268,116.30078125,0.452672
"O'Driscoll/Gregan lead Aid stars Ireland's Brian O'Driscoll will lead the Northern Hemisphere team in the IRB Rugby Aid match at Twickenham. O'Driscoll heads a star-studded cast for the contest to raise funds for the tsunami appeal. The South will be led by George Gregan, one of four Wallabies, alongside five Springboks and four All Blacks including captain Tana Umaga. South African flanker Schalk Burger has shaken off a leg injury to take his place in the starting line-up. He will join fellow Springboks John Smit, Cobus Visagie and Victor Matfield in the South pack, with Jacque Fourie among the centres. The North side have been hit by the withdrawals of Scotland duo Gordon Bulloch and Chris Cusiter, plus France captain Fabien Pelous. But Leicester's England centre Ollie Smith has been added to the squad, giving him an opportunity to impress Lions coach Sir Clive Woodward, who takes charge of the North side. ""I think it's fantastic for Ollie,"" Tigers coach John Wells told BBC Radio Leicester. ""He was probably going to have the weekend off this week and I hope Clive gets the chance to see the qualities that Leicester and England have been seeing all year."" Woodward will also assess other potential Lions candidates such as Scotland pair Simon Taylor and Chris Paterson, Wales scrum-half Dwayne Peel and Ireland lock Paul O'Connell. ""I'm looking forward to working with such outstanding players,"" Woodward said. ""Both teams are fielding top-quality sides and I really hope that the rugby public and community get behind this game to raise as much money as possible for such a deserving cause."" Despite the withdrawal of Wales wing Rhys Williams, who is required for the Blues' Celtic League match with Munster, three other members of their Six Nations squad - Ceri Sweeney, John Yapp and Jonathan Thomas - will also play. ""Not only it is for a good cause but it gives these players the opportunity to play with and against some of the best players in the world,"" said WRU general manager Steve Lewis. Supporters can watch the teams train for free at Twickenham on Friday, 4 March. Woodward will put his North team through their paces at 1030 GMT, with the South side, coached by former Wallabies coach Rod Macqueen, due at the stadium at 1330. C Paterson (Scotland), B Cohen (England), B O'Driscoll (Ireland, capt), D Traille (France), O Smith (England), C Sweeney (Wales), D Humphreys (Ireland), D Peel (Wales); A Lo Cicero (Italy), P de Villiers (France), J Yapp (Wales), R Ibanez (France), P O'Connell (Ireland), M Bortolami (Italy), J Thomas (Wales), S Taylor (Scotland), L Dallaglio (England), S Parisse (Italy), Others to be added. C Latham (Australia); B Lima (Samoa), J Fourie (SA) T Umaga (New Zealand), S Bobo (Fiji); A Mehrtens (NZ) G Gregan (Aus, capt); C Hoeft (NZ), J Smit (SA), C Visagie (SA), S Maling (NZ), V Matfield (SA), S Burger (SA), P Waugh (Aus), T Kefu (Aus). E Taukafa (Tonga), E Guinazu (Argentina), S Sititi (Samoa), O Palepoi (Samoa), M Rauluni (Fiji), T Delport (SA), A N Other.",sport,sport,2.4993295669555664,5268,116.30078125,0.4549313
"Dame Julie pops in to see Poppins Mary Poppins star Dame Julie Andrews watched the hit stage version of her classic film at a charity performance in London's West End. It was the first time Dame Julie, who shot to fame as the nanny in the 1964 Disney movie, had seen the musical, staged at the Prince Edward Theatre. She watched Laura Michelle Kelly, 23, reprise the role on stage. The show has been one of the West End's hottest tickets since opening in December, winning two Olivier Awards. Kelly was named best musical actress at last month's ceremony and the musical also won best choreography. But Kelly said she was ""very nervous"" about meeting Dame Julie because she was ""my absolute hero"". The gala performance saw Dame Julie, 69, return to the theatre where she had her first starring role in a performance of Humpty Dumpty in 1948. The Mary Poppins musical has been masterminded by theatre impresario Sir Cameron Mackintosh and directed by Richard Eyre with choreography by Matthew Bourne. Sir Cameron said he hoped the production, which cost £9m to bring to the stage, was a blend of the sweet-natured film and the original book by PL Travers. Proceeds from Thursday's show will go to charities including Absolute Return for Kids (Ark), international relief agency Operation USA and drama school Lamda.",entertainment,entertainment,2.329834461212158,5268,116.30078125,0.2929602
"House prices suffer festive fall UK house prices fell 0.7% in December, according to figures from the Office of the Deputy Prime Minister. Nationally, house prices rose at an annual rate of 10.7% in December, less than the 13.7% rise the previous month. The average UK house price fell from £180,126 in November to £178,906, reflecting recent Land Registry figures confirming a slowdown in late 2004. All major UK regions, apart from Northern Ireland, experienced a fall in annual growth during December. December is traditionally a quiet month for the housing market because of Christmas celebrations. However, recent figures from the Land Registry - showing a big drop in sales between the last quarter of 2004 and the previous year - suggested the slowdown could be more than a seasonal blip. The volume of sales between October and December dropped by nearly a quarter from the same period in 2003, the Land Registry said. Although both the Office of the Deputy Prime Minister (ODPM) and the Land Registry figures point to a slowdown in the market, the most recent surveys from Nationwide and Halifax have indicated the market may be undergoing a revival. After registering falls at the back-end of 2004, Halifax said house prices rose by 0.8% in January and Nationwide reported a rise of 0.4% in the first month of the year.",business,business,2.417980194091797,5268,116.30078125,0.3675322
"South African car demand surges Car manufacturers with plants in South Africa, including BMW, General Motors, Toyota and Volkswagen, have seen a surge in demand during 2004. New vehicle sales jumped 22% to 449,603 from a year earlier, the National Association of Automobile Manufacturers of South Africa (NAAMSA) said. Strong economic growth and low interest rates have driven demand, and analysts expect the trend to continue. NAAMSA said it expects sales to top 500,000 in 2005. During 2004 ""South Africa was one of the best performing markets internationally"" for car sales, NAAMSA said. While domestic demand is set to continue to enjoy rapid growth, foreign sales could come under pressure, analysts said. The vehicle industry accounts for about 13% of South Africa's total exports. However, the world auto market has its problems and analysts warn that overcapacity and the strength of the rand could hit exports.",business,business,2.336918592453003,5268,116.30078125,0.2995362
"Microsoft seeking spyware trojan Microsoft is investigating a trojan program that attempts to switch off the firm's anti-spyware software. The spyware tool was only released by Microsoft in the last few weeks and has been downloaded by six million people. Stephen Toulouse, a security manager at Microsoft, said the malicious program was called Bankash-A Trojan and was being sent as an e-mail attachment. Microsoft said it did not believe the program was widespread and recommended users to use an anti-virus program. The program attempts to disable or delete Microsoft's anti-spyware tool and suppress warning messages given to users. It may also try to steal online banking passwords or other personal information by tracking users' keystrokes. Microsoft said in a statement it is investigating what it called a criminal attack on its software. Earlier this week, Microsoft said it would buy anti-virus software maker Sybari Software to improve its security in its Windows and e-mail software. Microsoft has said it plans to offer its own paid-for anti-virus software but it has not yet set a date for its release. The anti-spyware program being targeted is currently only in beta form and aims to help users find and remove spyware - programs which monitor internet use, causes advert pop-ups and slow a PC's performance.",tech,tech,2.330582857131958,5268,116.33203125,0.2807484
"White admits to Balco drugs link Banned American sprinter Kelli White says she knowingly took steroids given to her by Bay Area Lab Co-Operative (Balco) president Victor Conte. Conte faces a federal trial next year on charges of distributing steroids and tax evasion, and White said at first he tried to cover up what he was doing. ""He's the one who told me that it wasn't what he said it was,"" White said in the San Francisco Chronicle. But she added: ""It was my decision to go to him, not anybody else's."" White said Conte at first told her the substance was flaxseed oil, only to change his story later. White failed a drugs test after winning the 100m and 200m titles at the 2003 world athletics championships. She was subsequently handed a two-year ban in May this year and has admitted taking the stimulant modafinil. At first, White claimed she took the drug to combat narcolepsy but she now takes full responsibility for her actions. ""My whole belief about Victor is that he was selling a product,"" White said in the LA Times. ""Whether it be a good product or a bad product, he was selling a product."" White was introduced to Conte through her coach Remy Korchemy, who is also a defendant in the Balco case. The 27-year-old believes doping is so common in sport she felt compelled to cheat herself if she was to have any chance of winning. ""I have no clue what it's going to take to change that,"" said White. ""I would say I made a mistake and I would never, ever go back. ""I would never recommend anyone to take that route.""",sport,sport,2.3893351554870605,5268,116.33203125,0.3533672
"US Airways staff agree to pay cut A union representing 5,200 flight attendants at bankrupt US Airways have agreed to a new contract that cuts pay by nearly 10%. The deal will help the carrier, trying to survive by cutting costs by nearly $1bn (£530m) a year, save about $94m. More than two thirds of its 28,000 staff have now accepted wage cuts. But talks are still continuing with a union representing mechanics, baggage handlers and cleaners, which has so far failed to negotiate a new contract. The seventh largest carrier in the US sought bankruptcy protection for a second time in two years last September. It had been one of the quickest to deal with difficulties faced by the aviation industry after the 9/11 attacks in 2001. But it emerged from Chapter 11 bankruptcy in March 2003 to face competition from low-cost carriers and higher fuel costs. US Airways management has said it may need to start liquidating assets if it does not receive concessions from all staff by the middle of this month.",business,business,2.4428112506866455,5268,116.33203125,0.3985674
"Taxes must be trusted - Kennedy Public trust in taxes is breaking down because Labour and Tories are not being straight with people on the issue, Lib Dem leader Charles Kennedy has said. A day ahead of the government's pre-Budget report, Mr Kennedy used a speech to say his party was facing up to ""painful economic realities"". He said the current level of taxation was about right, although he would put a new 50% tax on top earners. Other parties have accused the Lib Dems of making uncosted promises. Mr Kennedy made it clear he was determined to counter that accusation. The Lib Dems have already published what they say are the full costings for all their plans and Wednesday's speech did not announce new policies. Speaking at the Commonwealth Club, Mr Kennedy said it was critical for a political party to have economic credibility, both on what it promised and what it was expected to deliver. He said. ""Budgets have to add up. Tough choices are needed in public spending."" The Lib Dems would cut ""low priority"" spending, including the government's ID cards scheme and the Child Trust Fund. Those cutbacks would free up funds for increasing basic state pensions for over-75s, putting more police on the streets and reintroducing fee eye and dental checks, he said. The Lib Dems argue they were honest about taxes in the past by calling for a 1p rise on income tax. Now they say the only simple tax rise they want is a new 50% tax band for top earners to pay for scrapping university tuition fees, providing free personal care for elderly and disabled people and keeping local taxes down. There would also be a local income tax to replace council tax and a number of changes to environmental taxes to ensure it is the ""polluter who pays"". The Lib Dems say the Tories have only laid out possible options for cutting taxes to grab headlines while Labour has hidden most of its tax rises. Mr Kennedy said: ""That contract with the people - that the government will only tax fairly and will spend their money wisely - can only be sustained if the political parties are straightforward about their plans. ""With the stealth tax strategy of Gordon Brown, the obvious unfairness of our current tax system - especially the council tax, and the empty promises of the Conservative party on this issue - it is no wonder that trust in taxation is breaking down."" He challenged the Treasury to open up its books so the National Audit Office can report on the government's performance. Conservative co-chairman Liam Fox said: Liam Fox said ""If Charles Kennedy is serious about making his budgets add up he should start by explaining how they would fund their 100 spending commitments. ""The reality is, the Lib Dems lack the courage to tackle waste and bureaucracy, and the only people who would face 'tough choices' would be the families who would be £630 worse off a year. "" And Chancellor Gordon Brown said the Lib Dem figures did not add up. He accused the party of claiming it would spend less while across the country committing itself to spend more.",politics,politics,2.5069968700408936,5268,116.33203125,0.4599517
"Verdict delay for Greek sprinters Greek athletics' governing body has postponed by two weeks the judgement on sprinters Costas Kenteris and Katerina Thanou for missing doping tests. The pair are facing lengthy bans for the missed tests, including one on the eve of last year's Athens Olympics. They were set to learn their fate by the end of February, but late evidence from them has pushed the date back. ""A decision is now expected by around mid-March,"" said one of their lawyers, Michalis Dimitrakopoulos. Kenteris, 31, who won the men's 200m title at the 2000 Sydney Games and Thanou, 30, who won the women's 100m silver medal in Sydney, face a maximum two-year ban if found guilty. The athletes, who spectacularly withdrew from the Athens Olympics, have been suspended by the International Association of Athletics Federations (IAAF) for missing the three tests. The IAAF said the sprinters had failed to provide samples for tests in Tel Aviv, Chicago and Athens and ordered Greek athletic's governing body, Segas, to hold a disciplinary inquiry. The athletes also face a criminal hearing in Greece over the missed drugs tests and have been charged with faking a motorcycle accident on the day of the Athens test, which led to them spending four days in hospital. Following the final hearing in late January, the athletes sounded confident they would be acquitted. ""I am confident and optimistic,"" Thanou had said at the time. ""We presented new evidence to the committee that they were not aware of."" It was not clear what this new evidence was.",sport,sport,2.3896100521087646,5268,116.33203125,0.3442736
"Houllier praises Benitez regime Former Liverpool manager Gerard Houllier has praised the work of his Anfield successor Rafael Benitez. Houllier was angry at reports that he has been critical of Benitez since the Spaniard took over at Liverpool. But Houllier told BBC Sport: ""In private and in public, I have stressed I believe Rafa is doing a good job. He is the right man at the right place. ""Rafa is a good coach and a good man. I've spoken to him since he has been at Liverpool and never criticised him."" Houllier also revealed he is now ready to return to the game after leaving Liverpool in May following six years at Anfield. The former France boss has been linked with a host of jobs and pulled out of the race to succeed Mark Hughes as Wales national coach. He has been working for Uefa, covering the Premiership for French television and also coaching in Brazil with national coach Carlos Alberto Perreira. Houllier said: ""If a good club comes up at the right time then yes, I am ready to come back. ""It has been interesting to watch games from a different perspective and I have learned things. ""I have been involved in football since leaving Liverpool and my batteries are recharged."" Houllier has been impressed with the quality in the Premiership after watching as a pundit - particularly with Jose Mourinho's work at leaders Chelsea. He said: ""Chelsea are doing very well. They have some very good creative players in Damien Duff and Arjen Robben and Didier Drogba showed he can change the face of a game when he came on against Newcastle. ""They have got a good team spirit and are strong mentally. They have shown they can cope with all the pressure put on them because of the expectations and cope well with Jose's principles. ""Jose had results before he came to Chelsea and I think he will have an impact in the Premiership because he manages his team very cleverly."" And Houllier, away from his brief at Liverpool, has been hugely impressed with the Premiership. He said: ""It is a very exciting league. It is entertaining, goals are scored and teams are always trying to win. ""It has been very interesting to watch the game from a different perspective. ""Games switch from end-to-end and there is more pace to the Premiership than other leagues. It is a very good product.""",sport,sport,2.5023884773254395,5268,116.33203125,0.4563235
"Weak dollar hits Reuters Revenues at media group Reuters slipped 11% during 2004, mainly due to the weakness of the dollar, the group said. The company said it was optimistic about growth even as revenues slipped 11% from £3.24bn ($6.13bn) in 2003 to £2.89bn in 2004. Reuters beat profit forecasts, posting a 52% rise in profits for the year to £198m from the £130m seen a year earlier. Reuters also beat its savings target for 2004, delivering £234m of cuts. Under its three-year Fast Forward turnaround plan it had aimed to save £220m during the 12 months to 31 December. Reuters also managed to slow a decline in underlying revenues to 5.4% from 10.2% in 2003 and cut its debt back to £160m from £610m a year earlier. The news and financial data seller said the year had begun well, adding it expected ""further gradual improvement"" in the second quarter of the year after good January sales. It added it was planning to deliver a further £105m of savings over the coming year - but said it expects to be hit with an £80m restructuring charge to pay for the cost of moving from Fleet Street to new headquarters in London at Canary Wharf. ""Improving customer relationships, more competitive products and continued strong cost discipline position us well for 2005,"" chief executive Tom Glocer said, adding the company was beginning ""to look beyond recovery to growth"".",business,business,2.382317304611206,5268,116.33203125,0.3353714
"English clubs make Euro history All four of England's Champions League representatives have reached the knockout stages for the first time. Arsenal and Chelsea are seeded as group winners, while runners-up Manchester United and Liverpool are not. Rules stipulate that teams from the same country or group will be kept apart in the draw on 17 December. The favourites are Chelsea and Barcelona, and Real Madrid, the two Milan sides, Juventus and Bayern Munich are among the 16 still in the hat. Steven Gerrard's last-gasp wonder-strike secured qualification for against Olympiakos on Wednesday evening. AC Milan, Bayer Leverkusen, Internazionale, Juventus, Lyon. who had already qualified, fielded a second-string side and went down 3-0 to Fenerbahce. AC Milan, Bayer Leverkusen, Internazionale, Juventus, Monaco. On Tuesday, finished top of their group with a 5-1 win over the Rosenborg after drawing four of their first five matches. Barcelona, Bayern Munich, Porto, Real Madrid, Werder Bremen , who had already qualified lost 2-1 to Porto as Jose Mourinho made an unhappy return to his former club. Barcelona, Bayern Munich, PSV Eindhoven, Real Madrid, Werder Bremen.",sport,sport,2.3672714233398438,5270,116.33203125,0.3207904
"God cut from Dark Materials film The director and screenwriter of the film adaptation of Philip Pullman's His Dark Materials is to remove references to God and the church in the movie. Chris Weitz, director of About a Boy, said the changes were being made after film studio New Line expressed concern. The books tell of a battle against the church and a fight to overthrow God. ""They have expressed worry about the possibility of perceived anti-religiosity,"" Weitz told a His Dark Materials fans' website. Pullman's trilogy has been attacked by some Christian teachers and by the Catholic press as blasphemy. Weitz, who admitted he would not be many people's first choice to direct the films, said he regarded the film adaptation as ""the most important work of my life"". ""In part because it is one of the few books to have changed my life,"" he told bridgetothestars.net. The award-winning trilogy - Northern Lights, The Subtle Knife and The Amber Spyglass - tell the story of Oxford school child Lyra Belacqua. She is drawn into an epic struggle against the Church, which has been carrying out experiments on children in an attempt to remove original sin. As the books progress the struggle turns into a battle to overthrow the Authority, a figure who is God-like in the books. Weitz, who directed American Pie and About A Boy, said New Line feared that any anti-religiosity in the film would make the project ""unviable financially"". He said: ""All my best efforts will be directed towards keeping the film as liberating and iconoclastic an experience as I can. ""But there may be some modification of terms."" Weitz said he had visited Pullman, who had told him that the Authority could ""represent any arbitrary establishment that curtails the freedom of the individual, whether it be religious, political, totalitarian, fundamentalist, communist, what have you"". He added: ""I have no desire to change the nature or intentions of the villains of the piece, but they may appear in more subtle guises."" There are a number of Christian websites which attack the trilogy for their depiction of the church and of God, but Pullman has denied his books are anti-religious. His agent told the Times newspaper that Pullman was happy with the adaptation so far. ""Of course New Line want to make money, but Mr Weitz is a wonderful director and Philip is very supportive. ""You have to recognise that it is a challenge in the climate of Bush's America,""",entertainment,politics,2.565152168273926,5270,116.33203125,0.5183621
"Consumers 'snub portable video' Consumers want music rather than movies while on the move, says a report. Produced by Jupiter Research the analysis of the portable media player market found only 13% of Europeans want to watch video while out and about. By contrast, almost a third are interested in listening to music on a portable player such as an iPod. The firm said gadget makers should avoid hybrid devices and instead make sure music reproduction was as good as possible. The report concluded that the driving force behind the growth of Europe's portable player market was likely to be music, rather than films or any combination of the two. Barely 5% of those questioned said they wanted a player that could play back both music and movies. Only 7% wanted a player that could handle games and video. ""Dedicated music players are the only established digital media players in Europe today despite their high prices,"" said Ian Fogg, Jupiter analyst. Mr Fogg said although video players and smartphones were trying to cash in on this success they faced a tough job because of the compromises that had to be made when creating a dual-purpose device. ""Europeans care most about music playback,"" he said. The report showed that 27% of consumers asked are interested in portable music players. The research revealed that French, 39%, and British, 31%, consumers were most interested in music players. Mr Fogg said portable video players were likely to remain a niche product that would not be able to compete with devices dedicated to music playback. A separate report by Jupiter forecasts that the European digital music market will grow to 836m euros (£581m) by 2009. At the end of 2003, the market was worth 10.6m euros (£7.36m). Digital music players will be behind this market growth said Jupiter . Apple's iPod was launched in October 2001, but the portable music player market has been growing steadily since the launch of the Creative Nomad Jukebox in mid-2000. Now consumers face an almost overwhelming choice of high-capacity portable music players that let them store every track on every CD that they own.",tech,tech,2.3962645530700684,5270,116.33203125,0.3535269
"Singer's film to show at festival A documentary which takes a candid look at the life of chart-topping singer George Michael will be shown at this year's Berlin Film Festival. A Different Story will screen in the Panorama section of the festival, which runs from 10-20 February. It features the singer talking about both his career and his personal life, from his days in Wham! through to more recent events. Michael will attend the festival to introduce the screening on 16 February. Director Southan Morris and executive producer Andy Stephens will also attend the festival. The 93 minute film will see Michael discussing his early days in Wham! along with his later career, including his legal battles with record label Sony and his stance against the Iraq war and American politics. It will also touch upon his turbulent personal life, including his arrest in a Beverly Hills park toilet in 1998 for ""lewd behaviour"", and the death of his boyfriend Anselmo Feleppa from Aids. The film, which includes previously unseen footage of the singer also features contributions from Michael's former Wham! partner Andrew Ridgeley, as well as ex-Wham! backing singers Pepsi and Shirlie. Other contributors include Sting, Mariah Carey, Elton John, Noel Gallagher, Geri Halliwell and Simon Cowell. This year's festival will open with Man To Man, a historical epic starring Joseph Fiennes and Kristin Scott-Thomas. It will be one of 21 films competing for the festival's top prize, the Golden Bear. Other films in competition will include The Life Aquatic, a quirky comedy starring Bill Murray, and the biopic Kinsey, which features Liam Neeson. The full programme will be announced on 1 February.",entertainment,entertainment,2.3896610736846924,5270,116.33203125,0.3463828
"Wembley firm won't make a profit Shares in Multiplex Group, which is building the new Wembley stadium, fell as much as 19% after it said it would not make any money on the project. The Australian firm said it would only break even on the 1.2bn Australian dollars (£458m; $874m) rebuild, after a rise in costs on the work. Any profits would depend on the outcome of legal cases resulting from a change in steel contractor, it added. It cut A$68m from profit targets for Wembley and another UK project. Investors were shaken by the news and the firm's shares fell to a four month low of A$4.50, before recovering to close 16% down at A$4.67. The decline came despite Multiplex reporting an 11% rise in pre-tax profits to A$67.7m for 2004 and reaffirming its 2005 profit forecasts. Increased costs at Wembley and a separate development in London's Docklands saw Multiplex's construction division report profits of A$35.1m. The firm said the result was below expectations but stressed that the majority of its UK projects - which also include the White City redevelopment scheme in west London - were performing strongly. To recoup any profit from Wembley, where the firm changed its steel contractor due to a legal dispute, Multiplex will have to win legal claims against subcontractors. These claims could take up to two years to resolve. ""Multiplex believes its claim are sound and ultimately will exceed the level needed to support the break even position,"" it said. ""It is expected that profits will be possible in future periods as the claims are finalised."" Wembley Stadium is to due to be completed in January and will officially open for the 2006 FA Cup Final. Analysts expressed concern at the unexpected paring back in profit. ""Such a big writeback on the Wembley project in such a short period has impacted on management credibility,"" Simon Wheatley, from Goldman Sachs, told Reuters.",business,business,2.4799745082855225,5270,116.33203125,0.432784
"Straw attacked on China arms Moves to lift the European Union's ban on arms exports to China have been condemned by human rights groups and the Conservatives. The 15 year embargo was imposed in the aftermath of China's crackdown on protesters in Tiananmen Square in 1989. UK Foreign Secretary Jack Straw, who will hold talks in Beijing on Thursday, said an EU arms code was more effective than the current ban. But Human Rights Watch says the EU is putting commerce above abuse concerns. In December, the EU pledged to work towards lifting the ban but said it was not ready to do so yet. Germany and France have repeatedly called for the embargo to be lifted. Britain has been more cautious but Mr Straw last week said he also wanted it to end, despite US objections. He expects it to be lifted over the next six months, a prediction which has alarmed critics. Brad Adams, from Human Rights Watch, said: ""This is a huge political signal from Europe that they are willing to forget about Tiananmen Square. ""There are still thousands of people who are unaccounted for."" Mr Straw said it was wrong to put China under the same embargo as countries such as Zimbabwe and Burma. The scope of the embargo was very narrow and did not have any force of law behind it, he told BBC Radio 4's World At One. In the UK, more export licences were refused under the existing European Union arms code than under the embargo, he said. And only two of the licences denied under the embargo would have been granted under the code. ""The code of conduct is much more effective, it's a more powerful tool of and we intend to strengthen it as a pre-condition of lifting the embargo with China,"" he said. Mr Straw denied the decision would suggest to China that Tiananmen Square had been forgotten. The level of human rights was a key criteria under the EU arms exports code, he said. Human rights groups say the code of conduct is not legally binding - but Mr Straw said it would be given legal force by the laws of many EU countries. Conservative shadow foreign secretary Michael Ancram said the move would be ""profoundly wrong"". The decision could undermine Nato as it severely damaged relations with the US, which is opposed to ending the ban. Mr Ancram argued: ""What the British Government is doing is giving in to French and German pressure, especially the French, who see vast contracts available to them if the embargo is lifted... ""It gives the wrong signals to China, who are simply not prepared to accept that what happened at Tiananmen Square was wrong."" Mr Straw's China trip is part of regular high-level meetings with Beijing ministers. He will meet Chinese counterpart Minister Li Zhaoxing to discuss developing relations between their two countries, Hong Kong and China's part in the talks on North Korea.",politics,politics,2.456554889678955,5270,116.33203125,0.4183373
"Blair to face trust issue head on Tony Blair says he will be facing the issue of trust and his own integrity head on during the election campaign. During a question and answer session with first-time voters on Five News, Mr Blair said he had no option but to ""confront it"" by talking to people. He also dismissed claims government plans to get 50% of young people into university would devalue degrees. He was not ""forcing"" anyone to go to university, but places should be there for those who wanted them, he said. In answer to a question from 22-year-old Liverpool student David Dunne about concerns over the prime minister's personal integrity, Mr Blair said talking was the only answer. ""You've just got to confront it and say to people let's have a discussion on the things that worry you, the things that make you say 'I can't trust you' or 'I am against you on this.'"" The ""worst thing in politics"" was that the electorate only got ""little snatches of policy"" from things like Prime Minister's Questions and the news headlines. This was why he wanted to ""get out of the 30 seconds on the news,"" he added. By talking through policies at least people understood the reason for them, even if they did not agree with them, he said. Mr Blair also faced questions about British policy on Iran and its alleged nuclear weapons programme. He insisted there was no plan for an invasion of the country saying: ""Sometimes people say because of what has happened in Iraq this is the next place."" Instead there was a real chance of a ""peaceful resolution"" to the problem, he said.",politics,politics,2.377769708633423,5270,116.3359375,0.3364658
"Poll explains free-kick decision Referee Graham Poll said he applied the laws of the game in allowing Arsenal striker Thierry Henry's free-kick in Sunday's 2-2 draw with Chelsea. Keeper Petr Cech was organising his defensive wall when Henry's quick free-kick flew in, which angered Chelsea. ""The whistle doesn't need to be blown. I asked Henry 'do you want a wall?'. He said 'can I take it please?' He was very polite. I said 'yes',"" said Poll. ""I deal with the laws of the game. I deal with fact."" Poll added: ""I gave the signal for him to take it. That's what he did. ""The same thing happened when I refereed Chelsea against West Ham in an FA Cup replay two years ago - when Jimmy Floyd Hasselbaink scored - and I don't remember them complaining about that."" Henry explained why he paused before striking the ball for the goal, which put Arsenal 2-1 ahead. Henry told BBC Radio Five Live: ""The ref asked me if I wanted 10 yards or if I wanted to take it straight away and I said that I wanted to take it straight away. He said to me, 'go'. ""It looks a bit strange because I took my time. I was waiting for Eidur Gudjohnsen to move and give me some space. ""At one point, he turned and that's when I tried it."" Former referees' chief Philip Don backed Poll's decision to allow the strike. ""The advantage should go to the non-offending team. On this occasion it was Arsenal,"" Don told BBC Radio Five Live. ""Referees have been told to ask the player 'do you want to take the quick free-kick?' or 'do you want me to get the wall back 9.15 metres?' ""If they say 'quick', the referee tends to move away and allow the kick."" Don was head of the referees for the Premier League and revealed all clubs were informed of free-kick options. ""We spoke to all the Premier League clubs as well as all the Football League clubs in the summer of 2003 explaining what the situation was,"" he added ""We gave them the option of either the quick free-kick or the 'ceremonial' free-kick. Players and clubs were aware of what referees were doing.""",sport,sport,2.4970226287841797,5270,116.34375,0.4528685
"China had role in Yukos split-up China lent Russia $6bn (£3.2bn) to help the Russian government renationalise the key Yuganskneftegas unit of oil group Yukos, it has been revealed. The Kremlin said on Tuesday that the $6bn which Russian state bank VEB lent state-owned Rosneft to help buy Yugansk in turn came from Chinese banks. The revelation came as the Russian government said Rosneft had signed a long-term oil supply deal with China. The deal sees Rosneft receive $6bn in credits from China's CNPC. According to Russian newspaper Vedomosti, these credits would be used to pay off the loans Rosneft received to finance the purchase of Yugansk. Reports said CNPC had been offered 20% of Yugansk in return for providing finance but the company opted for a long-term oil supply deal instead. Analysts said one factor that might have influenced the Chinese decision was the possibility of litigation from Yukos, Yugansk's former owner, if CNPC had become a shareholder. Rosneft and VEB declined to comment. ""The two companies [Rosneft and CNPC] have agreed on the pre-payment for long-term deliveries,"" said Russian oil official Sergei Oganesyan. ""There is nothing unusual that the pre-payment is for five to six years."" The announcements help to explain how Rosneft, a medium-sized, indebted, and relatively unknown firm, was able to finance its surprise purchase of Yugansk. Yugansk was sold for $9.3bn in an auction last year to help Yukos pay off part of a $27bn bill in unpaid taxes and fines. The embattled Russian oil giant had previously filed for bankruptcy protection in a US court in an attempt to prevent the forced sale of its main production arm. But Yugansk was sold to a little known shell company which in turn was bought by Rosneft. Yukos claims its downfall was punishment for the political ambitions of its founder Mikhail Khodorkovsky. Once the country's richest man, Mr Khodorkovsky is on trial for fraud and tax evasion. The deal between Rosneft and CNPC is seen as part of China's desire to secure long-term oil supplies to feed its booming economy. China's thirst for products such as crude oil, copper and steel has helped pushed global commodity prices to record levels. ""Clearly the Chinese are trying to get some leverage [in Russia],"" said Dmitry Lukashov, an analyst at brokerage Aton. ""They understand property rights in Russia are not the most important rights, and they are more interested in guaranteeing supplies."" ""If the price of oil is fixed under the deal, which is unlikely, it could be very profitable for the Chinese,"" Mr Lukashov continued. ""And Rosneft is in desperate need of cash, so it's a good deal for them too.""",business,business,2.4673073291778564,5270,116.34375,0.4151276
"Train strike grips Buenos Aires A strike on the Buenos Aires underground has caused traffic chaos and large queues at bus stops in the Argentine capital. Tube workers walked out last week demanding a 53% pay rise and in protest against the installation of automatic ticket machines. Metrovias, the private firm which runs the five tube lines in the city, has offered an 8% increase in wages. The firm promised no jobs would be lost as a result of new ticket machines. It said it would put this commitment on paper. Underground staff have warned they will continue with the protests until the management put an acceptable offer on the table. The Argentine Work Ministry has been mediating in the conflict and it could call an ""obligatory conciliation"", which would force both sides to find a solution and put an end to the conflict. Some tube commuters have not hidden their frustration at the ongoing strike and have broken the windows of the underground trains, according to the local press. ""We are taken as hostages. I don't know who is right, but the harm ones are us,"" said accountant Jose Lopez.",business,politics,2.335092067718506,5270,116.34375,0.2935968
"German growth goes into reverse Germany's economy shrank 0.2% in the last three months of 2004, upsetting hopes of a sustained recovery. The figures confounded hopes of a 0.2% expansion in the fourth quarter in Europe's biggest economy. The Federal Statistics Office said growth for the whole of 2004 was 1.6%, after a year of contraction in 2003, down from an earlier estimate of 1.7%. It said growth in the third quarter had been zero, putting the economy at a standstill from July onward. Germany has been reliant on exports to get its economy back on track, as unemployment of more than five million and impending cuts to welfare mean German consumers have kept their money to themselves. Major companies including Volkswagen, DaimlerChrysler and Siemens have spent much of 2004 in tough talks with unions about trimming jobs and costs. According to the statistics office, Destatis, rising exports were outweighed in the fourth quarter by the continuing weakness of domestic demand. But the relentless rise in the value of the euro last year has also hit the competitiveness of German products overseas. The effect has been to depress prospects for the 12-nation eurozone as a whole, as well as Germany. Eurozone interest rates are at 2%, but senior officials at the rate-setting European Central Bank are beginning to talk about the threat of inflation, prompting fears that interest rates may rise. The ECB's mandate is to fight rising prices by boosting interest rates - and that could further threaten Germany's hopes of recovery.",business,business,2.4695968627929688,5270,116.34375,0.427952
"Lesotho textile workers lose jobs Six foreign-owned textile factories have closed in Lesotho, leaving 6,650 garment workers jobless, union officers told the AP news agency. Factory Workers Union secretary general Billy Macaefa blamed the closures on the end of worldwide textile quotas. The quotas for developing nations, ended on 1 January, gave them a set share of the rich countries' markets. They also limited the amount countries like China could export to the big markets of the United States and EU. ""We understand that some (owners)... were complaining that the South African rand was strong against the US dollar, and they were losing when exporting textiles and clothing to the United States,"" Mr Macaefa said at a news briefing in the capital, Maseru. Lesotho's currency, the maloti, is fixed to the rand. ""But we suspect that they left the country unceremoniously because of the end of quotas introduced by the World Trade Organization."" He said the six factories were Leisure Garments, Modern Garments, Precious Six Garments, TW Garments, Lesotho Hats and Vogue Landmark. The owners - two from Taiwan, two from China, one from Mauritius and one from Malaysia - left over the December holiday period without informing or paying their employees, he said. Union leaders and trade campaigners have been warning that developing nations such as Lesotho, Sri Lanka, and Bangaldesh could lose thousands of jobs once the quotas were lifted. In the mountainous country surrounded by South Africa, it is feared as many as 50,000 textile workers could lose their jobs, and Mr Mafeca said he expected more companies to leave. The assistance of a US law had given Lesotho's textiles duty-free access to North American markets. The African Growth and Opportunity Act (AGOA), gave sub-Saharan countries preferential access to the US market for apparel and textile products as well as a wide range of other goods. A Lesotho government news briefing is expected on Wednesday.",business,business,2.3892903327941895,5270,116.34375,0.3526472
"Humanoid robot learns how to run Car-maker Honda's humanoid robot Asimo has just got faster and smarter. The Japanese firm is a leader in developing two-legged robots and the new, improved Asimo (Advanced Step in Innovative Mobility) can now run, find his way around obstacles as well as interact with people. Eventually Asimo could find gainful employment in homes and offices. ""The aim is to develop a robot that can help people in their daily lives,"" said a Honda spokesman. To get the robot running for the first time was not an easy process as it involved Asimo making an accurate leap and absorbing the impact of landing without slipping or spinning. The ""run"" he is now capable of is perhaps not quite up to Olympic star Kelly Holmes' standard. At 3km/h, it is closer to a leisurely jog. Its makers claim that it is almost four times as fast as Sony's Qrio, which became the first robot to run last year. The criteria for running robots is defined by engineers as having both feet off the ground between strides. Asimo has improved in other ways too, increasing his walking speed, from 1.6km/h to 2.5km, growing 10cm to 130cm and putting on 2kg in weight. While he may not quite be ready for yoga, he does have more freedom of movement, being able to twist his hips and bend his wrists, thumbs and neck. Asimo has already made his mark on the international robot scene and in November was inducted into the Robot Hall of Fame. He has wowed audiences around the world with his ability to walk upstairs, recognise faces and come when beckoned. In August 2003 he even attended a state dinner in the Czech Republic, travelling with the Japanese prime minister as a goodwill envoy. He is one of a handful of robots used by tech firms to trumpet their technological advances. Technology developed for Asimo could be used in the automobile industry as electronics increasingly take over from mechanics in car design. For the moment Asimo's biggest role is an entertainer and the audience gathered to see his first public run greeted his slightly comical gait with amusement, according to reports. Robots can fulfil serious functions in society and the United Nations Economic Commission for Europe predicts that the worldwide market for industrial robots will swell from 81,000 units in 2003 to 106,000 in 2007.",tech,tech,2.453843593597412,5270,116.34375,0.3992867
"Mobile picture power in your pocket How many times have you wanted to have a camera to hand to catch an unexpected event that would make headlines? With a modern mobile phone that has a camera built in, you no longer need to curse, you can capture the action as it happens. Already on-the-spot snappers are helping newspapers add immediacy to their breaking news stories headlines, where professional photographers only arrive in time for the aftermath. Celebrities might not welcome such a change because they may never be free of a new breed of mobile phone paparazzi making their lives a bit more difficult. Already one tabloid newspaper in LA is issuing photographers with camera phones to help them catch celebrities at play. It could be the start of a trend that only increases as higher resolution phone cameras become more widespread; as video phones catch on and millions of people start carrying the gadgets around. Only last week, the world media highlighted the killing of the Dutch film maker Theo van Gogh, notorious after making a controversial film about Islamic culture. One day later De Telegraaf, a daily Amsterdam newspaper, became news on its own when it published a picture taken with a mobile phone of Mr van Gogh's body moments after he was killed. ""This picture was the story"", said De Telegraaf's image editor, Peter Schoonen. Other accounts of such picture phone users witnessing news events, include: - A flight from Switzerland to the Dominican Republic which turned around after someone took a picture of a piece of metal falling from the plane as it took off from Zurich (reported by the Swiss daily Le Matin). - Two crooks who robbed a bank in Denmark were snapped before they carried out the crime waiting for the doors of the building to be opened (reported by the Danish regional paper Aarhus Stiftstidende). But this is not just about traditional media lending immediacy to their stories with content from ordinary people, it is also about first-hand journalism in the form of online diaries or weblogs. It has been called ""open source news"" or even ""moblog journalism"" and it has flourished in the recent US election campaign. ""Not many people walk around with their cameras, but they always have their mobile phones with them. If something happens, suddenly all these mobiles sort of appear from nowhere, and start taking pictures,"" said digital artist Henry Reichhold. He himself uses mobile phone pictures to create huge panoramic images of events and places. ""You see it in bars, you see it everywhere. It's a massive thing,"" Mr Reichhold told the BBC News website. With some picture agencies already paying for exclusive phone pictures, especially of celebrities, there are also fears about the possible downside of this phenomenon. It could become a nuisance for public figures as higher resolution picture phones hit the market, with five megapixel models already being launched in Asia. Already on US photojournal site, Buzznet, there is a public album full of snaps of celebrities, many of which were taken with camera phones. Tabloid newspapers in the UK and many monthly magazines invite readers to send in images of famous people they have seen and snapped. But there are other positive uses of picture mobile phones that may balance these uses. For instance, in Alabama, in the US, camera phones will be used to take snaps at crime scenes involving children, and help the authorities to arrest and prosecute paedophiles. And in China's capital Beijing, courts have adopted mobile phone photos as formal evidence. For Henry Reichhold, this is progress: ""That's the whole thing about the immediacy of the thing. I can see that happening a lot more.""",tech,tech,2.524660587310791,5270,116.34375,0.4883618
"Hague's six-figure earnings shown The rewards of leaving front-bench politics are shown in the latest annual register of members' interests. The register shows former Tory leader William Hague earning up to £820,000 on top of his MPs' salary, much of it from speaking fees. His former shadow chancellor Michael Portillo makes up to £560,000 a year - partly because of speeches and TV work. Ex-health secretary Alan Milburn earned up to £85,000 from speeches, articles and advice while not in the Cabinet. Mr Milburn was away from the frontbench for just more than a year between stepping down as health secretary and becoming Labour's election supremo. His declared interests include £20,000 from newspaper articles and fees of up to £35,000 for four speeches. He also commanded a salary of between £25,000 and £35,000 for being on investment company Bridgepoint Capital's European advisory committee. His time out of office will, however, have lost him his £71,433 minister's salary. Mr Hague's work outside Parliament included two one-man shows, which with other speaking fees netted him up to £480,000. He also earned up to £195,000 for a weekly column in the News of the World, and between £5,000 and £10,000 for presenting BBC'2's Have I Got News for You. Mr Hague was also paid an undisclosed amount for the newspaper serialisation of his biography of William Pitt the Younger and up to £135,00 for work as an adviser to various companies. Former Defence Secretary Michael Portillo makes some of his money as a non-executive director of BAE Systems. He is to stand down as an MP at the next election. And former Foreign Secretary Robin Cook was paid between £45,001 and £50,000 for the paperback edition of his book about his resignation from government. His declared income of up to £205,000 also includes payments for being a consultant to the Tote and for his regular column in the Guardian newspaper. The register also shows former Home Office Minister Ann Widdecombe declaring a £100,000 advance for her third and fourth novels. She also received up to £30,000 for acting as the Guardian's agony aunt and between £5,001 and £10,000 for appearing on ITV's Celebrity Fit Club. David Blunkett has become a paid adviser to Indepen Consulting Limited now he is not home secretary - he helps them with seminars about the relationship between government and business. He earns between £5,001and £10,000 for the work. Tony Blair's entry confirms that King Abdullah of Jordan paid for him to fly from a holiday in Egypt to official discussions - and for a sightseeing tour to Wadi Rum. Tory leader Michael Howard's only fresh entry is a Christmas hamper from the Sultan of Brunei. He also declares a trip to Mexico last year to address executives of News International, and helicopter and private jet travel paid for by supporters. Liberal Democrat leader Charles Kennedy registered donations to his office from supporters, a free ticket to last year's Bafta awards and rent from a single-bedroom flat in London. The register only contains new information for December 2004 - but Monday saw the publication of the annual review of the register, with the year's details. The payments are shown in bands of up £5,000, making it difficult to calculate the exact earnings.",politics,politics,2.4509472846984863,5270,116.34765625,0.4128573
"McIlroy wins 800m indoor title James McIlroy motored to the AAA's Indoor 800m title in Sheffied on Sunday in a time of one minute, 47.97 seconds. The Larne athlete dominated the race from start to finish although he had to hold off a late challenge from Welshman Jimmy Watkins in the final 100 metres. ""I had to go out and go through all the gears before the Europeans and I won't run again until then,"" said McIlroy. ''I though if I got lucky I'd get close to the British record but I blew up in the end.'' McIlroy has been in superb form at the start of the season and will now start his build-up for the European Indoors at Madrid on 4-6 March. Meanwhile, Paul Brizzel and Anna Boyle reached the semi-finals of the 60m hurdles with Boyle setting a season's best of 7.48. In the women's 60m final, Ailis McSweeney broke Michelle Carroll's long-standing Irish record by clocking 7.37 which left her in third place. David Gillick showed that he is a genuine medal contender in the European Indoor Championships by claiming an impressive 400m victory. Gillick was more than half-a-second clear when taking gold in 46.45 - .02 outside his personal best set in Saturday's semi-finals. The Irishman is now the fastest European this season. Derval O'Rourke broke her own Irish 60m hurdles record by clocking 8.06 which left her third behind new British record holder Sarah Claxton (7.96). James Nolan (3:46.04) took second in the men's 1500m behind Neil Speaight (3:45.86) but the Offaly man was outside the European Indoor standard. Colin Costello was seventh in the 1500m final in 3:48.82). Deirdre Ryan was second in the women's high jump with a clearance of 1.87m while Aoife Byrne took silver in the 800m in a personal best of 2:06.73. Lisburn's Kelly McNeice Reid (4:31.34) was seventh in the women's 1500m while Gary Murray (8:11.22) was 11th in the men's 3000m. Meanwhile, Stephen Cairns and Jill Shannon claimed the individual titles at Saturday's Northern Ireland Cross Country Championship in Coleraine. Cairns came in ahead of Paul Rowan and Allan Bogle in the men's race. Willowfield claimed their first men's team title in 72 years while Shannon helped Lagan Valley win the women's team honours.",sport,sport,2.4989068508148193,5270,116.3515625,0.4585594
"Joy Division story to become film The life of late Joy Division singer Ian Curtis is to be made into a film, it has been announced. The Manchester-based production is called Touching From A Distance, after a book by Curtis's widow Deborah which forms the basis for the film. Music mogul Tony Wilson, who headed the record company Joy Division were signed to, will be co-executive producer. The musician committed suicide in 1980 aged 23, shortly before the band were due to go on tour in the US. Mr Wilson, who has remained friends with Curtis's widow and daughter Natalie, who he says asked for his involvement to make the film ""official"". ""People have different ideas as to why Ian committed suicide, so maybe the film will reflect those different views,"" he told the BBC News website. Plans for a separate Joy Division film had been announced at the Cannes Film Festival earlier this year, but the project did not get off the ground as it failed to get the backing of Curtis's family. Mr Wilson, who was also involved with Joy Division's sucessor band New Order, as well as the Happy Mondays, said he would ""rather not"" appear in the film. He made a cameo appearance in 24 Hour Party People, in which his leading role was played by Steve Coogan. ""I'm not an actor and I did a lousy job playing my part in 24 Hour Party People,"" said the Factory Records founder, who has been associated with the Manchester music scene since the 1970s. ""Film people have a tendency to mess up when they touch music, but I hope this one works. ""This is much more than the music - they want to do the real story of Ian,"" he said. The film is to be directed by Dutch-born Anton Corbijn, who has made music movies for Depeche Mode and U2. It will be produced by a US production company, while the widow of Ian Curtis will also be an executive producer.",entertainment,entertainment,2.42576003074646,5270,116.3515625,0.3767148
"Hodgson shoulders England blame Fly-half Charlie Hodgson admitted his wayward kicking played a big part in England's 18-17 defeat to France. Hodgson failed to convert three penalties and also missed a relatively easy drop goal attempt which would have given England a late win. ""I'm very disappointed with the result and with my myself,"" Hodgson said. ""It is very hard to take but it's something I will have to get through and come back stronger. My training's been good but it just didn't happen."" Hodgson revealed that Olly Barkley had taken three penalties because they were ""out of my range"" but the centre could not convert his opportunities either, particularly the drop goal late on. ""It wasn't a good strike,"" he added. ""I felt as soon as it hit my boot it had missed. It's very disappointing, but I must recover."" Andy Robinson said he would ""keep working on the kicking"" with his squad. However, the England coach added that he would take some positives from the defeat. ""We went out to play and played some very good rugby and what have France done?"" he said. ""They won the game from kicking penalties from our 10m line. ""It's very frustrating. The lads showed a lot of ambition in the first half, they went out to sustain it in the second but couldn't build on it. ""We took the ball into contact, and you know when you do that it is a lottery whether the referee is going to give the penalty to your side or the other side. ""We have lost a game we should have won. There is a fine line between winning and losing, and for the second week we've been on the wrong side of that line and it hurts."" England went in at half-time with a 17-6 lead but they failed to score in the second half and Dimitri Yachvili slotted over four penalties as France overhauled the deficit. England skipper Jason Robinson admitted his side failed to cope with France's improved second-half display. ""We controlled the game in the first half but we knew that they would come out and try everything after half-time,"" he said. ""We made a lot of mistakes in the second half and they punished us. They took their chances when they came. ""It's very disappointing. Last week we lost by two points, now one point.""",sport,sport,2.499150037765503,5270,116.3515625,0.4430145
"Singer Ferguson 'facing eviction' Three Degrees star Sheila Ferguson is the favourite to be evicted from ITV's I'm A Celebrity... Get Me Out Of Here on Monday. Bookmakers Ladbrokes says the singer has even odds of being the first contestant to be voted off the show. ""It's going to be close but Sheila is favourite as she has shown herself to be a bit of a troublemaker,"" said Ladbrokes' Warren Lush. Comic Joe Pasquale remains odds on favourite to win the reality show. Mr Lush added that Nancy Sorrell's chances of an early departure had increased since the surprise arrival of husband Vic Reeves in the jungle camp last Wednesday. Notwithstanding, comedian Reeves remains 3/1 favourite to win the show, after Pasquale. Huggy Bear actor Antonio Fargas also remains a contender for eviction having ""done nothing to live up to the pre-show hype"". ""There has been a big gamble on Natalie [Appleton] to go... but bookies fancy the millions at home will keep piling on the misery by putting her through more bushtucker trials,"" added Mr Lush. The former All Saint star has performed dismally in bushtucker trials which have seen her plunged into glass tanks containing putrid waste and challenged to eat fish eyes. On Friday, Ladbrokes suspended betting after singer Brian Harvey quit the show folllowing a blazing row with Janet Street-Porter. Harvey, who entered the camp a day later than other contestants after learning that his grandmother had died, reached the end of his tether following days of meagre rations and rows.",entertainment,entertainment,2.3765530586242676,5270,116.3515625,0.3317251
"Barclays profits hit record level Barclays, the UK's third-biggest bank, has seen annual pre-tax profits climb to record levels boosted by a sharp rise in business at its investment arm. Profits for the year to 31 December rose 20% to £4.6bn ($8.6bn). Barclays' chief John Varley said the bank had ""caught the winds"" of a very strong world economy. Earnings at Barclays Capital investment bank rose 25% to £1.04bn, but investment in branch operations held back growth in its UK retail business. The group is the first of Britain's five big banks to report 2004 results. According to analysts' forecasts, HSBC, the biggest UK bank by stock market valuation, will report profits of £9.4bn later this month. Barclays results were in line with market expectations. Its Global Investors wing made £347m, an 82% jump on 2003 figures. Profits at Barclaycard rose by 5% to £801m but were said to have been affected by a series of interest rate rises and investment to grow its customer base. The bank also blamed margins pressure on its mortgage business and spending on its branches over the past year for a 1% fall in profits in its UK retail division to £1.13bn. ""The outlook for 2005 is good as a result of balance sheet growth and investments made in 2004,"" Mr Varley said. Barclays cautioned that growth this year may be slower than in 2004 on the back of softer US and Chinese economies and the impact of interest rate rises on household spending in the UK. It added its bid to acquire a controlling stake in South Africa's leading retail bank Absa, was being considered by regulatory authorities. Speaking on BBC Radio 4, Mr Varley declined to be drawn on reports that Barclays had held merger talks with US bank Wells Fargo. A tie-up between Barclays and California-based Wells Fargo would create the world's fourth biggest bank, valued at $180bn. At 1405 GMT, shares in Barclays were trading down 0.67% at 590 pence. ""The headline numbers are in line, but the story is costs,"" said analyst Alex Potter at Lehman Brothers. ""They are a bit more aggressive than we had expected. The cost overshoot is not in Barclays Capital but in the UK bank.""",business,business,2.4710278511047363,5270,116.3515625,0.4309119
"Alfa Romeos 'to get GM engines' Fiat is to stop making six-cylinder petrol engines for its sporty Alfa Romeo subsidiary, unions at the Italian carmaker have said. The unions claim Fiat is to close the Fiat Powertrain plant at Arese near Milan and instead source six-cylinder engines from General Motors. Fiat has yet to comment on the matter, but the unions say the new engines will be made by GM in Australia. The news comes a week after GM pulled out of an agreement to buy Fiat. GM had to pay former partner Fiat 1.55bn euros ($2bn; £1.1bn) to get out of a deal which could have forced it to buy the Italian carmaker outright. Fiat and GM also ended their five-year alliance and two joint ventures in engines and purchasing, but did agree to continue buying each other's engines. ""Powertrain told us today that Alfa Romeo engines will no longer be made in Arese,"" said union leader Vincenzo Lilliu, as reported by the Reuters news agency. ""The assembly line will be dismantled and the six-cylinder Alfa Romeo motor will be replaced with an engine GM produces in Australia."" Reuters also said that Mr Lilliu and other union bosses shouted insults at Fiat chairman Luca di Montezemolo, following a meeting on Tuesday regarding the future of the Arese plant. The unions said the end of engine production at the facility would mean the loss of 800 jobs. All Alfa Romeo models can be bought with a six-cylinder engine - the 147, 156, 156 Sportwagon, 166, GTV, GT and Spider.",business,business,2.4474411010742188,5270,116.3515625,0.4082986
"Yelling takes Cardiff hat-trick European cross-country champion Hayley Yelling completed a hat-trick of wins in the Reebok Cardiff Cross Challenge in Bute Park on Sunday afternoon. The part-time maths teacher beat Irish international Jolene Byrne by 40 metres in the six-kilometre race. Another Great Britain international, Louise Damen, finished third as part of the contingent representing England. Peter Riley, who secured bronze for the GB men's team at last month's European Championships, won the men's 9km race. Riley, representing England, moved away over the last two kilometres to win by 25 metres from Ireland's Gary Murray. Glynn Tromans - the reigning UK Inter-Countries and England Cross-Country champion - came in third place as he continues his comeback from a five-month injury lay-off.",sport,sport,2.285719633102417,5270,116.3515625,0.2548648
"Ukraine strikes Turkmen gas deal Ukraine has agreed to pay 30% more for natural gas supplied by Turkmenistan. The deal was sealed three days after Turkmenistan cut off gas supplies in a price dispute that threatened the Ukrainian economy. Supplies from Turkmenistan account for 45% of all natural gas imported by Ukraine, which has large coal deposits but no gas fields. Turkmenistan is also trying to strike a similar deal with Russia, which is not so dependent on its gas. Turkmen President Saparmurat Niyazov, who signed the contract, said the Turkmen side agreed to lower the price demanded by $2 per 1,000 cubic metres, bringing it down to $58. But the new price is still $14 higher than the price fixed in the contract for 2004. The head of the Ukrainian state-owned Naftohaz company, Yury Boyko, said he was ""fully happy"" with the deal. On Friday, Turkmenistan acted on a threat and shut off gas supplies to Ukraine in attempt to bring the price dispute to a head. Mr Niyazov said that his government would insist on the same price for supplies to Russia. Analysts say thay may not happen as Russia, the world's leading gas producer, needs the cheap Turkmen gas only to relieve is state-owned Gazprom from costly investment in the exploration of oil fields in Siberia. Turkmenistan is the second-largest gas producer in the world.",business,business,2.395949125289917,5269,116.3515625,0.3517119
"Campese berates whingeing England Former Australian wing David Campese has told England to stop whingeing in the wake of their defeat to Ireland. England coach Andy Robinson lambasted referee Jonathan Kaplan for costing them the game after disallowing tries from Mark Cueto and Josh Lewsey. But Campese told BBC Sport: ""Robinson is living up to England's reputation as whingeing Poms. ""Stop going on about it as who really cares? They're acting like they're the first team to be cheated of a win."" England are contemplating a complaint to the International Rugby Board after potential ""tries"" by Cueto in the first half and Lewsey late on were ruled out without recourse to the video referee. But Campese added: ""Scotland could have beaten France in the same way, but do you see them whingeing? ""Basically, things didn't go England's way and, in typical fashion, they make more of it when they believe they've lost unfairly."" England are second bottom in the Six Nations table following defeats by Wales, France and Ireland. But although Campese admitted he was surprised about their current predicament, he insisted England were ""no longer world class"". ""England are beginning to realise that being world champions doesn't mean you deserve to win every game,"" he said. ""They lost a few key players and suddenly everyone's realised the ones on the fringes were not all that good in the first place. ""Added to that, the senior players aren't standing up and they can't do anything when the pressure mounts."" Campese, a veteran of 101 international caps, said full-back Jason Robinson would now be the sole Englishman in his World XV. Robinson has been blamed for poor leadership in the tournament, while his coach has been castigated for appointing a full-back captain. ""I agree that you can't captain from full-back,"" said Campese. ""You need someone in the thick of the action, and it's very hard to give orders from all the way back there. ""Some people are leaders and some aren't. He's not but there's no one who stands out in England's pack - no clear-cut leaders."" Campese, though, defended coach Andy Robinson, who he believes was the ""only choice"" after Sir Clive Woodward's resignation. But he blamed ""a lack of talent in the England camp"" for making the current coach look poor. England face a potential wooden spoon match against Italy on 12 March. And the ex-Wallaby added: ""If England lost that, they'd be in bloody turmoil. That said, I don't think they will."" Campese has tipped Wales to win both the Six Nations and Grand Slam come the end of the tournament. ""It's been a surprising tournament,"" he said, ""and maybe Ireland have a little bit more talent overall. ""But playing at home is a major boost. And the possible Grand Slam decider at the Millennium Stadium will be just too much for the Irish.""",sport,sport,2.489189624786377,5270,116.3515625,0.4510721
"Wales want rugby league training Wales could follow England's lead by training with a rugby league club. England have already had a three-day session with Leeds Rhinos, and Wales are thought to be interested in a similar clinic with rivals St Helens. Saints coach Ian Millward has given his approval, but if it does happen it is unlikely to be this season. Saints have a week's training in Portugal next week, while Wales will play England in the opening Six Nations match on 5 February. ""We have had an approach from Wales,"" confirmed a Saints spokesman. ""It's in the very early stages but it is something we are giving serious consideration to."" St Helens, who are proud of their Welsh connections, are obvious partners for the Welsh Rugby Union, despite a spat in 2001 over the collapse of Kieron Cunningham's proposed £500,000 move to union side Swansea. A similar cross-code deal that took Iestyn Harris from Leeds to Cardiff in 2001 did go through, before the talented stand-off returned to the 13-man code with Bradford Bulls. Kel Coslett, who famously moved from Wales to league in the 1960s, is currently Saints' football manager, while Clive Griffiths - Wales' defensive coach - is a former St Helens player and is thought to be the man behind the latest initiative. Scott Gibbs, the former Wales and Lions centre, played for St Helens from 1994-96 and was in the Challenge Cup-winning team at Wembley in 1996.",sport,sport,2.3604393005371094,5270,116.3515625,0.3163094
"Troubled Marsh under SEC scrutiny The US stock market regulator is investigating troubled insurance broker Marsh & McLennan's shareholder transactions, the firm has said. The Securities and Exchange Commission has asked for information about transactions involving holders of 5% or more of the firm's shares. Marsh has said it is co-operating fully with the SEC investigation. Marsh is also the focus of an inquiry the New York attorney-general into whether insurers rigged the market. Since that inquiry was launched in October, Marsh has replaced its chief executive and held a boardroom shake-out to meet criticism by lessening the number of company executives on the board. Prosecutors allege that Marsh - the world's biggest insurance broker - and other US insurance firms may have fixed bids for corporate cover. This is the issue at the heart of the inquiry by New York's top law officer, Eliot Spitzer, and a separate prosecution of five insurers by the State of California. The SEC's investigation into so-called related party transactions includes dealings in the Trident Funds, managed by MMC Capital, the company's private equity firm. Marsh's new chief executive, Michael Cherkasky, is trying to negotiate a settlement with Mr Spitzer. Mr Spitzer has built up a reputation as a fierce critic and campaigner against corporate America's misdeeds. The uncertainty unleashed by the scandal has prompted three credit rating agencies - Standard & Poor's, Moody's and Fitch - to downgrade Marsh in recent weeks. According to the Financial Times, insurance analysts are now questioning whether Marsh will be able to maintain its strong record of earning growth as they draw up forecasts for the first quarter of next year. Doubts also exist over how much the company may have to pay regulators and lawyers to put the scandal behind.",business,business,2.470594882965088,5270,116.3515625,0.4265419
"Court halts Mark Morrison album Premiership footballer and record company boss Kevin Campbell has gained a court injunction stopping R&B singer Mark Morrison from releasing an album. The Everton striker signed Morrison to his fledging 2 Wikid Records label and claims he spent thousands of pounds producing his album Innocent Man. Now he is attempting to prevent Morrison releasing the album on Monday through another label. But Morrison vowed to ignore the order, saying ""no judge is gonna stop me"". Morrison, who is now as well known for his brushes with the law than his music career, rose to fame with the 1996 single Return of the Mack. But the Leicester singer has struggled to repeat its success following two spells in jail. One was for hiring a stand-in to complete his community service for possession of a stun gun and three-months following a nightclub fracas. He signed to Mr Campbell's label a year ago and has released one single, with the label saying the album was due for release on 24 January. But Mr Campbell said he learned that Morrison planned to release the album through Jet Star, which is advertising it on its website. Mr Campbell said: ""I'm glad we were granted the injunction but I'm completely gutted that we have had to go that far. ""Mark Morrison was given everything he asked for by 2 Wikid but it seems that he couldn't help but return to his old ways. ""I've worked hard to realise my ambition in football but had hoped that my future career would be in the music business. ""I have always dreamt of starting a record label but now Mark Morrison has spoilt that dream for me. There is no loyalty in this business - just greed."" But Morrison is determined the album will be released on Monday. He said: ""The injunction is ludicrous. ""I signed a new deal with a new record company because I was not getting the support I needed from 2 Wikid. ""I was with that label for a year and in that time released just one record, which was not properly promoted. He added: ""The whole world is waiting for this album and it will come out on December 27. No injunction or judge will stop it. The Mack will return."" The case is set to be heard in the High Court on 20 December.",entertainment,entertainment,2.459216833114624,5270,116.3515625,0.4124871
"Blair to face MPs amid feud talk Tony Blair faces his first prime minister's questions of 2005 after a week of renewed speculation about his relationship with Gordon Brown. Meanwhile, the chancellor is leaving Britain on a high-profile tour of Africa to highlight poverty issues. But before doing so, he insisted he still trusted Mr Blair, despite claims to the contrary in a new book. Labour MPs have warned against disunity and Tory leader Michael Howard may well take up the theme in the Commons. The Tories have already accused the prime minister and his chancellor of behaving like ""schoolboys squabbling in a playground"". Michael Howard is likely to want to capitalise further on the spat when he goes head-to-head with the prime minister in the Commons. At a campaign poster launch on Tuesday, Mr Brown was joined by Alan Milburn, who Mr Blair controversially put in charge of election planning in place of the chancellor. Later this week the prime minister is due to set out the themes of his party's next election manifesto, which for the past two polls have been drawn up by the chancellor. Mr Brown, meanwhile, is visiting Tanzania, Mozambique and Kenya to highlight the plight of many Africans hit by Aids, war and famine - issues which Mr Blair has also spoken out on. The prime minister and chancellor faced backbench discontent at Monday's meeting of the Parliamentary Labour Party over claims made in journalist Robert Peston's new book. Mr Blair told MPs and peers: ""I know from everyone here, in Cabinet and government, nothing is going to get in the way of a unified Labour Party with a unified position and winning the third term people desperately need."" Labour's Paul Flynn said the pair had had a ""scorching"" from MPs. On Tuesday, Deputy Prime Minister Mr Prescott told BBC News: ""They told us very clearly, it was the troops telling the leaders: get in line."" The new book claims Mr Prescott hosted a dinner in November 2003 where the prime minister told Mr Brown he would stand down before the next election because he had lost trust over the Iraq war. Mr Blair then changed his mind in June 2004, after Cabinet allies intervened and amid suspicion the chancellor was manoeuvring against him, writes Mr Peston. In Mr Peston's book Mr Brown is alleged to have told the prime minister: ""There is nothing you could ever say to me now that I could ever believe.""",politics,politics,2.4234795570373535,5270,116.3515625,0.4022473
"Jarre joins fairytale celebration French musician Jean-Michel Jarre is to perform at a concert in Copenhagen to mark the bicentennial of the birth of writer Hans Christian Andersen. Denmark is holding a three-day celebration of the life of the fairy-tale author, with a concert at Parken stadium on 2 April. Other stars are expected to join the line-up in the coming months, and the Danish royal family will attend. ""Christian Andersen's fairy tales are timeless and universal,"" said Jarre. ""For all of us, at any age there is always - beyond the pure enjoyment of the tale - a message to learn."" There are year-long celebrations planned across the world to celebrate Andersen and his work, which includes The Emperor's New Clothes and The Little Mermaid. Denmark's Crown Prince Frederik and Crown Princess Mary visited New York on Monday to help promote the festivities. The pair were at a Manhattan library to honour US literary critic Harold Bloom ""the international icon we thought we knew so well"". ""Bloom recognizes the darker aspects of Andersen's authorship,"" Prince Frederik said. Bloom is to be formally presented with the Hans Christian Andersen Award this spring in Anderson's hometown of Odense. The royal couple also visited the Hans Christian Anderson School complex, where Queen Mary read The Ugly Duckling to the young audience. Later at a gala dinner, Danish supermodel Helena Christensen was named a Hans Christian Andersen ambassador. Other ambassadors include actors Harvey Keitel and Sir Roger Moore, athlete Cathy Freeman and Brazilian soccer legend Pele.",entertainment,entertainment,2.4480443000793457,5270,116.3515625,0.416277
"BBC web search aids odd queries The BBC's online search engine was used a record amount in 2004, helping with enquires both simple and strange. More than 277 million enquiries were made, asking for informaton of a wide range of subjects. The most requested search terms of 2004 included games, EastEnders, CBBC, John Peel, Harry Potter and Olympics. But there were many strange enquiries, including: what is a dog?, how do you say basketball? and what is the biggest collection of naval fluff? The search engine works by matching key words typed in to different web pages but many people still type in natural language questions. Here are some of the strangest queries of 2004 - spelling and grammar errors left untouched - and their possible solutions: - How to fold a serviette like an elf's boot? - How do I structure a French letter? - What is better one long vacation each year or several short vacations throughout the year? - What is so special about the Swiss? - What are the contemporary issue in nurses? - What is the number 4 in this number 40052308090? - What is up? - What is the name of James Martin's dog? Search engines are key to the way people use the internet. Companies such as Google have become of paramount importance as they dictate how people travel through websites while online.",tech,entertainment,2.4023025035858154,5270,116.3515625,0.3520502
"Broadband in the UK gathers pace One person in the UK is joining the internet's fast lane every 10 seconds, according to BT. The telecoms giant said the number of people on broadband via the telephone line had now surpassed four million. Including those connected via cable, almost six million people have a fast, always-on connection. The boom has been fuelled by fierce competition and falling prices, as well as the greater availability of broadband over the phone line. ""The take-up rate for broadband is accelerating at a terrific pace,"" said Ben Verwaayen, BT's chief executive. ""We will be in a very strong position to hit our five million target by summer 2006 much earlier than we had previously expected."" The last million connections were made over the past four months, with thousands of people being added to the total every day of the week. Those signing up to broadband include those that get their service direct from BT or via the many companies that re-sell BT lines under their own name. Part of the surge in people signing up was due to BT stretching the reach of ADSL - the UK's most widely used way of getting broadband - beyond six kilometres. Asymmetric Digital Subscriber Line technology lets ordinary copper phone lines support high data speeds. The standard speed is 512kbps, though faster connections are available. According to BT, more than 95% of UK homes and businesses can receive broadband over the phone line. It aims to extend this figure to 99.4% by next summer. There are also an estimated 1.7 million cable broadband customers in the UK.",tech,business,2.4193501472473145,5270,116.3515625,0.3652838
"Ask Jeeves joins web log market Ask Jeeves has bought the Bloglines website to improve the way it handles content from web journals or blogs. The Bloglines site has become hugely popular as it gives users one place in which to read, search and share all the blogs they are interested in. Ask Jeeves said it was not planning to change Bloglines but would use the 300 million articles it has archived to round out its index of the web. How much Ask Jeeves paid for Bloglines was not revealed. Bloglines has become popular because it lets users build a list of the blogs they want to follow without having to visit each journal site individually. To do this it makes use of a technology known as Really Simple Syndication (RSS) that many blogs have adopted to let other sites know when new entries are made on their journals. The acquisition follows similar moves by other search sites. Google acquired Pyra Labs, makers of the Blogger software, in 2003. In 2004 MSN introduced its own blog system and Yahoo has tweaked its technology to do a better job of handling blog entries. Jim Lanzone, vice president of search properties at Ask Jeeves in the US, said it did not acquire Bloglines just to get a foothold in the blog publishing world. He said Ask Jeeves was much more interested in helping people find information they were looking for rather than helping them write it. ""The universe of readers is vastly larger than the universe of writers,"" he said. Mr Lanzone said the acquisition would sit well with Ask's My Jeeves service which lets people customise their own web experience and build up a personal collection of useful links. ""Search engines are about discovering information for the first time and RSS is the ideal way to keep track of and monitor those sites,"" he said. It would also help drive information and entries from blogs to the portals that Ask Jeeves operates. There would be no instant sweeping changes to Bloglines, said Mr Lanzone. ""Our intent is to take our time to figure out the right business model not to try to monetise it right away,"" he said. Though Mr Lanzone added that Ask Jeeves would be helping organise the database of 300m blog entries Bloglines holds with its own net indexing technology. ""Being able to search the blogosphere as one corpus of information will be very useful in its own right,"" said Mr Lanzone. Rumours about the acquisition were broken by the Napsterization weblog which said it got the hint from Ask Jeeves insiders.",tech,tech,2.5171079635620117,5270,96.0,0.4593119
"Format wars could 'confuse users' Technology firms Sony, Philips, Matsushita and Samsung are developing a common way to stop people pirating digital music and video. The firms want to make a system that ensures files play on the hardware they make but also thwarts illegal copying. The move could mean more confusion for consumers already faced by many different, and conflicting, content control systems, experts warned. They say there are no guarantees the system will even prevent piracy. Currently many online stores wrap up downloadable files in an own-brand control system that means they can only be played on a small number of media players. Systems that limit what people can do with the files they download are known as Digital Rights Management systems. By setting up the alliance to work on a common control system, the firms said they hope to end this current fragmentation of file formats. In a joint statement the firms said they wanted to let consumers enjoy ""appropriately licensed video and music on any device, independent of how they originally obtained that content"". The firms hope that it will also make it harder for consumers to make illegal copies of the music, movies and other digital content they have bought. Called the Marlin Joint Development Association, the alliance will define basic specifications that every device made by the electronics firms will conform to. Marlin will be built on technology from rights management firm Intertrust as well as an earlier DRM system developed by a group known as the Coral Consortium. The move is widely seen as a way for the four firms to decide their own destiny on content control systems instead of having to sign up for those being pushed by Apple and Microsoft. Confusingly for consumers, the technology that comes out of the alliance will sit alongside the content control systems of rival firms such as Microsoft and Apple. ""In many ways the different DRM systems are akin to the different physical formats, such as Betamax and VHS, that consumers have seen in the past,"" said Ian Fogg, personal technology and broadband analyst at Jupiter Research. ""The difference is that it is very fragmented,"" he said. ""It's not a two-horse race, it's a five, six, seven or even eight-horse race"" Mr Fogg said consumers had to be very careful when buying digital content to ensure that it would play on the devices they own. He said currently there were even incompatibilities within DRM families. Although initiatives such as Microsoft's ""Plays for Sure"" program could help remove some of the uncertainty, he said, life was likely to be confusing for consumers for some time to come. Shelley Taylor, analyst and author of a report about online music services, said the locks and limits on digital files were done to maximise the cash that firms can make from consumers. Apple's iTunes service was a perfect example of this, she said. ""Although iTunes has been hugely successful, Apple could not justify its existence if it did not help sell all those iPods,"" she said. She said rampant competition between online music services, of which there are now 230 according to recent figures, could drive more openness and freer file formats. ""It always works out that consumer needs win out in the long run,"" she said, ""and the services that win in the long run are the ones that listen to consumers earliest."" Ms Taylor said the limits legal download services place on files could help explain the continuing popularity of file-sharing systems that let people get hold of pirated pop. ""People want portability,"" she said, ""and with peer-to-peer they have 100% portability."" Cory Doctorow, European co-ordinator for the Electronic Frontier Foundation which campaigns for consumers on many cyber-rights issues, expressed doubts that the Marlin system would achieve its aims. ""Not one of these systems has ever prevented piracy or illegal copying,"" he said. He said many firms readily admit that their DRM systems are little protection against skilled attackers such as the organised crime gangs that are responsible for most piracy. Instead, said Mr Doctorow, DRM systems were intended to control the group that electronics firms have most hold over - consumers. ""The studios and labels perceive an opportunity to sell you your media again and again - the iPod version, the auto version, the American and UK version, the ringtone version, and so on.""",tech,tech,2.5168051719665527,5270,96.6796875,0.4655243
"Harinordoquy suffers France axe Number eight Imanol Harinordoquy has been dropped from France's squad for the Six Nations match with Ireland in Dublin on 12 March. Harinordoquy was a second-half replacement in last Saturday's 24-18 defeat to Wales. Bourgoin lock Pascal Pape, who has recovered from a sprained ankle, returns to the 22-man squad. Wing Cedric Heymans and Ludovic Valbon come in for Aurelien Rougerie and Jean-Philippe Grandclaude. Rougerie hurt his chest against Wales while Grandclaude was a second-half replacement against both England and Wales. Valbon, capped in last June's Tests against the United States and Canada, was a second half replacement in the win over Scotland. France coach Bernard Laporte said Harinordoquy had been axed after a poor display last weekend. ""Imanol has been dropped from the squad because the least I can say is that he didn't make a thundering comeback against Wales,"" said Laporte. ""We know the Ireland game will be fast and rough and we also want to be able to replace both locks during the game if needed, and Gregory Lamboley can also come on at number seven or eight. ""The grand slam is gone but we'll go to Ireland to win. ""It will be a very exciting game because Ireland have three wins under their belt, have just defeated England and have their eyes set on a Grand Slam."" France, who lost to Wales last week, must defeat the Irish to keep alive their hopes of retaining the Six Nations trophy. Ireland are unbeaten in this year's tournament and have their sights set on a first Grand Slam since 1948. Dimitri Yachvili (Biarritz), Pierre Mignoni (Clermont), Yann Delaigue (Castres), Frederic Michalak (Stade Toulousain), Damien Traille (Biarritz), Yannick Jauzion (Stade Toulousain), Ludovic Valbon (Biarritz), Christophe Dominici (Stade Francais), Cedric Heymans (Stade Toulousain), Julien Laharrague (Brive) Sylvain Marconnet (Stade Francais), Nicolas Mas (Perpignan), Olivier Milloud (Bourgoin), Sebastien Bruno (Sale/ENG), William Servat (Stade Toulousain), Fabien Pelous (Stade Toulousain, capt), Jerome Thion (Biarritz), Pascal Pap&#233; (Bourgoin), Gregory Lamboley (Stade Toulousain), Serge Betsen (Biarritz), Julien Bonnaire (Bourgoin), Yannick Nyanga (B&#233;ziers)",sport,sport,2.494065284729004,5270,97.30078125,0.440923
"GM in crunch talks on Fiat future Fiat will meet car giant General Motors (GM) on Tuesday in an attempt to reach agreement over the future of the Italian firm's loss-making auto group. Fiat claims that GM is legally obliged to buy the 90% of the car unit it does not already own; GM says the contract, signed in 2000, is no longer valid. Press reports have speculated that Fiat may be willing to accept a cash payment in return for dropping its claim. Both companies want to cut costs as the car industry adjusts to waning demand. The meeting between Fiat boss Sergio Marchionne and GM's Rick Wagoner is due to take place at 1330 GMT in Zurich, according to the Reuters news agency. Mr Marchionne is confident of his firm's legal position, saying in an interview with the Financial Times that GM's argument ""has no legs"". The agreement in question dates back to GM's decision to buy 20% of Fiat's auto division in 2000. At the time, it gave the Italian firm the right, via a 'put option', to sell the remaining stake to GM. In recent weeks, Fiat has reiterated its claims that this 'put' is still valid and legally binding. However, GM argues that a Fiat share sale made last year, which cut GM's holding to 10%, together with asset sales made by Fiat have terminated the agreement. Selling the Fiat's car-making unit may not prove so simple, analysts say, especially as it is a company that is so closely linked to Italy's industrial heritage. Political and public pressure may well push the two firms to reach a compromise. ""We are not expecting Fiat to exercise its put of the auto business against an unwilling GM at this point,"" brokerage Merrill Lynch said in a note to investors, adding that any legal battle would be protracted and damaging to the business. ""As far as we are aware, the Agnelli family, which indirectly controls at least 30% of Fiat, has not given a firm public indication that it wants to sell the auto business. ""Fiat may be willing to cancel the 'put' in exchange for money.""",business,business,2.4461324214935303,5270,97.90234375,0.3981383
"Warnings about junk mail deluge The amount of spam circulating online could be about to undergo a massive increase, say experts. Anti-spam group Spamhaus is warning about a novel virus which hides the origins of junk mail. The program makes spam look like it is being sent by legitimate mail servers making it hard to spot and filter out. Spamhaus said that if the problem went unchecked real e-mail messages could get drowned by the sheer amount of junk being sent. Before now many spammers have recruited home PCs to act as anonymous e-mail relays in an attempt to hide the origins of their junk mail. The PCs are recruited using viruses and worms that compromise machines via known vulnerabilities or by tricking people into opening an attachment infected with the malicious program. Once compromised the machines start to pump out junk mail on behalf of spammers. Spamhaus helps to block junk messages from these machines by collecting and circulating blacklists of net addresses known to harbour infected machines. But the novel worm spotted recently by Spamhaus routes junk via the mail servers of the net service firm that infected machines used to get online in the first place. In this way the junk mail gets a net address that looks legitimate. As blocking all mail from net firms just to catch the spam is impractical, Spamhaus is worried that the technique will give junk mailers the ability to spam with little fear of being spotted and stopped. Steve Linford, director of Spamhaus, predicted that if a lot of spammers exploit this technique it could trigger the failure of the net's e-mail sending infrastructure. David Stanley, UK managing director of filtering firm Ciphertrust, said the new technique was the next logical step for spammers. ""They are adding to their armoury,"" he said. The amount of spam in circulation was still growing, said Mr Stanley, but he did not think that the appearance of this trick would mean e-mail meltdown. But Kevin Hogan, senior manager at Symantec security response, said such warnings were premature. ""If something like this mean the end of e-mail then e-mail would have stopped two-three years ago,"" said Mr Hogan. While the technique of routing mail via mail servers of net service firms might cause problems for those that use blacklists and block lists it did not mean that other techniques for stopping spam lost their efficacy too. Mr Hogan said 90% of the junk mail filtered by Symantec subsidiary Brightmail was spotted using techniques that did not rely on looking at net addresses. For instance, said Mr Hogan, filtering out e-mail messages that contain a web link can stop about 75% of spam.",tech,tech,2.538602352142334,5270,99.17578125,0.4912344
"Ad firm WPP's profits surge 15% UK advertising giant WPP has posted larger-than-expected annual profits and predicted that it will outperform the market in 2005. Pre-tax profits rose 15% from a year ago to reach £546m ($1.04bn), ahead of average analysts' forecasts of £532m. Revenues were £4.3bn while the firm's operating margins were 14.1%, which it said could reach 14.8% by 2006. During the year WPP bought US rival Grey Global, creating a giant big enough to rival sector leader Omnicom. Chief Executive Martin Sorrell on Friday told Reuters news agency that WPP had submitted a proposal for United Business Media's NOP World market research unit. Analysts say the unit sell could sell for up to £350m. WPP in recent years has also bought firms such as Ogilvy & Mather and Cordiant Communications. It also includes the firms Young & Rubicam and J Walter Thompson. Events such as the Olympics helped boost WPP's profits in 2004. The company said the US Congressional elections and the FIFA World Cup are likely to present advertising opportunities in the near future. The long-term outlook looks ""very favourable"" because of media and technology developments and the strength of the US economy, WPP said.",business,business,2.375190258026123,5270,99.55078125,0.3223756
"Strong quarterly growth for Nike Nike has reported its best second-quarter earnings, helped by strong demand for its athletic shoes and Converse sneakers. The global sports giant said it posted a profit of $261.9m (£135.6m), for the three months to 30 November, up from $179.1m in the same period last year. Revenues increased 11% to $3.1bn, from $2.8bn for the same period in 2003. Nike, whose products are endorsed by Tiger Woods among other sports stars, said ""demand continues to grow"". The results came after a strong first quarter of the year for the firm based in Beaverton, Oregon. Philip Knight, chairman and chief executive, said: ""Nike's second-quarter revenues and earnings per share reached all-time high levels as a result of solid performance across our global portfolio. ""Our businesses in the United States and emerging markets such as China, Russia and Turkey, combined with favourable European exchange rates, helped drive much of this growth."" He added: ""With the first half of our fiscal year in the books, we remain confident that our business strategy and consistent execution will allow us to deliver on our goals of healthy, profitable growth."" The firm reported worldwide futures orders for athletic footwear and gear, scheduled for delivery from December 2004 to April 2005, of $4.9bn. That is 9.1% higher than such orders reported for the same period last year.",business,business,2.392054319381714,5270,99.9921875,0.3469304
"Renault boss hails 'great year' Strong sales outside western Europe helped Renault boost its profits by more than 40% in 2004 although the firm warned of lower margins this year. France's second largest carmaker enjoyed a healthy 43% rise in net profits to 2.4bn euros ($3.1bn; £2.9bn) as sales rose 8% to 40.7bn euros. The firm said strong demand outside western Europe and the good performance of its Megane range lifted its results. Chairman Louis Schweitzer said 2004 had been a ""great year"" for the firm. Renault sold more than 2.4 million vehicles in 2004, an increase of 4% on the previous year. Growth came mainly from outside western Europe, with particularly strong sales in Turkey, Russia and North Africa. In total, sales outside western Europe - Renault's core market - rose 16.5%. Japanese carmaker Nissan - in which Renault owns a 44% stake - contributed 1.7bn euros in net income over the year. Nissan chairman Carlos Ghosn is to succeed Mr Schweitzer at the head of Renault later this year. Renault said the outlook for the industry in Europe this year was ""stable"", with small growth forecast in other regions. The firm will benefit from the launch of a new Clio model in the coming year and the roll-out of the Logan in many markets. However, the firm said it expected operating margins to be lower in 2005, at 4% of sales as opposed to 5%. ""In a sluggish market and an environment impacted by the rise in raw material prices, Renault intends to continue to grow its global sales,"" the company said in a statement.",business,business,2.3574440479278564,5270,100.109375,0.3089934
"McClaren targets Champions League Middlesbrough boss Steve McClaren believes his side can clinch a top-four spot in the Premiership and secure qualification for the Champions League. After their 3-2 win over Manchester City, McClaren said: ""We are playing exciting football, it's a magnificent result to keep us in the top five. ""But how well we do depends how often we can get our best team out. ""Once we got the third goal it should have been four or five but we nearly paid for it in the end."" McClaren also praised winger Stewart Downing and strikers Jimmy Floyd Hasselbaink and Mark Viduka, who both ended barren runs in front of goal. He added: ""If Stewart keeps playing like this Sven-Goran Eriksson has got to pick him. ""And the strikers scored great goals, the combination play between them shows they want to play with each other and they are trying.""",sport,sport,2.347599506378174,5270,100.16796875,0.2916002
"Kluft impressed by Sotherton form Olympic heptathlon champion Carolina Kluft was full of admiration for Britain's Kelly Sotherton as the pair prepared to clash in Birmingham. Both will be in action on Friday in the 60m hurdles and long jump ahead of the European Indoor Championships later this month in Madrid. Sotherton finished third behind the Swede in Athens, and Kluft said: ""I knew about her, she's a great girl. ""She looked very good early in the season and was competing really well."" Kluft showed impressive early-season form on Tuesday in Stockholm's GE Galan meeting, winning the sprint hurdles, the long jump and the 400m. Sotherton has also displayed promise, with a new high jump personal best in Sheffield at the combined Norwich Union European trials and AAA Championships, and a second place in the long jump behind Jade Johnson.",sport,sport,2.322998523712158,5270,100.2265625,0.2632414
"Pixies take on Reading and Leeds Pixies, Foo Fighters and Iron Maiden will headline this summer's Leeds and Reading festivals. The trio of rock heavyweights will top the bill for the three-day events at Bramham Park, near Wetherby, and at Richfield Avenue, Reading. They are the Pixies' and Iron Maiden's only UK festival gigs, while Foo Fighters are also at T In The Park. The Killers, Razorlight and Queens of the Stone Age are also playing the twin festivals, to be held on 26-28 August. Other acts in this year's line-up include The Charlatans, Marilyn Manson and Kings of Leon. Pete Doherty's band Babyshamblers will appear on the NME/Radio One stage along with Kasabian, Black Rebel Motorcycle Club and Bloc Party. Organiser Mean Fiddler said more acts were still to be confirmed for the summer event. ""We are all very excited to be going back to Reading and intend to have a fantastic time,"" said Iron Maiden's Bruce Dickinson. ""We're sure fans will too."" It will the first time the veteran British metal band have played Reading in 23 years. At Leeds, Iron Maiden will headline the first day of the festival on the Friday, Pixies will follow on Saturday and the Foo Fighters will close the event on Sunday. The Pixies will headline the first day of Reading, while Foo Fighters will play on Sunday and Iron Maiden will close the event. Weekend tickets are now on sale priced at £125 each.",entertainment,entertainment,2.3699100017547607,5270,100.28125,0.3287542
"S Korean credit card firm rescued South Korea's largest credit card firm has averted liquidation following a one trillion won ($960m; £499m) bail-out. LG Card had been threatened with collapse because of its huge debts but the firm's creditors and its former parent have stepped in to rescue it. A consortium of creditors and LG Group, a family owned conglomerate, have each put up $480m to stabilise the firm. LG Card has seven million customers and its collapse would have sent shockwaves through the country's economy. The firm's creditors - which own 99% of LG Card - have been trying to agree a deal to secure its future for several weeks. They took control of the company in January when it avoided bankruptcy only through a $4.5bn bail-out. They had threatened to delist the company, a move which would have triggered massive debt redemptions and forced the company into bankruptcy, unless agreement was reached on its future funding. ""LG Card will not need any more financial aid after this,"" Laah Chong-gyu, executive director of Korea Development Bank - one of the firm's creditors - said. The agreement will see some 12 trillion won of debt converted into equity. ""The purpose of the capital injection is to avoid delisting and the goal will be met,"" David Kim, an analyst at Sejong Securities, told Reuters. South Korea's consumer credit market has been slowly recovering from a crisis in 2002 when a credit bubble burst and millions of consumers fell behind on their debt repayments. LG Card returned to profit in September but needed further capital to avoid being thrown off the market. South Korea's stock exchange can delist any firm if its debt exceeds its assets two years running.",business,business,2.3861072063446045,5270,100.984375,0.3417741
"Ireland win eclipses refereeing 'errors' The International Rugby Board may have to step in to stop frustrated coaches and players from publicly haranguing referees when things go belly-up. It may have to go the whole way and have NFL-style video cameras all over the field, or slap the vociferous perpetrators over the knuckles. What the IRB does not want is a football scenario where the verbal slanging matches often overshadow the game itself. Sunday's explosive Six Nations clash at Lansdowne Road was a good example as Ireland took another step towards their first Grand Slam since 1948. The game was as exciting as it comes, with a much-improved England side enraged at a few decisions that did not go their way. One can understand that frustration. There was no doubt that Ireland had the rub of the green in their 19-13 victory, but the reaction from the England camp may not have endeared them to the sport's ""blazers"". Referee Jonathan Kaplan was not perfect by any means and two decisions in particular made him the villain of the piece. I doubt whether Kaplan would have been too pleased at the comments made. After all, he has no public recourse to criticism. It was the same for Simon McDowell, the touch judge who was heavily criticised by Scotland coach Matt Williams after their defeat against France. As far as England were concerned, there were queries over Mark Cueto's first half-effort when he went over in the corner from a Charlie Hodgson kick. England coach Andy Robinson referred to a similar case at Ravenhill in January when Ulster were playing Gloucester in the Heineken Cup. On that occasion, David Humphreys kicked to Tommy Bowe, who touched down in the corner only for the try to be wiped out. But you cannot have cameras at every conceivable angle to pick up such anomalies. Perhaps Robinson was right to say the referee should have gone upstairs when Josh Lewsey was driven over the Irish line near the end. Lewsey claims he touched it down and was in full control. However, one has to credit Ireland flanker Johnny O'Connor for cleverly scooping the ball away and blocking any evidence of a touchdown. But in rugby, everything tends to even out over the 80 minutes. The referee also missed England's Danny Grewcock taking out Ronan O'Gara off the ball to allow Martin Corry a Sunday stroll to the line. Those were the stand-out moments in a classic game between the two old foes. But there were many more, and one should not take away from those. Brian O'Driscoll's winning try was as well-conceived as they come, while Charlie Hodgson's brilliant kicking display was another highlight. And Ronan O'Gara's tremendous ability to control the game was also a crucial component. But the defining moments came with Ireland under the cosh in the final 15 minutes. Two outstanding pieces of defensive play denied England and allowed Ireland to hold on. The first was Denis Hickie's brilliant double tackle in the right-hand corner. He gobbled up Cueto from another Hodgson cross-field kick, then regained his feet to stop Lewsey from scoring a certain try. Ireland's second-row colossus Paul O'Connell was equally superb. England had turned Ireland one way then the other, and the defence cordon was slowly disintegrating. England prop Matt Stevens ran in at full steam to suck in a few more tacklers. Unfortunately he ran into O'Connell who hit him hard - very hard - and then wrestled the ball away for a crucial turnover. That spoke volumes about Ireland's back-foot display, with defensive coach Mike Ford taking a bow at the end. To win a game like that showed that Ireland have moved forward. It may be tries that win games, but it is defence that wins championships.",sport,sport,2.525219440460205,5270,101.0859375,0.4884053
"MPs' murder sentence concern Murder sentences should not be reduced automatically simply because of a guilty plea, says a new MPs' report. The influential Commons home affairs committee was responding to sentencing guidelines issued this summer. The MPs also call for tougher sentences for crimes committed under the influence of drink or drugs. They say the influence of drugs and alcohol should be introduced as an aggravating factor when judges and magistrates sentence offenders. Committee chairman John Denham said drugs of alcohol were sometimes used as an excuse. ""The committee believes that these arguments should be rejected by sentencers and that being under their influence should instead be an aggravating factor."" At present judges, when sentencing murderers to the mandatory life sentence, can reduce the tariff - the minimum term they must serve - if the defendant pleads guilty. But although they are spared the ordeal of a trial many murder victims' relatives are unhappy. In July this year Amanda Champion's killer, James Ford, pleaded guilty to her murder and was jailed for at least 15 years - it would have been longer had he denied the charge. Amanda's uncle, Lewis Champion, told the BBC News website Ford did not deserve any credit for his plea, saying: ""Nothing at all is worth taking five years off a murder sentence."" MPs criticised Home Secretary David Blunkett last year for introducing last-minute rules allowing reduced sentences for murderers who pleaded guilty. The measures passed into law virtually unnoticed after Mr Blunkett introduced them at a late stage of the Criminal Justice Bill. As a result, says the committee, the government may need to re-legislate to ""remove ambiguity"" over how murderers should be sentenced. It is also calling on the senior judge in England and Wales, Lord Woolf, to abandon draft guidelines he proposed in September to reduce sentences of murderers who plead guilty. The committee said the plans had not reflected the ""public disquiet"" expressed over the possibility of significantly reduced prison terms for murderers. Lord Woolf's Sentencing Guidelines Council (SGC) caused further controversy by suggesting a one third discount off sentences for early guilty pleas in all types of crime. As a result murderers who face a 15-year tariff could get five years knocked off if they give themselves up to the police. Mr Denham believes the SGC should reconsider its proposals to reflect Parliament's wish that murder should be treated as a separate and especially grave category of offence. He said: ""We want to see sentencers advised that in the case of murder, reduction in sentence for a guilty plea should not normally be granted in addition to reductions for other mitigating circumstances."" But a spokesman for the Home Office defended the proposals. He said: ""By making express provision for murder tariffs in the Criminal Justice Act, Parliament sent a clear signal that it expects murder to be treated differently to other offences. ""We stand by the provisions in the Act that cover guilty plea discounts, which have potential benefits for victims and witnesses of avoiding the trauma of a trial."" Shadow home secretary David Davis echoed criticisms of the way Mr Blunkett introduced the murder tariff rules. ""There is genuine concern about potential reductions in murder sentences - such action sends out the wrong signals to violent criminals and completely undermines the government's claim to be tough on crime,"" he said. But Liberal Democrat spokesman Mark Oaten warned the MPs' committee that binding judges too much might look like political interference. ""The danger of having a prescriptive approach is that whilst every murder is awful, it is also different,"" he told BBC News.",politics,politics,2.467362403869629,5270,101.0859375,0.4277694
"Broadband soars in 2004 If broadband were a jumbo jet, then 2003 would have seen it taxiing down the runway, firing up its engines and preparing for take-off. But this year has seen it soar. In the spring it literally took to the skies as Lufthansa and British Airways trialled it on flights. This perhaps said more about how indispensable people were beginning to perceive the technology, rather than how useful sky-high broadband would actually be. It was flying high and by the autumn, five million Britons had signed up for high-speed net access at home. Such enthusiasm is unlikely to dampen any time soon and experts predict that by the end of next year the numbers will have risen to more than eight million, or more than 30% of homes. The two key factors in whetting people's appetite were falling prices and a huge marketing push. When operators such as BT and Telewest offered standard 512K broadband for less than £20 at the beginning of the year, it was as if an invisible barrier had been breached - broadband had truly gone mass market. A feeding frenzy followed as firms vied for eyeballs in a price war reminiscent of that following the mass market take-up of dial-up. Broadband for less than £10 was even touted by some firms, although such a low price raised eyebrows among more established companies questioning how they are able to sustain such business models. For those who became broadbanders in 2004 there was no turning back and the days of waiting for the modem to kick in began to seem as outdated an idea as a jungle without celebrities. The rest of the world was also falling in love with the benefits of fast internet access, to the tune of 100 million connections worldwide by April, prompting research firm Point Topic to declare it one of the fastest growing technologies ever. By September, the number of broadband connections in the UK finally overtook dial-up and in December BT announced that it was making a new broadband connection every 10 seconds. Broadband was being mentioned on the 10 O'clock News and in the tabloids; the Sun even carried a cartoon joke about it. But two of the most significant pieces of news for broadband were items that did not make the headlines. In May, BT quietly announced that it was shaving 70% off the cost of allowing other operators access to its telephone exchanges, so-called local loop unbundling. The vital local loop is the crucial link between telephone exchanges and homes. At the moment BT has a stranglehold on more than 80% of these lines making it the key voice in deciding what ADSL products get into homes. With cheaper local loop unbundling, rivals to BT can offer faster services that will leave the broadband of today looking positively tortoise-like. It will mean the UK will finally catch up with countries such as France and the Netherlands, where homes are routinely enjoying speeds of up to 15Mb (megabits per second). And the major price fall means that, rather than just talk about it, companies are actually starting to get their own equipment into BT's exchanges. It may not seem that exciting but it is a remarkable transition given that just a few years ago the arguments over local loop unbundling bore more than a passing resemblance to the Northern Ireland peace talks - fraught, bitter and with no end in sight. Another big piece of news for broadband users in 2004 was the extension of BT's reach, meaning more than 95% of the population could get broadband, regardless of how far away from the exchange they lived. There was a slight caveat for those wanting to upgrade to 1Mbps broadband, they still have to live within six kilometres of a broadband-enabled exchange. For thousands frustrated by their inability to get the technology, the news meant they could finally join in. Broadband is not just about fast access over the telephone and cable operators NTL and Telewest also had a bumper year. The biggest news for them was increased speeds, introducing 2Mb and 3Mb services for users and offering a free upgrade to those on 512K. The cable operators are limited in their reach and it is perhaps testament to how big a deal local loop unbundling could become that even they are considering extending their range via this route. Broadband can seem confusing for consumers, with the huge amount of operators offering so many different products, some with capped bandwidth and different length contracts and set-up fees. It is unlikely to get any less easy to understand in 2005 but remains a plane worth catching. As it gets faster and offers extras such as cheap telephone calls online, the only real thing to remember for the coming year is to enjoy the ride.",tech,tech,2.5334317684173584,5250,101.13671875,0.4786556
"Axa Sun Life cuts bonus payments Life insurer Axa Sun Life has lowered annual bonus payouts for up to 50,000 with-profits investors. Regular annual bonus rates on former Axa Equity & Law with-profits policies are to be cut from 2% to 1% for 2004. Axa blamed a poor stock market performance for the cut, adding that recent gains have not yet offset the market falls seen in 2001 and 2002. The cut will hit an estimated 3% of Axa's policyholders. The rest will know their fate in March. The cuts on Axa's policies will mean a policyholder who had invested £50 a month into an endowment policy for the past 25 years would see a final maturity payout of £46,998. This equated to a annual investment growth rate of 8% Axa said. With-profits policies are designed to smooth out the peaks and troughs of stock market volatility. However, heavy stock market falls throughout 2001 and 2002 forced most firms to trim bonus rates on their policies. ""The stock market has grown over the past 18 months, however not enough to undo the damage that occurred during 2001 and 2002,"" Axa spokesman Mark Hamilton, Axa spokesman, told BBC News. Axa cut payouts for the same investors last January.",business,business,2.343458414077759,5250,101.19921875,0.3083628
"Dutch watch Van Gogh's last film The last film to be made by the slain Dutch director Theo van Gogh, called 06/05, has been premiered in The Hague. Members of Van Gogh's family and celebrities attended the screening of 06/05, based on the murder of the anti-immigration politician Pim Fortuyn. Van Gogh was shot and stabbed to death in Amsterdam six weeks ago. A Dutch-Moroccan man suspected of radical Islamist links has been charged. The killing, and Fortuyn's death in 2002, convulsed the Netherlands. Many Dutch people have questioned their country's self-image as a peaceful, tolerant nation in the wake of the murders, which triggered heated debate about immigration. An animal rights activist was sentenced to 18 years in prison last year for killing Fortuyn. Earlier this year, Van Gogh made a film accusing Islam of promoting violence against women. It caused outrage among Muslims and death threats were made against him. The film 06/05 will become available on the internet on Wednesday and go on general release in Dutch cinemas in January. Van Gogh's movie mixes real images of the day of Fortuyn's murder with a fictional plot about Dutch intelligence services conspiring to silence the politician. The story unfolds through the eyes of a freelance photographer who unwittingly takes pictures revealing the involvement of Dutch authorities in Fortuyn's murder. Photographer Jim de Booy then goes on the run from secret service agents who burgle his home and threaten his family.",entertainment,politics,2.405205726623535,5250,101.2578125,0.348053
"Rivals of the £400 Apple... The Mac mini is the cheapest Apple computer ever. But though it is cheap for a Mac how does it compare to PCs that cost about the same amount? Dot.life tries to find out if you can you get more for your money if you stick with the beige box. An extremely small computer that is designed to bring the Macintosh to the masses. Apple offer a less powerful Mac Mini for £339 but the £399 models has a 1.4ghz Power PC chip, 80 gigabyte hard drive, combined CD burner/DVD player. It comes equipped with USB and Firewire ports for peripheral connections, Ethernet port for broadband, a port for standard video output and an audio/headphone jack.The machine comes with Mac OS X, the Apple operating system, the software suite iLife, which includes iTunes, iPhoto, iMovie, iDVD and GarageBand. A monitor, keyboard or mouse. There is also no built-in support for wireless technology or any speakers. The lack of a DVD burner is an omission in the age of backing-up important software. Wireless and a dvd burner can be added at extra cost. Apple are targeting people who already have a main computer and want to upgrade - especially PC users who have used an Apple iPod. Compact and stylish, the Mac mini would not look out of place in any home. Apple computers are famously user friendly and offer much better network security, which means fewer viruses. The package of software that comes with the machine is the best money can buy. The Mac mini is just a box. If you don't already have a monitor etc, adding them to the package sees the value for money begin to dwindle. Macs don't offer the upgrade flexibility of a PC and the machine's specifications lack the horse power for tasks such as high-end video editing or games. ""The Mac Mini puts the Macintosh within the reach of everyone,"" an Apple spokesman said. ""It will bring more customers to the platform, especially PC users and owners."" An entry-level machine designed for basic home use. A 2.6ghz Intel Celeron chip, 40 gigabyte hard drive, 256mb, combined CD burner/DVD player. It comes equipped with a 17 inch monitor, keyboard and mouse. The machine has 6 USB ports and an Ethernet port for broadband connection. There's also a port for standard video output. The machine comes with Windows XP home edition. It provides basic home tools such as a media player and word processor. A DVD burner, or any wireless components built in. Wireless and a dvd burner can be added at extra cost. Homes and small offices, including those looking to add a low cost second computer. Cost is the clear advantage. The Dell provides enough power and software for basic gaming and internet surfing. It's easily upgradeable so a bigger hard drive, better sound and graphics cards can be added. The Dell is hardly stylish and the hard drive is on the small size for anyone wanting to store photos or a decent sized digital music collection. ""This machine is for small businesses and for people who want a second computer for basic home use, perhaps in a kids bedroom,"" a spokesman for Dell said. ""I think we offer better value once you realise all the extras needed for the Mac Mini."" A desktop computer that PC Pro magazine dubbed best performer in a group test of machines that cost only £399 (£469 including VAT). A good basic PC that, according to PC Pro, has ""superb upgrade potential"". For your money you get a 1.8GHz AMD Sempron processor, 512MB of Ram, 120GB hard drive, DVD writer, 16-inch monitor, mouse, keyboard and Windows XP2 Much more than the basics. It cannot handle 3D graphics and has no Firewire slots. Those on a limited budget who want a machine they can add to and improve as their cash allows. It's cheap and has plenty of room to improve but that could end up making it expensive in the long run. It's a good basic workhorse. It's not pretty and has a monitor rather than a flat-panel display. Some of the upgrades offered by JAL to the basic model are pricey. You might find that you want to chop and change quite quickly. Nick Ross, deputy labs editor at PC Pro, said the important point about buying a cheap and cheerful PC is the upgrade path. Interest has switched from processor power to graphics and sound cards as that's what makes the difference in games. ""Even manufacturers are not going to be marketing machines as faster,"" he said, ""they'll emphasise the different features."" A computer built from bits you buy and put together yourself. A surprisingly good PC sporting an AMD Athlon XP 2500 processor, 512 megabytes Ram, a graphics card with 128 Ram on board plus TV out, a 40 GB hard drive, CD-writer and DVD player, Windows XP Home. Anything else. You're building it so you have to buy all the software you want to install and do your own trouble-shooting and tech support. Building your own machine is easier than it used to be but you need to read specifications carefully to make sure all parts work together. Experienced and keen PC users. Building your own PC, or upgrading the one you have, is a great way to improve your understanding of how it all works. It's cheap, you can specify exactly what you want and you get the thrill of putting it together yourself. And a bigger thrill if everything works as it should. Once it's built you won't be able to do much with it until you start buying software for it. If it starts to go wrong it might take a lot of fixing. As Gavin Cox of the excellent buildyourown.org.uk website put it: ""It will be tough to obtain/build a PC to ever be as compact and charming as the Mac mini."" ""Performance-wise, it's not 'cutting edge' and is barely entry-level by today's market, but up against the Mac mini, I believe it will hold its own and even pull a few more tricks,"" says Gavin Cox. The good news is that the machine is eminently expandable. By contrast, says Mr Cox, the Mac mini is almost disposable.",tech,tech,2.696742296218872,5250,101.30859375,0.648305
"Lord Scarman, 93, dies peacefully Distinguished lawyer Lord Scarman, who conducted the inquiry into the 1981 Brixton riots, has died aged 93. The peer enjoyed a celebrated judicial career, serving as Law Commission chairman in its first seven years. He also chaired the 1969 tribunal set up to investigate civil disturbances in Northern Ireland. Paying tribute, the Lord Chancellor Lord Falconer said Lord Scarman was one of the ""great advocates of our generation"". ""His legacy from his decisions in the Lords and the Court of Appeal is substantial. ""His work in the wake of the Brixton riots and his commitment to the vulnerable and dispossessed was second to none. ""A great judge, a great lawyer and a great man."" Lord Scarman's nephew George Ritchie said the peer, who passed away peacefully on Wednesday, would be ""sadly missed"". The Lord Chief Justice, Lord Woolf, who is the most senior judge in England and Wales, said it was Lord Scarman's ""pioneering work"" which paved the way for the Human Rights Act 1998. ""He was a lawyer and a judge who had a remarkable insight into human nature, and an exceptional sensitivity to the needs of a healthy society,"" he said. ""He was, personally, totally charming and he will be remembered with great affection and admiration by all who came into contact with him."" Dame Elizabeth Butler-Sloss, the president of the Family Justice Division, said Lord Scarman was a ""good and humane judge"" and one of the greatest figures of the late 20th century. Lord Scarman will be remembered for the public inquiry he led into a string of race riots which began in Brixton when racial tensions rose after a police crackdown on street robbery. During the following three days of disturbances that spread to the Midlands, Merseyside, Bristol and Leeds, nearly 400 people were injured and buildings and vehicles were set alight. The inquiry famously settled on the so-called ""rotten apples"" theory, which argued that only a few police officers were racist, saying most were not. It spawned new law enforcement practices and led to the creation of the Police Complaints Authority. Trevor Phillips, chair of the Commission for Racial Equality, praised Lord Scarman's ""ability to listen"". He said: ""When Lord Scarman toured the streets of Brixton his presence was electrifying. ""A community which had been systematically ignored by everyone else was suddenly embraced by the epitome of the English establishment. ""His great quality was the ability to listen to young people of all backgrounds, many of whose language he could barely understand, genuinely to hear what they had to say and to talk to them as human beings. ""He never lost the special combination of wisdom, humanity and the spark of radicalism that marked his watershed report into the Brixton riots.""",politics,politics,2.452824831008911,5250,101.31640625,0.4071303
"Jamieson issues warning to bigots Scotland's justice minister has warned bigoted soccer fans that she wants to hit them ""where it hurts most"" by banning them from matches. Cathy Jamieson said exclusion orders are one of a series of measures being considered in the Scottish Executive campaign against sectarianism. She praised Celtic and Rangers for their work in tackling the problem. However, the minister said stopping sectarian abuse associated with Old Firm matches is a key objective. Ms Jamieson was speaking ahead of the third round Scottish Cup clash between the Glasgow clubs at Parkhead on Sunday. The sectarianism long associated with sections of the support from both clubs has become a significant target for the executive. Last week Ms Jamieson and First Minister Jack McConnell met supporters' representatives from both clubs to discuss the issue. They plan to hold an anti-sectarian summit next month with officials from the clubs, church leaders, senior police officers and local authority chiefs among those to be invited. Speaking on BBC Radio Scotland's Sunday Live programme, Ms Jamieson described Friday's meeting as ""very productive"" and said putting the squeeze on the bigots would be a key aim. Ms Jamieson stressed that sectarianism has not been confined to football but it can act as a ""trigger"" for tensions and violence. Clubs have taken action in the past to ban troublesome fans and supporters' groups expressed their desire to ensure that the game is no longer tainted by the problem. Ms Jamieson said the executive should have a role in tackling the soccer troublemakers. She said: ""We can't get away from the fact that in some instances some of the religious hatred that some people try to associate with football boils over into violence. ""That is the kind of thing we want to stop and that's the kind of thing supporters' groups are very clear they don't want to be part of either, and they will work with us to try and deal with that."" Ms Jamieson praised the police for their action and said: ""The police do want to identify whether there are particular individuals who are going over the top and inciting hatred or violence - they will crack down very effectively on them. ""We have of course already indicated that we will consider the introduction of banning orders to give additional powers to where there are people who are going over the top, who have made inappropriate behaviour at football matches, to be able to stop them attending the games. ""That's the kind of thing that will hit those kind of people where it hurts the most in not allowing them to attend the games,"" she said. Praising Celtic and Rangers for their efforts, she said: ""I don't think there is any doubt that we have seen some positive moves from the clubs. ""Both Rangers and Celtic football clubs have been involved in working with the executive to produce, for example, an educational pack for young people.""",politics,sport,2.4595203399658203,5250,101.31640625,0.4150893
"Microsoft releases bumper patches Microsoft has warned PC users to update their systems with the latest security fixes for flaws in Windows programs. In its monthly security bulletin, it flagged up eight ""critical"" security holes which could leave PCs open to attack if left unpatched. The number of holes considered ""critical"" is more than usual. They affect Windows programs, including Internet Explorer (IE), media player and instant messaging. Four other important fixes were also released. These were considered to be less critical, however. If not updated, either automatically or manually, PC users running the programs could be vulnerable to viruses or other malicious attacks designed to exploit the holes. Many of the flaws could be used by virus writers to take over computers remotely, install programs, change, and delete or see data. One of the critical patches Microsoft has made available is an important one that fixes some IE flaws. Stephen Toulouse, a Microsoft security manager, said the flaws were known about, and although the firm had not seen any attacks exploiting the flaw, he did not rule them out. Often, when a critical flaw is announced, spates of viruses follow because home users and businesses leave the flaw unpatched. A further patch fixes a hole in Media Player, Windows Messenger and MSN Messenger which an attacker could use to take control of unprotected machines through .png files. Microsoft announces any vulnerabilities in its software every month. The most important ones are those which are classed as ""critical"". Its latest releases came the week that the company announced it was to buy security software maker Sybari Software as part of Microsoft's plans to make its own security programs.",tech,tech,2.3842217922210693,5250,101.31640625,0.3351684
"Baby becomes new Oscar favourite Clint Eastwood's boxing drama Million Dollar Baby has become the new favourite to win best picture at the Oscars on Sunday. According to pundits, the film has overtaken previous favourite The Aviator, with Eastwood also tipped to take the best director award. Its star Hilary Swank is favourite to win best actress while Jamie Foxx is tipped to win best actor for Ray. Million Dollar Baby has seven nominations while The Aviator has 11. The Aviator has scored a best director nomination for Martin Scorsese, who has never won an Oscar, while stars Leonardo DiCaprio and Cate Blanchett are both nominated for acting Oscars. ""If you look at the Oscars race, The Aviator should be ahead,"" said awards pundit Tom O'Neil. ""It is the most nominated film, and the most nominated movie has won best picture 18 times out of the last 20 years. ""But the reality is Million Dollar Baby is the dark horse. People feel emotionally about it and Clint is a beloved Hollywood chum of the Academy voters,"" he said. Anne Thompson of the Hollywood Reporter said that Million Dollar Baby was ""heart-wrenching"". ""It's very emotional, it even makes grown men cry,"" she said. ""The Aviator is a gorgeous movie, but it's colder."" In the acting categories, Foxx is regarded as almost unbeatable for his performance as Ray Charles in Ray. ""The performance is based on a real person who was a showbusiness hero with a handicap, who recently died,"" O'Neil said. ""He has unstoppable momentum among the voters."" Hilary Swank is the favourite to win best actress for the second time in six years. She previously won in 1999 for her performance in Boys Don't Cry. In the supporting categories, Cate Blanchett is tipped to win for her performance as Katharine Hepburn in The Aviator, while Morgan Freeman is favourite to take home his first ever Oscar, for Million Dollar Baby. The Oscars will take place at Hollywood's Kodak Theatre on 27 February.",entertainment,entertainment,2.4911904335021973,5250,101.3203125,0.4340298
"Share boost for feud-hit Reliance The board of Indian conglomerate Reliance has agreed a share buy-back, to counter the effects of a power struggle in the controlling family. The buy-back is a victory for chairman Mukesh Ambani, whose idea it was. His brother Anil, the vice-chairman, said had not been consulted and that the buy-back was ""completely inappropriate and unnecessary"". The board hopes the move will reverse a 13% fall in Reliance's shares since the feud became public last month. The company has been fractious since founder Dhirubhai Ambani died in 2002, leaving no will. ""Today's round has gone to [Mukesh], there is no doubt about it,"" said Nanik Rupani, president of the Indian Merchants Chamber, a Bombay-based traders' body. The company plans to buy back 52 million shares at 570 rupees (£6.80; $13) apiece, a premium of more than 10% to its current market price.",business,business,2.3837804794311523,5250,101.40234375,0.3271435
"Japan's ageing workforce: built to last In his twenties he battled tuberculosis for eight years, then went on to run his own clothing business before marrying in his late thirties. And the 101-year-old Torao Toshitsune has eaten raw fish pretty much every day throughout his life. Mr Toshitsune is one of Japan's 23,000 centenarians - a club that is growing by 13% annually, and where the oldest member is 114. At his neat Osaka detached house, where he lives with one of his sexagenarian daughters, Mr Toshitsune keeps a regular routine of copying out Buddhist sutras and preparing the traditional Japanese tea ceremony. Between tasks, this remarkably active senior citizen reveals what his next goal is: ""Well, what's most important for me is to be Japan's number one."" Mr Toshitsune wants to outlive everyone. And when it comes to longevity, Japan, as a country, appears to be doing just that. Women can expect to live until 85, men until 78, four years longer than Americans and Europeans. On the outskirts of Kyoto, 83-year-old Yuji Shimizu contemplates this phenomenon during a round of golf with his younger friends, who are in their seventies. ""I think this is because the food industry and the environment have improved,"" he remarks. ""On average, we can live longer."" Whether it's the diet, or the traditional family structure where roles were clearly defined, or just something in the genes, Japan's elderly are remarkable. But while life may be a game of golf for Mr Shimizu, his grandchildren have huge problems ahead. Japan is the world's least fertile nation with childbirth rates of just two thirds of that in the US. By 2007, Japan's population is expected to peak at 127 million, then shrink to under 100 million by the middle of the century. This means 30 million fewer workers at a time when the number of elderly will have almost doubled. ""In the year 2050, if the birth rate remains the same people over 60 will make up over 30% of the population,"" explains Shigeo Morioka of the International Longevity Centre in Tokyo. So how will Japan's finances stay on track? After a decade of economic stagnation and huge deficit spending, the public sector debt is already about 140% of the country's gross domestic product (GDP), the highest rate among industrialised countries. The International Monetary Fund predicts that as the falling birth rate takes grip from 2010, the cost of running Japan's welfare state will double to more than 5% of GDP, while current account balances will deteriorate by over 2%. But unfortunately, Japan appears poorly prepared both financially and politically. Glen Wood, Vice President of Deutsche Securities Japan, asks; ""Who's going to fund the pension fund for the next generation and indeed who are going to be the new Japanese worker? ""Who is going to build the economy, who are going to be the leaders? Who are going to be the producers of the GDP going forward?"" One option is further welfare reform. Another is immigration, possibly from the Philippines and Indonesia. But so far, any emerging policy appears restricted to a limited number of nursing staff. Standing next to Tokyo harbour is a version of New York's Statue of Liberty. But, as yet, Japan is not ready for an Ellis Island. ""Japan has never really liked that option in its history and I think it's an option that's becoming more and more plausible and necessary,"" insists Mr Wood. In Japan, as in Europe which also faces a workforce decline, immigration is a very sensitive subject. But for the Japanese economy, facing 8% fewer consumers by 2050 means slumping domestic sales of cars, hi-tech kit and home appliances, perhaps even another property crash. Of course the Japanese could always have more children. The government is currently considering financial rewards for procreative couples similar to those in operation in Australia. But there would be no pay back until 2030, when today's babies are taxpayers, and the demographic crisis, like in Europe, starts to unfold in 2010. In contrast to Japan - and of course the European Union - the US population is expected to increase by 46% to 420 million by the middle of the century. Although President Bush must re-devise Social Security to take account of a 130% rise in America's over 65s, the IMF foresees a positive contribution to the US current account balance from the combined forces of fertility and immigration. Some voices in Japanese industry are calling for radical changes to the nature of the Japanese labour market. They want a shift towards financial services, though doubts persist over the country's ability, let alone willingness, to move away from manufacturing. ""Japan still has problems getting a viable banking system, let alone shifting their auto business or their semi-conductor business or the broad based tech manufacturing business overseas,"" says Mr Wood. Japan can either drive some radical reforms or else run the risk of a vicious ageing recession. Falling demand and a lower tax take could result in soaring budget pressures and a basket case currency. Come 2020, Japan could be more dependent on a shrinking workforce than any other industrialised power. There are fears that the world's number two economy is doomed to a permanent recession. But none of this is Mr Toshitsune's concern anymore. At 101, he chuckles that, he feels fine.",business,business,2.5783281326293945,5250,101.46484375,0.5267086
"PlayStation 3 processor unveiled The Cell processor, which will drive Sony's PlayStation 3, will run 10-times faster than current PC chips, its designers have said. Sony, IBM and Toshiba, who have been working on the Cell processor for three years, unveiled the chip on Monday. It is being designed for use in graphics workstations, the new PlayStation console, and has been described as a supercomputer on a chip. The chip will run at speeds of greater than 4 GHz, the firms said. By comparison, rival chip maker Intel's fastest processor runs at 3.8 GHz. Details of the chip were released at the International Solid State Circuits Conference in San Francisco. The new processor is set to ignite a fresh battle between Intel and the Cell consortium over which processor sits at the centre of digital products. The PlayStation 3 is expected in 2006, while Toshiba plans to incorporate it into high-end televisions next year. IBM has said it will sell a workstation with the chip starting later this year. Cell is comprised of several computing engines, or cores. A core based on IBM's Power architecture controls eight ""synergistic"" processing centres. In all, they can simultaneously carry out 10 instruction sequences, compared with two for current Intel chips. Later this year, Intel and Advanced Micro Devices plan to release their own ""multicore"" chips, which also increase the number of instructions that can be executed at once. The Cell's specifications suggest the PlayStation 3 will offer a significant boost in graphics capabilities but analysts cautioned that not all the features in a product announcement will find their way into systems. ""Any new technology like this has two components,"" said Steve Kleynhans, an analyst with Meta Group. He said: ""It has the vision of what it could be because you need the big vision to sell it. ""Then there's the reality of how it's really going to be used, which generally is several levels down the chain from there."" While the PlayStation 3 is likely to be the first mass-market product to use Cell, the chip's designers have said the flexible architecture means that it would be useful for a wide range of applications, from servers to mobile phones. Initial devices are unlikely to be any smaller than a games console, however, because the first version of the Cell will run hot enough to need a cooling fan. And while marketing speak describes the chip as a ""supercomputer"" - it remains significantly slower than the slowest computer on the list of the world's top 500 supercomputers. IBM said Cell was ""OS neutral"" and would support multiple operating systems simultaneously but designers would not confirm if Microsoft's Windows was among those tested with the chip. If Cell is to challenge Intel's range of chips in the marketplace, it will need to find itself inside PCs, which predominantly run using Windows.",tech,tech,2.4484105110168457,5250,101.4921875,0.4003156
"Bat spit drug firm goes to market A German firm whose main product is derived from the saliva of the vampire bat is looking to raise more than 70m euros ($91m; £49m) on the stock market. The firm, Paion, said that it hoped to sell 5 million shares - a third of the firm - for 11-14 euros a share. Its main drug, desmoteplase, is based on a protein in the bat's saliva. The protein stops blood from clotting - which helps the bat to drink from its victims, but could also be used to help stroke sufferers. The company's shares go on sale later this week, and are scheduled to start trading on the Frankfurt Stock Exchange on 10 February. If the final price is at the top of the range, the company could be valued at as much as 200m euros. The money raised will be spent largely on developing the company's other drugs, since desmoteplase has already been licensed to one manufacturer, Forest Laboratories.",business,business,2.347642660140991,5250,101.5,0.3084372
"Scissor Sisters triumph at Brits US band Scissor Sisters led the winners at the UK music industry's Brit Awards, walking off with three prizes. The flamboyant act scored a hat-trick in the international categories, winning the best group, best album and best newcomer awards. Glasgow group Franz Ferdinand won two prizes, as did Keane and Joss Stone, who was voted best urban act by digital TV viewers. Robbie Williams' Angels was named the best song of the past 25 years. Scissor Sisters frontwoman Ana Matronic collected the best international album prize from singer Siouxsie Sioux. She told the audience: ""If you told us a year ago we would be getting these awards today we would have called you crazy. You guys made our dream come true."" The band - whose self-titled LP was 2004's biggest-selling album - thanked ""all the members of the sisterhood"", adding: ""We wouldn't be here without you."" The US band, who opened the show with Take Your Mama, won the best international act and newcomer awards, as well as best international album. Franz Ferdinand, who were shortlisted in five categories, won best rock act and best British group, an award they dedicated to late DJ John Peel. But they missed out on best British live act, which went to Muse. Keane won best British album and breakthrough act. Will Young won the best single prize for Your Game. McFly won the best pop act prize, and Gwen Stefani picked up the best international female artist award. Eminem won the male prize. Best British male artist winner Mike Skinner - aka The Streets - does not usually attend award ceremonies, but the Birmingham hip-hop artist performed his hit Dry Your Eyes at the ceremony. However, he did not collect his prize. A bandmate informed the crowd Skinner was ""in the toilet"". After beating Amy Winehouse, Jamelia, Natasha Bedingfield and PJ Harvey to the best British female prize, Joss Stone said: ""I don't know what to say. I don't like doing this at all. I'd like to thank my family for being really supportive and everybody that made my record with me."" ""I don't even know what to do right now. Thank you all you guys for voting for me, I feel sick right now."" Viewers of digital music TV channel MTV Base voted Stone the winner in the best urban act category. Little Britain comedy duo Matt Lucas and David Walliams presented the best song prize to Robbie Williams dressed as his former Take That colleagues Gary Barlow and Howard Donald, leading him to quip he was ""always the talented man of the band"". Williams' track beat songs by Will Young, Queen, Kate Bush and Joy Division in a vote by BBC Radio 2 listeners to mark 25 years of the UK music industry ceremony. It is his 15th Brit award, having already received 10 solo awards and four with Take That. He told the audience: ""I'm just amazed that my career keeps going."" Keane frontman Tom Chaplin thanked fans for enduring ""rubbish gigs"" after they won the British breakthrough act prize. He added: ""A lot of people don't think it's cool that we've had the guts to be ourselves but it's a vital part of who we are as a band and receiving this is recognition of that."" Natasha Bedingfield - in the running for best British female and best pop act - performed with her brother Daniel for the first time at Wednesday's event. The chart-topping siblings duetted on the Chaka Khan hit Ain't Nobody. Meanwhile, Joss Stone performed Right To Be Wrong backed by a gospel choir, while Lemar and Jamelia performed the Robert Palmer track Addicted To Love. Bob Geldof won a prize for his outstanding contribution to music. Of the 15 Brit awards for achievements in 2004, 10 were won by artists tipped in the BBC News website's Sound of 2004 list of artists to watch, published at the start of last year. Scissor Sisters, Franz Ferdinand, Keane, Joss Stone and McFly were all in the Sound of 2004 top 10. The other five Brits winners were already established before Sound of 2004 was compiled. The ceremony will be televised on ITV1 on Thursday. I'm speechless. Best song of the last 25 years? Yeah right. I very much doubt that 'Angels' was even the best song of the week that it came out. Like every track Robbie has released as a single, it's a blatant but poor facsimile of something that someone else has done better before. Give us a break...!!! Best song in 25 years, you must be joking. Its good if you like that sort of thing, but really! Listened to Angels on Radio 1 this morning when I was driving into work. Had not heard it for a while. I love Robs voice, the lyrics and tune. Perfection! As usual, the public have short memories when it comes to voting for ""the greatest"". There must be more than a dozen songs in the last 25 years that deserve this award more. It's not exactly groundbreaking. Presumably, the age range that could be bothered to vote is is pretty low... I'm actually embarrassed to be British if that is the best song we have produced in the last 25 years!! What about The Specials - Ghost Town, The Buzzcocks - Ever Fallen in Love With Someone... Happy Mondays - Kinky Afro, McAlmont & Butler - Yes, Joy Division - Love Will Tear Us Apart... Angels is middle-of-the-road rubbish. Angels is a awful piece of sentimental claptrap. It's musically and lyrically inept; and fantastically overrated, a bit like Mr Williams himself. This result isn't very surprising though, The Brits has a long history of celebrating rubbish music! Best of the last 25 years? Maybe. Cunning to make the timescale not include Stairway to Heaven or Bohemian Rhapsody, but it does kind of make it a bit of a hollow award really. Not much competition in the last 25 years after all. It's alright for a pop song - but the best song of the last 25 years??? There is no way on earth that song should have been voted the best of the last 25 years....it's a travesty. Rubbish! Who voted it for it to be included in any list? I am a regular listener to Radio 2 but I don't recall the invitation to vote for this bland, slushy rubbish which might appeal to the masses who wouldn't know a good song if it jumped up and bit them on the nose but is certainly NOT the best song of the last 25 years. How depressing and just when we thought manufactured 'pop' was on the way out - where on earth did this dreadful list appear from? While I am biassed in that I thought Love Will Tear Us Apart should have won, in all seriousness, I think that the best song of the last 25 years should not include songs less than 5 years old as that would exclude songs which are popular because of novelty. Then again, well done Robbie, good show. You've got to be kidding. Angels is a great song, but not the best song of the last 25 years. Only the best song to be up for nomination at the Brits. I think Angels is a great song and deserved to be in the run up for this award but I don't think its the best song from the past 25 years! Right enough, it is better than some of the others in this catergory, for example, what was Will Young doing being nominated in the first place - he is alright but the song isn't that good! I'm happy for Robbie himself though! Best song in the last 25 years? What a Joke! Think of all the great rock and pop songs released in the 80s and pretty much all of them are better than Angels. Phil Collins doesn't deserve awards for all the good songs he wrote? Angels is an overrated song, that got tiresome even before you had finished listening to it. Soppy rubbish at best. Hopefully manufactured rubbish will die down soon, and let the real artists who worked hard for there glory receive awards. So boringly obvious and typical of the bland nature of mainstream music in Britain today, for me it's proof that music and democracy just don't mix. Still, at least it wasn't Will Young... Oh it's all just a bit of fun. People take these awards too seriously! Robbie has millions of loyal fans, while even non-fans know the words to angels. Him winning obviously reflects who votes in these awards. Personally I wanted Will Young to win, but that was not really due to his musical talent! I hate the song, all it brings back is memories of school discos and no-one to slow-dance with! I agree about Angels. I never get fed up hearing it. Whenever the song comes on the radio I turn the radio up, smile and sing along (very badly, that is why the radio has to be turned up to drown my voice out). The song makes me calm and serene and happy. Well done Robbie. I think that although Robbie Williams is a good performer, that Angels isn't really that good a song. It certainly isn't anywhere near as good as Love Will Tear Us Apart by Joy Division or Wuthering Heights by Kate Bush. Angels is a fantastic song. All credit to Robbie Williams and Guy Chambers. It's a song that will be played forever and bridges all age groups. Robbie did in no way deserve that mantle. Whenever we have these awards it is always 'artists' from the past five years that seem to win the best of the best...We forget about the late 80s and early 90s for example. They weren't cool at the time, but because they are cool again now shows that the songs have greater longevity than people think. Yes Angels is the best song since the past 25 years, because it touches the soul as it carries a lot of meaning. I've always disliked Angels intensely. I believe it to be symbolic of the general capacity of British pre-teens, teens and middle aged women to accept low quality/ low aspirational music as ""classic"" songwriting. It's 'orrible. It seems obvious to me that people who like Robbie are people who don't particularly like music all that much. Folks without collections; folks who have never engaged in that madness one experiences when falling under the spell of pop music. Angels adds nothing - it is merely an irritating distraction - a wasp that refuses to go away on a summer's afternoon picnic. What a dreadful result. If you voted for it - you should feel ashamed of yourself - you probably only know a dozen songs or so don't you - so where do get off applying this uninformed filter and casting this ridiculous vote. Booo hisss Angels, best song? You are kidding, right? Last five years I might be willing to accept, but 25, no way. Did whoever voted for this actually have ANY music knowledge prior to, say, 1995? Really quite insulting to the British music industry of the past quarter of a century. No surprise about Robbie Williams considering the list. Where on earth did the nominations list come from???? Compiled by an eleven year-old girl perhaps?? I mean, Will Young? Come on. What a load of crap, best song in the last 25 years - I don't think so!! What about all the REAL artists out there over the last 25 years - the list is endless, but Robbie Williams doesn't even come close. What a joke. That song has become such a bane to me that I have developed a Pavlovian response to the word 'Angels' where I thrash around, and scream ""no no no no no"" until someone tells me ""the radio's off"". Why a half-baked cheesy ditty like Angels, which has become the anthem for millions of romantic sops (think how many times it was sung on Pop Idol for example, and by whom), should be voted the best song of the past 25 years, is beyond me. If this is the song against which all others are judged, then musicians may as well give up. Why do we reward mediocrity so highly in this country?? The initial list was very weak anyway, but Angels the best song of the last 25 years!!!! I think not, I didn't realize Radio 2 had so many listeners under the age of 10!! People have such short memories! A great song yes, but the best of the last 25 years? Not a chance. I think the person as opposed to the song has been voted for here. The Great British Public at work again. It's a mediocre, sentimental and safe song. Granted, it's not too bad, either. But can it stand up against ANYTHING by The Smiths (in particular ""How Soon is Now?"") or anything from the Stone Roses' first album? Nope. No, Because I'm not female and I'm not 10! Ok I like Robbie and Angels is a decent song. But it is no way the best song of the past 25 years! The shortlist wasn't great but him winning it is a joke! Predictable and laughable. The success of Angels at this years Brits reflects poorly on the state of British music over the last 25 years. The British public are brainwashed by the corporate pulp that is presneted to them as cutting edge music and true talent is being sadly missed. Whilst Angels is a popular song it is not even the best song in Robbie's repertoire never mind best song of the last 25 years. I am a huge Robbie fan and love that song. But I think there are a lot more outstanding songs / music out there that influenced music today, unfortunately they were left out of the list. Have Radio 2 listeners even heard of Joy Division? A band who, through two albums, have had a bigger impact on music, and continue to do so, over the last 25 years than Robbie Williams ever will. No doubt about it. There's not a song done by anyone with more emotion and feeling. Some people will adopt their slightly snobby stances, but Angels has hit home with a far larger audience than any other song. It should have been Joy Division.Those guys have played an influential part in shaping modern day music while Angels remains yet another pop song. I sincerely do not believe that in 25 years from now, the most influential artists will argue that Robbie Williams inspired their art in the way that the Byrds, the Beatles and Nick Drake have done for music today. Yes!! I think its a brilliantly written song with different meanings to different people. There were other great songs in the category... but somebody had to win! Robbie was a deserved winner. I am astounded that such a second-rate record has beaten such a line up of amazing songs! it's a terrible song, voted for by the masses who don't have the brains to appreciate innovative and exciting music. The best song of the past 25 years? Really? Come on, this is surely a joke? No? I think I need a long lie down... It just goes to show that the british public do not have a clue about good quality music when they pick Robbie Williams over the beautifully talented Kate Bush and Joy Division. I suppose it's confirmed one thing - the British public are consistently dull :- &lt;( No offence Robbie, but pleeease! There must be a thousand better songs than a formulated cheesy pop song for kids. No one agrees with this and quite frankly it is an embarassment to the integrity of British music, and a further nail in the coffin! I think Robbie deserves it, he has been the most iconic of any stars we have had in Britain since John Lennon and is an idol to millions worldwide. Anybody who says he doesn't deserve it is jealous of his success. The only real challenger was Queen but hey, Another One Bites the Dust!! Obviously all the Karaoke singers in the UK voted for it. If this is the best song of the last 25 years then the British Music industry is in trouble. Sure Robbie is talented and produces excellent material, but this is not the best record. A sad day for music It's not the type of music I normally like, but even as a diehard rock fan, I recognise that it is a good song and appelas to most people. That's why it has been voted best song of the last 25 years. It's a good all-rounder. Just like Robbie. Best song in 25 years? Since 1980? I'm confused. ""Angels"" isn't a bad song. It's a nice, catchy, formulaic anthem that ticks all the boxes. But this is not great music. If anything it's regressive. Bland even. I suppose it's just more evidence of how redundant the Brit Awards have become. Granted angels is a good song, however it really wasn't up against any other proper competition. The Queen's song was lackluster, and apart from Kate Bush, the other choices were pathetic! Also, why weren't the Stones there, David Bowie, etc, there are so many greater songs than Angels...I wonder if it was simply the fact that Robbie wasn't getting more awards so they had to make one up for him! Best song of the last 25 years? What a ridiculuous concept, and an even more ridiculous winner. Sigh. On the upside, at least it wasn't Bohemian Rhapsody, for which we should all be thankful. Angels is without doubt a great song but I really don't think it deserves the title of best song in 25 years.perhaps the vote had more to do with teenage opinion on Robbies' goodlooks than the actual song!!! Don't get me wrong, I'm not disputing his looks, but there are more deserved winners. It would have been a travesty had Angels not won. Without Angels, Robbie Williams may well not be where he is now, and Britain would have been deprived of one of its most charismatic and talented performing artists. It has to be seen performed live, with 125,000 people singing along to be fully appreciated. Well done Rob. I find it hard to believe that 'Angels' is the best we have to show for the past 25 years! I'm rapidly redifining 'best' in my own head now to mean 'most gratuitously played at weddings and funerals because people think it has deep meaning'. What about Britpop? Blur, Oasis, Suede, Pulp... not only making fantastic songs but also making changes, doing something different. Why must 'best' always come down to most commercially popular? I've nothing against Robbie, I actually like his music, but how can this possibly be the best song from the last 25year? The Brits has proved to be nothing more than a bargaining tool between the pop moguls to boost band profiles and record sales. The same goes with the Scissor Sisters, I think this is a superb record and thoroughly deserves the newcomer award, but the album comes no where near U2's new record, neither are they in the same league. Once again there have been some baffling discisions made, they are not for artisic reasons, but for profit. No surprise really, it's voted for by the general public. Since when did they have taste in music? Personally I find Angels by Robbie Williams to be one of the most irritating songs I have ever heard! It absolutely deserved to win. It is a song that has united the generations and will continue to be played for many years to come. It's an absolute joke, however most of the original 25 were very poor choices as well. All in all a pretty pointless exercise ! The song is overplayed and oversentimental. Out of the rather poor five choices that were left, it should have gone to either Joy Division or Queen. I suppose we should be thankful that it didn't end up in the hands of Will Young though. Although it has nostalgia value, there is no way it deserved to win. Everybody knows the words to Bohemian Rhapsody, Nothing Compares 2 U, etc. Much better songs and more timeless. Give it to someone with real talent. Although Angels is a good song I think that anyone with the slightest musical taste will realise that this is not the best song of the last 25 years. This is just another example of record company manipulation to keep an artist in the public eye. Why not give him an award for the greatest pair of trousers if that's all it means!",entertainment,error,13.112346887588501,5258,101.53515625,11.0627636
"Versace art portfolio up for sale The art collection of murdered fashion designer Gianni Versace could fetch up to £9m ($17m) when it is auctioned in New York and London later this year. Among the pictures for sale are works by Roy Lichtenstein, Andy Warhol and Henri Matisse. The collection was housed at Versace's six-storey New York townhouse. The 51-year-old designer was shot outside his Florida home in 1997 by suspected serial killer Andrew Cunanan, who later killed himself. The auction, at Sotheby's, will feature 45 contemporary, impressionist and 19th Century paintings. One of the highlights of the sale is Roy Lichtenstein's Blue Nude which has been given an estimate of £1.8m ($3.4m). Tobias Meyer, Sotheby's worldwide head of contemporary art, said: ""This collection reflects Mr Versace's wide-ranging taste and impeccable eye, and many of the works were commissioned directly from the artists. ""Outstanding later examples from champions of the Pop movement, such as Roy Lichtenstein, are juxtaposed with masterpieces from the most visible artists of the 1980's, including Jean-Michel Basquiat and the collaborative genius of Basquiat and Warhol, as well as Francesco Clemente."" Much of the collection will be offered for sale at three auctions in New York in June, with smaller contemporary paintings going under the hammer in London on 22 and 23 June. A sale of Versace's furniture and artworks sold in 2001fetched £5.5m ($10.3m).",entertainment,entertainment,2.400597333908081,5258,101.53515625,0.3628309
"Federer claims Dubai crown World number one Roger Federer added the Dubai Championship trophy to his long list of successes - but not before he was given a test by Ivan Ljubicic. Top seed Federer looked to be on course for a easy victory when he thumped the eighth seed 6-1 in the first set. But Ljubicic, who beat Tim Henman in the last eight, dug deep to secure the second set after a tense tiebreak. Swiss star Federer was not about to lose his cool, though, turning on the style to win the deciding set 6-3. The match was a re-run of last week's final at the World Indoor Tournament in Rotterdam, where Federer triumphed, but not until Ljubicic had stretched him for five sets. ""I really wanted to get off to a good start this time, and I did, and I could really play with confidence while he still looking for his rhythm,"" Federer said. ""That took me all the way through to 6-1 3-1 0-30 on his serve and I almost ran away with it. But he came back, and that was a good effort on his side."" Ljubicic was at a loss to explain his poor showing in the first set. ""I didn't start badly, but then suddenly I felt like my racket was loose and the balls were flying a little bit too much. And with Roger, if you relax for a second it just goes very quick,"" he said. ""After those first three games it was no match at all. I don't know, it was really weird. I was playing really well the whole year, and then suddenly I found myself in trouble just to put the ball in the court."" But despite his defeat, the world number 14 was pleased with his overall performance. ""I had a chance in the third, and for me it's really positive to twice in two weeks have a chance against Roger to win the match. ""It's an absolutely great boost to my confidence that I'm up there and belong with top-class players.""",sport,sport,2.354600191116333,5263,101.53515625,0.3121615
"Nintendo DS makes its Euro debut Nintendo's DS handheld game console has officially gone on sale in Europe. Many stores around the UK opened at midnight to let keen gamers get their hands on the device. The two-screen clamshell gadget costs £99 (149 euros) and 15 games are available for it at launch, some featuring well-known characters such as Super Mario and Rayman. The DS spearheads Nintendo's attempt to continue its dominance of the handheld gaming market. Since going on sale in Japan and the US at the end of 2004, Nintendo has sold almost 4m DS consoles. Part of this popularity may be due to the fact that the DS can run any of the catalogue of 700 games produced for Nintendo's GameBoy Advance handheld. Games for the DS are expected to cost between £19 and £29. About 130 games for the DS are in development. As well as having two screens, one of which is controlled by touch, the DS also lets players take on up to 16 other people via wireless. A ""download play"" option means DS owners can take each other on even if only one of them owns a copy of a particular game. Other DS owners can also be sent text messages and drawings. Nintendo is also planning to release a media adapter for the handheld so it can play music and video. Five Virgin megastores and 150 Game shops were expected to open early on Friday morning to let people buy a DS. ""We know that customers want it as soon as it's released - and that means the minute, not the day,"" said Robert Quinn, Game's UK sales director. But Nintendo will only have sole control of Europe's handheld gaming market for a few weeks because soon Sony is expected to release its PSP console. Although Nintendo is aiming for younger players and the PSP is more for older gamers, it is likely that the two firms will be competing for many of the same customers. Sony's PSP represents a real threat to Nintendo because of the huge number of PlayStation owners around the world and the greater flexibility of the sleek black gadget. The PSP uses small discs for games, can play music and movies without the need for add-ons and also supports short-range wireless play. When it goes on sale the PSP is likely to cost between £130 and £200.",tech,tech,2.2164933681488037,5263,101.53515625,0.1975941
"Robben plays down European return Injured Chelsea winger Arjen Robben has insisted that he only has a 10% chance of making a return against Barcelona in the Champions League. The 21-year-old has been sidelined since breaking a foot against Blackburn last month. Chelsea face Barcelona at home on 8 March having lost 2-1 in the first leg. And Robben told the Daily Star: ""It is not impossible that I will play against Barcelona but it is just a very, very small chance - about 10%."" Robben has been an inspirational player for Chelsea this season following a switch from PSV Einhoven last summer. He added: ""My recovery is going better than we expected a few weeks ago but I think the Barcelona game will come too soon. ""I won't take any risks and come back too soon.""",sport,sport,2.356011152267456,5261,101.53515625,0.3046423
"Web helps collect aid donations The web is helping aid agencies gather resources to help cope with the aftermath of the tsunami disaster. Many people are making donations via websites or going online to see how they can get involved with aid efforts. High-profile web portals such as Google, Yahoo, Ebay and Amazon are gathering links that lead people to aid and relief organisations. So many were visiting some aid-related sites that some webpages were struggling to cope with the traffic. An umbrella organisation called the Disasters Emergency Committee (DEC) has been set up by a coalition of 12 charities and has been taking many donations via its specially created website. It urged people to go online where possible to help because donations could be processed more quickly than cash donated in other ways, meaning aid could be delivered as quickly as possible. The site has so far received almost £8 million, with more than 11,000 donations being made online every hour. Telco BT stepped in to take over the secure payments on the DEC site and provided extra logistical support for phone and online appeals after it was initially crippled with online donations. It has also provided space in London's BT tower for one of the call centres dealing with donations. Some of the web's biggest firms are also helping to channel help by modifying their homepages to include links to aid agencies and organisations collecting resources. On its famously sparse homepage Google has placed a link that leads users to a list of sites where donations can be made. Among the 17 organisations listed are Oxfam, Medecins sans Frontieres (Doctors Without Borders) and Network for Good. Many of the sites that Google lists are also taking online donations. Online retailer Amazon has put a large message on its start page that lets people donate money directly to the American Red Cross that will be used with relief efforts. Auction site eBay is giving a list of sites that people can either donate directly to, divert a portion of their profits from anything they sell on eBay to the listed organisations or simply buy items that direct cash to those in the list. Yahoo is proving links direct to charities for those that want to donate. The Auction Drop website is asking people to donate old digital cameras, computers and other gadgets they no longer want that can be auction to raise cash for the aid effort. Sadly, the outpouring of goodwill has also encouraged some conmen to try to cash in. Anti-fraud organisations are warning about e-mails that are starting to circulate which try to convince people to send money directly to them rather than make donations via aid agencies. Those wanting to give cash were urged to use legitimate websites of charities and aid agencies.",tech,business,2.4275307655334473,5267,101.54296875,0.3727351
"No UK premiere for Rings musical The producers behind the Lord of the Rings musical have abandoned plans to premiere the show in London because no suitable theatre was available. The £11.5m show will make its debut in Toronto in March 2006, after it was found that all three West End theatres with sufficient capacity were booked. The musical is not expected in London before December 2006. Producer Kevin Wallace said it would be ""worth waiting for"". ""It will be like nothing they have ever seen before."" ""I know there will be a lot of disappointed British Tolkien fans who hoped to see the show in London, but we couldn't get a London theatre in time,"" added the British producer. The world premiere of the stage musical, co-produced by Canadian theatrical impresarios David and Ed Mirvish, will take place at Toronto's Princess of Wales Theatre next year. ""Toronto really wanted this premiere. The Tolkien books and films are hugely popular in Canada,"" said Mr Wallace, shortly after signing the deal in Canada. ""We hope the anticipation and excitement over here will create an even bigger buzz by the time we open in London."" Auditions begin in Canada on Thursday, but up to five British actors may join the cast, under a deal struck with Canadian Actors' Equity. The music for the show is being written by Bollywood composer AR Rahman, who was behind Andrew Lloyd Webber's West End musical Bollywood Dreams, and in conjuction with the Finnish group Varttina. ""There will be no singing and dancing Hobbits. The music will be in a very traditional mould and draw on ethnic traditions,"" assured Mr Wallace. The musical's British director is Matthew Warchus, best known for staging the worldwide stage hit Art. ""The production will be a hybrid of text, physical theatre, music and spectacle never previously seen on this scale,"" he said. ""Only in the theatre are we actually plunged into the events as they happen. The environment surrounds us and we are in Middle Earth."" New Zealander Peter Jackson took 10 years to bring JRR Tolkien's fantasy trilogy to the big screen, winning Academy Awards for best film and best director for the final film The Return of the King in 2004.",entertainment,entertainment,2.2296578884124756,5275,101.54296875,0.1914234
"'Hitler' row over Welsh arts cash An artist critical of Welsh arts funding being brought under assembly government control has denied comparing the idea with dictatorships in Russia and Germany. Shani Rhys James is worried that the Arts Council of Wales may be taken over by the Welsh Assembly Government. Culture Minister Alun Pugh said it would be ""crass and ignorant"" to liken a quango review to Hitler's Germany. But Ms James emphasised she had actually said artists needed freedom. The future of the Arts Council of Wales has been in question since it was announced that most Welsh quangos would eventually be abolished. It was announced last July that three Welsh quangos, education and training body Elwa, the Wales Tourist Board and the Welsh Development Agency, would be brought under assembly government control. The Arts Council of Wales may be among the next to come under the assembly government's umbrella. But Ms James, who won the £30,000 Jerwood painting prize in 2003, said arts funding should be separate from government. Ms James told BBC Radio Wales: ""It's quite dangerous when you involve politicians because it's not like the health service and it's not like the railways. ""Free expression is absolutely vital in a democratic society. You need distance, you do not need government interference because it could be taken the wrong way."" But she said reports that she had likened the assembly government to totalitarian regimes were inaccurate. She told Good Morning Wales: ""Just to put the record straight, that business in the paper where it said I likened the government to Bolshevik Russia or Hitler's Germany, the actual quote I gave was: 'It is vital to a civilised society that we allow artists to express themselves without government control'. ""As we know from past European history, i.e. Russia and Germany in the early 20th Century, artists will go underground or leave the country or rather than compromise their expression'. ""Artists need a free voice to express themselves - they reflect a truth through their own art forms.'"" She said the assembly government was not best placed to run the arts in Wales. She added: ""It would be a momentous change and devastating to the arts. It would set the arts scene back 60 years, because I really don't think the government has the expertise. ""If you have the National Assembly taking control, I fear you are going to be going back to the dragons and leeks and the choirs. ""Wales has moved on. It is international now. It is not set back in How Green Was My Valley?"" Responding to Ms James' criticisms, Mr Pugh said: ""The structure of unelected quangos is under review and we have made it clear that further announcements are due shortly. ""Comparing the Welsh Assembly Government to Hitler's Germany is a crass and ignorant response to a real issue about democratic accountability."" Ms James, whose father was Welsh, was born in Melbourne where her parents worked in the theatre. She moved to Powys nearly 20 years ago where she works from her studio near Llangadfan. She has won a number of arts prizes including the Wales Open in 1989 and the Mostyn Open in 1991.",politics,politics,2.495211362838745,5276,101.54296875,0.4519735
"Housewives lift Channel 4 ratings The debut of US television hit Desperate Housewives has helped lift Channel 4's January audience share by 12% compared to last year. Other successes such as Celebrity Big Brother and The Simpsons have enabled the broadcaster to surpass BBC2 for the first month since last July. However the channel's share of the audience fell from 11.2% to 9.6% last month in comparison with January 2004. Celebrity Big Brother attracted less viewers than its 2002 series. Comedy drama Desperate Housewives managed to pull in five million viewers at one point during its run to date, attracting a quarter of the television audience. The two main television channels, BBC1 and ITV1, have both seen their monthly audience share decline in a year on year comparison for January, while Five's proportion remained the same at a slender 6.3%. Digital multi-channel TV is continuing to be the strongest area of growth, with the BBC reporting Freeview box ownership of five million, including one million sales in the last portion of 2004. Its share of the audience soared by 20% in January 2005 compared with last year, and currently stands at an average of 28.6%.",entertainment,entertainment,2.392770290374756,5275,101.54296875,0.3528212
"Boris opposes mayor apology Ken Livingstone should ""stick to his guns"" and not apologise for his ""Nazi"" comment to a Jewish reporter, Tory MP Boris Johnson has insisted. Mr Johnson also claimed Tony Blair's intervention in the row was ""an attempt to reassure Jewish voters"". London mayor Mr Livingstone says he is ""standing by"" his remarks which likened an Evening Standard journalist to a ""concentration camp guard"". But the prime minister says it is time for Mr Livingstone to say sorry. Labour's Mr Livingstone has said his comments may have been offensive but were not racist, and said earlier this week he would not apologise even if Mr Blair asked. Later the prime minister said: ""A lot of us in politics get angry with journalists from time to time, but in the circumstances, and to the journalist because he was a Jewish journalist, yes, he should apologise."" However, Mr Johnson, who was forced to apologise last year for an article in the magazine he edits about Liverpudlians grieving over the death of British hostage Ken Bigley, said Mr Blair ""should butt out of"" the row. ""I don't see why the prime minister has to get involved in this,"" The Spectator editor told BBC Radio 4's Today programme. ""It's a dispute between Ken Livingstone and a reporter on the Evening Standard."" Mr Johnson, MP for Henley-on-Thames, Oxfordshire, said he suspected Labour was now trying to reassure Jewish voters ""because of this curious way in which Labour seems to be trying to curry favour with disillusioned Muslim voters who may be disillusioned about the war"". ""Ken doesn't think he's got anything to say sorry for and if that's really his feeling, then I think that he should stick to his guns,"" he said. Mr Johnson apologised last October for perpetuating an ""outdated stereotype"" of Liverpool in the leader article on the death of Mr Bigley. The article in the magazine suggested grieving Liverpudlians were wallowing in their victim status. It also attributed blame to drunken Liverpool football fans for the 1989 Hillsborough disaster in which 96 died. Mr Johnson told Today: ""It's perfectly true that I got into the grovelling game myself and when I apologised there were some things that I felt I ought to say sorry for ... there were also other things I didn't think I should apologise for,"" he said. ""But here's old Ken - he's been crass, he's been insensitive and thuggish and brutal in his language - but I don't think actually if you read what he said, although it was extraordinary and rude, I don't think he was actually anti-Semitic.""",politics,politics,2.255685329437256,5294,101.54296875,0.2242785
"Gamers snap up new Sony PSP Gamers have bought almost all of the first batch of Sony's new PlayStation Portable (PSP) games console, which went on sale in Japan on Sunday. Thousands of people queued for hours to get hold of one of the 200,000 PSPs which were shipped to retailers. The handheld console can play games, music and movies and goes on sale in Europe and North America next year. Despite the demand Sony said it would not increase the 500,000-strong stock of PSPs it plans to ship by year's end. Sony says it intends to ship three million of the consoles by March 2005. The company is hoping to challenge the dominance of Nintendo in the handheld market. Nintendo released its new DS console earlier this year and has already raised shipment targets for the device by 40%. The PSP is selling in Japan for 19,800 yen ($188; £98) while Nintendo's DS console sells in the US and Japan for $150 (£78). Nintendo's goal is to ship 5 million of its new Nintendo DS handheld consoles by March 2005.",tech,tech,2.3095014095306396,5278,101.54296875,0.2696668
"Go-ahead for Balkan oil pipeline Albania, Bulgaria and Macedonia has given the go ahead for the construction of a $1.2bn oil pipeline that will pass through the Balkan peninsula. The project aims to allow alternative ports for the shipping of Russian and Caspian oil, that normally goes through Turkish ports. It aims to transport 750,000 daily barrels of oil. The pipeline will be built by the US-registered Albanian Macedonian Bulgarian Oil Corporation (AMBO). The 912km pipeline will run from the Bulgarian port of Burgas, over the Black Sea to the Albanian city of Vlore on the Adriatic coast, crossing Macedonia. The project was conceived in 1994 but it was delayed because of the lack of political support. By signing the agreement on Tuesday, the prime ministers of Bulgaria, Albania and Macedonia have overcome the problem. ""This is one of the most important infrastructure projects for regional, EU, and Euro-Atlantic integration for the western Balkans,"" said Albanian Prime Minister Fatos Nano. According to Pat Ferguson, President of AMBO, work on the pipeline will begin in 2005 and it is expected to be ready in three or four years. He added that the company had already raised about $900m from the Overseas Private Investment Corporation (OPIC) - a US development agency - the Eximbank and Credit Suisse First Boston, among others. The project has also the support of the European Union. Analysts have said that oil companies like ChevronTexaco, Exxon Mobil and British Petroleum would be happy to find alternative routes to the Bosphorus and Dardanelles Straits.",business,business,2.446195363998413,5277,101.54296875,0.3956162
"Argentina, Venezuela in oil deal Argentina and Venezuela have extended a food-for-oil deal, which helped the former to overcome a severe energy crisis last year. Argentine President Nestor Kirchner and Venezuelan President Hugo Chavez signed the deal in Buenos Aires on Tuesday. Last April, Argentina signed a $240m agreement to import Venezuelan fuel in exchange for agricultural goods and this deal has now been extended. Venezuela will now import cattle, medicines and medical equipment. Last year, Argentina's severe energy crisis forced President Kirchner to suspend gas exports to Chile. Argentina fears that rising demand could spark another crisis and wants to prevent it by signing this deal. The two countries also formalised a co-operation deal between Venezuelan energy firm PDVSA and Argentina's Enarsa. Under this deal, the Argentine market will be opened to Venezuelan investment. President Chavez added that Brazil's Petrobras could join soon the co-operation deal. President Chavez is an ardent promoter of the concept of a South American oil company, which could include the state-owned companies of Venezuela, Argentina, Brazil and Bolivia. The two presidents also agreed to create 'Television Sur', a Latin American network of state-owned television channels.",business,business,2.3558974266052246,5277,101.8671875,0.3159275
"Argentina closes $102.6bn debt swap Argentina is set to close its $102.6bn (£53.51bn) debt restructuring offer for bondholders later on Friday, with the government hopeful that most creditors will accept the deal. The estimated loss to bondholders is up to 70% of the original value of the bonds, yet the majority are expected to accept the government's offer. Argentina defaulted on its debt three years ago, the biggest sovereign default in modern history. Yesterday Argentina's economy minister, Roberto Lavagna, said that he estimated that the results of the restructuring would be ready around next Thursday (3 March). Argentina's President, Nestor Kirchner, said on Friday: ""A year ago when we started the swap (negotiations), they told us we were crazy, that we were irrational."" But he added that his government was close to achieving: ""The best debt renegotiation in history."" The country has been in default on the $102.6bn - based on an original debt of $81.8bn plus interest - for the past three years. If the offer does not go ahead, international lawsuits on behalf of aggrieved investors could follow but analysts are optimistic that it will go through, despite the tough terms for bondholders. About 70% to 80% of bondholders are expected to accept the terms of the offer. By 18 February, creditors holding $41bn - or 40% of the total debt - had accepted the offer. Sorting out its debt would enhance the country's credibility on international markets and enable it to attract more foreign investment. Of Argentina's bondholders, 38.4% reside in Argentina, 15.6% in Italy, 10.3% in Switzerland, 9.1% in the United States, 5.1% in Germany and 3.1% in Japan. Investors in the UK, Holland and Luxembourg have about 1% each and the remainder were not broken down by country. The deal is likely to be taken up most enthusiastically by domestic investors, who will benefit if Argentina's economy becomes more stable.",business,business,2.5069096088409424,5277,101.953125,0.476354
"Fox 'too reliant on reality TV' The head of US TV network Fox has admitted the broadcaster had relied too heavily on reality TV shows such as the poor-rating Who's Your Daddy. Chief executive Gail Berman said ""in the case of this fall we drifted to too much on the unscripted side"". The series Who's Your Daddy, where a young woman tries to pick her natural father for a cash prize caused outrage from adoption groups and rated badly. Last season, Fox's prime-time audience fell by 600,000 to 5.9 million. Ms Berman said: ""I think the audience expects loud things from Fox. Sometimes they work, and sometimes they don't."" Who's Your Daddy, the first episode of which was shown on 3 January, pulled in a disappointing audience of 6.3 million, according to the Nielsen ratings system. Five other episodes of the show had also been filmed will be dropped from Fox's schedules, Ms Berman said. She was predicting a drop in ratings even for some of the network's established reality shows, such as American Idol, which is due to start its fourth series this week. Fox had unveiled a new strategy last year promising to launch new shows every season, including the traditionally quiet summer season. Though that had met with a poor reception, Ms Berman said ""there's no question that the audience, in our mind, is ready, willing and able to accept new programming in the summer"". Fox has changed this plan, launching new shows in May instead of June. One of the new shows will be the animated series American Dad, made by Seth MacFarlane, the creator of Family Guy. That series, after becoming a hit on DVD, is also set to return with new episodes.",entertainment,entertainment,2.390836238861084,5277,101.953125,0.3468487
"The gaming world in 2005 If you have finished Doom 3, Half Life 2 and Halo 2, don't worry. There's a host of gaming gems set for release in 2005. WORLD OF WARCRAFT The US reception to this game from developers Blizzard has been hugely enthusiastic, with the title topping its competitors in the area of life-eating, high-fantasy, massively multiplayer role-player gaming. Solid, diverse, accessible and visually striking, it may well open up the genre like never before. If nothing else, it will develop a vast and loyal community. Released 25 February on PC. ICO 2 (WORKING TITLE) Ico remains a benchmark for PS2 gaming, a title that took players into a uniquely atmospheric and artistic world of adventure. The (spiritual) sequel has visuals that echo those of the original, but promises to expand the Ico world, with hero Wanda taking on a series of giants. The other known working title is Wanda And Colossus. Release date to be confirmed on PS2. THE LEGEND OF ZELDA The charismatic cel imagery has been scrapped in favour of a dark, detailed aesthetic (realism isn't quite the right word) that connects more with Ocarina Of Time. Link resumes his more teenage incarnation too, though enemies, elements and moves look familiar from the impressive trailer that has been released. Horseback adventuring across a vast land is promised. Release date to be confirmed on GameCube. ADVANCE WARS DS The UK Nintendo DS launch line-up is still to be confirmed at time of writing, but titles that exploit its two-screen and touch capacity, like WarioWare Touched! and Sega's Feel The Magic, are making a strong impression in other territories. Personally, I can't wait for the latest Advance Wars, the franchise that has been the icing on the cake of Nintendo handheld gaming during the past few years. Release date to be confirmed on DS. S.T.A.L.K.E.R. Following in the high-spec footsteps of Far Cry and Half-Life 2, this looks like the key upcoming PC first-person shooter (with role-playing elements). The fact that it is inspired in part by Andrei Tarkovsky's enigmatic 1979 masterpiece Stalker and set in 2012 in the disaster zone, a world of decay and mutation, makes it all the more intriguing. Released 1 March on PC. METAL GEAR SOLID: SNAKE EATER More Hideo Kojima serious stealth, featuring action in the Soviet-controlled jungle in 1964. The game see Snake having to survive on his wits in the jungle, including eating wildlife. Once again, expect cinematic cut scenes and polished production values. Released March on PS2. DEAD OR ALIVE ULTIMATE Tecmo's Team Ninja are back with retooled and revamped versions of Dead Or Alive 1 and 2. Here's the big, big deal though - they're playable over Xbox Live. Released 11 March on Xbox. KNIGHTS OF THE OLD REPUBLIC II Looks set to build on the acclaimed original Star Wars role playing game with new characters, new Force powers and a new set of moral decisions, despite a different developer. Released 11 February on Xbox and PC.",tech,tech,2.5090785026550293,5277,101.953125,0.4655879
"Fockers keeps US box office lead Film comedy Meet The Fockers, sequel to Meet The Parents, has topped the US box office for a third week. The movie, which stars Ben Stiller, Robert De Niro, Dustin Hoffman and Barbra Streisand, took $28.5m (£15.2m), making a total of 204.3m (£109m). Michael Keaton thriller White Noise was second with $24m (£12.8m) despite negative reviews. Martin Scorsese's Howard Hughes biopic The Aviator came third with $7.6m (£4m) and a total of $42.9m (£22.8m). Children's adventure Lemony Snicket's A Series of Unfortunate Events, starring Jim Carrey and Meryl Streep, fell two places to fourth position with $7.4m (£3.9m). It is also the ninth Jim Carrey film to hit the $100m (£53.2m) mark, according to Exhibitor Relations. And Fat Albert, a live-action adaptation of Bill Cosby's TV cartoon, fell one place to number five, with takings over the three days beginning on Friday of $5m (£2.6m). Ocean's Twelve took sixth place in the US chart with $5.4m (£2.8m), but it led the non-US chart at the weekend, according to Hollywood Reporter, with an estimated $17.7m (£9.4m) and total takings of $137m (£73m). The Incredibles took $300m (£160m) outside the US, while Meet the Fockers topped box office charts in Australia and Mexico with non-US takings of $19.35m (£10.2m).",entertainment,entertainment,2.3703861236572266,5277,101.953125,0.3376324
"US adds more jobs than expected The US economy added 337,000 jobs in October - a seven-month high and far more than Wall Street expectations. In a welcome economic boost for newly re-elected President George W Bush, the Labor Department figures come after a slow summer of weak jobs gains. Jobs were created in every sector of the US economy except manufacturing. While the separate unemployment rate went up to 5.5% from 5.4% in September, this was because more people were now actively seeking work. The 337,000 new jobs added to US payrolls in October was twice the 169,000 figure that Wall Street economists had forecast. In addition, the Labor Department revised up the number of jobs created in the two previous months - to 139,000 in September instead of 96,000, and to 198,000 in August instead of 128,000. The better than expected jobs data had an immediate upward effect on stocks in New York, with the main Dow Jones index gaining 45.4 points to 10,360 by late morning trading. ""It looks like the job situation is improving and that this will support consumer spending going into the holidays, and offset some of the drag caused by high oil prices this year,"" said economist Gary Thayer of AG Edwards & Sons. Other analysts said the upbeat jobs data made it more likely that the US Federal Reserve would increase interest rates by a quarter of a percentage point to 2% when it meets next week. ""It should empower the Fed to clearly do something,"" said Robert MacIntosh, chief economist with Eaton Vance Management in Boston. Kathleen Utgoff, commissioner of the Bureau of Labor, said many of the 71,000 new construction jobs added in October were involved in rebuilding and clean-up work in Florida, and neighbouring Deep South states, following four hurricanes in August and September. The dollar rose temporarily on the job creation news before falling back to a new record low against the euro, as investors returned their attention to other economic factors, such as the US's record trade deficit. There is also speculation that President Bush will deliberately try to keep the dollar low in order to assist a growth in exports.",business,business,2.4655559062957764,5309,101.953125,0.4155792
"Former NI minister Scott dies Former Northern Ireland minister Sir Nicholas Scott has died at a London hospice, his family has announced. The former Conservative MP for Kensington and Chelsea, died after a long illness diagnosed as Alzheimer's. The 71-year-old served in Northern Ireland from 1981 to 1987 during the premiership of Margaret Thatcher. As a Northern Ireland minister he dealt with education and later security where he rode out the mass IRA escape from the Maze in 1983. In education, he encountered criticism over school closures and the future of the Catholic training colleges. He also merged the New University of Ulster and the Ulster Polytechnic to create the University of Ulster. Sir Nicholas was a strong defender of the Anglo-Irish Agreement and was held in esteem in Dublin government and SDLP circles. But he experienced hostility from unionists some of whom dubbed him ""Minister of Discord"". After leaving Northern Ireland in a reshuffle, he became a UK disability minister. Sir Nicholas was replaced as the member for Kensington and Chelsea by the flamboyant Alan Clark, after being deselected by his constituency in December 1996. His deselection followed a series of scandals including being found slumped in the street by police during the Tory Party conference in Bournemouth and taken back to his hotel. Sir Nicholas claimed strong painkillers he was taking for a back problem had reacted badly with a small amount of alcohol. After his sacking, he bitterly said that despite the support of Cabinet ministers and Tory backbenchers, the Eurosceptics in his constituency were ""absolutely determined to get rid of me"". His colourful career also included a very public disagreement with daughter Victoria over civil rights for the disabled. Sir Nicholas admitted he misled MPs when he denied his department had been involved in wrecking tactics designed to kill the Disability Bill in 1994. Victoria, a lobbyist for disabled rights, denounced her father's actions and heaped insult on injury when she joined the calls for him to resign. He joined the backbenches two months later.",politics,politics,2.4150025844573975,5296,101.953125,0.372508
"Visa decision 'every 11 minutes' Visa processing staff are sometimes expected to rule on an application every 11 minutes, MPs have said. Pressure was placed on staff to be efficient, rather than to do a thorough examination of an application, the Public Accounts Committee found. Every officer had an annual target of 8,000 applications - equivalent to 40 a day or one every 11 minutes. MPs want research into whether UK visa holders leave at the end of their stays, or vanish into the black market. Committee chairman Edward Leigh said: ""There is a worrying tension between quick processing and proper control over the visas issued. ""Entry clearance staff are expected to deal with a visa application in about 11 minutes which is surely too little time to look closely at the supporting documents. "" The committee's report also discussed the Romanian and Bulgarian visas scandal which led to the resignation of immigration minister Beverley Hughes last year. Committee members said the Home Office had been wrong to dismiss concerns from visa staff abroad who feared the system was being abused. Investigations carried out in the wake of Ms Hughes' resignation found more than 7,000 people had entered the UK under the business visa scheme for Romanian and Bulgarian ""entrepreneurs"". Mr Leigh said the Home Office should now consider removing those who had not set up a valid business. A Home Office spokesman said the system had been toughened and tightened since the investigation. He added ""that the traditional system of a dual decision making process for all pre-entry applications will be replaced by a single pre-entry check at post, which will be simpler and more robust against abuse than the current system"".",politics,politics,2.3527040481567383,5293,101.953125,0.3071739
"Kilroy launches 'Veritas' party Ex-BBC chat show host and East Midlands MEP Robert Kilroy-Silk said he wanted to ""change the face of British politics"" as he launched his new party. Mr Kilroy-Silk, who recently quit the UK Independence Party, said ""our country"" was being ""stolen from us"" by mass immigration. He told a London news conference that Veritas - Latin for ""truth"" - would avoid the old parties' ""lies and spin"". UKIP leader Roger Knapman says he is glad to see the back of Mr Kilroy-Silk. Mr Kilroy-Silk promised a ""firm but fair"" policy on immigration and said they hoped to contest most seats at the forthcoming general election. He said Veritas would also announce detailed policies on crime, tax, pensions, health and defence over the next few weeks. Labour campaign spokesman Fraser Kemp said Veritas was joining ""an already crowded field on the right of British politics"". On Thursday Mr Kilroy-Silk is due to announce which constituency he will run in at the next general election - that will come amid speculation he has his sights set on Defence Secretary Geoff Hoon's Ashfield seat. He was joined in the new venture by one of UKIP's two London Assembly members, Damien Hockney who is now Veritas' deputy leader. UKIP's chairman Petrina Holdsworth has said the group will just be a parody of the party the men have left. Mr Kilroy-Silk quit UKIP last week after months of tension as he vied unsuccessfully for the leadership of that party. He said he was ashamed to be a member of a UKIP whose leadership had ""gone AWOL"" after the great opportunity offered by its third place at last June's European elections. ""While UKIP has turned its back on the British people, I shall not,"" he said. ""I will be standing at the next general election. I shall be leading a vigorous campaign for the causes I believe in. ""And, unlike the old parties, we shall be honest, open and straight."" Mr Hockney also left UKIP saying Mr Kilroy-Silk would ""deliver better"" as the leader of a Eurosceptic party. A spokesman for UKIP called on Mr Hockney to quit the London Assembly. The party asserts that Mr Hockney ""has a moral obligation, if not a legal one"" to stand down. Its leader, Roger Knapman, has said he is glad to see the back of Mr Kilroy-Silk. ""He has remarkable ability to influence people but, sadly, after the [European] election it became clear that he was more interested in the Robert Kilroy-Silk Party than the UK Independence Party so it was nice knowing him, now 'goodbye',"" he said. UKIP officials also argue Mr Kilroy-Silk has not been ""straightforward"" in attacking the party he once wanted to lead. Veritas? It's the BNP in an expensive suit! It's all well and good Robert Kilroy-Silk claiming, that 'Veritas' is a party that doesn't believe in ""lies and spin"", but the truth of the matter is, its completely useless, due to proportional representation, there is no chance that 'Veritas' will have any chance in claiming power, and change the two-horse race trend. In my opinion this is just a publicity stunt which has just been used as a smoke-screen for his anti-Islamism slurs which got him sacked from the television. I think that his views regarding immigration are shared by many. It really is time that the UK government ceased to be a paper tiger on this issue. In addition as an Ashfield constituent I would be more than interested in Kilroy -Silk opposing Geoff Hoon!! Good to see the parties of the right splintering in the way the parties of the left have always done. Let's hope Kilroy-Silk, UKIP and the euro-sceptic wing of the Tory Party all fade further into obscurity so we can have some truth in the debate about Europe. We benefit enormously from our membership of the EU, we need to be at the heart of Europe, leading it and driving it to where we as a country want to go, not running away from it. All mouth and trousers. A clown. Trouble is, any votes he collects may just end up helping New Labour into a third term. Whatever Kilroy-Silk and UKIP do, none of their anti-European policies have any relevance outside middle England. This new party might gain support from right-wing England, but will have little impact in Wales or Scotland. Hopefully this all this fighting within euro-sceptic parties will allow them to slip out of the way and get people voting for real political parties which address more than one issue. England needs Europe to survive and as soon as people realise this the better, we can't rely on the USA forever! At last an impetus for increasing the likely 40% turn out for the election. The electorate is disillusioned with British politics. Kilroy has one agenda - the UK - and I'll be voting for him. Both UKIP and RK-S are representatives of small-mindedness and a lack of vision for the whole of humankind. The interests of humanity and the world lie so much beyond the scope of these people's bickering that who, in the overall scheme of things, really cares about their petty tiff? Many people believe you Kilroy. You may even believe yourself but switching horses midstream and then bad mouthing the steed that got you halfway seriously diminishes your credibility. The very idea of political parties born out of such negative feelings as Euroscepticism or British Supremacy is nauseating. One can only hope the public recognise these extremists for what they are and shun them at the polls. I've always thought that Kilroy-Silk was a self-publicising, egotist and this news does absolutely nothing to alter my opinion. Brilliant, about time this country had a plausible party! Having seen the recent BBC 3 documentary and witnessed the thoroughly disgraceful chauvinistic behaviour of a number of senior UKIP figures I can well understand why Kilroy-Silk feels embarrassed to be associated with such people. Hopefully the UKIP members who are interested in the political debate will support his action. Fantastic news. Pro-Europeans now have far less to worry about from the right. The Conservatives are as confused as they have been since the mid-1990s, and the extreme anti-Europeans are fracturing themselves into splinter groups that split any votes they might get in local, European and general elections. Robert Kilroy-Silk's ego and vanity are his own (and his supporters') worst enemy. As a euro-enthusiast I could not be more delighted by Kilroy-Silk's behaviour. He took a party that was just building up a head of steam, and having exposed it to ridicule by attempting a coup-d'etat, he is now setting about the serious business of dividing it in two. The closer to straight-down-the-middle the better, as far as I am concerned, but in any eventuality, the two sceptic parties will exhaust their energies fighting each other. If every politician with ambitions to lead their party resorted to forming their own for that purpose, we'd have ballot papers a mile long! You've got to hand it to Kilroy-Silk for his sheer arrogance and supreme self-belief. Whilst not being a great fan of Kilroy I do agree with his comments about the UKIP leadership, and like him I am also leaving UKIP. I believe countless opportunities have been lost to discredit the EU and to show our people what belonging to the EU really means. The EU's comments last week about Michael Howard's plans to reform immigration show how little we govern our own country when they can turn round and say immigration is a matter for the EU and not individual member states. The sooner we leave this corrupt super-state the better Does anyone else think that it is ironic that Euro-Sceptic Kilroy-Silk has used a Latin name for his new party, rather than a 'good old British' name? Is this indicative of the man - contradictory, vain and pompous? I think Mr Kilroy-Silk has got a very good point. British politics has become too PC and as a result has no straight talking honest strong politicians. They are all interested in their own careers and not the people who put them in power. As a result I feel our democracy is being abused and I want it stopped. If Mr Kilroy-Silk lives up to half his promises he will get my vote. Honestly, who really cares? Man with tan leaves party with no plan, to set up party with no idea. As one of Kilroy-Silk's East Midlands constituents I hope those who voted for him are proud to have been taken in by such charming vacuity. I feel insulted by having him represent me in the European Parliament. UKIP tried hard to accommodate Robert Kilroy Silk, but he made it clear that only control of it would satisfy him. Someone so keen on complete control was bound to fall foul of UKIP's democratic nature. Kilroy is an able communicator and a capable politician, in exactly the way those who lead UKIP are not. He tried to make it work, but they didn't seem to want to grow up. He was left in the position of having to defend their gaffes to the media. This new party seems a logical next step for Kilroy. Good luck to the man, I say. Oh please! This is an amusing irrelevance. There is absolutely no chance of either of these parties communicating a sensible and constructive 'Eurosceptic' argument. They will play a key part in winning the country round to the idea of a reformed, more democratic, more dynamic Europe Union. Future generations will thank him for his ridiculousness. The refreshing thing about Robert is that he is open, honest and straight. What other politician can claim this. I have a suspicion that he talks for a larger part of the electorate that his critics would like. I shall be voting for him. The electorate of the East Midlands voted not for Kilroy-Silk but for the UKIP. Kilroy-Silk was made an MEP because of his position on the UKIP's party list. He has no mandate to represent the area and should resign from the European Parliament. I wouldn't write off Kilroy-Silk. While he's a clown and a one man band at the moment, he's a populist and that's always dangerous.The man clearly has an enormous ego and looking at our current political masters, that seems to be one of the factors in success. Good luck to Kilroy though I think he is doing more harm than good for both his new party and UKIP because their vote base is not strong enough for both parties to be successful and at the moment UKIP have the upper hand while Veritas are starting from square one and fighting a somewhat uphill battle. The man I once found cringe worthy on Day time TV, could well turn out to be my country's knight in shining armour. He expresses views which are now more than common amongst society today - but people are almost too scared to express them. Kilroy Silk has secured my vote, and many more like me. What's more, I look forward to the day when he claims victory, wrecks the EU, and rescues my great nation... without a hair out of place and his tan as perfect as ever! Great Stuff. The longer the UK dithers over Europe, the richer we in Ireland become, as the only English-speaking country fully committed to Europe. Oh and send us over those hard-working immigrants - our economy needs them. This is just what the Europhiles pray for. As the main Eurosceptic party, UKIP should try to resolve its differences with Kilroy to show a united front and give the UK public a serious political voice against Europe. Having multiple parties with the same view point just splits the vote further. Thank goodness that Kilroy-Silk has gone - now UKIP at least has a chance in the election! It is very sad to see the cause of Britain regaining its proper relationship with Europe damaged by this split within UKIP. Robert Kilroy-Silk could have a lot to offer. Instead we have a split party and a damaged cause. Under the present electoral system, people must work together, and small parties have no hope of representation. Last summer, UKIP achieved a major advance, partly and only partly due to Kilroy-Silk. It is a great shame this has been dissipated in in-fighting. UKIP has a wide platform of policies, not just withdrawal from the EU. This Kilroy-Silk conveniently ignores in the comments surrounding the launch of his own party. Neither the English Democrats nor the New Party were interested in letting him join them and take over their leadership speaks volumes. Veritas is the beginning of the end for Kilroy-Silk. If he believes in truth and democracy then he and the two assembly members should resign and force a by-elections to stand on their own platform rather than this backdoor approach to politics of being elected for one party then defecting to another. So UKIP was good enough for him to lead, not good enough for him to follow! Interesting that a party committed to plain speaking should have a Latin name! Every opinion poll points to an overwhelming anti-Europe feeling in this country. Kilroy-Silk could be on the verge of something huge if he can broaden his appeal beyond this one issue. He is an extremely able communicator with years of political experience. We wants quality schools, top hospitals, clean and efficient public transport, punishments that fit the crime, limited asylum, a purge on bureaucracy and less taxes. It needs courage and honesty, two qualities sadly lacking in our politicians. Kilroy-Silk may just have those very qualities. Recruit the right colleagues, Robert, and your time may have come! Well if you cannot get enough limelight being an ordinary MP then go out and start up your own Party. It's all flash and no real policy here Let's hope this is the start of both UKIP and Kilroy-Silk slipping into obscurity. Veritas? The name will doom it. But perhaps I am wrong for surely all modern schoolchildren will understand it since they do still learn Latin in the classroom do they not? The whole essence of what RKS represents is Euroscepticism, so explain to me how the too-twee label of Veritas symbolises that?",politics,politics,14.234615087509155,5281,101.96875,12.2039002
"Greer attacks 'bully' Big Brother Germaine Greer has criticised Celebrity Big Brother's ""bullying"" of housemates after quitting the reality TV show. She said ""superior"" bullying tactics, like making housemates cold and hungry, could encourage playground bullying. She also condemned the ""complete irresponsibility"" of adding Brigitte Nielsen's former mother-in-law Jackie Stallone to the house on Monday. Nielsen had panicked that if she reacted badly it could harm her access to her children, Greer said. The feminist writer and broadcaster said Big Brother had behaved ""like a child rather than a parent"" by taunting contestant John McCririck after denying him a cola drink. ""I thought it was actually demonstrating the role of taunting in the playground and there are so many children whose lives have actually been destroyed by taunting in the playground,"" Greer said. She also said that her fellow housemates had publicity-seeking ""agendas"". ""I had no idea who would be in here and it's wrong for me to present myself in the same context as they are."" Media observers had been surprised by Greer's initial decision to join the third celebrity version of the Channel 4 reality TV show, given that she has written critical articles about the format in the past. As she packed her suitcase to leave the house she told fellow housemates: ""I'm leaving over specific issues, but best for everyone if I don't discuss them. ""I have a problem with decisions, I make them fast and when I make them, I stick to them."" Greer had earlier failed to persuade other contestants to stage a naked protest against Big Brother. Other celebrities to walk out of a reality show TV include Sex Pistol John Lydon, former EastEnders actress Danniella Westbrook and ex-E17 singer Brian Harvey who all left I'm A Celebrity... Get Me Out Of Here. Previous Big Brother housemates to leave before their time were Sunita Sharma and Sandy Cumming from the third series of the non-celebrity version of the show. VOTE Was Germaine Greer right to leave Celebrity Big Brother? Yes No Results are indicative and may not reflect public opinion Happy Mondays dancer Bez is now 2-1 favourite to win the show, followed by Blazin' Squad singer Kenzie at 5-2 and actor Jeremy Edwards at 4-1. Ladbrokes spokesman Warren Lush said that the series was still ""wide open"", adding that the last 24 hours had also seen a rush of bets on McCririck slashing his odds to 8-1. DJ Lisa I'Anson is the outsider with odds of 40-1, while Jackie Stallone, who joined the house on Monday, is also one of the less popular housemates at 20-1. The first eviction of the series has now been postponed after Greer's exit unexpectedly reduced the number of competitors. The eight remaining contestants are competing for a £50,000 prize, to be donated to the charity of their choice, if they survive a series of public votes. For every 50p vote cast by viewers by telephone or text during the programme's run, 9p will go to a tsunami charity appeal.",entertainment,entertainment,2.41616153717041,5286,101.96875,0.3913651
"Clarke defends terror detentions The home secretary has defended his decision not to release foreign terror suspects despite a legal ruling their detention breached human rights laws. House of Lords law lords ruled against the detention measures last week. They said it was wrong to have one set of laws for foreign suspects and another for British suspects. New Home Secretary Charles Clarke said he would carefully consider the ruling and would return to Parliament early in the new year with proposals. He insisted that he would not be rushed into judgement but would examine the law lords' findings in detail. ""My duty is to look at first of all the security of this country and in so doing to consider very carefully the precise legal measures that there are."" Mr Clarke's comments came in response to an emergency question from Liberal Democrat constitutional affairs spokesman David Heath. Mr Heath said the judgement contained ""unprecedented condemnation and could not have been more unequivocal"". He said he accepted the difficult balance between the nation's security and human rights but questioned why the home office had made ""no contingency plans for the present circumstances"". ""These detainees should be prosecuted and tried. Simply renewing the present deeply unsatisfactory legislation is not an option."" Shadow home secretary David Davis said it was not possible to overstate the importance of the judgment and urged the government to move as fast as ""competently possible"" to sort the problem out in the interests of natural justice. ""If you do, we will give you every support."" The law lords' ruling came on Charles Clarke's first day as home secretary last Thursday following David Blunkett's resignation. In a statement on the same day, Mr Clarke said: ""I will be asking Parliament to renew this legislation in the New Year. ""In the meantime, we will be studying the judgment carefully to see whether it is possible to modify our legislation to address the concerns raised by the House of Lords."" But the government was widely criticised for insisting the detentions would continue following the ruling last week. Lord Bingham - a senior law lord - said the rules were incompatible with the European Convention on Human Rights as they allowed detentions ""in a way that discriminates on the ground of nationality or immigration status"" by justifying detention without trial for foreign suspects, but not Britons. Lord Nicholls of Birkenhead, in his ruling, said: ""Indefinite imprisonment without charge or trial is anathema in any country which observes the rule of law."" The detainees took their case to the House of Lords after the Court of Appeal backed the Home Office's powers to hold them without limit or charge. The government opted out of part of the European Convention on Human Rights concerning the right to a fair trial in order to bring in anti-terrorism legislation in response to the 11 September attacks in the US.",politics,politics,2.3900792598724365,5301,101.96875,0.359259
"Ocean's Twelve raids box office Ocean's Twelve, the crime caper sequel starring George Clooney, Brad Pitt and Julia Roberts, has gone straight to number one in the US box office chart. It took $40.8m (£21m) in weekend ticket sales, according to studio estimates. The sequel follows the master criminals as they try to pull off three major heists across Europe. It knocked last week's number one, National Treasure, into third place. Wesley Snipes' Blade: Trinity was in second, taking $16.1m (£8.4m). Rounding out the top five was animated fable The Polar Express, starring Tom Hanks, and festive comedy Christmas with the Kranks. Ocean's Twelve box office triumph marks the fourth-biggest opening for a December release in the US, after the three films in the Lord of the Rings trilogy. The sequel narrowly beat its 2001 predecessor, Ocean's Eleven which took $38.1m (£19.8m) on its opening weekend and $184m (£95.8m) in total. A remake of the 1960s film, starring Frank Sinatra and the Rat Pack, Ocean's Eleven was directed by Oscar-winning director Steven Soderbergh. Soderbergh returns to direct the hit sequel which reunites Clooney, Pitt and Roberts with Matt Damon, Andy Garcia and Elliott Gould. Catherine Zeta-Jones joins the all-star cast. ""It's just a fun, good holiday movie,"" said Dan Fellman, president of distribution at Warner Bros. However, US critics were less complimentary about the $110m (£57.2m) project, with the Los Angeles Times labelling it a ""dispiriting vanity project"". A milder review in the New York Times dubbed the sequel ""unabashedly trivial"".",entertainment,entertainment,2.407740831375122,5298,101.96875,0.3565088
"Blog reading explodes in America Americans are becoming avid blog readers, with 32 million getting hooked in 2004, according to new research. The survey, conducted by the Pew Internet and American Life Project, showed that blog readership has shot up by 58% in the last year. Some of this growth is attributable to political blogs written and read during the US presidential campaign. Despite the explosive growth, more than 60% of online Americans have still never heard of blogs, the survey found. Blogs, or web logs, are online spaces in which people can publish their thoughts, opinions or spread news events in their own words. Companies such as Google and Microsoft provide users with the tools to publish their own blogs. The rise of blogs has spawned a new desire for immediate news and information, with six million Americans now using RSS aggregators. RSS aggregators are downloaded to PCs and are programmed to subscribe to feeds from blogs, news sites and other websites. The aggregators automatically compile the latest information published online from the blogs or news sites. Reading blogs remains far more popular than writing them, the survey found. Only 7% of the 120 million US adults who use the internet had created a blog or web-based diary. Getting involved is becoming more popular though, with 12% saying they had posted material or comments on other people's blogs. Just under one in 10 of the US's internet users read political blogs such as the Daily Kos or Instapundit during the US presidential campaign. Kerry voters were slightly more likely to read them than Bush voters. Blog creators were likely to be young, well-educated, net-savvy males with good incomes and college educations, the survey found. This was also true of the average blog reader, although the survey found there was a greater than average growth in blog readership among women and those in minorities. The survey was conducted during November and involved telephone surveys of 1,324 internet users.",tech,tech,2.4614439010620117,5300,101.9765625,0.4312917
"Serena becomes world number two Serena Williams has moved up five places to second in the world rankings after her Australian Open win. Williams won her first Grand Slam title since 2003 with victory over Lindsay Davenport, the world number one. Men's champion Marat Safin remains fourth in the ATP rankings while beaten finalist Lleyton Hewitt replaces Andy Roddick as world number two. Roger Federer retains top spot, but Safin has overtaken Hewitt to become the new leader of the Champions Race. Alicia Molik, who lost a three-set thriller against Davenport in the quarter-finals, is in the women's top 10 for the first time in her career. Her rise means Australia have a player in the top 10 of the men's and women's rankings for the first time in 21 years. And Britain's Elena Baltacha, who qualified and then reached the third round, has risen to 120 in the world - a leap of 65 places and her highest ranking yet.",sport,sport,2.346487522125244,5299,101.98046875,0.3093381
"How to smash a home computer An executive who froze his broken hard disk thinking it would be fixed has topped a list of the weirdest computer mishaps. Although computer malfunctions remain the most common cause of file loss, data recovery experts say human behaviour still is to blame in many cases. They say that no matter how effective technology is at rescuing files, users should take more time to back-up and protect important files. The list of the top 10 global data disasters was compiled by recovery company Ontrack. Careless - and preventable - mistakes that result in data loss range from reckless file maintenance practices to episodes of pure rage towards a computer. This last category includes the case of a man who became so mad with his malfunctioning laptop that he threw it in the lavatory and flushed a couple of times. ""Data can disappear as a result of natural disaster, system fault or computer virus, but human error, including 'computer rage', seems to be a growing problem,"" said Adrian Palmer, managing director of Ontrack Data Recovery. ""Nevertheless, victims soon calm down when they realise the damage they've done and come to us with pleas for help to retrieve their valuable information."" A far more common situation is when a computer virus strikes and leads to precious files being corrupted or deleted entirely. Mr Palmer recalled the case of a couple who had hundreds of pictures of their baby's first three months on their computer, but managed to reformat the hard drive and erase all the precious memories. ""Data can be recovered from computers, servers and even memory cards used in digital devices in most cases,"" said Mr Palmer. ""However, individuals and companies can avoid the hassle and stress this can cause by backing up data on a regular basis.""",tech,tech,2.391268253326416,5302,102.0,0.3393302
"Bellamy under new fire Newcastle boss Graeme Souness has reopened his dispute with Craig Bellamy after claiming the Welshman was ""not good enough"" for the Magpies. Bellamy left Newcastle to join Celtic on loan after a major row with Souness. Souness - who refused to refer to the 25-year-old by name - said Bellamy did not score enough goals ""The chap that's just gone has scored 9.3 goals a season in his time in senior football - half of those weren't even in the top flight,"" said Souness. ""That's not good enough for a striker at a club like this. ""We need to have two strikers who are near 20 goals on a regular basis."" Bellamy turned down a move to Birmingham in favour of joining Celtic after a disagreement about the Welsh international playing out of position quickly escalated. Earlier in the week, Souness had said that he risked losing the confidence of the players and damaging his own reputation if he had not taken a hard line after Bellamy accused him of lying. ""There are certain things you can forgive and forget,"" said Souness. ""But if I'd been seen to be weak in this case there was no future for me with the players in the dressing room or any job I have after Newcastle."" He could then return to St James' Park - and he says that he wants to. However, it would seem unlikely he will play for Newcastle again as long as Souness remains in charge.",sport,sport,2.409228563308716,5302,102.0,0.3712687
"Sculthorpe wants Lions captaincy Paul Sculthorpe has admitted he would love to succeed Andy Farrell as Great Britain skipper if the Wigan star does switch codes to rugby union. Sculthorpe was vice-captain in the Tri-Nations, and took the St Helens captaincy from Chris Joynt last year. ""I would definitely want the job - I make no bones about it,"" Sculthorpe told BBC Sport. ""It's something I've always wanted to do. I'd gladly take it if it was offered to me."" The 27-year-old, who captained St Helens to Challenge Cup success last year, said following in the footsteps of Farrell would be a challenge. ""Andy would be a hard act to follow but it's something I'm confident of being up to,"" he said. ""The GB team isn't a one-man team. There are a lot of good young players who are pushing for places anyway."" Sculthorpe said the rugby league world would understand if Farrell did decide to move to rugby union. ""It's a short career and you have to make of it what you can,"" said Sculthorpe. ""Nobody can blame him if he does go - he's done everything in the game of rugby league. ""Financially it could set him up for life. If he fancies a new challenge, then who could fault him?"" Sculthorpe also called on the rugby league authorities to have a serious look at the number of games the top players are being asked to play. Sean Long, Sculthorpe's Saints and Lions team-mate, has expressed doubts about his international future ""I think Sean's situation is to do with the sheer number of games we're playing,"" he said. ""The way he's looking at it is that if he can extend his career by a couple of years by not playing international rugby, then he's willing to do that. ""The RFL has got to do something about the fixtures. We're playing 42 weeks of the year and it's too much. ""A lot of the niggly injuries that I've suffered with over the last couple of years have come about because of the lack of rest time."" St Helens have been strongly linked with a move for brilliant young forward Sonny Bill Williams, and Sculthorpe said he would love the 19-year-old to come to Knowsley Road. ""He's a great player - a big strong lad who can certainly hit hard in defence, but who is also very skilful,"" he said. ""I'd love him to come to St Helens. Who knows what might happen? But you want the best players in your team, and he's certainly one of the best players in the world.""",sport,sport,2.490096092224121,5341,102.0,0.4357726
"Lib Dems 'to target stamp duty' The Liberal Democrats are promising to raise the stamp duty threshold if they win the general election, in a bid to court first-time house buyers. Vince Cable, the party's Treasury spokesman, said raising the threshold to £150,000 would prevent over 400,000 home-buyers from paying the tax. He said first-time buyers were being ""squeezed out"" of the housing market. The Labour party said the Liberal Democrats needed to explain how they would pay for the plan. The plan forms part of a wider Lib Dems policy to encourage first time buyers and those on lower incomes into the market. Under the proposals, the average saving for a new buyer would be more than £1,000, according to Mr Cable. ""First time buyers are being squeezed out of the housing market not only by higher house prices but also by being swept into the stamp duty net,"" he said. ""By failing to uprate the stamp duty threshold Gordon Brown has hit first time buyers and those on low incomes the hardest. ""By pledging to increase the threshold to £150,000, the Liberal Democrats will make it possible for many first time buyers to buy a property without facing this tax."" Paul Boateng MP, Labour's Chief Secretary to the Treasury, said: ""The Lib Dems' sums don't add up. ""They can have no credibility until they can say how they would fund their ever growing list of tax and spending commitments."" Mr Cable will publish his ""Alternative Budget"" on Monday.",politics,politics,2.359893560409546,5326,102.0,0.3116264
"Farrell saga to drag on - Lindsay Wigan chairman Maurice Lindsay says he does not expect a quick solution to the on-going saga of captain Andy Farrell's possible switch to rugby union. Leicester and Saracens are leading the chase for the player, but Lindsay told the BBC it was not yet a done deal. ""As well as the Rugby Football Union, the league, the individual club and the England coaching team have a say, so it's not a quick decision,"" he said. ""He's given us 12 years service so if he wants to go, we'd support him."" The prospect of Farrell switching codes has been the main talking point of the Super League season so far. ""It came as a bolt out of the blue to us,"" admitted Lindsay. ""But he's a very loyal friend to the club, so there's no question that he's deserting us. He just fancies a challenge."" Although the move would be a lucrative one for both Farrell and Wigan, Lindsay said money was not a motivating factor for the club. ""The money side of things hasn't been concluded, but it's not the point for Wigan,"" he told Radio Five Live. ""A shortage of money has never been a problem for us. ""Even if we did have it, under the salary cap we can't spend a penny of it anyway - we'd rather have the player."" Lindsay also said he understood why rugby union was so interested in signing up Farrell. ""It'd be a great loss for us but a great boost for them,"" said the Warriors chief. ""This guy is an absolute sporting icon. He's been at the top for so long and has demonstrated so many attributes that you need to make it in a tough contact sport. ""Athletes like him - Ellery Hanley and Martin Johnson - don't come along very often. You're very lucky to have them whilst you've got them.""",sport,sport,2.3945088386535645,5293,102.00390625,0.3374315
"More power to the people says HP The digital revolution is focused on letting people tell and share their own stories, according to Carly Fiorina, chief of technology giant Hewlett Packard. The job of firms such as HP now, she said in a speech at the Consumer Electronics Show (CES), was to ensure digital and physical worlds fully converged. She said the goal for 2005 was to make people the centre of technology. CES showcases 50,000 new gadgets that will be hitting the shelves in 2005. The tech-fest, the largest of its kind in the world, runs from 6 to 9 January. ""The digital revolution is about the democratisation of technology and the experiences it makes possible,"" she told delegates. ""Revolution has always been about giving power to the people."" She added: ""The real story of the digital revolution is not just new products, but the millions of experiences made possible and stories that millions can tell."" Part of giving people more control has been about the freeing up of content, such as images, video and music. Crucial to this has been the effort to make devices that speak to each other better so that content can be more easily transferred from one device, such as a digital camera, to others, such as portable media players. A lot of work still needs to be done, however, to sort out compatibility issues and standards within the technology industry so that gadgets just work seamlessly, she said. Ms Fiorina's talk also touted the way technology is being designed to focus on lifestyle, fashion and personalisation, something she sees as key to what people want. Special guest, singer Gwen Stefani, joined her on-stage to promote her own range of HP digital cameras which Ms Stefani has helped design and which are heavily influenced by Japanese youth culture. The digital cameras, which are due to go on sale in the US by the summer, are based on the HP 607 model. The emphasis on personalisation and lifestyle is a big theme at this year's CES, with tiny, wearable MP3 players at every turn and rainbow hues giving colour to everything. Ms Fiorina also announced that HP was working with Nokia to launch a visual radio service for mobiles, which would launch in Europe early this year. The service will let people listen to radio on their mobiles and download relevant content, like a track's ringtone, simultaneously. The service is designed to make mobile radio more interactive. Among the other new products she showcased was the Digital Media Hub, a big upgrade to HP's Digital Entertainment Centre. Coming out in the autumn in the US, the box is a networked, high-definition TV, cable set-top box, digital video recorder and DVD recorder. It has a removable hard drive cartridge, memory card slots, and Light Scribe labelling software which lets people design and print customised DVD labels and covers. It is designed to contain all a household's digital media, such as pre-recorded TV shows, pictures, videos and music so it can all be managed in one place. The hub reflects the increasing move to re-box the PC so that it can work as part of other key centres of entertainment. Research suggests that about 258 million images are saved and shared every day, equating to 94 billion a year. Eighty per cent of those remain on cameras. Media hubs are designed to encourage people to organise them on one box. Ms Fiorina was one of several keynote speakers, who also included Microsoft chief Bill Gates, to set out what major technology companies think people will be doing with technologies and gadgets in the next 12 months. In a separate announcement during the keynote speech, Ms Fiorina said that HP would be partnering MTV to replace this year's MTV Asia music award. MTV's Asia Aid will be held in Bangkok on 3 February, and is aimed at helping to raise money for the Asian tsunami disaster.",tech,tech,2.4402225017547607,5287,102.00390625,0.3992575
"Krispy Kreme shares hit Shares in Krispy Kreme Doughnuts have taken a dunking on Wall Street after the firm revealed it would have to restate its 2004 financial reports. The company warned the move would cut its profits by $3.8m to $4.9m (£2m to £2.6m) - or between 6.6% and 8.6%. Krispy Kreme said accounting errors had forced the move, adding that its board of directors made the decision to restate its accounts on 28 December. However, the company was unavailable to comment on why it had delayed the news. It also warned it might have to further restate results for 2004 and 2005. Shares in Krispy Kreme sank 14.87% - or $1.83 - to close at $10.48 on the news. The revelation comes just a month after the firm warned earnings would be cut by as much as 7.6% as a result of accounting errors. Krispy Kreme said the latest adjustments involved the way it accounted for the repurchase of three franchise restaurants. It added it would now be reviewing how it accounts for its leases. In a further blow, the firm said it had been advised that some of its franchise owners were not in compliance with their loan agreements, and warned it might need to borrow extra money if it was required to honour agreements on franchisee debts or operating leases. Krispy Kreme added that it had enough cash to fund its current operations, but it could not borrow any more under its existing agreements. ""There are many more questions than answers, especially given increased concerns regarding company liquidity,"" JP Morgan Securities analyst John Ivankoe said in a research note on the firm. The announcement is the latest blow for the one-time darling of Wall Street, which has lost 80% of its stock value in just over a year. The firm is currently facing Securities and Exchange Commission investigation of its accounts. Shareholders have also launched lawsuits against the group, claiming it made false statements and inflated sales.",business,business,2.3530282974243164,5278,102.00390625,0.3094292
"Turkey-Iran mobile deal 'at risk' Turkey's investment in Iran's mobile industry looks set to be scrapped after its biggest mobile firm saw its investment there slashed by MPs. Iran's parliament voted by a large majority to cut Turkcell's stake in a new mobile network from 70% to 49%. The move, which was justified on national security grounds, follows an earlier vote by MPs to give themselves a veto over foreign investments. Turkcell said the decision ""increases the risks"" attached to the project. Although the company's statement said it would continue to monitor developments, observers said they thought Turkcell was set to pull out of the $3bn deal. ""The possibility of carrying out this project is next to zero,"" said Atinc Ozkan, analyst at Finans Investment in Istanbul. If Turkcell does back out, MTN - the South African firm which lost out in the original tender - may well be back in the running. The company has said it is prepared to accept a minority stake if Iran will award it the mobile deal. Turkcell's mobile deal is the second Turkish investment in Iran to run into trouble. Turkish-Austrian consortium TAV was chosen to build and run Tehran's new Imam Khomeini International Airport - but the army closed it just hours after it opened in May 2004. In both cases, the justification has been national security, amid allegations that the Turkish firms are too close to Israel. The hardline posture taken by parliament, which is dominated by religious conservatives, could yet impact other inward investments.",business,business,2.3526203632354736,5276,102.03515625,0.3134695
"Ireland surge past Scots Ireland maintained their Six Nations Grand Slam ambitions with an impressive victory over Scotland at Murrayfield. Hugo Southwell's try gave the Scots an early 8-0 lead but scores from locks Malcolm O'Kelly and Paul O'Connell put the visitors in command by half-time. A third try from wing Denis Hickie and third penalty from Ronan O'Gara, who kicked 13 points, extended the lead. Jon Petrie scored a second try for Scotland but late scores from John Hayes and Gavin Duffy sealed victory. After two hard-earned away victories, Eddie O'Sullivan' side can now look forward to welcoming England to Lansdowne Road in a fortnight. Scotland will try to give their coach Matt Williams a first Six Nations victory when Italy come to Edinburgh, but they again struggled to turn pressure into points. The home side started with tremendous intensity and dominated territory and possession in the opening 10 minutes. A powerful charge from flanker Jason White was carried on by Ali Hogg and when Ireland conceded a penalty close to their own line, Scotland kicked it to touch. The Irish defence foiled the home side on that occasion, but a stray hand in a ruck allowed Paterson to stroke over a penalty in the eighth minute. If that was a paltry reward for their early pressure, Scotland got the try they deserved when Paterson's searing break and Andy Craig's pass sent Southwell streaking to the right corner. Paterson was off target with the conversion and fly-half Dan Parks then missed a presentable drop-goal attempt. Ireland got themselves on the scoreboard with an O'Gara penalty and by the 24th minute the visitors were ahead. Stuart Grimes pulled down O'Kelly at a line-out, Ireland kicked the penalty to touch and from the set-piece, the big lock was driven over by the rest of his pack. O'Gara added the conversion and a further penalty, after Shane Horgan almost grabbed a second try from O'Gara's chip to the corner, only for the ball to spill from his hand. But Ireland still delivered a hammer blow to Scotland's hopes just before the interval. O'Connell - skipper in the absence of Brian O'Driscoll - powered through Parks' weak tackle after a free-kick from a scrummage to burrow over. Scotland suffered a further blow on the resumption when Ireland flanker Johnny O'Connor won another vital turnover, and O'Gara's basketball pass sent Hickie over in the left corner. O'Gara converted and then thumped over a 40m penalty to give the visitors a commanding 28-8 advantage. Scotland looked bereft of ideas but a half-break from Paterson sparked them back to life just before the hour. Stuart Grimes won a line-out and a well-worked move saw Petrie scuttle round the side of the ruck to dive over in the left corner. But it proved a false dawn, and Ireland reasserted their authority in the final 10 minutes. Peter Stringer and O'Kelly combined to put giant prop Hayes over in the right corner before replacement Gavin Duffy scorched away on the left, David Humphreys adding the final flourish with a touchline conversion. : C Paterson; S Danielli, A Craig, H Southwell, S Lamont; D Parks, C Cusiter; T Smith, G Bulloch (capt), G Kerr; S Grimes, S Murray; J White, A Hogg, J Petrie. R Russell, B Douglas, N Hines, J Dunbar, M Blair, G Ross, B Hinshelwood. G Murphy; G Dempsey, S Horgan, K Maggs, D Hickie, R O'Gara, P Stringer; R Corrigan, S Byrne, J Hayes, M O'Kelly, P O'Connell, S Easterby, J O'Connor, A Foley. F Sheahan, M Horan, D O'Callaghan, E Miller, G Easterby, D Humphreys, G Duffy. Joel Jutge (France)",sport,sport,2.635791778564453,5277,102.03515625,0.5937445
"Chelsea ridiculed over complaint Barcelona assistant coach Henk Ten Cate has branded Chelsea's expected complaint to Uefa as ""pathetic"". The Blues are poised to complain about an alleged half-time incident during Wednesday's 2-1 loss at the Nou Camp. The source of Chelsea's anger was an alleged talk between Barca boss Frank Rijkaard and referee Anders Frisk, who later dismissed Didier Drogba. ""To react the way Chelsea have is pathetic. Mourinho lied with the line-ups, and now this,"" Ten Cate said. Uefa has said its own tunnel representative witnessed nothing unusual out of the ordinary during the half-time break. Spokesman William Gaillard said: ""Frisk says Rijkaard greeted him and apologised he had not had the opportunity to say hello before the game. ""We had two Uefa officials there and neither witnessed it. The referee's dressing room was locked and he and his assistants were the only people allowed in."" Indeed, it is the Londoners who could be on the receiving end of any punishment after failing to turn up for the compulsory press conference after the defeat. Uefa delegate Thomas Giordano added: ""The only unusual thing that happened as far as we are concerned is that Chelsea failed to present themselves in the press conference."" The referee is not expected to include any of the alleged incidents in his report to Uefa - weakening Chelsea's case. Rijkaard was critical of Mourinho's decision not to speak to the media after the match. ""There was a lot of talking before the game and now surprisingly there is a lot of talking after the game. It is not good behaviour after a match,"" he said. ""Maybe they want to start something and make it worse than than it is. I really don't understand it. I am very calm about it."" Barca midfielder Deco, formerly managed by Mourinho at Porto, agreed that it was not typical of his fellow Portuguese to lodge a protest. ""It's not normal behaviour on his part. It was not logical he did not give a news conference,"" he said. Rijkaard added: ""Chelsea is the team which has conceded fewest goals in the English league and they defend very well so I am very pleased with the win. ""My men deserved victory and I am pleased to have won this match. I congratulate my players.""",sport,sport,2.46496844291687,5274,102.03515625,0.4077824
"TV show unites Angolan families Angolan families who are attempting to track each other down, after being separated by nearly 30 years of war, are succeeding thanks to a hugely popular TV show. Meeting Point has become one of TV Angola's most watched programmes, and has reunited hundreds of families. It runs daily, not only on the television but also on the radio. Every Friday, hundreds of people gather in Luanda's Independence Square to record a message in front of the TV cameras, in the hope that a lost relative will see it. Many relatives have been reunited on air. ""At the beginning there was an absolute explosion - huge, huge crowds,"" Sergio Gera, the programme's chief co-ordinator, told BBC World Service's Assignment programme. ""Now things are a little calmer, there are slightly less people - but, after two and a half years of broadcasting, there are still a lot of people going."" The media in the southern African country, twice the size of France, has been gripped by the quest of so many people to find their relatives. Hundreds of thousands of people died in Angola's 30-year civil war, which finally ended in 2002, and tens of thousands of people are still missing. Many have not heard anything for 10 or more years - in all, 90% of Angolan families have lost someone. The idea of recording in Independence Square was modelled on a square in the Argentine capital Buenos Aries, where mothers go to talk about the dead and the missing, and to exchange news. One woman, Victoria Lapete, found her sister - the only remaining member of her family - in Independence Square live on Meeting Point. She had not seen her sibling for 28 years. ""When we saw each other, we threw ourselves into each other's arms,"" she told Assignment. ""We started to cry. I felt very, very happy, because I'd spent so long without any family. Suddenly I had a sister again."" However, Angola is one of the poorest countries in Africa, and the number of people with access to either a television or radio is comparatively few. This means that elsewhere in the country, the task of reuniting families lies primarily with the International Committee of the Red Cross (ICRC). In the city of Wambo, the ICRC runs the Gazetta - a 200-page, tabloid-size book which contains 13,000 names of missing or displaced. Their task is made much harder by the huge number of landmines dotted around the country. ""It's very difficult - there are many displaced,"" stated Joaquim Sahundi, head of tracing in Wambo. ""As they try to go back [home], others are trying to relocate their relatives. Many people are getting injured because of that - in the villages, in the bush, there has been no clearance of mines. ""When people are crossing these areas, they step on mines."" The ICRC also uses the media where it can, running four daily broadcasts of their lists of the missing on Radio Angola. Meanwhile, there remain massive challenges to Angolan families even once they are reunited. ""The programme of family reunification is extremely important, but for these families to remain reunified, there has to be social integration, job access, education, healthcare,"" said Rafael Marques of the pro-democracy George Soros Foundation for Southern Africa. ""Essentially the government is waiting for the international community to pay for the reconstruction - that's why it has been persistently calling for a donor's conference. That is just a way of detaching itself from its political responsibilities.""",entertainment,politics,2.5117294788360596,5274,102.03515625,0.491949
"Umbro profits lifted by Euro 2004 UK sportswear firm Umbro has posted a 222% rise in annual profit after sales of replica England football kits were boosted by the Euro 2004 tournament. Pre-tax profit for 2004 was £15.4m ($29.4m). Umbro, which recently lost sponsorship deals with Chelsea and Celtic, said on Thursday it had signed a new four-year agreement with Scottish club Rangers. It hopes 2005 sales will benefit from the launch of a new England replica shirt ahead of the 2006 World Cup. In January, Umbro announced its sponsorship agreement with Chelsea, which gave Umbro the lucrative right to make replica shirts, would end in 2006, five years earlier than expected. The firm, which is to receive a payment from Chelsea of £24.5m, said it is ""appraising a number of additional investment opportunities as a result of this compensation"" . Chief executive Peter McGuigan said the firm plans to grow sales both in the UK and internationally. The firm, reporting its first annual results since listing on the London Stock Exchange in June, said the UK market had seen sales growth of 8% last year. It said the launch of its Evolution X fashion range had boosted sales. Umbro supplies more than 150 teams across the world including the national sides of Ireland, Sweden and Norway. Shares in Umbro were up 1.76% at 115.5 pence in morning trade.",business,business,2.380004644393921,5274,102.03515625,0.3495309
"UK's 'useless' quangos under fire The UK has 529 quangos financed with billions of pounds of taxpayers' cash - many of which are useless or duplicate each other's efforts, a report claims. Essential Guide to British Quangos 2005 author Dan Lewis said at least 111 of the appointed bodies had been set up since Labour won power in 1997. He urged a limit on the number of quangos that could be set up by any individual government department. Tories and Lib Dems welcomed the report and called for a ""slimming down"". Conservative deregulation spokesman John Redwood said: ""The research endorses our policy of destroying unwanted and unnecessary quangos, and slimming down the rest. ""A Conservative government will axe 162 quangos, as part of its drive for more efficient and more accountable government."" Lib Dem spokesman Ed Davey meanwhile said instead of the ""bonfire of quangos"" New Labour had promised, there had been an ""explosion"" of them. ""For over two decades, under both Tory and Labour governments, these unaccountable agencies have mushroomed. ""Liberal Democrats would abolish many, merge others, and make any that remain properly accountable."" Labour representatives were unavailable for comment. The quango guide follows last year's government-commissioned Gershon Report which recommended significant cuts in bureaucracy across the public sector. Mr Lewis wants a public inquiry into regional development agencies which cost £1.8bn a year - cash he says which ""appears to be almost entirely wasted"". As well as a departmental limit on quangos he also wants a statutory five-year limit on any such body with executive powers. He also listed what he dubbed the nine ""most useless quangos"". They were the British Potato Council, the Milk Development Council, the Energy Savings Trust, Agricultural Wages Committees, the Wine Standards Board, the Westminster Foundation for Democracy, the Football Licensing Authority, Investors in People UK and the Economic and Social Research Council. Mr Lewis branded the existence of the 60-employee Potato Council, set up in 1997 to research and promote overseas potato markets, ""surprising"". He said the £80m spent annually on the Energy Savings Trust, which promotes renewable energy, would be better spent on eight million boiler jackets for British homes. And he argued it was ""absurd"" to charge farmers for Agricultural Wages Committees, which set working and wage standards in the industry, when many were prepared to take advantage of immigrant labour prepared to work for £1 an hour. ""If a football team can afford to pay £27m for Wayne Rooney, why should the taxpayer - not all of whom like football - be forced to fund the Football Licensing Authority to the tune of over £1.1m a year?"" Mr Lewis asked. The report is published by the Efficiency in Government Unit - a joint effort by right of centre think tanks the Economic Research Council and the Centre for Policy Studies. It says before a new public body is set up, an assessment should be made whether its proposed role is already carried out by an existing charity or other private organisation.",politics,politics,2.558180809020996,5274,102.03515625,0.5212255
"Howard unveils Tory asylum plans Tory plans to cut immigration to the UK are not racist and will make the asylum system fairer for genuine refugees, Michael Howard has said. As his party set out detailed asylum reform plans, Mr Howard said they would help smash people smuggling gangs. There would be an annual limit on asylum and all claims would be processed overseas. Some charities say the plans would put refugees' lives at risk if they were turned away once quotas were filled. Tony Blair said Labour would set out workable plans for tackling immigration abuse in the next few weeks and attacked the Tory plans. ""By cutting the number of front-line immigration staff at our borders, they will actually make the problem worse,"" said Mr Blair. Liberal Democrat chairman Matthew Taylor said there needed to be a quick, fair and firm asylum system. But he said it was ""absolutely disgusting"" to propose a system which could turn away genuine refugees. The Conservatives say there is little risk of this happening as demand for asylum will be considered when quotas are set. In a speech in London on Monday, Mr Howard said: ""It's not racist, as some people to claim, to talk about controlling immigration far from it."" He said that coming from an immigrant family himself he recognised that ""firm but fair"" immigration controls were essential for good community relations. - Withdrawing from the 1951 United Nations Convention on refugees, which obliges countries to accept people being persecuted on the basis of need, not numbers - Introduce laws to allow the immediate removal of asylum seekers whose claims were clearly unfounded because they came from safe countries or had destroyed documents - Detain asylum seekers without documents so people whose identity was not known were not able to move freely around the UK - a worry for ""national security"" - Stop considering asylum applications inside the UK and instead take people from United Nations refugee agency camps. Anyone applying for asylum would be taken to new centres close to their countries of origin. The Tories also want quotas for those seeking work permits through an Australian-style points system and those wanting to join families in the UK. Mr Howard said nearly 160,000 people were settling in the UK every year - the size of a city like Peterborough. The plans would help achieve a ""substantial reduction"" in immigration, he said, although he could not predict a figure. He said that only two out of 10 asylum seekers had their claims accepted under the current ""unfair and inhumane"" system. ""We need to break the link between arriving in Britain and claiming asylum,"" Mr Howard said. ""By breaking that link we can smash the criminal gangs at the heart of the trade in people smuggling."" But the UN refugees agency is worried the policy sends the wrong message to poorer countries which receive the bulk of refugees. And a spokesman for European Justice and Home Affairs Commissioner Franco Frattini said the plans would contravene EU asylum policy, which meant the UK could not simply refuse to hear an asylum case. Refugee Council Chief Executive Maeve Sherlock called the plans ""dangerous, ill thought-out and hugely irresponsible"". Lives could be put at risk if refugees were turned away once the quotas were filled, she warned. Commission for Racial Equality chairman Trevor Phillips said asylum applications were down 40% and economic migration down about 10%. He did not think Mr Howard intended to centre the debate about race. But he warned that some campaigners could use his words to hint the policy was about keeping out people of a different colour or culture. Mr Howard called that suggestion ""disgraceful"".",politics,politics,2.459505796432495,5273,102.03515625,0.4035663
"Owen delighted with Real display Michael Owen revelled in his return to the to the Real Madrid starting line-up and inspired a 3-1 win over Real Betis on Wednesday by scoring the first goal. He said: ""I am happy I could play a game from the start again. ""I felt good all though the game and it is obvious that I am happy to have scored another goal. ""People have talked a lot about my performances and I think I have had some months that were not so good and others that were very good."" Owen, starting his third successive La Liga match, converted a low cross from Santiago Solari. Robert Carlos made it 2-0 at the break, smashing home an indirect free-kick. Midfielder Edu reduced the deficit after half-time but Ivan Helguera headed past keeper Antonio Doblas to seal victory for his team. Victory took Real to within six points of leaders Barcelona and Owen is confident Real can close the gap. He added: ""We had several chances against Betis and I think we can get back in touch with Barcelona. ""It is only six points between Barcelona and us and that is nothing. If we can beat them at the Bernabeu (on 10 April), then it will be just three."" Owen has scored nine league goals, one behind Real's top scorer Ronaldo. Real had lost their previous two league games.",sport,sport,2.319810628890991,5273,102.3984375,0.284952
"Blair dismisses quit claim report Tony Blair has dismissed reports he told Gordon Brown he would quit before the next general election. ""You don't do deals over jobs like this,"" the prime minister told BBC One's Breakfast with Frost programme. According to a new book, Brown's Britain, Mr Blair went back on a pledge to make way for Mr Brown after Cabinet allies intervened in June 2004. Mr Blair said the claims were ""reheated from six months ago"" and that he was concentrating on running the country. Mr Blair said: ""I've dealt with this six months ago. I said then you don't do deals over jobs like this - you don't. ""What both of us are actually concentrating on are the issues that concern the country."" The book, by Sunday Telegraph journalist Robert Peston and serialised in the newspaper, said the pair had ""mutual animosity and contempt"" for each other. It claims Tony Blair felt by November 2003 he had lost voters' trust because of the Iraq war and that he was no longer an asset to the Labour Party. And that at a dinner hosted by Deputy Prime Minister John Prescott he told Mr Brown of his intention to stand down. According to Mr Peston the prime minister said: ""Help me to get through the year and I will then stand down."" But he then changed his mind in June 2004, following intervention from allies in the Cabinet and the suspicion that the chancellor was deliberately manoeuvring against him, according to the book. Mr Peston told BBC News: ""My understanding is that they are not nearly as close or as friendly as they once were. ""What the book says is there is now a pretty profound mutual mistrust, mutual animosity. ""I think in public you see this double-act pretending everything is alright, but in private I don't think the relationship is good because Brown, understandably, feels deeply betrayed - particularly over this issue of the leadership."" But, in a wide-ranging BBC interview covering issues such as the Asian tsunami disaster, the Middle East peace process and Northern Ireland, Mr Blair said: ""When you get to the top in politics you get this huge swell around you. ""All sorts of people make all sorts of claims and counter-claims."" He admitted to a ""sense of frustration"" about the allegations which he said had been made ""countless times"". There has been fresh speculation of a rift recently, following their separate responses to the Asian tsunami. These rumours were fuelled by Mr Blair's decision to hold his monthly media conference at the same time as a long-planned speech by Mr Brown on UK plans to tackle global poverty with a new ""Marshall Plan"" for Africa. There was speculation the pair were trying to outdo each other's response to the disaster. But the prime minister said he had discussed these claims with the chancellor and dismissed them as a ""load of nonsense"". Former welfare minister Frank Field MP said the prime minister should sack Mr Brown, but did not believe Mr Blair was strong enough to do so. Tory leader Michael Howard accused the prime minister and Mr Brown of ""squabbling like schoolboys"". He told Sky News' Sunday with Adam Boulton: ""This is the politics of the playground and Britain really does deserve better."" The Liberal Democrat parliamentary chairman Matthew Taylor said the personal ambition of Mr Blair and Mr Brown was ""getting in the way of good government"". ""Either they need to grow up and put their squabbles to one side or they cannot expect the electorate to support a divided government at the next election."" During the interview Mr Blair also said the former home secretary David Blunkett would play a ""big role"" at the general election.",politics,politics,2.5764758586883545,5273,102.41015625,0.5377228
"Borders rail link campaign rally Campaigners are to stage a rally calling for a Borders rail link which was closed in 1969 to be reopened. They will mark the 36th anniversary of the line closure, which ran from Edinburgh through the Borders and on to Carlisle, with a walk at Tweedbank. Anne Borthwick, of Campaign for Borders Rail, said reopening the Waverley Line would restore the area's prosperity. MSPs are considering the reintroduction of passenger rail services through Midlothian to the Borders. Campaigners have said that reopening the Waverley Line, which could cost up to £100m, would be a huge economic boost for the Borders. In 2000, Borders Council said the area's economy had suffered since the closure. Ms Borthwick said the lobby group was determined to keep the pressure on the Scottish Executive. ""We are hoping that many people will join us in a march to mark the 36th anniversary of the closure of the Waverley Line,"" she said. ""Campaign for Borders Rail is the biggest independent lobby group in Scotland and we have been lobbying tirelessly for the reinstatement of rail services to the Borders and eventually to Carlisle. ""We believe that it is time for the Scottish Executive to commit to the first phase of the project by pledging to fund the line between Edinburgh and Tweedbank in the first instance and then investigate extending the line in the future."" Ms Borthwick said reopening the line would be a prosperous move and protect the character of the Scottish Borders. A study in 2000, which was commissioned by the executive, Scottish Borders Council, Midlothian Council and Scottish Borders Enterprise, found that a half-hourly service from Tweedbank to Edinburgh could cover its operating costs. It also found that a half-hourly service from Gorebridge to Edinburgh could cover operating costs and that a freight railway joining the West Coast Main Line at Longtown could also be reinstated.",politics,politics,2.345815420150757,5273,102.421875,0.3029731
"Jansen suffers a further setback Blackburn striker Matt Jansen faces three weeks out after surgery to treat a cartilage problem. But central defender Lorenzo Amoruso is moving closer to fitness following a knee operation. Rovers' assistant manager Mark Bowen said: ""Matt had a small operation to trim knee cartilage. ""It's a tiny piece of work, which should be a fairly quick recovery. Lorenzo is also jogging for the first time, along with kicking a ball."" Jansen's career has been dogged by injury since a freak scooter accident two years ago. He returned to first-team action soon after Mark Hughes' appointment as Blackburn boss and marked it with a goal against Portsmouth in his first appearance of the season. Bowen added: ""I'm guessing, but I reckon maybe two to three weeks before he is back in action completely."" The Rovers assistant boss forecast a longer time spell for Amoruso's availability for first-team duties. Bowen said: ""There's still some scar tissue present so it will be some weeks. ""It's a case of see how he goes. You can't put a real time on a comeback, we'll see how he progresses.""",sport,sport,2.366215229034424,5273,102.421875,0.3156672
"New Harry Potter tops book chart Harry Potter and the Half-Blood Prince has topped Amazon's book chart less than 24 hours after its release date - 16 July - was announced. Thousands of customers placed pre-orders on the amazon.co.uk website for the sixth book in the series. Rowling revealed she had completed the novel on Tuesday, ahead of the scheduled announcement on 25 December. It will be published simultaneously in the UK, the US, Canada, Australia, New Zealand and South Africa. JK Rowling's fifth book in the wizard series, Harry Potter and Order of the Phoenix was Amazon's largest pre-ordered item ever, with 420,000 copies pre-ordered prior to its release in June 2003. Customers who pre-order Harry Potter and the Half-Blood Prince avoid standing in long queues at bookshops on the day of the book's release next July. ""The fact that the book has already hit number one in our Hot 100 books chart shows how incredibly excited customers are about the sixth Harry Potter,"" said Amazon's Robin Terrell. Harry Potter and the Half-Blood Prince takes up the story of Harry Potter's sixth year at Hogwarts School of Witchcraft and Wizardry as Lord Voldemort grows stronger. Rowling has already revealed that the Half-Blood Prince is neither Harry nor Voldemort. And she added that the opening chapter of the book had been brewing in her mind for 13 years. Rowling said she had plenty of time while pregnant ""to tinker with the manuscript to my satisfaction and I am as happy as I have ever been with the end result"". She also previously revealed that a character will be killed in the sixth book, but she has given no hints as to who it might be. Following publication of the sixth book, just one novel remains to complete the series.",entertainment,entertainment,2.5084500312805176,5273,102.421875,0.4658204
"Housewives lift Channel 4 ratings The debut of US television hit Desperate Housewives has helped lift Channel 4's January audience share by 12% compared to last year. Other successes such as Celebrity Big Brother and The Simpsons have enabled the broadcaster to surpass BBC Two for the first month since last July. BBC Two's share of the audience fell from 11.2% to 9.6% last month in comparison with January 2004. Celebrity Big Brother attracted fewer viewers than its 2002 series. Comedy drama Desperate Housewives managed to pull in five million viewers at one point during its run to date, attracting a quarter of the television audience. The two main television channels, BBC1 and ITV1, have both seen their monthly audience share decline in a year on year comparison for January, while Five's proportion remained the same at a slender 6.3%. Digital multi-channel TV is continuing to be the strongest area of growth, with the BBC reporting Freeview box ownership of five million, including one million sales in the last portion of 2004. Its share of the audience soared by 20% in January 2005 compared with last year, and currently stands at an average of 28.6%.",entertainment,entertainment,2.3879048824310303,5273,102.42578125,0.3447302
"Briton wins short film Oscar Three of the five nominees in the live-action short film category at this year's Oscars were British. For Andrea Arnold, who won the category, Ashvin Kumar and Gary McKendry the past month has thrust them from relative obscurity into the limelight. Arnold's gritty drama Wasp is about a single mother living on the breadline, while Kumar's Little Terrorist follows a young Pakistani Muslim boy, who gets stuck on the wrong side of the heavily armed Indian border. McKendry's entry, Everything In This Country Must, forces British soldiers and Catholics to challenge their relationship during the troubles in Northern Ireland. Last week, the trio attended an official screening of all the nominated short films at the Academy's headquarters in Beverly Hills. ""I felt so privileged to have a thousand people watching my film on the biggest screen I've ever seen,"" says Arnold. Set in her native Dartford, Wasp tells the story of a young mum, who, unable to find a babysitter, leaves her four young daughters outside a pub while she's on a date. The image that sparked the film was that of a wasp crawling into a baby's mouth. ""The other nominees said they made their films for this reason or that - they had something to say. But I just start with an image I can't shake off, work outwards from that and see what comes out,"" she explains. Since she presented children's TV shows Number 73 and Motormouth in the 1980s, Arnold has kept a low profile and is having trouble adapting to this sudden onslaught of attention. ""I'm not interested in the publicity. It's not my personality. I'm overwhelmed by all the fuss,"" she said. ""It's all a bit like a beauty contest - all the films are great and so different. ""But even though my film has won 30 awards worldwide (including one at Sundance last month), I'd still be proud of it - even if it hadn't won any."" Asked what the nomination means to her, Arnold says she feels ""flattered and honoured"". ""We've all been overwhelmed by the response and can't get it in perspective yet. I'm still reeling."" And she won't commit to an opinion of Hollywood yet. ""I'm just in the middle of it, living moment to moment, day to day."" But despite her reservations about the Academy Awards and the media frenzy that surrounds it, she accepts that it has opened doors for her. ""People will definitely listen to what I want to do now, and the phone didn't stop ringing for a week after I got nominated."" As for the future, Arnold firmly believes that you often get a stronger vision of the world with short films. ""You're left more to your own devices, without people interfering as much."" That said, she is currently working on a feature film with Dogville and Dancer In The Dark director Lars Von Trier.",entertainment,entertainment,2.5827252864837646,5273,102.4296875,0.5396495
"NHS waiting time target is cut Hospital waiting times for patients in Wales are to be cut, but not to the same extent as those in England. Welsh Health Minister Jane Hutt said no patient would wait more than 12 months for an outpatient appointment by March 2006, against a current target of 18 months. But she said the target for an inpatient appointment would remain at 12 months for March 2006. The announcement came as new monthly waiting figures showed a drop. This current inpatient target was set when the assembly government extended its second offer guarantee scheme, which gives patients the option of having their treatment outside Wales. Details about funding to resource the new targets are expected in the New Year. In England, the current target for inpatients - seeing a consultant to having an operation - is six months. Dr Richard Lewis, Welsh secretary of the British Medical Association (BMA), welcomed the new targets ""to make further and faster progress on waiting lists"". ""However, much remains to be done on waiting lists and waiting times because Wales still lags a long way behind England,"" he said. ""Capacity must be built into the system with sustained investment to ensure that Welsh patients don't receive a worse service than patients over the border."" Health analyst Tony Beddow, from the Welsh Institute for Health and Social Care, called the new targets ""reasonably impressive"". On Wednesday, Ms Hutt also announced £264m for health services will be spent reducing waiting times, improving key areas and modernising staff pay structures in Wales. Ms Hutt said major achievements had been made in cutting ""unacceptably long waits for treatment over the past year"". ""We are turning the corner on long waits in Wales. Now we need to see those reductions in long waiters being improved again,"" she said. She added the targets intended to ensure no-one waits more than a year for treatment or to see a consultant. ""But let us not forget two thirds of those waiting for treatment now are waiting less than six months, and these targets affect the small minority of patients in Wales that are waiting far too long."" Rhodri Glyn Thomas, Plaid Cymru health spokesman said: ""It's exactly the same target she set in 1999, with the qualification that it's dependent on a second offer. It's a failed target, from a failed minister..with a failed policy."" For the Welsh Liberal Democrats, Kirsty Williams called the new target ""hugely unambitious"". ""It leaves patients in Wales still waiting two years before they're treated."" Conservative health spokesman Jonathan Morgan said: ""We're spending more money but waiting lists have gone through the roof. ""The Audit Commission has said that the money is not being spent efficiently or effectively, and that's quite a criticism."" Meanwhile, the latest monthly waiting list figures showed the total number of people waiting more than 18 months as an inpatient in Wales has fallen by 9.8%. Statistics to the end of November showed a decline since October from 785 to 708. The number waiting over 12 months also fell from 7,613 to 6,630, or 12.9%. Ms Hutt said they were ""excellent figures"". There are 305,775 people on a waiting list of some kind, down from 311,764 last month.",politics,politics,2.470106363296509,5273,102.2734375,0.4212524
"Game makers get Xbox 2 sneak peek Microsoft has given game makers a glimpse of the new Xbox 2 console. Some details of the Xbox's performance and what gaming will be like with the device were given at the annual Game Developers Conference in the US. Xbox frontman J. Allard said the console looked set to be capable of one trillion calculations per second. Also all titles for the new Xbox will have the same interface to make it easy to play online and buy extras for characters or other add-ons for games. Microsoft is saving the official unveiling of the Xbox 2, codenamed Xenon, for the E3 show in May and the device could be on shop shelves by November. However, during his keynote speech at GDC Mr Allard, who heads development of game-making tools for the console, gave a glimpse into how some of its core software will work. He said gaming was entering a ""high-definition"" era that demanded detailed and convincing graphics that could adequately compete with the HDTV people were starting to watch as well as the HD DVDs that will soon start to appear. Industry watchers took this to mean that the Xbox 2 will push for HDTV quality graphics as standard as well as multi-channel audio to give gamers an authentic experience. Mr Allard said Microsoft had to work hard to ensure that it was easy for game makers to produce titles for the Xbox 2 and for players to get playing. To this end Microsoft was building in to Xbox hardware systems to support headset chat, buddy list controls and custom soundtracks so developers were free to concentrate on the games. The Xbox would also support well-known industry specifications, such as DirectX, to make it simple for game studios to make titles for the console. For gamers this emphasis on ease of use would mean every Xbox title uses the same interface to set up online play and get at music stored on the hardware. This interface will hold details of a player's statistics and skill level on a ""gamer card"" as well as give access to a store where people can spend small amounts of cash to buy extras for their avatars or add-ons, such as new maps or vehicles, for games they possess. This ability to personalise games and in-game characters would be key in the future, said Mr Allard. Only with such consistency would the Xbox be able to support the 10-20 million subscribers that it was aiming for, said Mr Allard. During his speech Mr Allard took several swipes at the Playstation and said processors for consoles had to be made with developers, not just engineers, in mind. ""Our approach is Bruce Lee, not brute force,"" he said.",tech,tech,2.4119513034820557,5273,102.2734375,0.3733612
"Johnson uncertain about Euro bid Jade Johnson is undecided about whether to contest next month's European Indoor Championships in Madrid despite winning the AAAs long jump title on Saturday. The 24-year-old delivered a personal best of 6.50m to win the European trials but had to wait until her final jump after four failures. ""I don't want to go if I am not going to get a medal,"" said Johnson. ""I will have to see how I am jumping in the next competition and I'll have to have a conversation with my coach."" Johnson, who finished seventh in last year's Olympic Games, has not competed indoors since 2000. And the Commonwealth and European silver medallist believes her lack of experience in the early part of the season has knocked her confidence. ""It's the stress,"" said Johnson. ""I am not used to feeling this, this early. I am just used to training. ""But if I'm doing this kind of thing, then I will have to see how it goes."" Johnson next competes in the high-class Birmingham Grand Prix on 18 February.",sport,sport,2.3397598266601562,5273,102.2734375,0.3183861
"Eminem secret gig venue revealed Rapper Eminem is to play an intimate gig in London on Saturday, following a show on the River Thames on Friday. The US star will play just two songs at a night showcasing his label Shady Records at the Islington Academy. Eminem performed on HMS Belfast on Friday, which is docked on the River Thames, where he filmed two songs for BBC One's Top of the Pops. He arrived in the UK on Friday following his appearance at the MTV Europe Music Awards in Rome. Other rap acts who may appear at the Islington gig include Stat Quo, Proof, DJ Green Lantern, Swift and Obie Trice. Eminem's latest album soared to the top of the US chart after just three days on sale in record shops. Encore is now a chart-topper on both sides of the Atlantic following its debut at number one in the UK. The fourth album from the rap star was on sale for two days before it outsold all of its rivals. The album was released early in an effort to combat both physical and online piracy. Eminem's album includes the track Mosh, which is a tirade against US President Bush and the presence of US troops in Iraq. The rapper was criticised earlier this year after a performance on BBC One's Top of the Pops in April led 12 viewers to complain he was ""lewd"" and ""offensive"". The complaints about the star grabbing his crotch were upheld by the BBC. ""The performer had been asked to tone his act down after rehearsal but ignored this request during the live broadcast,"" a BBC statement read. ""Although his gestures were part of the rap culture, they had gone beyond what is expected.""",entertainment,entertainment,2.508172035217285,5273,102.2734375,0.4682797
"Ref stands by Scotland decisions The referee from Saturday's France v Scotland Six Nations match has defended the officials' handling of the game after criticism by Matt Williams. The Scotland coach said his side were robbed of victory by poor decisions made by the officials. But Nigel Williams said: ""I'm satisfied the game was handled correctly."" Meanwhile, Matt Williams will not be punished by the Scottish Rugby Union for allegedly using bad language in his comments about the officials. He denies having done so. Nonetheless, he was furious about several decisions that he felt denied his side a famous victory. But Nigel Williams told the Scottish Daily Mail: ""I spoke to Matt Williams at the post-match dinner. ""He made no mention of the disallowed try or any other refereeing decisions whatsoever. ""If Matt has issues with the match officials, then he is very welcome to phone me and discuss them. ""Ultimately there is a match assessor at every international game to give an impartial and objective view of the performance of the officials. ""That is the beginning and end of it.""",sport,sport,2.359722375869751,5273,102.2734375,0.3149241
"MPs tout Lords replacement plan A group of MPs has tried to raise the pressure on Tony Blair over reform to the House of Lords by publishing a detailed blueprint for change. The cross-party group has unveiled a draft bill proposing a smaller second chamber in which 70% of members would be elected. MPs and peers have failed to agree on reform since 1999 when 600 hereditaries lost their seats. The group says it can win support for removing the last 92 hereditaries. The government postponed plans to remove the remaining hereditary peers because they said they were unlikely to succeed after opposition in the Lords. Tony Blair has argued. there needs to be consensus on reforms. There have been suggestions there will be proposals for changing at least the powers of the Lords in Labour's manifesto. But the all-party group, including Tories Ken Clarke and Sir George Young, Labour's Robin Cook and Tony Wright and Liberal Democrat Paul Tyler, is confident its plan would win support from a ""large majority"". And they list former Conservative leader William Hague and former Labour leader Neil Kinnock as supporters of the plans. The group says the British public and a clear majority of MPs support replacing the Lords with a largely-elected second chamber. Their plan would see the House of Lords being renamed the Second Chamber of Parliament, and its members would be known as MSCPs. There would be 385 MSCPs, including 270 elected members, 87 appointed members and 16 bishops. They would serve for between 12 and 14 years. Mr Cook said holding elections for MSCPs on the same day as those for MPs might help motivate the electorate and increase voter turnout. He added: ""Over the last year I have seen many statements from senior figures of this government insisting the public must have the right of choice. ""What could be more important than a choice of the people who sit in our Parliament?"" The group believes pressure is growing for change and the government's current position is unsustainable. It wants all three main parties to include a commitment to a ""largely democratic"" second chamber in their manifestos. Mr Clarke said the issue ""went to the heart of reforming the health of the British political system"". And Mr Tyler said the prime minister's view that there was no agreement on the shape of the future of the Lords was flawed. ""The problem, I think, in the prime minister's mind is there doesn't appear to be a consensus that includes him,"" he said. ""We are providing a consensus"". The Elect the Lords Campaign said the draft bill was an important contribution to the debate. ""We believe this draft bill is detailed enough to form the basis of closer parliamentary scrutiny,"" said co-ordinator Peter Facey. ""In lieu of any other such clear proposals, the government must permit that to happen.""",politics,politics,2.4340133666992188,5273,102.2734375,0.392651
"Seamen sail into biometric future The luxury cruise liner Crystal Harmony, currently in the Gulf of Mexico, is the unlikely setting for tests of biometric technology. As holidaymakers enjoy balmy breezes, their ship's crew is testing prototype versions of the world's first internationally issued biometric ID cards, the seafarer's equivalent of a passport. Along with the owner's picture, name and personal details, the new Seafarers' Identity Document incorporates a barcode representing unique features of its holder's fingerprints. The cards are due to be issued in February next year, in line with the revised UN Convention on Seafarers' Identity Documents of June 2003. Tests currently under way in the Caribbean are designed to ensure that new cards and their machine readers, produced by different companies in different countries, are working to interoperable standards. Results of the current tests, which involve seafarers from a wide range of occupations and nationalities, will be published by the International Labour Organisation (ILO) by the end of November. Crystal Cruises, which operates the Crystal Harmony, is exploring the use of biometrics but has not yet committed to the technology. Authenti-corp, the US technology consultancy, has been working with the ILO on its technical specifications for the cards. ""If you're issued a seafarer's ID in your country, you want to be sure that when the ship lands in a port in, say, my country you can validate yourself using whatever equipment we have installed,"" Authenti-corp's CEO, Cynthia Musselman, told the BBC's Go Digital programme. She said French, Jordanian and Nigerian nationals would be the first seafarers to get the new ID cards since their countries have already ratified the convention. It aims to combat international terrorism whilst guaranteeing the welfare the one million seafarers estimated to be at sea. The convention highlights the importance of access to shore facilities and shore leave as vital elements to a sailor's wellbeing and, therefore, it says, to safer shipping and cleaner oceans. ""By increasing security on the seas as well as border control and protection, the cards will hopefully reduce the number of piracy problems around the world,"" said Ms Musselman. ""It should be a safer environment for seafarers to work in, and will allow people protecting their borders to have confidence that the people getting off the ship are, in fact, seafarers.""",tech,business,2.4190428256988525,5273,102.2734375,0.3692117
"Ray DVD beats box office takings Oscar-nominated film biopic Ray has surpassed its US box office takings with a combined tally of $80m (£43m) from DVD and video sales and rentals. Ray's success on DVD outstripped its $74m (£40m) US box office total, earning more than $40m (£22m) on the first day of the DVD's release alone. Ray has been nominated in six Oscar categories including best film and best actor for Jamie Foxx. The film recounts the life of blues singer Ray Charles, who died in 2004. In its first week on home entertainment release the film was the number one selling DVD, with the limited edition version coming in at number 11. Sony horror film The Grudge, starring Michelle Gellar, was the US' second best-selling DVD, with Jennifer Lopez and Richard Gere's romantic comedy Shall We Dance? at number three. Foxx's critically acclaimed performance as Ray has already earned him a Screen Actors Guild Award for best actor, as well as a prestigious Golden Globe. Ray director Taylor Hackford, responsible for the classic 1982 film An Officer and a Gentleman, has also received an Oscar nomination in the best director category. The film's three other Oscar nominations are for costume, film editing and sound mixing.",entertainment,entertainment,2.362826108932495,5273,102.32421875,0.3157641
"IMF 'cuts' German growth estimate The International Monetary Fund is to cut its 2005 growth forecast for the German economy from 1.8% to 0.8%, the Financial Times Deutschland reported. The IMF will also reduce its growth estimate for the 12-member eurozone economy from 2.2% to 1.6%, the newspaper reported. The German economy has been faltering, with unemployment levels rising to a seventy-year high of 5.2 million. Its sluggish performance continues to hamper the entire eurozone. The IMF's draft World Economic Outlook - due to be published in April - would point to a marked deterioration in Germany's economy, the FT report said. In September, the IMF had said that German growth for the current year would be 1.8%. The IMF has also revised eurozone forecasts, the paper said, taking into account high oil prices, the strength of the euro and weak demand in many of the world's leading economies. Europe's economic difficulties have been highlighted by the Organisation for Economic Co-operation and Development, which argued in a report published on Tuesday that the continent could only achieve US living standards by freeing up its labour markets. ""The eurozone does not look like it has a self-sustaining recovery,"" James Carrick, an economist with ABN Amro, told the newspaper. ""It is too dependant on the rest of the world.""",business,business,2.4743664264678955,5273,102.32421875,0.4353307
"US actor 'found with gun residue' Actor Robert Blake had gunshot residue on his hands and clothes the night his wife was shot dead, a court has heard. But it may not have come from the shot that killed Bonny Lee Bakley in 2001, Mr Blake's murder trial was told by criminalist Steven Dowell. Mr Dowell told a Los Angeles court the residue may have come from Mr Blake's revolver, his gun collection, his presence at the crime scene or police. The 71-year-old former star of US TV drama Baretta has denied murder. Mr Blake said he found Ms Bakley, 44, dead in a car after they left a restaurant. He said he briefly returned to the restaurant to collect a gun he had left behind and discovered her body when he returned. The gun he collected was not the murder weapon. It could also have been picked up if he touched or leant on the car when he found the body, or from a police box in which his clothes were later stored. The box had come from an area where officers went after being on the firing range. But Mr Dowell also said the residue would have been present if Mr Blake fired a gun that night. Witnesses have already told the trial Mr Blake ""stood out as being quite nervous and agitated"" at the restaurant before the murder. The actor, who won an Emmy for playing a maverick detective in the 1970s TV cop drama Baretta, could face life in prison if convicted.",entertainment,entertainment,2.4095818996429443,5273,102.32421875,0.3541069
"BT offers free net phone calls BT is offering customers free internet telephone calls if they sign up to broadband in December. The Christmas give-away entitles customers to free telephone calls anywhere in the UK via the internet. Users will need to use BT's internet telephony software, known as BT Communicator, and have a microphone and speakers or headset on their PC. BT has launched the promotion to show off the potential of a broadband connection to customers. People wanting to take advantage of the offer will need to be a BT Together fixed-line customer and will have to sign up to broadband online. The offer will be limited to the first 50,000 people who sign up and there are limitations - the free calls do not include calls to mobiles, non-geographical numbers such as 0870, premium numbers or international numbers. BT is keen to provide extra services to its broadband customers. ""People already using BT Communicator have found it by far the most convenient way of making a call if they are at their PC,"" said Andrew Burke, director of value-added services at BT Retail. As more homes get high-speed access, providers are increasingly offering add-ons such as cheap net calls. ""Broadband and telephony are attractive to customers and BT wants to make sure it is in the first wave of services,"" said Ian Fogg, an analyst with Jupiter Research. ""BT Communicator had a quiet launch in the summer and now BT is waving the flag a bit more for it,"" he added. BT has struggled to maintain its market share of broadband subscribers as more competitors enter the market. Reports say that BT has lost around 10% of market share over the last year, down from half of broadband users to less than 40%. BT is hoping its latest offer can persuade more people to jump on the broadband bandwagon. It currently has 1.3 million broadband subscribers.",tech,business,2.3181211948394775,5273,102.32421875,0.2941338
"CSI shows give 'unrealistic view' People have unrealistic expectations of forensic science thanks to the success of the CSI TV shows, real experts say. Evidence submitted to forensic labs has shot up as a result of the programmes, at a time when many have large backlogs, science investigators claim. Lawyers also fear the effect because jurors have a distorted view of how forensic evidence is used. The issue was discussed at a major science conference in Washington DC. Crime Scene Investigation (CSI) and its spin-offs, CSI: Miami and CSI: New York, have proven exceptionally popular with audiences on both sides of the Atlantic. Each episode, a team of forensic investigators goes about solving a crime through the ingenious appliance of science - and the extensive resources at their disposal. ""The CSI effect is basically the perception of the near-infallibility of forensic science in response to the TV show,"" said Max Houck, who runs a forensic science graduate course at West Virginia University, US. ""This TV show comes on and everyone starts watching it - including the cops and prosecutors - and submissions to forensic laboratories go through the roof,"" he told the annual meeting of the American Association for the Advancement of Science (AAAS). The American forensics expert said there were roughly 200,000-300,000 backlogged DNA samples in US labs. Yet these constituted just 10% of the total test backlog, said Dr Houck. Forensic pathologist Dr Patricia McFeeley said she had started to see the show's influence in dealing with the families of victims. ""What I find is that families now are more dissatisfied with the investigation than was previously the case,"" she explained. ""For example, on television, the toxicology results are available almost instantaneously. But when people find out that it can take several months, they can find that very difficult."" Dr McFeeley added that the accuracy with which forensic investigators can determine time of death was far lower than most people's perceptions. The show's influence can follow forensic investigators all the way into the courtroom, making lawyers jittery. ""Prosecutors fear the CSI effect with juries because, for example, they wonder: 'why wasn't everything tested?' Well, in fact, not everything needs to be tested,"" Dr Houck explained. ""Defence attorneys also worry about the CSI effect because they think that jurors come in and have this view of science as a juggernaut; this objective method that's always accurate."" However, he admitted the show had had positive as well as negative effects on the field. ""My university course started with four graduates in 1999; we're now the largest major on campus - with 400 students,"" he said. Dr Houck added that there was an urgent need for better funding of forensic science at the university level: ""There's more money spent in this country on holistic medicine than there is on forensic science research.""",entertainment,tech,2.505800247192383,5273,102.32421875,0.4602155
"Standard Life concern at LSE bid Standard Life is the latest shareholder in Deutsche Boerse to express concern at the German stock market operator's plans to buy the London Stock Exchange. It said Deutsche Boerse had to show why its planned £1.35bn ($2.5bn) offer for the LSE was good for shareholder value. Reports say Standard Life, which owns a 1% stake in Deutsche Boerse, may seek a shareholder vote on the issue. Fellow shareholders US-based hedge fund Atticus Capital and UK-based TCI Fund Management have also expressed doubts. Deutsche Boerse's supervisory board has approved the possible takeover of the LSE despite the signs of opposition from investors. ""The onus is on Deutsche Boerse's management to demonstrate why the purchase of the LSE creates more value for shareholders than other strategies, such as a buyback,"" said Richard Moffat, investment director of UK Equities at Standard Life Investments. Atticus Capital, holding 2% of Deutsche Boerse, wants it to buy back its own shares rather than buy the LSE. And TCI which holds about 5%, has made a request for an extraordinary shareholders meeting to be held to vote on replacing the company's entire supervisory board. It has also demanded that shareholders be consulted about the proposed acquisition, and whether the operator of the Frankfurt stock exchange should return $500m (£266m) to shareholders instead. In December, Deutsche Boerse, which also owns the derivatives market Eurex and the clearing firm Clearstream, put an informal offer of 530 pence per LSE share on the table. However, the LSE said the cash offer ""undervalued"" both its own business and the benefits of such a tie-up. Since then an improved offer from Deutsche Boerse has been anticipated as its management has continued talks with LSE chief executive Clara Furse. But the London exchange is also holding talks with Deutsche Boerse's rival Euronext, which operates the Amsterdam, Brussels, Lisbon and Paris exchanges, as well as London-based international derivatives market Liffe.",business,business,2.3785758018493652,5273,102.32421875,0.3469197
"Probe launched on Ken Nazi jibe An investigation by the Standards Board is under way following allegations that Ken Livingstone has brought his office into disrepute. The probe follows the London mayor's comments to a Jewish journalist comparing him to a concentration camp guard, after a party about a week ago. The local government watchdog also said the allegation related to a failure to respect others. It has the power to suspend or bar Labour's Mr Livingstone from office. A complaint was made to the body by the Board of Deputies of British Jews and the Commission for Racial Equality. Speaking after the investigation was announced Bob Neill, leader of the London Assembly Conservatives, said: ""He has behaved in a manner unbecoming of his office and in so doing, has shown extraordinarily poor civic leadership. ""His administration is now in crisis."" On Sunday, Deputy Mayor Nicky Gavron told the BBC's Politics Show she believed the Mayor of London would say sorry on Tuesday for offending the wider Jewish community. The Prime Minister Tony Blair is among those who have called for an apology but so far the mayor has refused. The mayor accused Oliver Finegold, of the Evening Standard newspaper, of ""doorstepping"" him at a ""predominately gay event"" held for MP Chris Smith. Ms Gavron said she thought Mr Livingstone's comments were ""inappropriate"" but she did not believe the mayor was anti-Semitic. She said: ""I work very closely with Ken so I can speak of what he's like in his guarded and unguarded moments and... he is in no way anti-Jewish, I wouldn't for a moment work with him if he were. ""On the other hand, I think his remarks were inappropriate and I believe it is important, and I believe he will, come to the point where he says, 'I regret that I have caused offence to the wider Jewish community'. ""I hope he will do it soon and it is mooted that he is going to make some sort of statement on Tuesday.""",politics,politics,2.456912040710449,5273,102.32421875,0.4140955
"Lib Dems highlight problem debt People vulnerable to problem debts should be afforded greater protection from banks aggressively promoting financial products, the Lib Dems say. Vincent Cable says one in eight households already struggle with debt and that will worsen if there is a hike in interest rates or unemployment. The Lib Dems' Treasury spokesman is unveiling a policy aimed at the issue. He wants to see ""proper health checks"" when loans are marketed so people know to take out payment protection. ""Were economic conditions to deteriorate at all, large numbers of people could be affected because they have borrowed to the limit,"" Mr Cable told BBC News. ""Banks are very aggressively promoting debt in many cases there is a bigger problem ahead."" Mr Cable said the government's Consumer Credit Bill would target some of the ""extreme problems"" such as loan sharking, but ministers had been ""a bit complacent"" about the wider issue of debt levels. He said much of the payment protection currently available was ""extremely expensive"" and there were ""lots of exclusions"". Mr Cable added that the Office of Fair Trading should investigate the market. Lib Dem leader Charles Kennedy meanwhile is in the middle of a tour of the UK aimed at persuading voters his is the ""real opposition"". Mr Kennedy is visiting a mixture of rural seats, where his party is hoping to make gains from the Conservatives, and urban areas traditionally associated with Labour. Labour say a Lib Dem vote could ""let the Tories in"", while the Tories say the Lib Dems would mean ""higher taxes, soft crime laws, more power to Europe"". Mr Kennedy's tour comes as he, Labour leader Tony Blair and Conservative leader Michael Howard all step up campaigning ahead of the next General Election, widely expected to be held on 5 May. The Liberal Democrats say in the northern cities, the race is between them and Labour, while in southern seats - particularly the south west - it is between them and the Tories. Speaking to the BBC's Westminster Hour on Sunday, Mr Kennedy said the upcoming general election - widely tipped for 5 May - would be much more unpredictable than any others in ""recent experience"". And he brushed off Labour suggestions a vote for his party would mean letting the Tories in ""by the back door"". ""If you look at the four previous parliamentary by-elections, the Liberal Democrats have demonstrated that, not only can we leapfrog the Conservatives where we start in a third place position, but we can go on to defeat the government. ""That's going to be the story, I think, of this coming general election.""",politics,politics,2.4530584812164307,5273,102.33203125,0.4203883
"US composer recreates Bach score A US musicologist has recreated a lost musical score by German composer Johann Sebastian Bach. The 1728 composition, called Wedding Cantata BWV 216, was found among the papers of Japanese pianist Chieko Hara, who died in Japan in 2001 aged 86. The work, written for the wedding of a daughter of a German customs official, was missing for 80 years. Joshua Rifkin - a composer and leading interpreter of Bach - has recreated the missing instrumental parts. He said he originally wanted to let the lost cantata lie in rest. ""Maybe a fragment should stay a fragment,"" said Rifkin. ""Then I thought of palaeontologists, from one bone they figure the entire dinosaur. This is my dinosaur."" The eight rediscovered pages consist of vocal pieces in German for soprano and alto, with the seven movements lasting for a total of between 20 and 25 minutes. The instrumental parts were entirely lost except for two recycled movements, a duet and an aria which had been used elsewhere in Bach's work. Rifkin likened the challenge to a ""musical Rubik's cube"". ""I could not reconstruct what Bach wrote but I could give the people of today an idea of what his music was like,"" he said. ""It sounds like Bach's music, but the listener should not know which part is Bach's and which part is mine.""",entertainment,entertainment,2.3969342708587646,5273,102.33203125,0.3392678
"New drink limit 'would cut toll' More lives than previously thought could be saved by cutting drink-drive limits by a third, a report says. University College London research claims cutting the limit from 80mg of alcohol per 100ml of blood to 50mg would save 65 lives a year. The findings are being published by the Parliamentary Advisory Council for Transport Safety as MPs are due to vote on the government's Road Safety Bill. The bill includes changes to speeding fines but not to the drink-drive limit. The research, carried out by transport expert professor Richard Allsop, says cutting the limit would also lead to 230 fewer serious injuries on the UK's roads compared with 2003. He estimates that this would save the country £119m a year. A previous estimate, contained in a 1998 Department of Transport Document, suggested such a move could save 50 lives a year. The findings are based on the assumption that drivers who currently keep below the legal limit would continue to do so were it to be lowered and that those who tend to exceed the limit slightly would also lower their drinking. Professor Allsop said: ""Reducing the limit from 80mg to 50mg can be expected to save around 65 lives a year or around half of those who die in accidents where the driver's BAC [blood alcohol content] is within 30mg of the current limit. ""Only about one in 50 of those driving during weekend evenings and nights will need to moderate their drinking to achieve this and fewer still at other times."" Ministers do not support a lower limit, saying it is not clear it would have a major impact on drink drive casualties. They believe educating drivers is more important. The AA Motoring Trust said it was not sure what affect dropping the limit would have on drivers' attitudes to drink-driving. Road safety head Andrew Howard said: ""It remains to be seen whether the social disapproval of the drinking driver will stay at the current rate if the alcohol limit is cut. ""Parliamentarians need to consider this carefully. Britons police themselves by consensus much more effectively than they do by weight of enforcement alone."" Liberal Democrat transport spokesman John Thurso said drink-driving remained a ""major killer"", with figures showing a worrying rise in the number of accidents involving drivers who had been drinking. He said there had been a 29% drop in the number of drivers being breathalysed since 1997, which he said the government needed to address if it wanted to reduce the danger caused by drink-driving. The Road Safety Bill, which gets its second reading on Tuesday, would allow the results of roadside breath tests to be used in court - currently a blood test is needed. It also includes plans for a staggered speeding fines and points system, penalising drivers who exceed limits by a wide margin more than those who are caught going just over. These have been criticised by road safety campaigners, including Labour backbencher Gwyneth Dunwoody, who says it will reduce the incentive for drivers to stay within the limits in residential areas, leading to more road casualties. In an article for the Times newspaper, Ms Dunwoody, who chairs the Transport Select Committee, says: ""Slight increases to low car speeds increase hugely the risks to pedestrians and cyclists. ""It is quite simple: if you hit someone at 30mph, they have a 50 per cent chance of survival. If you are going at 40mph, nine times out of ten they will die.""",politics,politics,2.5915560722351074,5273,102.33203125,0.5609991
"Ban on forced retirement under 65 Employers will no longer be able to force workers to retire before 65, unless they can justify it. The government has announced that firms will be barred from 2006 from imposing arbitrary retirement ages. Under new European age discrimination rules, a default retirement age of 65 will be introduced. Workers will be permitted to request staying on beyond this compulsory retirement age, although employers will have the right to refuse. Trade and Industry Secretary Patricia Hewitt said people would not be forced to work longer than they wanted, saying the default age was not a statutory, compulsory retirement age. She said employers would be free to continue employing people for as long as they were competent. Under age discrimination proposals from the Department of Trade and Industry last year workers were to be allowed to work on till 70 if they wished. Business leaders had opposed the plan as they said it would be too costly and cumbersome. The British Chambers of Commerce welcomed the latest proposal. ""This move today is the best of both worlds,"" it said. ""Employers have the ability to define the end point of the employer-employee relationship and employees have flexibility with a right to request to work past the age of 65."" But Age Concern said imposing a retirement age of 65 was ""cowardly"" and a ""complete u-turn"". ""This makes a mockery of the Government's so-called commitment to outlawing ageism, leaving the incoming age discrimination law to unravel,"" said Gordon Lishman, director general of Age Concern England . ""It is now inevitable that older people will mount legal challenges to the decision using European law."" The decision will have no impact on the age at which workers can collect their state pension, the government has said.",business,business,2.3392698764801025,5273,102.33203125,0.2934419
"Marsh executive in guilty plea An executive at US insurance firm Marsh & McLennan has pleaded guilty to criminal charges in connection with an ongoing fraud and bid-rigging probe. New York Attorney General Elliot Spitzer said senior vice president Robert Stearns had pleaded guilty to scheming to defraud. The offence carries a sentence of 16 months to four years in state prison. Mr Spitzer's office added Mr Stearns had also agreed to testify in future cases during the industry inquiry. ""We are saddened by the development,"" Marsh said in a statement. The company added it would continue to co-operate in the case, adding it was ""committed to resolving the company's legal issues and to serving our clients with the highest standards of transparency and ethics"". According to a statement from Mr Spitzer's office, the Marsh executive admitted he instructed insurance companies to submit non-competitive bids for insurance business between 2002 and 2004. Those bids were then ""conveyed to Marsh clients under false and fraudulent pretences"". Through the practice, Marsh was allowed to determine which insurers won business from clients, and so control the insurance market, Mr Spitzer's office added. It also protected incumbent insurers when their business was up for renewal and helped Marsh to maximise its fees, a statement said. In one case, an email showed Mr Stearns had instructed a colleague to solicit a non-competitive - or ""B"" - quote from AIG that was ""higher in premium and more restrictive in coverage"" and so fixed the bids in a way that would support the present provider Chubb. The company is also still being examined by US stock market regulator the Securities and Exchange Commission (SEC). Late last month the SEC asked for information about transactions involving holders of 5% or more of the firm's shares.",business,business,2.4338302612304688,5273,102.33203125,0.3813571
"SA unveils 'more for all' budget The South African government has put tax cuts and increased social spending at the centre of its latest budget. Aiming to both stir economic growth and aid the country's poor, finance minister Trevor Manuel said the focus of the 2005 budget was ""more for all"". The tax cuts target firms and individuals, cutting corporate tax from 30% to 29% and offering income tax cuts worth 6.8bn rand ($1.2bn; £910m). Spending on health and education will rise by 9.4% and 8.1% respectively. Spending on housing and sanitation will rise by 12%. All the spending increases will run over the next three years. Unveiling the 418bn-rand budget to parliament, Mr Manuel said the South African economy had grown by an average of 3.2% over the past four years, slightly below the African average of 4%. He predicted that the South African economy would grow by 4.3% in 2005 and 4.2% in 2006. Mr Manuel added that inflation fell to 4.3% in 2004 and is expected to remain at between 3% and 6% from now until at least 2008, helped by interest rates which are at their lowest level in 24 years. Given that both corporate and personal taxes are being cut - under the new measures, those earning less than 35,000 rand a year will be exempt from income tax - the extra 22.3bn rand in social spending will be partly met by higher fuel, tobacco and alcohol taxes. ""In this budget, the focus is on more for all, not more for some, and not a hell of a lot more for a few, but spread across all of South Africa,"" said Mr Manuel. He said that the economic situation was a ""marked improvement"" on the position at the end of apartheid, but acknowledged that more needed to be done to improve the lives and livelihoods of the disadvantaged. About 280,000 jobs a year have been created in South Africa since 2000 but unemployment remains high, currently close to 30%. Economist Colen Garrow said the budget looked as if it would stimulate economic growth. ""It's pleasant to see the cut in company taxes, it's a good incentive for business,"" he said.",business,business,2.534963846206665,5273,102.33203125,0.4842801
"US interest rates increased to 2% US interest rates are to rise for the fourth time in five months, in a widely anticipated move. The Federal Reserve has raised its key federal funds rate by a quarter percentage point to 2% in light of mounting evidence that the US economy is regaining steam. US companies created twice as many jobs as expected in October while exports hit record levels in September. Analysts said a clear-cut victory for President Bush in last week's election paved the way for a rise. Another rise could be in store for December, some economists warned. The Fed's Open Market Committee - which sets interest rate policy in the US - voted unanimously in favour of a quarter point rise. The Fed has been gradually easing rates up since the summer, with quarter percentage point rises in June, August and September. The Central Bank has been acting to restrain inflationary pressures while being careful not to obstruct economic growth. The Fed did not rule out raising rates once again in December but noted that any future increases would take place at a ""measured"" pace. In a statement, the Fed said that long-term inflation pressures remained ""well contained"" while the US economy appeared to be ""growing at a moderate pace despite the rise in energy prices"". Financial analysts broadly welcomed the Fed's move and shares traded largely flat. The Dow Jones Industrial average closed down 0.89 points, or 0.01%, at 10,385.48. Recent evidence has pointed to an upturn in the US economy. US firms created 337,000 jobs last month, twice the amount expected, while exports reached record levels in September. The economy grew 3.7% in the third quarter, slower than forecast, but an improvement on the 3.3% growth seen in the second quarter. Analysts claimed the Fed's assessment of future economic growth was a positive one but stressed that the jury was still out on the prospect of a further rise in December. ""Let's wait until we see how growth and employment bear up under the fourth quarter's energy price drag before concluding that the Fed has more work to do in 2005,"" said Avery Shenfeld, senior economist at CIBC World Markets. ""I think the Federal Reserve does not want to rock the boat and is using a gradual approach in raising the interest rate,"" said Sung Won Sohn, chief US economist for Wells Fargo Bank. ""The economy is doing a bit better right now but there are still some concerns about geopolitics, employment and the price of oil,"" he added. The further rise in US rates is unlikely to have a direct bearing on UK monetary policy. The Bank of England (BoE) has kept interest rates on hold at 4.75% for the past three months, leading some commentators to argue that rates may have peaked. In a report published on Wednesday, the Bank said that with rates at their current level, inflation would rise to its 2% target within two years. However, BoE governor Mervyn King warned only last month that the era of consistently low inflation and low unemployment may be coming to an end.",business,business,2.4647459983825684,5273,102.33203125,0.4140196
"Lewis-Francis eyeing world gold Mark Lewis-Francis says his Olympic success has made him determined to bag World Championship 100m gold in 2005. The 22-year-old pipped Maurice Greene on the last leg of the 4x100m relay in Athens to take top honours for Team GB. But individually, the Birchfield Harrier has yet to build on his World Junior Championship win four years ago. ""The gold medal in Athens has made me realise that I can get to the top level and I want to get there again. It can happen, I don't see why not,"" he said. Lewis-Francis has still to decided what events will feature in his build-up to the worlds - with one exception. He has confirmed his participation in the Norwich Union Grand Prix in Birmingham on 18 February, where he will take on another member of Britain's victorious men's relay team - Jason Gardener - over 60m. He added: ""It's a bit too early to make any predictions for Helsinki, but I have my eyes open and I know I can be the best in the world.""",sport,sport,2.332646369934082,5274,102.3359375,0.2874812
"Italy 17-28 Ireland Two moments of magic from Brian O'Driscoll guided Ireland to a workmanlike victory against Italy. A pair of classic outside breaks from the Ireland captain set up tries for Geordan Murphy and Peter Stringer. Italy led 9-8 early in the second half but Stringer's try gave Ireland a lead they never lost. The hosts cut the gap to 18-12 with 10 minutes left and nearly scored through Ludovico Nitoglia, but Denis Hickie's try ensured an Irish victory. Italy came flying out of the blocks and took the lead through a Luciano Orquera penalty after seven minutes. It could have been better for the hosts but the fly-half missed two kickable penalties and Ireland drew level with a Ronan O'Gara penalty midway through the first half. The Italians were driving at the heart of the Irish defence and, for the first quarter, the Irish pack struggled to secure any ball for their talented backs. When they finally did, just before the half-hour mark, O'Driscoll promptly created a sparkling try for Murphy. The Ireland captain ran a dummy scissors and made a magical outside break before drawing the full-back and putting the diving Murphy in at the corner. O'Gara missed the twice-taken conversion and the visitors found themselves trailing once again. Roland de Marigny took over the kicking duties for Italy from the hapless Orquera, and he landed a penalty either side of the break to edge Italy into a 9-8 lead. The only Ireland player offering a real threat was O'Driscoll, and it was his break that set up the second try for the visitors. Shane Horgan threw an overhead pass as he was about to be forced into touch and Stringer scooted over, with O'Gara landing the tricky conversion. A penalty apiece saw Ireland leading 18-12 as the game entered the final quarter, but they were lucky to survive when Italy launched a series of attacks. Winger Nitoglia dropped the ball as he reached for the line and Italy nearly rumbled over from a driving maul. An O'Gara penalty put Ireland more than a converted try ahead and they made the game safe when Hickie latched onto an inside pass from Murphy and crossed for a converted try. O'Driscoll limped off late on, joining centre partner Gordon D'Arcy on the sidelines, and the final word went to Italy. Prop Martin Castrogiovanni powered over for a try which was fitting reward for an Italian pack which had kept the Irish under pressure throughout. De Marigny; Mi Bergamasco, Canale, Masi, Nitoglia; Orquera, Troncon; Lo Cicero, Ongaro, Castrogiovanni; Dellape, Bortolami; Persico, Ma Bergamasco, Parisse. Perugini, Intoppa, Del Fava, Dal Maso, Griffen, Pozzebon, Robertson. Murphy, Horgan, O'Driscoll, D'Arcy, Hickie, O'Gara, Stringer, Corrigan, Byrne, Hayes, O'Kelly, O'Connell, S Easterby, Leamy, Foley. Sheahan, Horan, O'Callaghan, Miller, G Easterby, Humphreys, Dempsey. P O'Brien (New Zealand)",sport,sport,2.590674638748169,5275,102.3359375,0.537225
"Record year for Chilean copper Chile's copper industry has registered record earnings of $14.2bn in 2004, the governmental Chilean Copper Commission (Cochilco) has reported. Strong demand from China's fast-growing economy and high prices have fuelled production, said Cochilco vice president Patricio Cartagena. He added that the boom has allowed the government to collect $950m in taxes. Mr Cartagena said the industry expects to see investment worth $10bn over the next three years. ""With these investments, clearly we are going to continue being the principle actor in the mining of copper. It's a consolidation of the industry with new projects and expansions that will support greater production."" Australia's BHP Billiton - which operates La Escondida, the world's largest open pit copper mine - is planning to invest $1.9bn between now and 2007, while state-owned Codelco will spend about $1bn on various projects. Chile, the biggest copper producer in the world, is now analyzing ways of to keep prices stable at their current high levels, without killing off demand or leading customers to look for substitutes for copper. The copper price reached a 16-year high in October 2004. Production in Chile is expected rise 3.5% in 2005 to 5.5 million tonnes, said Mr Cartagena. Cochilco expects for 2005 a slight reduction on copper prices and forecasts export earnings will fall 10.7%.",business,business,2.3421308994293213,5275,102.3359375,0.3044629
"Talks held on Gibraltar's future Two days of talks on the future of Gibraltar begin at Jack Straw's country residence later on Wednesday. Officials at the two-day summit at the foreign secretary's official Kent house, Chevening, will plan a new forum on the Rock's future. In October, Mr Straw and his Spanish counterpart Miguel Moratinos agreed to establish a body that would give Gibraltarians a voice in their future. Most Gibraltarians said in a referendum they wanted to remain British. Gibraltar's Chief Minister Peter Caruana will represent the British citizens living on the Rock, while Britain's Europe Director Dominick Chilcott will represent the UK. Madrid is being represented by Spain's director general for Europe, Jose Maria Pons. The initiative follows Spain's socialist government's decision to put its long-standing sovereignty ambitions on hold. Gibraltarians rejected plans for the Rock's sovereignty to be shared between Britain and Spain in a referendum organised by Gibraltar government.",politics,politics,2.341073513031006,5275,102.3359375,0.3006803
"Rescue hope for Borussia Dortmund Shares in struggling German football club Borussia Dortmund slipped on Monday despite the club agreeing a rescue plan with creditors on Friday. The club, which has posted record losses and racked up debts, said last week that it was in ""a life-threatening profitability and financial situation"". Creditors agreed on Friday to suspend interest payments until 2007. News of the deal had boosted shares in the club on Friday, but the stock slipped back 7% during Monday morning. In addition to the interest-payment freeze, Borussia Dortmund also will get short-term loans to help pay salaries. It estimated that it needs almost 30m euros ($39m; £21m) until the end of June if it is to pay its bills. The football club is hoping that all its creditors will agree to defer rent payments on its Westfalen stadium. Borussia officials met with almost all the banks involved in its financing on Friday and over the weekend. Three creditors have yet to agree to the deal struck last week. On 14 March, one of these creditors - property investment fund Molsiris which owns the club's stadium - holds its AGM at which it will discuss the rescue plan. Chief executive Gerd Niebaum stepped down last week and creditors have been pushing for a greater say in how the club is run. Borussia Dortmund also is facing calls to appoint executives from outside the club. The club posted a record loss of 68m euros in the 12 months through June. Adding to its woes, Borussia Dortmund was beaten 5-0 by Bayern Munich on Saturday.",business,sport,2.35898756980896,5275,102.3359375,0.3044553
"Pompeii gets digital make-over The old-fashioned audio tour of historical places could soon be replaced with computer-generated images that bring the site to life. A European Union-funded project is looking at providing tourists with computer-augmented versions of archaeological attractions. It would allow visitors a glimpse of life as it was originally lived in places such as Pompeii. It could pave the way for a new form of cultural tourism. The technology would allow digital people and other computer-generated elements to be combined with the actual view seen by tourists as they walk around an historical site. The Lifeplus project is part of the EU's Information Society Technologies initiative aimed at promoting user-friendly technology and enhancing European cultural heritage. Engineers and researchers working in the Europe-wide consortium have come up with a prototype augmented-reality system. It would require the visitor to wear a head-mounted display with a miniature camera and a backpack computer. The camera captures the view and feeds it to software on the computer where the visitor's viewpoint is combined with animated virtual elements. At Pompeii for example, the visitor would not just see the frescos, taverns and villas that have been excavated, but also people going about their daily life. Augmented reality has been used to create special effects in films such as Troy and Lord of the Rings and in computer gaming. ""This technology can now be used for much more than just computer games,"" said Professor Nadia Magnenat-Thalman of the Swiss research group MiraLab. ""We are, for the first time, able to run this combination of software processes to create walking, talking people with believable clothing, skin and hair in real-time,"" she said. Unlike virtual reality, which delivers an entirely computer-generated scene to the viewer, the Lifeplus project is about combining digital and real views. Crucial to the technique is the software that interprets the visitor's view and provides an accurate match between the real and virtual elements. The software capable of doing this has been developed by a UK company, 2d3. Andrew Stoddart, chief scientist at 2d3, said that the EU project has been driven by a new desire to bring the past to life. ""The popularity of television documentaries and dramatisations using computer-generated imagery to recreate scenes from ancient history demonstrates the widespread appeal of bringing ancient cultures to life,"" he said.",tech,entertainment,2.4508697986602783,5275,102.3359375,0.3950019
"Man Utd through after Exeter test Manchester United avoided an FA Cup upset by edging past Exeter City in their third round replay. Cristiano Ronaldo scored the opener, slipping the ball between Paul Jones' legs after just nine minutes. United wasted a host of chances to make it safe as Jones made some great saves, but Wayne Rooney put the tie beyond doubt late on with a cool finish. Exeter had chances of their own, Sean Devine twice volleying wide and Andrew Taylor forcing Tim Howard to save. United boss Sir Alex Ferguson was taking few chances after their 0-0 draw in the first game and he handed starts to Paul Scholes and Ryan as well as Ronaldo and Rooney. Exeter began brightly with Devine and Steve Flack seeing plenty of the ball, but it did not take United long to assert their authority and the hosts soon found themselves a goal down. Scholes played a lovely pass in to Ronaldo on the left-hand side of the six-yard box and the Portuguese winger slid the ball between the legs of Jones to open the scoring. United sensed a chance to finish the tie as a contest early on and Ronaldo blazed over before Jones saved well from Scholes and then Rooney. The visitors' pressure by now was incessant and Rooney had another shot blocked while Ronaldo slammed well over the bar again from a good position. Just before the break Giggs had a golden chance to double the advantage, but the Welshman dragged a left-foot effort badly wide from 10 yards. In stoppage time Exeter created their best chance as Alex Jeannin swung in a cross from the left that Devine managed to flick goalwards, but the ball flew wide of Howard's goal. The Grecians came out after the break in determined fashion and Howard had to show safe hands to collect two searching crosses into the United box. Rooney looked like he might have sealed the result with a turn and shot but the ball stuck in the St James Park mud and Jones raced back to gather on the goalline. Moments later Devine had the chance to make himself a hero, but he could only volley Jeannin's brilliant cross wide of Howard's goal after being left unmarked six yards out. After Rooney had completely messed up a free-kick 20 yards out Taylor showed him how it should be done, his stunning drive from distance forcing a flying stop from Howard. The home crowd were baying for a goal and they did get the ball into the net only for Devine's low effort to be ruled out for an obvious offside. The persistent Rooney eventually rounded Jones with three minutes to go and slotted into an empty net to book a home tie with Middlesbrough in the fourth round. Jones, Hiley, Sawyer, Gaia, Jeannin, Moxey, Taylor (Martin 89), Ampadu (Afful 69), Clay, Flack (Edwards 74), Devine. Subs Not Used: Rice, Todd. Ampadu, Clay. Howard, Phil Neville, Gary Neville, O'Shea, Fortune, Giggs (Saha 70), Miller (Fletcher 66), Scholes, Djemba-Djemba (Silvestre 80), Ronaldo, Rooney. Subs Not Used: Ricardo, Bellion. Ronaldo 9, Rooney 87. 9,033. P Dowd (Staffordshire).",sport,sport,2.5424435138702393,5275,102.3359375,0.5001612
"GTA sequel is criminally good The Grand Theft Auto series of games have set themselves the very highest of standards in recent years, but the newest addition is more than able to live up to an increasingly grand tradition. The 18 certificate GTA: San Andreas for the PlayStation 2 could have got away with merely revisiting a best-selling formula with a more-of-the-same approach. Instead, it builds and expands almost immeasurably upon the last two games and stomps, carefree, over all the Driv3r and True Crime-shaped opposition. Even in the year that will see sequels to Halo and Half-Life, it is hard to envisage anything topping this barnstorming instant classic. The basic gameplay remains familiar. You control a character, on this occasion a youth named CJ, who sets out on a series of self-contained missions within a massive 3D environment. CJ can commandeer any vehicle he stumbles across from a push-bike to a city bus to a plane. All come in handy as he seeks to establish his presence in a tough urban environment and avenge the dreadful deeds waged upon his family. To make things worse, he is framed for murder the moment he arrives in town, and blackmailed by crooked cops played by Samuel L Jackson and Chris Penn. The setting for all this rampant criminality is the fictional US state of San Andreas, comprising three major cities: Los Santos, which is a thinly-disguised Los Angeles, San Fierro, aka San Francisco and Las Venturas, a carbon copy of Las Vegas. San Andreas sucks you in with its sprawling range, cast of characters and incredibly sharp writing. Its ability to capture the ambience of the real-world versions of these cities is something to behold, assisted no end by the monumental graphical advances since Vice City. The streets, and vast swathes of countryside, are by turns gloriously menacing, grungy and preppy. Flaunting awesome levels of graphical detail, the game's overall look, particularly during the many unusual weather conditions and dramatic sunsets, is stupendous. The outstanding bread-and-butter gameplay mechanics provide a solid grounding for the elaborate plot to hang on. Cars handle more convincingly than ever, a superb motion blur kicks in when you hit high speeds, and there's more traffic to navigate than before. Park your vehicle across the lanes of a freeway, and within seconds there will be a huge pile-up. Pedestrians are also out in force, and are a loquacious bunch. CJ can interact with them using a simple system on the control pad. They will pass comments on his appearance and credibility, aspects that the player now has control over. Clothes, tattoos and haircuts can all be purchased, and funding these habits can be achieved by criminal means or by indulging in mini-games like betting on horses and challenging bar patrons to games of pool. The character will put on or lose weight according to how long he spends on foot or in the gym. He will have to pause regularly in restaurants to keep energy levels up, but will swell up as a result of over-eating. And at last, this is a GTA hero who can swim. At a time when games are once again under fire for their supposed potential to corrupt the young, San Andreas' violence, or specifically the freedom it gives the player to commit violence, are sure to inflame the pro-censorship brigade. Developers Rockstar have not shied away from brutality, and in some respects ramp it up from past outings. When hijacking a car, for example, CJ will gratuitously shove the driver's head into the steering wheel rather than just fleeing with the vehicle. Indeed, the tone is darker than the jokey Vice City. The grim subject matter here hardly lends itself to gags in quite the same way as the cheesy 80s setting of the last game. This title, incidentally, is set in 1992, but that is really neither here nor there apart from the influence it has on the radio playlists. The wit is still present, just more restrained than in previous outings. A further reason for this is that the incredible range of in-vehicle radio stations available means you will spend less time happening upon the hilarious talk radio options, where GTA games' trademark humour is anchored. The quality of voice acting and motion capture is simply off-the-chart. The game's rather odious gangland lowlifes swagger and mouth off in a way that rings very true indeed. It is a testament to San Andreas' magnificence that it has a number of prominent flaws, but plus-points are so numerous that the niggles don't detract. The on-screen map, for instance, is needlessly fiddly, an unwelcome change from past editions. There is also a very jarring slowdown at action-packed moments. And the game suffers from the age-old problem that can be relied upon to blight all games of this genre, setting you back a vast distance when you fail right at the very end of a long mission. But the gameplay experience in its entirety is overwhelmingly positive. You simply will not be bothered by these minor failings. San Andreas is among the few unmissable games of 2004.",tech,tech,2.5426418781280518,5275,102.3515625,0.5056761
"Tautou film tops Cesar prize nods French film A Very Long Engagement has received 12 nominations for France's Cesar film awards, despite a recent ruling it was ""not French enough"". The World War I romantic drama starring Audrey Tautou, was recently ruled ""too American"" by a Paris court as it was partially backed by Warner Bros. But the Cesar organisers modified their rules to allow the film to compete. The film, directed by Jean-Pierre Jeunet, received best actress, picture and director nominations. Last November a court judged the film was too American to compete in French film festivals. Two associations of French producers challenged Jeunet's right to French government subsidies, because Warner Bros was a backer. The ruling meant the movie - which was filmed in France and used French actors and technicians - was not eligible to compete for French prizes. But Alain Terzian, president of Cesar organisers, the Academie des Arts et Techniques du Cinema, said the changes in eligibility rules, which allow films ""of French expression"", were made three months prior to the court decision. Other films in the best film category include Police drama 36, Quai Des Orfevres, Arnaud Desplechin's Kings And Queen, Abdellatif Kechiche's L'Esquive and France's number one film at the 2004 box-office The Chorus. Best actors are Daniel Auteuil for 36, Mathieu Amalric for Kings And Queen, Gerard Jugnot for The Chorus, Philippe Torreton for L'Equipier and Benoit Poelvoorde for Podium. Tautou will compete against Maggie Cheung , Emmanuelle Devos, Yolande Moreau and Karin Viard for best actress. Michael Moore's Fahrenheit 9/11, The Motorcycle Diaries, Lost in Translation, Eternal Sunshine of the Spotless Mind and 21 Grams are all vying in the best foreign film prize. The awards ceremony will be held on 26 February. This year, Will Smith, star of I, Robot, Independence Day and Men In Black, will be given an honorary Cesar, along with French singer/actor, Jacques Dutronc.",entertainment,entertainment,2.4334583282470703,5275,102.3515625,0.396248
"Profile: Gordon Brown The ultimate prize of 10 Downing Street may continue to elude him but, as he prepares to deliver a record-breaking ninth budget, Gordon Brown can at least console himself with the thought that he is the longest serving chancellor of modern times. He reached that milestone last June, when he overtook David Lloyd George, who served for seven years and 43 days between 1908 and 1915. How much longer Mr Brown will continue in the job is not clear (he once said there are two types of chancellor: ""those who fail and those who get out in time."") There are rumours he will be moved to the Foreign Office if Labour wins the general election. But, for now, Mr Brown dominates the domestic political scene like few chancellors - or politicians - before him. Gordon Brown was born in Glasgow on 20 February 1951, the son of a Church of Scotland Minister in the small Fife town of Kirkcaldy. At 12, he was canvassing for Labour and by his 20s he was a leading political activist in Scotland. He achieved a first class degree in history from Edinburgh University, where he went on to complete a PhD. His early career was spent lecturing, working in television and making a name for himself in the Scottish Labour Party. His first attempt to enter Westminster, for Edinburgh South in 1979, was thwarted by the present Tory spokesman on foreign affairs, Michael Ancram. But in 1983, he took Dunfermline East, a new constituency including Rosyth naval base, pit villages and coastal towns. Entering Westminster, he came to share an office with the newly elected MP for Sedgefield, Tony Blair. Within four years, Mr Brown had gained his first frontbench post as shadow chief secretary to the Treasury. He became shadow chancellor under John Smith's leadership in 1992. After the death of leader John Smith in 1994 he stood aside, agreeing to give Tony Blair a clear run at the leadership during a now infamous meal at the Granita restaurant in Islington. The other part of the deal, that Mr Blair will one day stand down in favour of the chancellor, is the stuff of Westminster legend. Mr Blair's supporters say such a deal never existed and endless newspaper columns - and even a television film - have been devoted to the alleged deal. But if his leadership ambitions were at least temporarily thwarted in 1994, Mr Brown continued his devotion to politics. During the 1997 election campaign, he is said to have worked an average of 18 hours a day, six days a week after running on a treadmill for an hour each morning. This dedication to his career was underlined by a comment by Mr Brown's former girlfriend of five years, Princess Marguerite of Romania, the eldest daughter of ex-King Michael of Romania, who said a relationship with him was ""politics, politics, politics"". If that was true then, Mr Brown, who married PR executive Sarah Macaulay in 2000, changed his perspective when the couple were hit by tragedy early in 2002. Their daughter Jennifer died in Edinburgh Royal Infirmary, 10 days after being born seven weeks prematurely. A year later, in October 2003, the couple had a son - John - an event which again gave the chancellor an opportunity to show his softer side. A trip to Africa earlier this year, to publicise his scheme to cancel the debt of poor nations, also gave the chancellor an opportunity to show his more human side. The ideological differences between Mr Brown and Mr Blair remain relatively modest. The chancellor opposes the further encroachment of the market into the NHS and is seen as being more ""Old Labour"" than Mr Blair in his approach to wealth redistribution. But their shared belief that market economics are compatible with social justice continues to form the ideological heart of the New Labour project. Yet they are portrayed by the media as being locked in almost permanent conflict, with Mr Brown supposedly nursing resentment at being betrayed by his younger Downing Street neighbour over the succession. Mr Blair, for his part, is said to be frustrated that his public service reforms are being thwarted by a vengeful Mr Brown, who reportedly delights in keeping the prime minister in the dark over the contents of his Budget until the last possible minute. After a recent run of negative headlines, Labour MPs took the unprecedented step of making a direct appeal to the two men stop bickering, for the good of the party. Events like this, and the testimony of former ministerial colleagues, make it impossible to dismiss the Brown/Blair feud as just journalistic hearsay, cooked up by hacks and camp followers in the hothouse atmosphere of Westminster. How much it damages the ability of government to do its job is open to question. A truce appears to have been called in the run up to the general election after a fresh spat was sparked by Blairite Alan Milburn being brought in over the head of Mr Brown to run the election campaign. But with the Tories having appeared to get the better of the pre-election campaign thus far there are reports that Mr Brown - using the Budget as a springboard - is to revitalise Labour's campaign. Amid all this it is easy to forget that Mr Brown remains the man most likely to succeed Mr Blair as Labour leader. There may be no shortage of possible contenders for the crown - including Mr Milburn - but none can command the sort of support in the parliamentary party and beyond that Mr Brown can. And Mr Blair's decision to name his own retirement date has at least given Mr Brown something to aim for - even if the prime minister's intention to ""serve a full third term"" if elected, took the shine off the announcement for the chancellor and his supporters.",politics,politics,2.632972478866577,5275,102.3515625,0.5788814
"Fed chief warning on US deficit Federal Reserve chairman Alan Greenspan has warned that allowing huge US budget deficits to continue could have ""severe"" consequences. Speaking to the House Budget Committee he urged Congress to take action to cut the deficit, such as increasing taxes. While the US economy is growing at a ""reasonably good pace"" he warned that budget concerns were clouding the economic outlook for the US. Pension and healthcare costs posed the greatest risks to the economy, he said. The government program faces severe financial strains in coming decades as the massive baby-boom generation retires. ""I fear that we may have already committed more physical resources to the baby-boom generation in its retirement years than our economy has the capacity to deliver. If existing promises need to be changed, those changes should be made sooner rather than later,"" Mr Greenspan said. He also warned that unless the nation sees unprecedented rises in productivity ""retirement and health programmes would need ""significant"" changes. He called on Congress to cut promised benefits for retirees, as the promised benefits for the soon-to-retire baby boom generation were much larger than the government could afford. Meanwhile any move to narrow the deficit gap by raising taxes could pose a significant risk to the economy by dampening growth and spending, he added. He also urged Congress to reinstate lapsed rules that require tax cuts and spending to be offset elsewhere in the budget in an effort to prevent the US heading further into the red. Despite the dire warnings, Mr Greenspan did offer some good news for the short term. As US growth gathers steam and incomes rise that should lead to a narrowing of the deficit. Recent increases in defence and homeland security spending were also not expected to continue indefinitely, which should cut some costs. Since President George W Bush came to office the federal budget has swung from a record surplus to a record deficit of $412bn last year.",business,politics,2.3984122276306152,5275,102.3515625,0.3509026
"Ferguson urges Henry punishment Sir Alex Ferguson has called on the Football Association to punish Arsenal's Thierry Henry for an incident involving Gabriel Heinze. Ferguson believes Henry deliberately caught Heinze on the head with his knee during United's controversial win. The United boss said it was worse than Ruud van Nistelrooy's foul on Ashley Cole for which he got a three-game ban. ""We shall present it to the FA and see what they do. The tackle on Heinze was terrible,"" he said. Clubs are permitted to ask the FA to examine specific incidents but information is expected to be provided within 48 hours of the game. The clash occurred moments before half-time when a Freddie Ljungberg challenge left Heinze on the ground on the left touchline. Henry, following the ball, attempted to hurdle the Argentine but his knee collided with the back of Heinze's head. The striker protested his innocence - and referee Mike Riley deemed the collision accidental. Ferguson was also upset by Arsenal's overall discipline during the heated encounter between the two arch-rivals and praised his own side's behaviour. ""Edu produced a terrible tackle on Scholes that was a potential leg-breaker,"" he said. ""There were 24 fouls in the game by Arsenal, seven on Heinze, five on Ronaldo, six by Vieira - and it was only his sixth foul that got him booked. Phil Neville got booked for his first challenge. ""I am proud of my players for the way they handled that pressure. ""We have always been good at being gracious in defeat. What happened on Sunday overshadowed our achievement, but then they do it all the time, don't they?""",sport,sport,2.4721455574035645,5275,102.3515625,0.4192067
"Tautou 'to star in Da Vinci film' French actress Audrey Tautou, star of hit film Amelie, will play the female lead in the film adaptation of The Da Vinci Code, it has been reported. The movie version of Dan Brown's best-selling novel is being directed by Ron Howard and also stars Tom Hanks. Tautou will play Hanks' code-cracking partner, according to various newspapers. She is currently starring in A Very Long Engagement, directed by Jean-Pierre Jeunet. Jeunet was also responsible for directing Tautou in Amelie in 2001, which launched the actress into the mainstream. She also starred as the lead role in critically-acclaimed film Dirty Pretty Things in 2002. Oscar-winning director Ron Howard chose Tautou for the part, preferring a French actress to a big name Hollywood star. UK actress Kate Beckinsale had been widely tipped as a possibility for the role alongside Vanessa Paradis and Juliette Binoche. The thriller upon which the movie is based has sold more than 17 million copies and is centred on a global conspiracy surrounding the Holy Grail mythology. The Louvre Museum, scene of the gruesome murder at the beginning of the novel, recently gave permission for filming to take place there, showbusiness newspaper Variety reported. The $100m movie will be produced by Columbia/Sony Pictures and is due for release on May 19, 2006 in the United States and France.",entertainment,entertainment,2.4080724716186523,5275,102.3515625,0.3614332
"Cudicini misses Carling Cup final Chelsea goalkeeper Carlo Cudicini will miss Sunday's Carling Cup final after the club dropped their appeal against his red card against Newcastle. The Italian was sent off for bringing down Shola Ameobi in the final minute of Sunday's match. Blues boss Jose Mourinho had promised to pick Cudicini for the final instead of first-choice keeper Petr Cech. The 31-year-old will now serve a one-match suspension commencing with immediate effect. Cudicini kept a club record 24 clean sheets last season for Chelsea, but Petr Cech has established himself as first choice for Mourinho since moving to Stamford Bridge in summer 2004. The 22-year-old Czech Republic international has set a new Premiership record of 961 consecutive minutes without conceding a goal, a mark which is still running. But Mourinho has used Cudicini regularly in the Carling Cup, and the Italian has only let in one goal in his four appearances during Chelsea's run to the final.",sport,sport,2.3309457302093506,5275,102.3515625,0.2791708
"Day-Lewis set for Berlin honour Actor Daniel Day-Lewis is to be presented with an award for his career in film at the Berlin Film Festival. The 47-year-old, whose credits include his Oscar-winning performance in My Left Foot, will be presented with the Berlinale Camera award on 15 February. The honour, awarded since 1986, honours figures in cinema that the festival feels ""particularly indebted to"". Man to Man, a historical epic starring Kristin Scott Thomas, opens the German festival on 10 February. A candid documentary about the life and career of singer George Michael, A Different Story will also be screened at the 10-day event. ' Day-Lewis has competed four times at the Berlin Film Festival, with films In The Name Of The Father (1994), The Crucible (1997), The Boxer (1998) and Martin Scorsese's Gangs Of New York (2003). The festival praises him for his ""sensational start"" with roles in My Beautiful Launderette and costume classic A Room With A View, and a ""great number of celebrated roles"" in subsequent productions. Japan's oldest film studio will also be honoured along with Day-Lewis. Shochiku film studios, which was founded 110 years ago, will become the first cinematic institution to receive the Berlinale Camera award. Famous Japanese directors including Akira Hurosawa have had films produced at the studio.",entertainment,entertainment,2.4330267906188965,5275,102.3515625,0.3920381
"EU China arms ban 'to be lifted' The EU embargo on arms exports to China is likely to be lifted in the next six months despite US objections, UK Foreign Secretary Jack Straw has said. The 15-year-old ban was imposed in the aftermath of China's crackdown on protesters in Tiananmen Square. Mr Straw told a Commons select committee human rights concerns over China remained. But he said it was wrong to put China under the same embargo as countries such as Zimbabwe and Burma. In December, the EU pledged to work towards lifting the ban but said it was not ready to do so yet. The EU's move was welcomed at the time by Beijing, which described the embargo as a ""product of the Cold War"". German Chancellor Gerhard Schroeder and French President Jacques Chirac have repeatedly called for the embargo to be lifted. Britain has been more cautious on the issue, but on Wednesday Mr Straw said he also wanted it to end. ""I have long understood China's argument, that to lump them in with, say, Burma and Zimbabwe is not appropriate and I don't think it is,"" he told the joint committee on Strategic Export Controls. He said ""it is more likely than not"" that the ban would be lifted before Britain takes over the presidency of the EU from Luxembourg in July. But he said an EU code of conduct would prevent an increase in the number of arms being exported to the country. ""If it is lifted we will end up with as effective arms controls in relation to China as we have now."" Mr Straw said the US government was suspicious of ""the motives of some other countries within the EU"" in wanting the ban lifted. But he said many of Washington's objections were based on a ""lack of information and understanding"" of how export control guidelines worked in EU countries. And ""intense discussions"" were taking place with US officials to convince them it was the right thing to do. Washington is thought to fear it would lead to a buying spree for arms that could be used by China to threaten its diplomatic rival Taiwan. US officials say they are not satisfied the mechanisms in the EU code of conduct are robust enough to prevent abuses. US Undersecretary of State John Bolton is meeting British officials this week to press the case for keeping the embargo.",politics,politics,2.4411776065826416,5275,102.3515625,0.4087659
"Global release for Japan hit film Oscar-winning animator Hayao Miyazaki's latest film, Howl's Moving Castle, is to be released in 50 countries around the world, its distributor has said. Howl's Moving Castle set a Japanese box office record last week, taking 1.5bn yen (£7.7m) in its first two days. Miyazaki won an Oscar earlier this year for Spirited Away, Japan's first Academy Award for nearly 50 years. Howl's Moving Castle is based on a children's fantasy novel by UK author Diana Wynne Jones. It tells the story of an 18-year-old woman who ages dramatically after falling under a witch's spell. She heads to a moving castle kept by Howl, a wizard, and searches for a way to become normal again. A spokesman for distributor Toho said the film ""has received strong interest from domestic audiences and foreign media and viewers alike"". ""We have a good feeling about this film. We saw very good viewer response,"" he added. The film's worldwide release will start in South Korea on 24 December, and France on 12 January.",entertainment,entertainment,2.423959493637085,5275,102.3515625,0.3674396
"Bening makes awards breakthrough Film actress Annette Bening is up for an Oscar for her starring role in the award-winning film Being Julia. Bening, who was born in Texas in 1958, has gained prominence for a string of key roles. Although an Oscar has so far eluded her, her status as one of Hollywood's favourite actresses remains solid. One of the biggest Oscars buzzes in recent years was for Bening's role as troubled Carolyn Burnham in 1999's American Beauty. But her deliciously neurotic portrayal of surburban life turning sour was overlooked in favour of Hilary Swank's leading role in Boys Don't Cry. After opening her career in the theatre - and gaining a Tony Award nomination in 1986 - Bening had a low-key spell in television. She then made her film debut as a sex-starved wife in 1988's The Great Outdoors, opposite comics Dan Akroyd and John Candy. Following a cameo in Postcards From The Edge, Bening's breakthrough role came in 1990, playing seductive con artist Myra Langtry in The Grifters - a role that won her an Oscar nomination. Despite some rave reviews, Bening did not win the best supporting actress Academy Award. However the high-profile performance enabled Bening to capture roles in a number of big budget Hollywood productions, co-starring with some of Hollywood's greatest players, including Robert De Niro and Harrison Ford. But it was her role opposite Warren Beatty in 1991 gangster flick Bugsy which had the greatest impact. Bening played Virginia Hill, another role which won her high critical acclaim, but the film only picked up two of a staggering 12 Oscar nominations. Bugsy was the start of a very significant liaison for Bening - she married Beatty, with whom she had a child as the couple promoted the film in Europe. The couple now have four children together. A pair of contrasting yet successful performances peppered Bening's career in the mid-1990s. She played Michael Douglas' opposite number in romantic comedy The American President, and as a ""fiery"" Queen Elizabeth I in a contemporary adaptation of Shakespeare's Richard III. Bening was the first choice to play the female lead in American Beauty, director Sam Mendes' film debut which was a critical and commercial success - but the actress had to be content with a Bafta award for her strong performance. But current film Being Julia has made Bening an award-winning actress rather than the perennial nominee, with success at the Golden Globes. The witty tale of revenge and love set in 1930s London sees the eponymous theatrical diva - played by Bening - grow tired of her success and fall for a young American - and could be the role which finally wins her the coveted Academy Award.",entertainment,entertainment,2.47109055519104,5275,102.3515625,0.4456002
"Ericsson sees earnings improve Telecoms equipment supplier Ericsson has posted a rise in fourth quarter profits thanks to clients like Deutsche Telekom upgrade their networks. Operating profit in the three months to 31 December was 9.5bn kronor (£722m; $1.3bn) against 6.3bn kronor last year. Shares tumbled, however, as the company reported a profit margin of 45.6%, less than the 47.3% forecast by analysts and down from 47.1% in the third quarter. Ericsson shares dropped 5.9% to 20.7 kronor in early trading on Thursday. However, the company remained optimistic about its earnings outlook after sales in the fourth quarter rose 9% to 39.4bn kronor. ""Long-term growth drivers of the industry remain solid,"" Ericsson said in a statement. Chief executive Carl-Henric Svanberg explained that about ""27% of the world's population now has access to mobile communications"". ""This is exciting for a company with a vision of an all-communicating world,"" he added. Mr Svanberg, however, warned that the extra demand that had driven 2004 sales had already dissipated and it was ""business as usual"". He added that sales in the first three months of 2005 would be subject to ""normal seasonality"". For the whole of 2004, Ericsson returned a net profit of 19bn kronor, compared with a loss of 10.8bn kronor in 2003. Sales climbed to 131.9 billion kronor from 117.7bn kronor in 2003.",business,business,2.396592617034912,5275,102.3515625,0.3570401
"Campbell rescues Arsenal Sol Campbell proved to be an unlikely match-winner to earn Arsenal a hard-fought win at Portsmouth. The England defender lashed home a 25-yard shot for his first goal in 16 months to take Arsenal back into second spot, five points behind Chelsea. But before Campbell scored the best two chances of the game fell to Pompey striker Ricardo Fuller. In the first half he blasted wide when clear, and his control let him down in the second half when well placed. Portsmouth got plenty of bodies behind the ball to deny Arsenal space in the early stages. But their marking was slack at a corner and Patrick Vieira should have done better when the ball fell to him 16 yards out. A mistake by Arjan de Zeeuw let Thierry Henry in behind the Pompey defence on 17 minutes but as he bore down on goal Linvoy Primus got in a saving tackle. With just Fuller as an out-and-out striker, Portsmouth's shape made life difficult for Arsenal. But a delightful touch by Robin van Persie gave Henry a sight of goal, although the angle was too tight for his shot to trouble Jamie Ashdown. Ashdown caused hearts to flutter on 28 minutes when he missed his punch at a corner and Kolo Toure headed just wide and, as Arsenal began to press, Van Persie blasted over a good opportunity after Henry had set him up. Henry took a quick return pass from Vieira but Ashdown was out quickly to block, and there were some anxious seconds for Pompey as the ball ran loose before Matthew Taylor cleared. After playing second fiddle, Portsmouth should have taken the lead on 34 minutes. Referee Howard Webb played a good advantage to allow Steve Stone to send Gary O'Neil away but, having shrugged off Toure, the Pompey midfielder planted his shot wide from 10 yards. As half-time approached, Henry teased a shot through a ruck of players and inches wide. At the other end, Fuller broke clear but failed to hit the target as Toure closed him down. Fuller was given the best chance of the match so far on 48 minutes when Patrik Berger's break and slipped pass played him clear. But a poor first touch lost him the opportunity and even when he checked back and went down under Vieira's challenge, referee Webb was not interested. Fuller paid the price when he gave way on 55 minutes to Aiyegbeni Yakubu, who returned after six weeks out with a knee injury. But it needed alert reflexes and safe handling from Ashdown to cling on to Van Persie's shot as Henry sniffed for scraps. Portsmouth were growing in confidence and keeper Manuel Almunia had to stand his ground to beat away a powerful shot from Berger. Arsenal were struggling to find their rhythm but took the lead through the unlikely source of Campbell. The England defender needed little invitation as Pompey backed off to stride forward and lash a ferocious shot past Ashdown. Arsenal might have stretched their lead two minutes later when Mathieu Flamini escaped his marker to flash a header wide from Henry's free-kick. Almunia went full length to grab Berger's long-range shot, while Ashdown palmed away substitute Dennis Bergkamp's shot. Ashdown, Griffin, De Zeeuw, Primus, Taylor, Stone, O'Neil, Faye (Berkovic 83), Berger, LuaLua, Fuller (Yakubu 55). Subs not used: Hislop, Quashie, Cisse. Almunia, Lauren, Toure, Campbell, Cole, Pires, Flamini, Vieira, Clichy, Van Persie (Bergkamp 68), Henry. Subs not used: Lehmann, Fabregas, Senderos, Hoyte. Cole. Campbell 75. 20,170. H Webb (S Yorkshire).",sport,sport,2.5175037384033203,5274,102.3515625,0.4682634
"David Blunkett in quotes David Blunkett - who has resigned as home secretary - built his reputation as a plain-speaking Yorkshire man. I fell in love with someone and they wouldn't go public and things started to go very badly wrong in the summer, and then the News of the World picked up the story. ""I tried for three years to make something work."" ""Trust, plain-speaking and straight talking is something which matters so much to me as a politician and as a man that I have decided, of my own volition, to request an independent review of the allegations that I misused my position."" ""I don't think anyone can say I have said one thing in public and done another in private."" ""It would be dangerous territory if I wasn't practising what I preach which is to always accept responsibility, always accept the consequences of your actions. ""None of us believe countering terrorism is about party politics."" ""I accepted by necessity we have to have prevention under a new category which is to intervene before the act is committed, rather than do so by due process after the act is committed when it's too late,"" he said in reference to new anti-terrorism measures. ""Our work with the French government...has been hugely successful,"" said Mr Blunkett. ""The number of illegal immigrants detected in Dover has dropped dramatically."" ""Strengthening our identity is one way or reinforcing people's confidence and sense of citizenship and well-being."" ""I foolishly thought as this was a celebrity edition it would be more relaxed than normal."" ""You wake up and you receive a phone call - Shipman's topped himself. You have just got to think for a minute: is it too early to open a bottle?""",politics,politics,2.2198731899261475,5306,102.3515625,0.1723453
"Anti-tremor mouse stops PC shakes A special adaptor that helps people with hand tremors control a computer mouse more easily has been developed. The device uses similar ""steady cam"" technology found in camcorders to filter out shaking hand movements. People with hand tremors find it hard to use conventional mice for simple computer tasks because of the erratic movements of the cursor on the screen. About three million Britons have some sort of hand tremor condition, said the UK National Tremor Foundation. ""Using a computer mouse is well known for being extremely hard for people with tremors so we're delighted to hear that a technology has been developed to address this problem,"" said Karen Walsh, from the UK National Tremor Foundation. Most commonly associated with tremors is Parkinson's disease, but they can also be caused by other conditions like Essential Tremor (ET). Tremors more often affect older people, but can hit all ages. ET, for example, is genetic and can afflict people throughout their lives. The Assistive Mouse Adapter (AMA) is the brainchild of IBM researcher Jim Levine who developed the prototype after seeing his uncle, who has Parkinson's disease, struggle with mouse control. ""I knew that there must be way to improve the situation for him and the millions of other tremor sufferers around the world, including the elderly. ""The number of elderly computer users will increase as the population ages, and at the same time, the need for computer access grows,"" he said. Computer users plug the device into a PC, and it can be adjusted depending on how severe the tremor is. It is also able to recognise multiple clicking on a mouse button caused by shaky digits. IBM said it would partner up with a small UK-based electronics firm, Montrose Secam, to produce the devices which will cost about £70. James Cosgrave, one of the company's directors, said it would make a big difference to those with tremors. ""I'm a pilot and my tremor condition has not limited my ability to fly a plane,"" he said. ""But using a PC has proven almost impossible simply because everything revolves around using the mouse to accurately manipulate the tiny cursor on the screen."" He said a prototype of the gadget had transformed his life. The device could help open up computing to millions more people who have found shaking to be a barrier. Last year, the Office for National Statistics reported that for the first time, more than half of all households in Britain had a home computer. With prices getting cheaper to get online too, computer ownership is increasing. But although 62% of British people have tried the internet, only 15% of Britons aged 65 or over have been online. More than six million UK households now have a broadband net. By the middle of 2005, it is estimated that 50% of all UK net users will be on broadband. There are still millions using the net through dial-up connections too.",tech,tech,2.447784423828125,5322,102.3515625,0.4017356
"Russian film wins BBC world prize Russian drama The Return (Vozvrashchenie) has been named winner of the BBC Four World Cinema Award. The film tells the story of two adolescent boys who are subjected to a harsh regime when their strict father returns after a 10-year absence. Directed by Andrey Zvyagintsev, The Return previously won the 2003 Golden Lion award at the Venice Film Festival. The prize was presented at an awards ceremony held in London on Thursday and hosted by Jonathan Ross. The winner was chosen by a panel which included X Files actress Gillian Anderson, critic Roger Clarke and Touching the Void director Kevin McDonald. Ross, who is the presenter of BBC One's Film 2005, was also involved in the deliberations. A shortlist of six films from around the world had been drawn up from which the panel chose. Other nominees included the Motorcycle Diaries, Zatoichi and Hero. A viewer poll saw director Zhang Yimou's martial arts epic Hero emerge as the favourite with 32% of votes cast. Tragedy struck the production of The Return when one of the young stars, 15-year-old Vladimir Girin, drowned in a lake. The winner of the World Cinema Award last year was the French animated feature Belleville Rendezvous",entertainment,entertainment,2.3061816692352295,5348,102.3515625,0.2654445
"Triple triumph for Little Britain Top TV cult hit Little Britain has triumphed over The Office at the 15th annual British Comedy Awards. The BBC show beat The Office Christmas Special in the best TV comedy category and took the people's choice award. Matt Lucas and David Walliams also jointly won best TV comedy actor over The Office creator Ricky Gervais, who won a special award for writing. It was also a good night for Ant and Dec who clinched two awards, including best comedy entertainment personality. The Geordie duo also secured best comedy entertainment programme for Saturday Night Takeaway, beating I'm A Celebrity... Get Me Out Of Here!, which they also host, and the BBC's Have I Got News For You. The ceremony was presented by Jonathan Ross from ITV's London Studios headquarters on the capital's South Bank. Little Britain began life as a radio series on Radio 4, with Walliams and Lucas playing a range of misfit characters from an alternative Britain. It was later commissioned for BBC Three, where it proved a huge success, with the second series also shown on BBC One. After receiving his award for best TV comedy actor with Walliams, Lucas said: ""It's a great honour to be nominated alongside Ricky Gervais and Martin Clunes."" The show also won the people's choice award, which is the only gong on the night voted for by viewers. Speaking after receiving the award for best comedy, Walliams said: ""It was a real shock but I don't think we deserved to beat The Office which is a great show and more than just a comedy. It's a beautiful piece of work."" Gervais and The Office co-writer Stephen Merchant received a special award for writing, presented by Noel Gallagher and Tom Stoppard. Gervais said: ""The show has won an awful lot of awards in the last couple of years, too much. It's got embarrassing to be honest."" Other winners at the awards included Caroline Quentin, who took home best TV comedy actress for Life Begins and Von Trapped. Catherine Tate, from The Catherine Tate Show, was also nominated for the same award, but she did walk away with best comedy newcomer, over James McAvoy from Shameless (Channel 4) and Julian Barratt and Noel Fielding from The Mighty Boosh (BBC Three). Nighty Night was named Britain's best new TV comedy over ITV1 shows Doc Martin and Life Begins. But Doc Martin won best TV comedy drama, over Jonathan Creek (BBC One) and Shameless. Winner in the best international comedy category was The Simpsons, beating Sex and the City and Curb Your Enthusiasm. The prize was accepted by Matt Groening, creator of The Simpsons, who also received an outstanding contribution award from scientist Stephen Hawking, who has been featured in the series. School of Rock was voted best comedy film beating Shaun of the Dead and Shrek 2. Matt Lucas & David Walliams (Little Britain, BBC Three) Caroline Quentin (Life Begins/ Von Trapped, ITV1) Ant & Dec (Ant & Dec's Saturday Night Takeaway/ I'm A Celebrity, Get Me Out Of Here!, ITV1) Catherine Tate (The Catherine Tate Show, BBC Two) Nighty Night (Baby Cow Productions, BBC Three) Little Britain (BBC Three) Doc Martin (Buffalo Productions, ITV1) Ant & Dec's Saturday Night Takeaway (Granada, ITV1) The Simpsons (Twentieth Century Fox, BBC Two/Sky One/Channel 4) School Of Rock",entertainment,entertainment,2.5558314323425293,5346,102.3515625,0.5155896
"Choose hope over fear - Kennedy Voters will have a clear choice between the politics of fear and the politics of hope in the next general election, said Charles Kennedy. In his New Year message the Liberal Democrat leader said Labour and the Conservatives were united in relying on fear and ""populist scares"". He said his party was the one of hope and was ready for a 2005 poll. On the Asian tsunami he said it had been ""very heartening"" to learn of the generosity being shown by Britons. Mr Kennedy said his thoughts were with all those caught up in the disaster, which had dominated the Christmas and New Year period. At home he said many people were turning to the Liberal Democrats as they became disheartened with the politics of the other two main parties. The general election would be a three-party struggle, as the Conservative party ""fades away"" as a national force and the Liberal Democrats challenge Labour in its heartlands, he said. ""A clear division is emerging in British politics - the politics of fear versus the politics of hope. ""Labour is counting on the politics of fear, ratcheting up talk of threats, crime and insecurity. While the Conservatives are re-working their populist scares about asylum and the European 'menace',"" he said. He said the government was using this climate of fear to try to strip away civil liberties. It was already using detention without trial at Belmarsh Prison, ignoring a recent Law Lords judgement that this contravenes basic human rights, he said. He also criticised attempts to bring in trial without jury, plans to lower the burden of proof in some criminal trials, curbing of rights to protest, increased stop and search powers and ID card plans. He said while everyone had the right to be secure they also had the right to be protected against unfair discrimination. ""But at the same time, an overmighty state is a dangerous one,"" he said. His party ""instinctively"" understood the ""new liberal Britain"" which is no longer a nation with one family structure, and one colour, he said. ""We are less deferential; more inclined to think for ourselves; more open about sexuality and equality. ""Our national institutions are changing too. We are no longer a nation of one church; we are a nation of many faiths. In our attitudes and the way we live our lives, this is in many ways a liberal Britain.""",politics,politics,2.3243470191955566,5311,102.3515625,0.280155
"Wal-Mart is sued over rude lyrics The parents of a 13-year-old girl are suing US supermarket giant Wal-Mart over a CD by rock group Evanescence that contains swear words. The lawsuit, filed in Washington County, alleges Wal-Mart deceived customers by not putting warning labels on the cover. Trevin Skeens alleges Wal-Mart knew of the offending word because it had censored it on its music sales website. Wal-Mart said it was investigating the claims but had no plans to pull the CD. Wal-Mart has a policy of not stocking CDs which carry parental advisory labels. Mr Skeens said he bought the Anywhere But Home CD for his daughter and was shocked to hear the swearing when it was played in their car. ""I don't want any other families to get this, expecting it to be clean. It needs to be removed from the shelves to prevent other children from hearing it,"" said Mr Skeens of Brownsville. The lawsuit seeks to force Wal-Mart to censor the music or remove it from its stores in Maryland. It also seeks damages of up to $74,500 (£38,660) for every customer who bought the CD at Maryland Wal-Marts, and also naming record label Wind-Up Records and distributor BMG Entertainment in the legal action. ""While Wal-Mart sets high standards, it would not be possible to eliminate every image, word or topic that an individual might find objectionable,"" Wal-Mart spokesman Guy Whitcomb told the Herald-Mail of Hagerstown.",entertainment,entertainment,2.4712705612182617,5310,102.3515625,0.4342073
"UK interest rates held at 4.75% The Bank of England has left interest rates on hold again at 4.75%, in a widely-predicted move. Rates went up five times from November 2003 - as the bank sought to cool the housing market and consumer debt - but have remained unchanged since August. Recent data has indicated a slowdown in manufacturing and consumer spending, as well as in mortgage approvals. And retail sales disappointed over Christmas, with analysts putting the drop down to less consumer confidence. Rising interest rates and the accompanying slowdown in the housing market have knocked consumers' optimism, causing a sharp fall in demand for expensive goods, according to a report earlier this week from the British Retail Consortium. The BRC said Britain's retailers had endured their worst Christmas in a decade. ""Today's no change decision is correct,"" said David Frost, Director General of the British Chambers of Commerce (BCC). ""But, if there are clear signs that the economy slows, the MPC should be ready to take quick corrective action and cut rates. ""Dismal reports from the retail trade about Christmas sales are worrying, if they indicate a more general weakening in consumer spending."" Mr Frost added: ""The housing market outlook remains highly uncertain. ""It is widely accepted that, if house prices start falling more sharply, the risks facing the economy will worsen considerably."" CBI chief economist Ian McCafferty said the economy had ""slowed in recent months in response to rate rises"" but that it was difficult to gauge from the Christmas period the likely pace of activity through the summer. ""The Bank is having to juggle the emergence of inflationary pressures, driven by a tight labour market and buoyant commodity prices, against the risk of an over-abrupt slowdown in consumer activity,"" he said. ""Interest rates are likely to remain on hold for some time."" On Thursday there was more gloomy news on the manufacturing front, as the Office for National (ONS) statistics revealed British manufacturing output unexpectedly fell in November - for the fifth month in the past six. The ONS said manufacturing output dropped 0.1% in November, matching a similar unrevised fall in October and confounding economists' expectations of a 0.3% rise. Manufacturers' organisation, the EEF, said it expected the hold in interest rates to continue in the near future. It also said there was evidence that manufacturers' confidence may be waning as the outlook for the world economy becomes more uncertain. ""So far the evidence suggests that last year's rate increases have helped to rebalance the economy without damaging the recovery in manufacturing,"" said EEF chief economist, Steve Radley. ""However, should the business outlook start to deteriorate, the Bank should stand ready to cut rates."" Some economists have predicted rates will drop later in the year, although others feel the Bank may still think there is a need for a rise to 5% before that happens. The Bank remains concerned about the long-term risks posed by personal debt - which is rising at 15% a year - if economic conditions worsen.",business,business,2.4886155128479004,5307,102.3515625,0.44808
"Liverpool revel in night of glory Liverpool manager Rafael Benitez said their qualification for the next stage of the Champions League was ""one of the proudest nights of my career."" The Reds beat Olympiakos 3-1 with a late Steven Gerrard strike and Benitez said: ""It was a really great night. ""The players ran hard all the time and you see how much it means to the fans. ""We knew before the game that it was very important for the club to gain these extra finances. For Liverpool, this result is very, very important."" Benitez hailed Gerrard for his match-winning strike four minutes from time and also the Anfield crowd for sticking by their side after they had fallen a goal behind at the interval. The Reds scored three second-half goals in a sensational comeback capped by Gerrard's 20-yard drive. He added: ""Steven can play all over the pitch and he influences every part of the game. ""I have said to him many times that he has the freedom because he has talent and is very important to us. ""I felt that the difference between the sides was really our supporters, I cannot thank them enough. ""I want to say thank-you to the supporters, they were magnificent to help us achieve this result."" Gerrard admitted he thought they were going out of the Champions League after trailing 1-0 at half-time. He said: ""I'd be lying if I thought we were going through when we were losing at half-time. ""We had a mountain to climb, but we have climbed it and credit to everyone. ""That was one of the best goals I have scored, I caught it sweet, I haven't caught one like that for ages. It was a massive night for me and the team."" Liverpool's win means all four of England's Champions League representatives have reached the knockout stages for the first time.",sport,sport,2.368825674057007,5305,102.3515625,0.3298338
"Solskjaer raises hopes of return Manchester United striker Ole Gunnar Solskjaer said he hoped to return next season following a career-threatening injury to his right knee. The 31-year-old Norway international had surgery in Sweden in August to transplant cartilage into the joint. ""I'm in no doubt that I'll play again,"" Solskjaer told Aftenposten Daily. ""The problem will be the speed but we're talking about eight months' time. It's going as it should with the knee. I'm slavishly following a programme."" Solskjaer last played for United as a late substitute in May's FA Cup final win over Millwall. His contract with United runs out in 2006, by which time he will have been at the Premier League club for 10 years.",sport,sport,2.2728183269500732,5309,102.3515625,0.2270343
"UK house prices dip in November UK house prices dipped slightly in November, the Office of the Deputy Prime Minister (ODPM) has said. The average house price fell marginally to £180,226, from £180,444 in October. Recent evidence has suggested that the UK housing market is slowing after interest rate increases, and economists forecast a drop in prices during 2005. But while the monthly figures may hint at a cooling of the market, annual house price inflation is still strong, up 13.8% in the year to November. Economists, however, forecast that ODPM figures are likely to show a weakening in annual house price growth in coming months. ""Overall, the housing market activity is slowing down and that is backed up by the mortgage lending and the mortgage approvals data,"" said Mark Miller, at HBOS Treasury Services. ""The ODPM data is a fairly lagging indicator."" The figures come after the Bank of England said the number of mortgages approved in the UK has fallen to the lowest level for nearly a decade. The Halifax, meanwhile, said last week that house prices increased by 1.1% in December - the first monthly rise since September. The UK's biggest mortgage lender said prices rose 15.1% over the whole of 2004, but by only 2.8% in the second half of the year. It is predicting a 2% fall in overall prices in 2005 as the market stabilises after large gains in recent years. The ODPM attributed the monthly fall of prices in November to a drop in the value of detached houses and flats. It said annual inflation rose between October and November because prices had fallen by 1.1% in the same period in 2003. The ODPM data showed the average house price was £192,713 in England; £139,544 in Wales; £116,542 in Scotland, and £111,314 in Northern Ireland. All areas saw a rise in annual house price inflation in November except for Northern Ireland and the West Midlands, where the rate was unchanged, the ODPM said. The North East showed the highest rate of inflation at 26.2%, followed by Yorkshire and the Humber on 21.7%, and the North West on 21.1%. The East Midlands, the West Midlands and the South West all had an annual inflation rate of more than 15%. In London, the area with the highest average house price at £262,825, annual inflation rose only slightly in November to 7.1% from 7% the previous month.",business,business,2.4687578678131104,5309,102.3515625,0.4171175
"Burglar defence guidelines issued Householders who injure or even kill intruders are unlikely to be prosecuted - providing they were acting ""honestly and instinctively"", new guidelines say. The law also protects those who use ""something to hand"" as a weapon. The leaflet, published by police and prosecutors, aims to combat confusion about current legislation, which lets people use ""reasonable force"". The guidance, relating to England and Wales, follows a recent decision by ministers not to change the law. Doing what you ""honestly and instinctively"" believed was necessary would be the strongest evidence of acting lawfully, the guidance said. And the law protects those who use ""something to hand"" as a weapon, said the leaflet published jointly by the Crown Prosecution Service (CPS) and Association of Chief Police Officers (ACPO). As a general rule, the more extreme the circumstances and fear felt, the more force can be used lawfully in self-defence, it said, adding that householders do not have to wait to be attacked before defending themselves. But knocking someone unconscious then killing them or hurting them further, or setting a trap for an intruder without involving the police were given as examples of ""excessive and gratuitous"" force. The Tories have called for a change in the law so householders are only prosecuted if they use ""grossly disproportionate"" force. Their demands have been backed by former Metropolitan Police Commissioner Sir John Stevens. Tory frontbencher Patrick Mercer is now pursuing the proposal through a private member's bill in Parliament. The government instead mounted a publicity campaign to clear up public uncertainty after a review concluded no law change was necessary. Home Secretary Charles Clarke said: ""I believe in that old adage 'an Englishman's home is his castle'. That's exactly what should be the case and I believe the current law provides that."" An ""informal trawl"" of CPS records found 11 people had been prosecuted after attacking intruders in the past 15 years, five of whom were convicted. They included a man who laid in wait for a burglar on commercial premises in Cheshire, before beating him up, throwing him into a pit and setting him on fire. A CPS spokesperson said the figures were not definitive because prosecutions are not listed according to whether they were committed by a householder on an intruder. In one of Britain's highest profile cases, Norfolk farmer Tony Martin was jailed for life for murdering 16-year-old burglar Fred Barras, in 1999. The conviction was later reduced to manslaughter on appeal and the sentence cut to five years. Mr Martin was freed from prison in July 2003. The guidance published on Tuesday, said the police had a duty to investigate all incidents involving a death or injury. In cases involving householders attacking intruders prosecutors and police were ""determined"" they would be dealt with ""as swiftly and as sympathetically as possible"", it said.",politics,politics,2.488266706466675,5305,102.3515625,0.4432284
"Chinese dam firm 'defies Beijing' The China Three Gorges Project Corp is refusing to obey a government order to stop construction of one of its giant dams, the Chinese state press has said. The builder of the Three Gorges Dam is continuing work on the sister Xiluodu dam, said the Beijing News. The Xiluodu dam is one of 30 such large-scale construction projects called to a halt because of a lack of proper environmental checks. The Beijing News said the company may instead choose to pay a fine. The firm has also ignored orders to stop construction at two of its other projects - the Three Gorges Underground Power Plant and the Three Gorges Project Electrical Power Supply Plant. So far, only 22 of the 30 construction projects targeted by China's State Environmental Protection Agency (Sepa) for having not carried out mandatory environmental impact assessments have complied with its shutdown order. The China Three Gorges Project Corp could now face a fine up to 200,000 yuan ($24,000; £12,700). Last week, it denied that its projects violated regulations. ""The Three Gorges Corporation has all along abided by the law and have built our projects in accordance with the law,"" it said. The Sepa order comes as the Chinese government appears to be trying to cool the country's booming economy. Previously it has encouraged construction of new electricity generating capacity to solve chronic energy shortages, which forced many factories into part-time working last year. In 2004, China increased its generating capacity by 12.6% to 440,700 megawatts (MW). The Xiluodu Dam is designed to produce 12,600 MW of electricity, and is being built on the Jinshajiang - or ""river of golden sand"" as the upper reaches of the Yangtze are known. It is a sister project to the main Three Gorges Dam downstream where more than half a million people have had to be relocated, drawing criticism from environmental groups and overseas human rights activists.",business,politics,2.3876850605010986,5304,102.3515625,0.3450633
"Real will finish abandoned match Real Madrid and Real Socieded will play the final six minutes of their match, which was abandoned on Sunday because of a bomb scare. The Bernabeu was evacuated with the score at 1-1 and two minutes of normal time remaining in the game. The teams will now play the final two minutes, plus four minutes of injury time, on 5 January. Brazilian Ronaldo and England captain David Beckham had to wait in the street in their kit after the abandonment. Real Sociedad president Jose Luis Astiazaran said: ""We thought the best thing was to play the time remaining."" Hundreds of fans streamed across the pitch on their way to the exits after the game was called off. Tourists and fans took advantage of the opportunity for a photograph between the famous stadium's goalposts. The two clubs met the Spanish FA on Monday and Astiazaran added: ""We thought about giving the game as concluded but after talking with the FA we decided there was no precedent for that and the best thing was to play the time that was remaining."" Real Madrid director of sport Emilio Butragueno praised the spectators inside the ground for their conduct. ""I'd like to highlight the behaviour of the fans, who showed great maturity and it was an example of good citizenship,"" he said. Butragueno confirned, before confirming that Tuesday's charity match - which has been billed as ""Ronaldo's friends against Zidane's friends"" - will go ahead as planned. ""I'd also like to take the chance to say that tomorrow's game will take place,"" Butragueno declared of the ""Partido contra la Pobreza"" (Game Against Poverty). He added: ""Football is important for society and we want to show that. ""We also think that football should be a fiesta, we had programmed and people deserve to enjoy the game.""",sport,sport,2.3942854404449463,5307,102.3515625,0.3470373
"Davenport puts retirement on hold Lindsay Davenport has put any talk of retirement on hold after having a largely injury-free 2004 campaign. The 28-year-old world number one had said that she would quit at the end of last year, but after a successful season she has had a change of heart. ""Finally I felt I put myself in a position to try and win Grand Slams again,"" said Davenport. ""It would be tough to walk away when I feel like I can contend so there's no point in hanging it up quite yet."" Davenport has won three Grand Slams, the 2000 Australian Open, Wimbledon in 1999 and the 1998 US Open. Her career has been hit by a series of injuries but last year she started hitting top form and won seven titles. She was due to take part in this week's Hopman Cup in Perth but decided she wanted to rest her knee. ""I just really wanted to make sure my right knee was going to be able to really withstand all the rigours of the whole year coming up,"" she said.",sport,sport,2.298902988433838,5318,102.3515625,0.2519958
"Blair moves to woo Jewish voters Tony Blair has pledged to ""never, ever, ever"" attack Tory leader Michael Howard over his Jewish beliefs. The prime minister told the Jewish Chronicle: ""If you look at what I do, I attack Michael Howard politically."" Mr Blair also distanced himself from recent Labour campaign posters featuring Mr Howard, which critics claimed were ""anti-Semitic"". These were ""not intended to cause any offence to anyone on the Jewish community,"" Mr Blair insisted. One poster depicted Mr Howard and his shadow chancellor Oliver Letwin, who is also Jewish, as flying pigs. Another pictured the Tory leader swinging a pocket watch on a chain, which critics said echoed the Jewish money lender Shylock in Shakespeare's Merchant of Venice. Others compared the image to the character Fagin in Charles Dickens' Oliver Twist. Labour has since taken the designs of its website, saying members had preferred other designs. During his interview with the Jewish Chronicle, Mr Blair said: ""I've been a very strong supporter of the Jewish community and Israel, and will always be so."" Pressed on whether he would draw attention to Mr Howard's Jewish beliefs in an attempt to attract Muslim support, he replied: ""The idea that I would allow anybody to make such a charge is outrageous. It's untrue. ""If you look what I do, I attack Michael Howard politically. I would never, ever, ever attack him on that basis."" Mr Blair also defended his party's attitude towards the Jewish community, pointing out that it was his government that had introduced the Holocaust Memorial Day. He added that Labour also aggressively fought all forms of racism. Neither the Conservatives nor the Liberal Democrats wished to comment on Mr Blair's words. The prime minister was speaking as London's Labour mayor Ken Livingstone remains embroiled in a row over comments he made to a Jewish reporter from the city's Evening Standard newspaper. Mr Blair repeated calls for the mayor to apologise for likening the reporter, Oliver Finegold, to a concentration camp guard. Mr Livingstone ""should have withdrawn the comment immediately"" once he realised the journalist was Jewish, said Mr Blair. ""I'm sure that is what in truth he wants to do. Well, he should do it."" Mr Livingstone has said he could not sincerely say sorry for the comments he made, and claims he has been targeted by the newspaper. He conceded his comments may have been offensive but were not racist, and said earlier this week he would not apologise even if Mr Blair asked.",politics,politics,2.5249319076538086,5317,102.3515625,0.4939226
"US seeks new $280bn smoker ruling The US Justice Department is to try to overturn a court ruling that threw out its claim for $280bn (£149bn) in damages from tobacco firms. Earlier this month, a three-judge appeal court panel rejected the claim - filed in 1999 by the administration of Bill Clinton - in a 2-1 decision. Government lawyers said they would ask the full US Court of Appeals for the District of Columbia to hear the case. The court room battle is seen as key in government attempts to fight smoking. ""It's pretty clear that they've suffered a severe setback,"" said Anthony Sebok, a professor at Brooklyn Law School, adding that the appeal was what the government ""would be expected to ask for"". Prosecutors had argued that tobacco firms lied about the dangers of smoking, ignored research that highlighted problems, looked to increase addiction by manipulating nicotine levels and targeted the young with their adverts. Among the firms accused were Altria Group, RJ Reynolds Tobacco, Lorillard Tobacco, Liggett Group and Brown and Williamson. Prosecutors went after the companies using legislation put in place to fight organised crime, and accused the firms of conspiring and running ""Racketeer Influenced and Corrupt Organisations"". The tobacco companies denied the charges, saying that they never illegally conspired to promote smoking and fool the public. They also said that they have met many of the government's demands laid out in a landmark $206bn settlement hammered out in 1998 with 46 states. A three-judge panel agreed with the companies, finding that the case could not be brought under federal anti-racketeering laws. Central to the government's case was a meeting in the Plaza Hotel, New York, on 15 December, 1953. Prosecutors contend that executives from the major tobacco firms met and agreed to present a unified strategy denying the harmful effects of smoking. Despite denying for decades that smoking could be linked to illness, the companies have modified their stances in recent years. Altria's Philip Morris now accepts that nicotine is harmful, and the company's main lawyer William Ohlemeyer told the BBC last year that earlier statements may have been wrong but they were not dishonest. Government lawyers have until 21 March to file their appeal.",business,business,2.39635968208313,5310,102.3515625,0.3553911
"Smith keen on Home series return Scotland manager Walter Smith has given his backing to the reinstatement of the Home International series. Such a plan is to be proposed by the new chief executive of the Northern Irish FA, Howard Wells, at the next meeting of the four home countries. The English FA has expressed doubt as to whether the fixtures could be accommodated at the end of each season. But Smith said: ""Bringing it back would add meaning to friendly games and that's something that's needed."" The Home International series was done away with in 1984, with the traditional Scotland-England fixture continuing until 1989. That game is one Smith would be delighted to see reinstated. ""The Scotland v England match was a highlight of the end of the season,"" he added. ""I was in Italy for their friendly with Russia last week and they made seven substitutions while only around 20,000 fans turned up to watch. ""England were criticised for the 0-0 draw against Holland - the way Scotland were slammed in the past for poor results in friendlies. ""You have to put a performance on in friendly games. If you don't, they can be de-motivating. ""It can be a dangerous road to go down, if players don't apply themselves in the manner they should. ""So I would support the return of the home internationals - the only problem would be fitting them in to the fixture schedule.""",sport,sport,2.3584790229797363,5329,102.3515625,0.3030076
"Apple laptop is 'greatest gadget' The Apple Powerbook 100 has been chosen as the greatest gadget of all time, by US magazine Mobile PC. The 1991 laptop was chosen because it was one of the first ""lightweight"" portable computers and helped define the layout of all future notebook PCs. The magazine has compiled an all-time top 100 list of gadgets, which includes the Sony Walkman at number three and the 1956 Zenith remote control at two. Gadgets needed moving parts and/or electronics to warrant inclusion. The magazine specified that gadgets also needed to be a ""self-contained apparatus that can be used on its own, not a subset of another device"". ""In general we included only items that were potentially mobile,"" said the magazine. ""In the end, we tried to get to the heart of what really makes a gadget a gadget,"" it concluded. The oldest ""gadget"" in the top 100 is the abacus, which the magazine dates at 190 A.D., and put in 60th place. Other pre-electronic gadgets in the top 100 include the sextant from 1731 (59th position), the marine chronometer from 1761 (42nd position) and the Kodak Brownie camera from 1900 (28th position). The Tivo personal video recorder is the newest device to make the top 10, which also includes the first flash mp3 player (Diamound Multimedia), as well as the first ""successful"" digital camera (Casio QV-10) and mobile phone (Motorola Startac). The most popular gadget of the moment, the Apple iPod, is at number 12 in the list while the first Sony transistor radio is at number 13. Sony's third entry in the top 20 is the CDP-101 CD player from 1983. ""Who can forget the crystalline, hiss-free blast of Madonna's Like A Virgin emenating from their first CD player?"" asked the magazine. Karl Elsener's knife, the Swiss Army Knife from 1891, is at number 20 in the list. Gadgets which could be said to feature surprisngly low down in the list include the original telephone (23rd), the Nintendo GameBoy (25th), and the Pulsar quartz digital watch (36th). The list also contains plenty of oddities: the Pez sweet dispenser (98th), 1980s toy Tamagotchi (86th) and the bizarre Ronco inside the shell egg scrambler (84th). Why worry about mobile phones. Soon they will be subsumed into the PDA's / laptops etc. What about the Marine Chronometer? Completely revolutionised navigation for boats and was in use for centuries. For it's time, a technological marvel! Sony Net Minidisc! It paved the way for more mp3 player to explode onto the market. I always used my NetMD, and could not go anywhere without it. A laptop computer is not a gadget! It's a working tool! The Sinclair Executive was the world's first pocket calculator. I think this should be there as well. How about the clockwork radio? Or GPS? Or a pocket calculator? All these things are useful to real people, not just PC magazine editors. Are the people who created this list insane ? Surely the most important gadget of the modern age is the mobile phone? It has revolutionalised communication, which is more than can be said for a niche market laptop. From outside the modern age, the marine chronometer is the single most important gadget, without which modern transportation systems would not have evolved so quickly. Has everyone forgot about the Breville pie maker?? An interesting list. Of the electronic gadgets, thousands of journalists in the early 1980s blessed the original noteboook pc - the Tandy 100. The size of A4 paper and light, three weeks on a set of batteries, an excellent keyboard, a modem. A pity Tandy did not make it DOS compatible. What's an Apple Powerbook 100 ? It's out of date - not much of a ""gadget"". Surely it has to be something simple / timeless - the tin opener, Swiss Army Knife, safety razor blade, wristwatch or the thing for taking stones out of horses hooves ? It has to be the mobile phone. No other single device has had such an effect on our way of living in such a short space of time. The ball point pen has got to be one of the most used and common gadgets ever. Also many might be grateful for the pocket calculator which was a great improvement over the slide rule. The Casio pocket calculator that played a simple game and made tinny noises was also a hot gadget in 1980. A true gadget, it could be carried around and shown off. All top 10 are electronic toys, so the list is probably a better reflection of the current high-tech obsession than anyhting else. I say this as the Swiss Army Knife only made No 20. Sinclair QL a machine far ahead of its time. The first home machine with a true multi-takings OS. Shame the marketing was so bad!!! Apple.. a triumph of fashion over... well everything else. Utter rubbish. Yes, the Apple laptop and Sony Walkman are classic gadgets. But to call the sextant and the marine chronometer 'gadgets' and rank them as less important than a TV remote control reveals a quite shocking lack of historical perspective. The former literally helped change the world by vastly improving navigation at see. The latter is the seed around which the couch potato culture has developed. No competition. I'd also put Apple's Newton and the first Palm Pilot there as the front runners for portable computing, and possibly the Toshiba Libretto for the same reason. I only wish that Vulcan Inc's Flipstart wasn't just vapourware otherwise it would be at the top. How did a laptop ever manage to beat off the challenge of the wristwatch or the telephone (mobile or otherwise)? What about radios and TVs? The swiss army knife. By far the most useful gadget. I got mine 12 years ago. Still wearing and using it a lot! It stood the test of time. Psion Organiser series 3, should be up there. Had a usable qwerty keyboard, removable storage, good set of apps and programmable. Case design was good (batteries in the hinge - a first, I think). Great product innovation. The first mobile PC was voted best gadget by readers of...err... mobile PC?! Why do you keep putting these obviously biased lists on your site? It's obviously the mobile phone or remote control, and readers of a less partisan publication would tell you that. The Motorola Startac should be Number One. Why? There will be mobile phones long after notebook computers and other gadgets are either gone or integrated in communications devices. The Psion series 3c! The first most practical way to carry all your info around... I too would back the Sinclair Spectrum - without this little beauty I would never have moved into the world of IT and earn the living that I do now. I'd have put the mobile phone high up the list. Probably a Nokia model. Sinclair Spectrum - 16k. It plugged into the tv. Games were rubbish but it gave me a taste for programming and that's what I do for a living now. I wish more modern notebooks -- even Apple's newest offerings -- were more like the PB100. Particularly disheartening is the demise of the trackball, which has given way to the largely useless ""trackpad"" which every notebook on the market today uses. They're invariably inaccurate, uncomfortable, and cumbersome to use. Congratulations to Apple, a deserved win!",tech,tech,2.8301775455474854,5384,102.3515625,0.8056988
"Low-cost airlines hit Eurotunnel Channel Tunnel operator Eurotunnel has seen sales fall in the face of the upsurge in European low-cost airlines. The firm said sales were down 4% in 2004 to 789m euros ($1.03bn; £548m). ""The impact of the development of no-frills airlines is being felt ever more strongly,"" said chief executive Jean-Louis Raymond. Income from its vehicle-carrying shuttle services fell 7%, although 15% more passengers meant a 2% rise in railway revenue. The cross-Channel truck market is improving, Eurotunnel said, but warned that it was not benefiting since much of the traffic was in containers destined for ports. The passenger-only trains which use the tunnel are run by a separate company, Eurostar. Eurotunnel is still struggling with debts of more than 6bn euros. The company is currently kept afloat by the 200-plus banks to whom it owes the money. A shareholder revolt threw out the old board in 2004. But the BBC's business editor, Jeff Randall, said the banks could yet step in and take over altogether. ""At the moment it can't even service the interest on its debt,"" he said. ""This is a company in the departure lounge of life.""",business,business,2.3840177059173584,5350,102.3515625,0.3348836
"Chelsea hold Arsenal A gripping game between Arsenal and Chelsea ended with the honours finishing even at Highbury. Thierry Henry produced a sublime strike to put Arsenal ahead but John Terry levelled with a powerful header. Henry's quickly-taken free-kick put Arsenal back in front but Eidur Gudjohnsen equalised with a header from William Gallas' knockback. Henry missed a golden chance when he blazed a shot high late on and Arsenal also had a penalty appeal rejected. Henry's opener had given Arsenal the perfect start and set up an enthralling affair. The French striker headed a long Cesc Faregas ball back to Jose Antonio Reyes from the edge of the Chelsea area and immediately saw it headed back into his path from the Spaniard. And, with his back to goal, Henry finished with aplomb when he took one touch, turned and struck an angled strike past the despairing dive of keeper Petr Cech. Henry epitomised a determination about the Arsenal side but Chelsea appeared unruffled and equalised after 16 minutes. Gunners keeper Manuel Almunia, who got the nod ahead of Jens Lehmann, did well to save a well-struck Frank Lampard shot. But he could not keep out Terry's powered header from the resultant corner as Arsenal's weakness at set-pieces was again exposed. Almost immediately, Henry went close and Chelsea gathered the loose ball before going straight up the other end where Gudjohnsen fluffed an effort. Gudjohnsen did not make the same error minutes later when he struck a sweet shot only for Almunia to be equal to the task and save. The homes side regained the lead in controversial fashion when Robert Pires won a dubious free-kick. And, given the option to take the 25-yard set-piece quickly, Henry curled in a shot with Cech still organising his wall. This time Arsenal did not allow Chelsea to level so soon as they went into the break ahead. Chelsea brought striker Didier Drogba on to partner Gudjohnsen up front after the interval and the move reaped immediate reward. Lampard swung in a cross which Gallas knocked back across goal and a deft header from Gudjohnsen levelled matters again. Chelsea's main threat was coming from crosses and Lampard missed a great opportunity as he headed wide when left unmarked at the far post. The second half failed to live up to the thrilling pace of the opening period but there were flashes of brilliance. One of them came from the enigmatic Robben when he jinked his way through two Arsenal defenders only to see his poked shot saved by Almunia. Arsenal ended the match the stronger and worked a excellent chance for Henry who put a left-foot shot high from eight yards. Subtitute Robin van Persie could also have nicked a win for the Highbury outfit but frustratingly sidefooted just wide. Matthieu Flamini had a late penal appeal waved away before the final whistle which maintained Chelsea five-point Premiership lead over Arsenal. Almunia, Lauren, Toure, Campbell, Cole, Pires, Flamini, Fabregas, Reyes (Clichy 82), Bergkamp (Van Persie 82), Henry. Subs Not Used: Senderos, Hoyte, Lehmann. Cole. Henry 2, 29. Cech, Paulo Ferreira, Ricardo Carvalho (Drogba 45), Terry, Gallas, Duff, Tiago (Bridge 45), Makelele, Lampard, Robben, Gudjohnsen (Parker 77). Subs Not Used: Kezman, Cudicini. Robben, Drogba, Lampard. Terry 17, Gudjohnsen 46. 38,153 G Poll (Hertfordshire).",sport,sport,2.5495259761810303,5346,102.3515625,0.5106925
"Dawson wins England squad recall Wasps scrum-half Matt Dawson has been recalled to England's training squad ahead of the RBS Six Nations and been reinstated in the Elite Player Squad. Coach Andy Robinson dropped Dawson for the autumn Tests after he missed training to film 'A Question of Sport.' ""I always said I would consider bringing Matt back if I felt he was playing well,"" Robinson said. ""He merits his return on current form."" Newcastle's 18-year-old centre Mathew Tait is also in the training squad. ""It's obviously an honour to be asked to train with England,"" said Tait, who has burst into contention recently. ""I look forward to going down and doing the sessions, but the most important thing at the moment is Sunday's game against Newport, so I'm not looking any further than that."" Robinson has invited 42 players to attend a three-day session in Leeds next week, in which his squad will train in part with the Leeds Rhinos rugby league squad. With Mike Tindall ruled out of the opening two matches and Will Greenwood sidelined for the entire Six Nations, Tait is one of six or seven contenders for the two centre berths. Stuart Abbott, Jamie Noon, Ollie Smith, Olly Barkley and Henry Paul - who retains his place despite his early substitution against Australia - are also in the mix. Ben Cohen could also be considered after switching from the wing for his club Northampton recently. Prop Phil Vickery and lock Simon Shaw both return to the squad after missing the autumn Tests through injury, while Wasps wing Tom Voyce is recalled. The group also includes Bath flanker Andy Beattie and Leicester hooker George Chuter. ""Beattie has matured greatly as a player these past two seasons,"" Robinson said. Jonny Wilkinson, Tindall and Martin Corry have all been included despite their unavailability for the opening two matches against Wales and France. The revised 56-man elite squad includes Wasps hooker Phil Greening, who replaces the retired Mark Regan, and Sale wing Mark Cueto. Cueto was selected for the November internationals despite not being part of the group, but scored four tries in three England appearances. Leicester scrum-half Harry Ellis has also been promoted from the senior national academy, and will contest the number nine jersey with Dawson and Gloucester's Andy Gomarsall. The players in Robinson's elite squad can only play 32 matches for club and country. They can be called up for a total of 16 training days in addition to the recognised international weeks for each of the years leading up to the next World Cup. Balshaw, Cohen, Cueto, Lewsey, Robinson, Simpson-Daniel, Voyce, Abbott, Noon, Paul, Smith, Tait, Tindall, Barkley, Hodgson, King, Wilkinson, Dawson, Ellis, Gomarsall. Chuter, Thompson, Titterrell, Rowntree, Sheridan, Stevens, Vickery, White, Borthwick, Brown, L Deacon, Grewcock, Kay, Shaw, Beattie, Corry, Forrester, Hazell, Jones, Moody, Vyvyan, J Worsley. Abbott, Balshaw, Borthwick, A Brown, Chuter, Cohen, Corry, Cueto, Dawson, Ellis, Flatman, Gomarsall, Greening, Greenwood, Grewcock, Hazell, Hill, Hodgson, Kay, King, Lewsey, Moody, Noon, Paul, Robinson, Rowntree, Shaw, Simpson-Daniel, Thompson, Tindall, Titterrell, Vickery, Vyvyan, White, Wilkinson, J Worsley, M Worsley. Barkley, Beattie, Christophers, L Deacon, Forrester, C Jones, Palmer, Rees, Sheridan, Skinner, Smith, Stevens, Tait, Voyce. Dowson, Haughton, Monye, Roques, P Sanderson.",sport,sport,2.5051963329315186,5344,102.3515625,0.4651359
"Brown shrugs off economy fears Gordon Brown is to freeze petrol duty increases, fund a £1bn package to avoid big council tax rises and boost childcare and maternity leave. In an upbeat pre-Budget report, he slightly increased borrowing but insisted economic targets would be met. The chancellor also hailed the longest period of growth in UK ""industrial history"" but denied he was ""gloating"". But Oliver Letwin, for the Tories, attacked government red tape and debt, dubbing Mr Brown ""Sir Wastealot"". The shadow chancellor said Mr Brown's ""golden rule"" had ""turned to dross in his hands"" and said he was borrowing to spend, not invest, with predicted debt over the coming years totalling £170bn. Mr Letwin told MPs: ""The tide is going out on the chancellor's credibility. He is spending, borrowing and taxing so much because he is not getting value for taxpayer's money."" Vincent Cable, for the Liberal Democrats, accused Mr Brown of ducking tough choices. He said: ""Last week the prime minister gave us the politics of fear; this week the chancellor has offered the economics of complacency. ""There are serious challenges ahead from the falling dollar and from the rapid downturn in the UK housing market and rising personal debt. But they have not been confronted."" Mr Brown rejected the Lib Dem's call to open up the government's books to the National Audit Office, saying decisions on tax and spending should be made by ministers. Some economists say his forecasts on public finances are wishful thinking. BBC economic editor Evan Davis said the figures were plausible but also a gamble. Mr Brown's insistence he was not ""gloating"" was a pointed rebuttal of a warning from new European Commissioner Peter Mandelson. In his speech, he set out a 10-year childcare strategy for if Labour wins the next election. It includes a £285m cash injection to extend paid maternity leave from six months to nine, with parents able to transfer leave from the mother to the father. He also promised to increase free nursery education for three and four-year-olds to 15 hours from April 2007. And funds would be provided to keep schools open from 0800 to 1800GMT to look after children while their parents were at work. Taken together, the measures would create a ""welfare state that is truly family-friendly for the first time in its history"", said Mr Brown. He also announced a cash hand-out for older pensioners, with payments of £50 for the over-70s as part of the winter fuel allowance. In a move ministers say should keep council tax rises below 5% next year, the chancellor said he was providing an extra £1bn for local councils. The money is expected to come from government departments such as health and education. Mr Brown said he was set to meet his two fiscal rules - to borrow only to invest and keep debt ""low and sustainable"" - both in this economic cycle and the next. Borrowing figures for 2003/4 are £35bn - £2.5bn less than the £37.5bn predicted in March's budget, as already announced by the Office for National Statistics. Borrowing is tipped to fall to £31bn by 2005/06 - but that is still £2bn more than Mr Brown predicted in his March budget. Inflation would be 1.75% next year and 2% in the years to follow, Mr Brown forecast. He also pledged an extra £105m for security and counter-terrorism. Business groups have welcomed efforts to improve competitiveness and invest more in skills and innovation. But there worries about the costs of more family-friendly working. Simon Sweetman, from the Federation of Small Businesses, said: ""The proposals on maternity leave have clearly been made with a general election in mind and with little thought to the impact on small employers.""",politics,politics,2.5569849014282227,5334,102.3515625,0.5078985
"New browser wins over net surfers The proportion of surfers using Microsoft's Internet Explorer (IE) has dropped to below 90%, say web analysts. Net traffic monitor, OneStat.com, has reported that the open-source browser Firefox 1.0, released on 9 November, seems to be drawing users away from IE. While IE's market share has dropped 5% since May to 88.9%, Mozilla browsers - including Firefox - have grown by 5%. Firefox is made by the Mozilla Foundation which was set up by former browser maker Netscape in 1998. Although there have been other preview versions of Firefox, version 1.0 was the first complete official program. ""It seems that people are switching from Microsoft's Internet Explorer to Mozilla's new Firefox browser,"" said Niels Brinkman, co-founder of Amsterdam-based OneStat.com. Mozilla browsers - including Firefox 1.0 - now have 7.4% of the market share, the figures suggest. Mozilla said that more than five million have downloaded the free software since its official release. Supporters of the open-source software in the US managed to raise $250,000 (£133,000) to advertise the release of Firefox 1.0 in The New York Times, and support the Mozilla Foundation. There was a flurry of downloads on its first day of release. The figures echo similar research from net analyst WebSideStory which suggested that IE had 92.9% of users in October compared to 95.5% in June. Microsoft IE has dominated the browser market for some time after taking the crown from Netscape, and its share of users has always stayed at around the 95% mark. Firefox is attractive to many because it is open-source. That means people are free to adapt the software's core code to create other innovative features, like add-ons or extensions to the program. Fewer security holes have also been discovered so far in Firefox than in IE. Paul Randle, Microsoft Windows Client product manager, responded to the figures: ""We certainly respect that some customers will choose alternative browsers and that choosing a browser is about more than a handful of features. ""Microsoft continues to make significant investments in IE, including Service Pack 2 with advanced security technologies, and continues to encourage a vibrant ecosystem of third party add-ons for Internet Explorer."" Firefox wants to capture 10% of the market by the end of 2005. Other browser software, like Opera and Apple's Safari, are also challenging Microsoft's grip on the browser market. Opera is set to release its version 7.60 by the end of the year. OneStat.com compiled the statistical measurements from two million net users in 100 countries.",tech,tech,2.42146635055542,5336,102.3515625,0.3680854
"Radcliffe will compete in London Paula Radcliffe will compete in the Flora London Marathon this year after deciding her schedule for 2005. The 31-year-old won the race in 2002 on her marathon debut, defended her title 12 months later and will now seek a third title in the 17 April race. ""It doesn't get any better than this for the 25th anniversary,"" said race director David Bedford. ""After announcing the greatest men's field ever we now have the greatest women's distance runner ever."" Three years ago Radcliffe smashed the women's world record in two hours 18 minutes 15 seconds. The Bedford star returned to London 12 months later, lowering her mixed-race world record of 2:17:18, which she set in Chicago in October 2003, by one minute 53 secs. Radcliffe's career took a setback when she failed to complete the Olympic marathon and later dropped out of the Athens 10,000m last August. But the 31-year-old bounced back to win the New York Marathon in November. Radcliffe, however, passed up the chance to go for the ""Big City"" marathon grand slam. With wins in Chicago, London and New York, only the Boston Marathon remains to be conquered but that takes place a day after London. ""Boston is definitely a race I want to do at some point, but London is very special to me,"" said Radcliffe. ""I don't pick races thinking about things like pressure. I pick the ones in my heart I really want to do. ""I love the atmosphere, crowds and course and know it will always be a great quality race. ""It is also the 25th anniversary this year which adds to the occasion.""",sport,sport,2.3746016025543213,5344,102.3515625,0.3272622
"US firm pulls out of Iraq A US company has pulled out of a major contract to rebuild Iraq's transport system after attacks on reconstruction efforts, Pentagon officials have said. Contrack International, of Arlington, Virginia, heads a coalition of firms working on a series of schemes. Its withdrawal from the $325m (£170m) contract in November is thought to be the largest cancellation to date. Contrack said ""the original scope of work that was envisioned could not be executed in a cost-effective manner"". But the firm denied reports it was withdrawing completely from Iraq. ""Members of the joint venture including Contrack are committed to the ongoing reconstruction efforts, are actively working in Iraq and continue to look for new construction opportunities in the country,"" it said in a statement. The Pentagon's Project and Contract Office (PCO) in Baghdad said it had taken over Contrack's management of the subcontractors working on the transportation projects. US firms and their workers have been targets of attacks, and security concerns are said to be a major reason for the slow pace of reconstruction in Iraq. Of the $18.4bn in reconstruction funds approved by Congress, less than $2bn has been spent. Lt Col Eric Schnaible of the PCO told the Associated Press news agency Contrack's withdrawal from the transportation contract was a ""mutually agreed-to separation"" and did not indicate a movement by US companies to leave Iraq. ""Some parts of the country are a whole lot more permissive than others,"" he added. ""Where we can get the work done, good things are happening.""",business,business,2.457939624786377,5376,102.3515625,0.4163086
"Dollar hovers around record lows The US dollar hovered close to record lows against the euro on Friday as concern grows about the size of the US budget deficit. Analysts predict that the dollar will remain weak in 2005 as investors worry about the state of the US economy. The Bush administration's apparent unwillingness to intervene to support the dollar has caused further concern. However, trading has been volatile over the past week because of technical and automated trading and light demand. This has amplified reactions to news, analysts said, adding that they expect markets to become less jumpy in January. The dollar was trading at $1.3652 versus the euro on Friday morning after hitting a fresh record low of $1.3667 on Thursday. One dollar bought 102.55 yen. Disappointing business figures from Chicago triggered the US currency's weakness on Thursday. The National Association of Purchasing Management-Chicago said its manufacturing index dropped to 61.2, a bigger fall than expected. ""There are no dollar buyers now, especially after the Chicago data yesterday,"" said ABN Amro's Paul Mackel. At the same time, German Chancellor Gerhard Schroeder and Italian Prime Minister Silvio Berlusconi voiced concerns about the strength of the euro. Mr Berlusconi said the euro's strength was ""absolutely worrying"" for Italian exports. Mr Schroeder said in a newspaper article that stability in foreign exchange markets required a correction of global economic imbalances. Investors will now look towards February's meeting of finance ministers from the G7 industrialised nations in London for clues as to whether central banks will combine forces to stem the dollar's decline.",business,business,2.3920209407806396,5402,102.3515625,0.3525317
"Saudi ministry to employ women Women will be employed in Saudi Arabia's foreign ministry for the first time this year, Foreign Minister Prince Saud Al-Faisal has been reported as saying. The move comes as the conservative country inches open the door to working women. Last year, Crown Prince Abdullah, the de-facto ruler, told government departments to put plans in place for employing women. But progress has been slow, reports from the country say. Earlier this week, the local Arab News said Labour Minister Ghazi al-Gosaibi had ""caused uproar"" when he said his ministry was having difficulty hiring women because they demanded segregated offices. The newspaper said many Saudi women found his explanation ""a pitiful excuse for not employing women"". Women now make up more than half of all graduates from Saudi universities but only 5% of the workforce. ""Our educational reforms have created a new generation of highly-educated and professionally trained Saudi women who are acquiring their rightful position in Saudi society,"" Arab News quoted Prince Saud as saying. ""I am proud to mention here that this year we shall have women working in the Ministry of Foreign Affairs for the first time.""",business,politics,2.3298041820526123,5418,102.3515625,0.3013716
"Radcliffe tackles marathon tasks Paula Radcliffe faces arguably the biggest test of her career in the New York City Marathon on Sunday. Back under the spotlight of public scrutiny she will attempt to erase the double disappointment of the Athens Olympics, where she failed to finish the marathon and then the 10,000m. BBC Sport examines the challenges facing Radcliffe ahead of the big race. The ability to run a gruelling 26.2 miles relies largely upon an athlete's belief that they can do it. Every runner will hit the wall at some stage and see written on it, ""Are you strong enough to finish?"" The question could hit Radcliffe hard after she was unable to complete her last two races in high-profile and emotional circumstances. Sports psychologist Hugh Richards says the 30-year-old must draw on her past achievements to conquer a potential crisis of confidence. ""There is an old adage, 'get straight back on the horse that threw you,'"" Richards told BBC Sport. ""Paula has got all those great runs in her history as well as the two upsets in Athens. ""She must not lose faith in what has already been proven is a very effective strategy for distance running. ""If she were to change her preparation and tactics that would be madness. ""She wants to start rebuilding her confidence through performance accomplishment."" For much of the watching media and public there can only be two possible outcomes in New York - win or lose. If Radcliffe crosses the line first she will have proved her critics wrong. But if she fails to triumph, she risks being labelled a has-been and her profile will suffer. And for any athlete that can have repercussions in terms of sponsorship, appearance fees as well as further self esteem issues. ""Athletes need to try and stay focused on their internal controls and ignore external questions,"" explains Richards, who has worked with past Olympians. ""She must not get caught up in someone else's agenda."" Radcliffe's best friend and fellow distance runner Liz Yelling revealed the 30-year-old is already aware she will be exposing herself to more public scrutiny in New York. ""She just thought, 'well, they can't think any worse of me now,'"" Yelling told BBC Sport. ""She's just doing what she wants to do and not thinking about the consequences of it."" Radcliffe described her decision to enter the New York marathon as ""impulsive"" but she is certain to have a tick-list of personal goals. Her aims could be as simple as completing a race and making sure she is still enjoying running but Richards says she must avoid more emotional targets, such as redemption. ""You can't change history,"" warned Richards. ""Only one person can win the marathon but lots of people can be successful. ""Paula has to figure out what sort of things will she feel satisfied achieving by the end of the race."" The course from Staten Island to Central Park is renowned as one of the toughest in the world. It is also not the kind of fast course that tends to suit Radcliffe better, with the undulating finish through the park testing the legs' final reserves. Radcliffe has never raced there before and will enter the unknown just 77 days after the Athens marathon. ""It's suggested after a major marathon you take a full month off and start building up again,"" said Yelling, herself a marathon runner. ""But that is only for long-term health and fitness. ""When you finish a marathon you are still very fit and can recover quickly. So physically it is possible for Paula."" Richards also points out conditions in New York will be more conducive to a strong physical display from Radcliffe. ""The heat stress was the primary factor that tripped her up in Athens,"" he said. ""And that just isn't going to be there in New York, that's been taken out of the equation."" Radcliffe concedes she will probably learn a lot from her bad experiences in Athens in time. And Richards and Yelling agree she could turn the trauma to her advantage, starting in New York. ""How you respond to adversity is what marks you out as elite or not,"" argues Richards. ""One of the challenges of massive set backs is how you turn them into opportunities."" And Yelling says: ""I think this will probably make Paula."" ""I think it will drive her on and she'll come out of it a better athlete.""",sport,sport,2.689034938812256,5414,102.3515625,0.6454169
"Standard Life cuts policy bonuses Standard Life, Europe's largest mutual life insurer, has cut bonuses for with-profit policyholders. Annual bonus rates on its with-profits life policies were cut from 2.5% to 2%, while bonuses on pension policies were reduced from 3.25% to 2.5%. It is the sixth time in three years Standard Life has made cuts to bonus rates, despite an 8.7% rise in the value of the with-profits fund in 2004. The insurer blamed the cuts on poor share returns and low interest rates. With-profits policies are designed to smooth out the peaks and troughs of stock market volatility. Profits made in good years are kept in reserve to pay investors an annual bonus even when the stock market performs badly. Slumping share prices throughout 2001 and 2002 forced most firms to trim bonus rates on their policies. Standard Life came in for criticism for sticking with stock market investments during 2001 and 2002. The insurer argued that shares outperformed other investments over the long term and that policyholders would feel the benefit when the stock market recovered. Recently, Norwich Union and Axa Sun Life both cut their with-profit bonus rates. John Gill, managing director of the insurer's life and pensions division, said that a strong stock market recovery in the past two years had only ""partly compensated for losses during 2001 and 2002"". In addition, low interest rates meant that ""long-term investment returns are well below historic levels"", Mr Gill added. However, Mr Gill maintained that with-profits continued to perform well over the long term. ""Our payouts continue to stand up well against other types of long-term investments over similar periods,"" he said. Standard Life has an estimated 2.4 million with-profits policyholders. Last year, the company announced that it was looking to float on the stock market in 2006.",business,business,2.326732635498047,5416,102.3515625,0.2781761
"Minister defends hunting ban law The law banning hunting with dogs in England and Wales is enforceable and ""very clear"", Alun Michael has said. The rural affairs minister said it would become obvious if people flouted the law, which came into force on Friday, and pretended they were not. Some 270 hunts met legally on Saturday killing a total of 91 foxes - only four were accidentally killed by hounds. But anti-hunt campaigners said there had been widespread intimidation of activists monitoring hunts. Countryside Alliance chairman John Jackson said that Saturday had been a ""massive demonstration by the rural community of support for hunting"". People had turned out ""to show en masse that the Hunting Act was a bad law"", he said adding that foxes and other animals had been killed ""legally"" as far as he was aware. Although hunting with dogs is now a criminal offence, exercising hounds, chasing a scent trail and flushing out foxes to be shot are still legal. Addressing claims that the new law was unenforceable, Mr Michael told BBC Radio 4's Today Programme: ""There has been a lot of spin about this by those that support hunting. ""The reality is that the law is very clear. You can't chase wild mammals with a pack of dogs, whether the wild mammal is a fox or a deer. ""If people do so and pretend they're not it's going to become very clear. You can't hunt accidentally."" Mr Michael also denied the hunting ban had led to a breakdown of trust between the government and rural communities. He said most people living in the countryside were more concerned with issues like the economy, the health service and their children's future than hunting. But the League Against Cruel Sports claimed the new act had been broken even though the numbers of foxes killed had fallen. Thousands of hunt supporters turned out at 270 hunts across England and Wales on the first day of the ban, with anti-hunt groups sending out 100 monitors to check the law was not being broken. There were only four arrests - over alleged hunting of hares in Wiltshire - although it was not clear whether they were made under the Hunting Act. They have been released on bail but police say they may face prosecution under new poaching laws. But Penny Little, who monitored the Bicester Hunt in Oxfordshire, said she had witnessed ""gratuitous, spiteful killing of foxes"". If people tried to ""run circles around this law"" the only outcome would be that it was tightened up, she said. Mike Hobday, from the League Against Cruel Sports, said video evidence of the law being broken would be passed onto police. He said intimidation seemed to have been widespread and called on hunts to do more to stop their supporters intimidating anti-hunt activists videoing hunts. But Mr Jackson, who had been at the Bicester Hunt in Oxfordshire, denied there was any intimidation.",politics,politics,2.541710615158081,5424,102.3515625,0.4912641
"Connors boost for British tennis Former world number one Jimmy Connors is planning a long-term relationship with the Lawn Tennis Association to help unearth the next Tim Henman. The American spent three days at the LTA's annual Elite Performance winter camp in La Manga earlier this week. ""Britain has the right attitude,"" said Connors. ""The more involved I can be with the LTA, the better. ""A short-term arrangement is just confusing. The kids will ask: 'What am I doing there?'"" LTA chief executive, John Crowther, added: ""The relationship that Jimmy's already started to develop with the coaches and the players has said to us that we'd like some more of it. ""We want to use Jimmy for a number of weeks a year and we hope this is the beginning of a good long-term relationship."" The camp played host to more than 30 leading senior and junior players, including Greg Rusedski, Arvind Parmar and Anne Keothavong. ""La Manga is an amazing site to take a bunch of kids who want to be the best,"" said Connors, speaking at Queen's Club in London. ""What impressed me most was not only the coaches but the way the kids went about their workouts and the feeling they put into every practice they had. ""It was interesting to me to see kids of 15, 16, 17, with that desire and passion, and that can only be brought about by the coaches surrounding them. ""Instilling the importance of work and practice is something you can't buy. ""They know what's been given to them and all they have to do is give back the effort, and every minute of practice they were doing that."" Speaking from La Manga, LTA performance director David Felgate told BBC Sport: ""Jimmy was fantastic with the players and the coaches, and very humble considering what he's achieved. ""He worked through the coaches and hopefully it will grow and he'll get to have more of an individual relationship with some of the players and get to know them. ""He made it clear from the word go he didn't want it to be short-term. This is a 52-week-a-year job for me, it's my life and my passion and it's the same with the coaches. ""He respects that but he wants to be involved and have real input. And why would he stake his reputation on something that's not going to be successful?"" Connors has also agreed to commentate for the BBC at next year's Wimbledon Championships. He will work during the second week of the tournament.",sport,sport,2.462646484375,5439,102.3515625,0.4089772
"UK TV channel rapped for CSI ad TV channel Five has been criticised for sending ""offensive"" and ""threatening"" advertising material to viewers for a new show about murder scene scientists. Five mailed thousands of fake dossiers including photos of murder victims and an e-mail suggesting the recipient was being stalked by a serial killer. Following complaints, the Advertising Standards Authority contacted Five to cease promotion of crime show CSI:NY. Five admitted it had sent out 55,000 promotion packs but had now stopped. The promotion material was sent in brown envelope of the type used by investigators in the series, a spin-off from the highly successful CSI: Crime Scene Investigation series, which also runs on Five. The pack also features pictures of forensic evidence from a crime scene and a wanted poster, which did have a CSI:NY logo printed in large at the bottom. Five said it had received 100 complaints but that it had been surprised at the reaction because it was ""obvious this material is promoting a drama"". A Five spokesman said: ""In light of the efforts we have made to make the nature of the contents so transparent we are surprised a very small minority of recipients have mistaken it as anything else. ""Everyone who was sent this promotion has expressed an interest in receiving details about this particular genre of programming on various websites. ""We have also received emails and calls from recipients praising the originality and imagination of the campaign.""",entertainment,entertainment,2.344639539718628,5439,102.3515625,0.303317
"Arsenal 'may seek full share listing' Arsenal vice-chairman David Dein has said the club may consider seeking a full listing for its shares on the London Stock Exchange. Speaking at the Soccerex football business forum in Dubai, he said a full listing was ""one of the options"" for funding after the club moves to its new stadium. The club - which is currently listed on the smaller Ofex share exchange - is due to move into its new 60,000-seater Emirates Stadium at Ashburton Grove for the start of the 2006/07 season. Mr Dein also warned the current level of TV coverage of the Premiership may be reaching saturation level, with signs that match attendances have been dropping off in the first few months of this season. When Arsenal moves to its new stadium it will see its proportion of turnover from media earnings drop from 52% this season to 34% in two years' time. The club is hoping to increase matchday earnings from 29% to 40% of turnover, and has not ruled out other money-earning means, including a full share listing. ""When the new stadium opens we will go through a thorough financial review,"" Mr Dein said. ""Listing would be one option, but we are flexible and no decisions have been made on that issue yet. ""We want to be in the best financial health - maybe clubs can do it (listing), Manchester United have been a success."" Mr Dein said that, although television money and coverage had driven the English game forward in the past 10 years, he feared there might now be too many games being shown. Since the formation of the Premier League in season 1992/93, Premiership clubs have seen their income from television soar. ""Television has been the driving force over the past 10 years... but we must constantly improve if we want to remain as the world's leading league competition. ""We must monitor the quality of the product and ensure attendances do not decline, and we must balance that with the quantity of exposure on TV too. ""I think we have practically reached saturation point... sometimes I think less is more."" The club is funding its move to Ashburton Grove through a number of sources, including debt from banks, from money it already has and will receive in coming years from sponsors, and from the sale of surplus property, including its Highbury Stadium. It is also looking to create new revenue streams from overseas markets, including Asia. ""We have two executives travelling round Japan and China at the moment building relationships with organisations and clubs, and we know our supporters clubs are growing there too, as they are around the world. ""We have got a very good product, so it is very important we go and look at these markets, and make sure we are on the case.""",business,business,2.535301446914673,5427,102.3515625,0.4861966
"Tory leader quits legal position David McLetchie has resigned from his post as a partner in a legal firm following criticism over his dual role. The Scottish Conservative leader had insisted that his legal work with Tods Murray did not influence the causes he supports. But on Friday he said: ""I have tendered my resignation as a partner with immediate effect."" Mr McLetchie had received advice from Holyrood officials about what details he needed to declare. Labour said he had ""cleverly"" not asked about paid advocacy. A Tory spokesman ""totally refuted"" any wrongdoing. Mr McLetchie received advice from the clerk to the standards committee after concern over him signing a parliamentary motion questioning expansion plans for Edinburgh Airport. The MSP had been a partner for Tods Murray which has a client opposing the development. Mr McLetchie did not have a complaint made against him, but when concerns were raised he sought guidance from the standards committee to clarify his position. He was advised to exercise judgement to avoid the perception of a conflict and said he had done nothing wrong. Explaining his reason for quitting the post, Mr McLetchie said: ""I have been greatly concerned by the recent publicity surrounding my association with Tods Murray. ""However, I have no wish to see a similar situation arise again. ""To avoid any misconceptions in the future and be mindful of the good name of Tods Murray and the confidentiality to which its clients are entitled, I have brought forward the date of my retirement from the firm which would otherwise have happened later this year. ""I am proud to have been a part of Tods Murray for the last 29 years and wish it well in the future."" Labour MSP Christine May had said Mr McLetchie was ""very clever"" to ask the clerk to consider his conduct in respect of section 5 of the code. ""He was almost bound to get the answer he wanted from this enquiry since he stands accused of breaching section 6, the section on paid advocacy,"" she said. Section 5 of the members interest order legally obliges MSPs to declare registrable interests before taking part in related parliamentary proceedings ""where the interest would prejudice or give the appearance of prejudicing their ability to participate in a disinterested manner"". However, MSPs' Code of Conduct ""recognises a wider definition"" of parliamentary proceedings, including a non-statutory requirement to make a declaration in relation to written notices, such as motions. But a letter from Holyrood's Chamber Office chief Ken Hughes also made clear that Mr McLetchie did not need to list any of the clients for whom he worked as a solicitor. Commenting on Mr McLetchie's decision to stand down, a Scottish Labour Party spokesman said: ""This should mean Mr McLetchie doesn't breach the paid advocacy rules in future. ""However it doesn't change the fact that there should be a full investigation into whether he has done this in the past."" Scottish National Party Holyrood leader Nicola Sturgeon accused Mr McLetchie of failing to properly serve his constituents. Ms Sturgeon said: ""I think this whole episode has been very damaging for Mr McLetchie and I'm sure he will be reflecting on it."" She added that she thought that the Tories were an irrelevant party so she would not ""lose any sleep over it"". Peter Misselbrook, executive partner of Tods Murray said Mr McLetchie had been considering retirement later in the year. He added: ""David has decided that this announcement should be made now and we fully understand and appreciate his reasons for doing so.""",politics,politics,2.531754970550537,5418,102.35546875,0.4858108
"Gazprom 'in $36m back-tax claim' The nuclear unit of Russian energy giant Gazprom is reportedly facing a 1bn rouble ($35.7m; £19.1m) back-tax claim for the 2001-2003 period. Vedomosti newspaper reported that Russian authorities made the demand at the end of last year. The paper added that most of the taxes claimed are linked to the company's export activity. Gazprom, the biggest gas company in the world, took over nuclear fuel giant Atomstroieksport in October 2004. The main project of Atomstroieksport is the building of a nuclear plant in Iran, which has been a source of tension between Russia and the US. Gazprom is one of the key players in the complex Russian energy market, where the government of Vladimir Putin has made moves to regain state influence over the sector. Gazprom is set to merge with state oil firm Rosneft, the company that eventually acquired Yuganskneftegas, the main unit of embattled oil giant Yukos. Claims for back-taxes was a tool used against Yukos, and led to the enforced sale Yuganskneftegas. Some analysts fear the Kremlin will continue to use these sort of moves to boost the efforts of the state to regain control over strategically important sectors such as oil.",business,business,2.3462941646575928,5416,102.35546875,0.2997458
"Video phone help for deaf people Deaf people who prefer to communicate using British Sign Language (BSL) could soon be having their phone conversations relayed using webcams or videophones and an interpreter. The Video Relay Service is being piloted by the Royal National Institute for Deaf People (RNID), but the organisation says unless the service is provided at the same rate as voice calls it will be beyond most people's pockets. The RNID is urging telecoms regulator, Ofcom, to reduce the cost of the service from the current £7.00 per minute and make it the same as ordinary phone calls. The service works by putting a deaf person in visual contact with a BSL interpreter via a webcam or video phone, and the interpreter then relays the deaf person's conversation using a telephone and translates the other person's response into sign language. For many deaf people, especially those born deaf, BSL is a first and preferred means of communication. Until now, the only alternative has been to use textphones which means having to type a message and have it relayed via an operator. ""In the past, I've used textphones but they have problems,"" said Robert Currington who is taking part in the pilot. ""I communicate in BSL; my written English is not very good and it takes me longer to think in English and type my message."" ""I sometimes find it difficult to understand the reply."" The RNID says the UK is lagging behind other countries which are already making relay services available at the cost of an ordinary phone call. ""There are no technical or economic reasons for not providing equivalent access to services for deaf people,"" said RNID technology director, Guido Gybels. ""In the US and Australia, sign language relay services have already been made universally available at the same cost as a voice call. ""By failing to provide and fund the video relay service for sign language users, the telecommunications sector is effectively discriminating against an already disenfranchised group."" Ofcom says it has plans to review the services that telecoms companies are obliged to provide early next year. And new technology, including the Video Relay Service, will be discussed with interested parties in the near future. But a spokesman said its powers were limited by legislation. ""Any proposals to extend existing arrangements to cover new services would be for government to consider,"" he said. Mr Currington, like many of the UK's 70,000 BSL users, will be hoping that a way can be found to make a cost-effective service available. ""The relay service makes phone conversations a pleasure,"" he said. ""I can show my emotions more easily in BSL in the same way hearing people express emotions through voice calls.""",tech,tech,2.467514991760254,5416,102.35546875,0.4089747
"How to make a greener computer The hi-tech industry is starting to get more environmentally aware. Bill Thompson thinks it's about time. My first car ran on four star petrol and pumped vast quantities of lead into the atmosphere as I drove around Cambridge. Now you can't buy petrol with lead additives, and we're all better off as a result. Chip giant Intel recently began shipping computer circuit boards that are lead free too, reflecting a growing awareness on the part of the technology industry that products have to be designed and built in more environmentally friendly ways. Apart from reducing the use of toxic materials like arsenic, mercury, cadmium and other heavy metals in the products themselves, the manufacturing process is also being cleaned up, with fewer complex and potentially damaging organic chemicals used as solvents. And work is going into making power supplies that are more energy efficient, since current transformers are astonishingly wasteful as they charge our laptops, mobiles and music players. One of the key aspects of the new approach is to design products that are easier to recycle. If you have got a phone or a computer with toxic chemicals or heavy metals in it then extracting them can be tricky and expensive. A well-designed electronic component is able to be recycled at low cost. This is going to be very important to hardware manufacturers in Europe since from August the new Waste Electronic and Electrical Equipment directive will oblige them to accept returned products for recycling. They will end up paying if they build things that are expensive or impossible to take apart and will find their profits hit, something which is likely to motivate them where appeals to the wider public interest might fall on deaf ears. It is, as they say, about time. We have a long and depressing history of developing new technologies with complete disregard for their potential impact on the environment, and waiting until there is a crisis looming before we try to redesign them to cause less damage. The car engine is a case in point: lead additives helped stop petrol vapour exploding too early in the cylinder, a phenomenon called 'knocking', so they were simply used without any real thought for the fact that the lead would end up in the atmosphere. Redesigning engines and making petrol slightly different was a lot more work, so it took decades before it was done. We're seeing the same thing in the technology industry and, as a result, there are billions of devices, from old mobile phones to antique handhelds, that will have to be recycled in years to come. If Apple gets its way then a lot of people are going to be buying a new Mac Mini and throwing away their old PC, keeping the monitor and other peripherals. Even if Apple does not get its way, four or five-year-old computers are not good enough to run modern programs and it's not unreasonable to replace them. But what do we do with the old ones? I've just looked around my office and I find two monitors, an old 386 PC, two old handhelds, three ancient laptops, four antique mobile phones, a collection of rechargeable batteries and even a Sun workstation that is no longer really much use. They are all old enough to be hazardous waste - the monitors alone will be full of arsenic and lead - but it's possible that some of the components could be useful. I could take them up the to the council recycling centre, but it's a 10-mile drive away across town, and like many other people my commitment to recycling is shallow at best. Here in Cambridge we have green bins for compostable waste, a box for glass, cans and paper that can be recycled, and a black bin for the rest. There are bottle banks and clothing banks scattered around town and in supermarket car parks. Would it be too much to ask for an electronics recycling box too? I'd probably remember to take my old mobile with me to the supermarket and drop it in a box - at least eventually. Bill Thompson is a regular commentator on the BBC World Service programme Go Digital.",tech,tech,2.490535259246826,5416,102.35546875,0.4468795
"Blair's hope for Blunkett return The events leading to David Blunkett's resignation must not ""swept under the carpet"", the Tories have warned. On Wednesday Tony Blair said he hoped the former home secretary would serve again in government in the future. Mr Blunkett quit in December after a probe linked him to the visa application of his ex-lover's nanny. Mr Blair said he left ""without a stain on his character"" but Tory Dominic Grieve branded the way Mr Blunkett's office operated as ""scandalous"". Mr Blair told BBC Radio 4's Today programme: ""I know David very well and I believe him to be a man of real integrity and real ability and I was very sad for him as to what happened."" He said Mr Blunkett still had an immense amount to offer the country but he was not making any ""guarantees or definitive statements"" about future jobs. But shadow attorney general Mr Grieve said: ""While I don't rule out the possibility that Mr Blunkett may return as a minister, I don't think it's something that can simply be brushed under the carpet."" Senior Labour backbencher Martin O'Neill, who chairs the Commons trade committee, said he believed the prime minister would want one of his ""praetorian guard"" - a reference to the elite body guard of Roman emperors - back alongside him. But colleague Ian Gibson, who chairs the science and technology committee, said there was a ""question mark"" as to whether Mr Blunkett could serve at cabinet level again.",politics,politics,2.3927457332611084,5416,102.35546875,0.3541682
"Middlesbrough 2-2 Charlton A late header by teenager Danny Graham earned Middlesbrough a battling draw with Charlton at the Riverside. Matt Holland had put the visitors ahead in the 14th minute after his shot took a deflection off Franck Queudrue. But Middlesbrough peppered the Charlton goal after the break and Chris Riggott stroked home the equaliser. Shaun Bartlett's strike put Charlton back in front but that lead lasted just six minutes before Graham rushed onto Queudrue's pass to head home. The match burst to life from the whistle and Charlton defender Hermann Hreidarsson had sight of an open goal after just six minutes. Hreidarsson received Danny Murphy's free-kick from the right but he crashed his free header wide of the far post. The Iceland international looked such a danger the Boro bench could be heard issuing frantic instructions to mark him. Charlton's early pressure paid off when Bartlett received a long ball from Talal El Karkouri in the box and laid it off to Holland who buried his right-footed strike. Szilard Nemeth, recalled in place of Joseph-Desire Job, was twice denied his chance to get Middlesbrough back on level terms by Dean Kiely. The striker played a great one-two with Jimmy Floyd Hasselbaink only to see Kiely get down well to smother his shot before directing a header straight into the keeper's arms. Boro had plenty of time on the ball but the Addicks comfortably mopped up the pressure - with Kiely tipping a Hasselbaink header over the bar - to take their lead into half-time. It was all one-way traffic after the break at the Riverside as Middlesbrough poured forward and Kiely even saved Hreidarsson's blushes when he palmed the ball away to prevent a Charlton own goal. But the Addicks keeper could do nothing about Riggott's equaliser in the 74th minute. The Boro defender looked suspiciously offside as he got on the end of Gareth Southgate's misdirected effort, but despite the Charlton protests his goal stood. The Addicks did not let their heads drop and Bartlett left the Boro defence standing, picking up Hreidarsson's cross to easily sink his right-footed strike. But substitute Graham was on hand to grab a share of the points for the home side. The 19-year-old striker nodding home the equaliser - and his first Premiership goal - with five minutes left on the clock. ""I felt we did enough to win the game even though the first half was lacklustre. ""We dominated after the break, the players showed a fantastic response and we should have gone on to win. ""But for (Charlton goalkeeper) Dean Kiely, who made three tremendous saves, we could have scored five or six."" ""To take the lead and then to get penned back, it feels a little bit like a defeat,"" admitted Kiely. ""We were winning but Middlesbrough kept knocking on the door. But we stood up and credit to us we didn't capitulate. ""We'll kick on now. Our short-term ambition is to progress from the seventh place finish from last year."" Nash, Reiziger (Graham 82), Riggott, Southgate, Queudrue, Parlour (Job 86), Doriva, Nemeth (Parnaby 87), Zenden, Downing, Hasselbaink. Subs Not Used: Cooper, Knight. Riggott 74, Graham 86. Kiely, Hreidarsson, Perry, El Karkouri, Young, Konchesky, Murphy (Euell 78), Holland, Kishishev, Thomas (Johansson 72), Bartlett. Subs Not Used: Fish, Jeffers, Andersen. Konchesky, Hreidarsson, Perry. Holland 14, Bartlett 80. 29,603 M Riley (W Yorkshire).",sport,sport,2.5695607662200928,5416,102.35546875,0.5174796
"Budget Aston takes on Porsche British car maker Aston Martin has gone head-to-head with Porsche's 911 sports cars with the launch of its cheapest model yet. With a price tag under £80,000, the V8 Vantage is tens of thousands of pounds cheaper than existing Aston models. The Vantage is ""the most important car in the history of our company"", said Aston's chief executive Ulrich Bez. Aston - whose cars were famously used by James Bond - will unveil the Vantage at the Geneva Motor Show on Thursday. Mr Bez - himself a former executive at rival Porsche - said the new car was the company's ""most affordable car ever and makes the brand accessible"". This in turn would make Aston Martin ""globally visible, but still very, very exclusive"", he added. First shown as a concept car at the 2003 North American International Auto Show in Detroit, the V8 Vantage will be available in the UK in late summer. Development costs for the Vantage have been kept low by sharing a platform with Aston's DB9, which Mr Bez described as ""the previous most important car for our company"". There is currently an 18 months waiting list for the DB9, Mr Bez said. The Vantage will be built at the new Aston factory in Gaydon, near Warwick, and should more than double Aston's total output from about 2,000 presently.",business,business,2.3851640224456787,5416,102.35546875,0.3362334
"Hi-tech posters guide commuters Interactive posters are helping Londoners get around the city during the festive season. When interrogated with a mobile phone, the posters pass on a number that people can call to get information about the safest route home. Sited at busy underground stations, the posters are fitted with an infra-red port that can beam information directly to a handset. The posters are part of Transport for London's Safe Travel at Night campaign. The campaign is intended to help Londoners, especially women, avoid trouble on the way home. In particular it aims to cut the number of sexual assaults by drivers of unlicensed minicabs. Nigel Marson, head of group marketing at Transport for London (TfL), said the posters were useful because they work outside the mobile phone networks. ""They can work in previously inaccessible areas such as underground stations which is obviously a huge advantage in a campaign of this sort,"" he said. The posters will automatically beam information to any phone equipped with an IR port that is held close to the glowing red icon on the poster. ""We started with infra-red because there are a huge number IR phones out there,"" said Rachel Harker, spokeswoman for Hypertag which makes the technology fitted to the posters. ""It's a well established technology."" Hypertag is also now making a poster that uses short-range Bluetooth radio technology to swap data. Although the hypertags in the posters only pass on a phone number, Ms Harker said they can pass on almost any form of data including images, ring tones and video clips. She said that there are no figures for how many people are using the posters but a previous campaign run for a cosmetics firm racked up 12,500 interactions. ""Before we ran a campaign there was a big question mark of: 'If we build it will they come?'"" she said. ""Now we know that, yes, they will."" The TfL campaign using the posters will run until Boxing Day.",tech,tech,2.365508794784546,5416,102.35546875,0.3175651
"Hotspot users gain free net calls People using wireless net hotspots will soon be able to make free phone calls as well as surf the net. Wireless provider Broadreach and net telephony firm Skype are rolling out a service at 350 hotspots around the UK this week. Users will need a Skype account - downloadable for free - and they will then be able to make net calls via wi-fi without paying for net access. Skype allows people to make free PC-based calls to other Skype users. Users of the system can also make calls to landlines and mobiles for a fee. The system is gaining in popularity and now has 28 million users around the world. Its paid service - dubbed Skype Out - has so far attracted 940,000 users. It plans to add more paid services with forthcoming launches of video conferencing, voice mail and Skype In, a service which would allow users to receive phone calls from landlines and mobiles. London-based software developer Connectotel has unveiled software that will expand the SMS functions of Skype, allowing users to send text messages to mobile phones from the service. Broadreach Networks has around two million users and hotspots in places such as Virgin Megastores, the Travelodge chain of hotels and all London's major rail terminals. The company is due to launch wi-fi on Virgin Trains later in the year. ""Skype's success at spreading the world about internet telephony is well-known and we are delighted to be offering free access to Skype users in our hotspots,"" commented Broadreach chief executive Magnus McEwen-King.",tech,tech,2.3747854232788086,5416,102.35546875,0.3212349
"Plan to give elderly care control Elderly and disabled people would choose how their own budget for personal care was spent and organised under government plans. Ministers say elderly and disabled people themselves, not social workers, should be able to decide on their care and stay in their own homes. They also plan a supremo for adult services in each English area to get different agencies working together. But the government shunned opponents' calls for free long-term care. There are 1.7m people needing care in England and ministers suggest the number could quadruple by 2050. Monday's consultation paper on social care for adults in England is aimed at ending a system which generates dependency. Health Minister Stephen Ladyman said: ""This document is the antithesis of the nanny state. ""It's about taking power away from the state and giving it to individuals and saying that we will help you make these decisions but we are not going to make them for you any more."" The government has already allowed local councils to give people money so they can pay for their services directly but take-up of the scheme has been ""disappointing"". Ministers say the new plans would make direct payments simpler and try to counter reluctance in some local councils to use the payments. They also want to set up a new ""half-way house"" where social workers tell people how much money is available for their care and help them choose how to spend that ""individual budget"". The scheme will be funded on existing budgets set until 2008. But Mr Ladyman said the plans could deliver savings in some areas, such as freeing up NHS beds and preventing illnesses. He ruled out free personal care in England - which is on offer in Scotland and Wales, saying it was ""unsustainable"". David Rogers, from the Local Government Association, said agencies were working together on the kind of innovation proposed by the government. And Tony Hunter, president of the Association of Directors of Social Services, said the plans could improve dignity and well-being for thousands of people. But Age Concern argued social care was chronically under-funded and older people were being offered choice in principle, but not in practice. Its director general, Gordon Lishman, said: ""Direct payments will not work if there are no services for people to choose from locally."" The Tories say people who pay for three years' long-term care directly or through insurance should be guaranteed free care for the rest of their lives. Tory spokesman Simon Burns said more than 80,000 long term care places had been lost since 1997. ""After eight years of persistent change, dogmatic enforcement of regulation, and overbearing government initiatives - we need action, not a vision,"" said Mr Burns. The Lib Dems say they would fund free personal care by a new 50% tax rate on incomes over £100,000. Health spokesman Paul Burstow said: ""Promoting independence sounds good and helping people to live in their own homes is a goal we share. ""But the risk is that independence can turn into isolation if the right support and care is not available.""",politics,politics,2.4606034755706787,5415,102.35546875,0.4166878
