text,bug,docs,feature,question,won't fix,label_counts,response_time,vram_usage,ram_usage,total_time,response_text,bug pred,feature pred,question pred,won't fix pred,docs pred
Update CONTRIBUTING.md on bugfixes/features PRs,0,1,0,0,0,"{'bug': 0, 'feature': 2, 'question': 0, ""won't fix"": 0, 'docs': 0}",10.088812112808228,2297,89.40625,8.0505559,"Okay, so I need to classify this text about updating a file called ""CONTRIButing.md"" in the ""bugfixes/features PRs"" section of GitHub. The task is to determine what kind of issue or question this update addresses. Let me break it down step by step.

First, I'll look at the text: ""Update CONTRIBUTING.md on bugfixes/features PRs."" It seems like they're modifying a specific file related to bug reporting and feature requests. So, the main action here is updating or enhancing an existing contribution.

Now, considering the possible labels provided: bug, feature, question, won't fix, docs. Let's go through each one:

1. **Bug**: This would imply that the issue is about a problem that needs fixing. However, in this case, it's not about solving a bug but rather updating an existing file. So, maybe not.

2. **Feature**: Features are new functionalities or improvements. Here, they're enhancing an existing contribution by updating it. That sounds more like a feature than just a bug.

3. **Question**: This would be if the text was prompting for information or asking a question. It doesn't seem to be that case here; it's about making an update.

4. **Won't fix**: This label is used when something isn't intended to be fixed, but again, this seems like an action they're taking rather than something that won't be addressed.

5. **Docs**: Document-related issues or questions. While the text might relate to documentation, it's more about modifying a file than asking a question about documentation itself.

Putting it all together, the text is clearly about enhancing an existing contribution by updating a specific file. This aligns with the concept of features in GitHub discussions. So, the best labels here would be **feature** and **question**, but since the focus is on improving an existing feature or contribution, maybe just ""feature"" is sufficient.

Wait, let me double-check. The text says they're updating a file related to bugfixes and PRs. That's about enhancing or adding to existing features. So yes, it's definitely a feature-related issue.
",1,1,0,0,0
How to print the metric (across all working trainer in DDP mode) into console after each epoch is end?,0,0,0,1,1,"{'bug': 1, 'feature': 2, 'question': 2, ""won't fix"": 1, 'docs': 1}",4.301018238067627,2297,89.5,2.2767025,"Okay, so I need to classify this GitHub issue text. Let me read it again: ""How to print the metric (across all working trainer in DDP mode) into console after each epoch is end?"" Hmm, that's a bit confusing. 

First, I should break down what the user is asking for. They're talking about printing a metric across multiple trainers in DDP mode and sending it to the console after each epoch. So they want to know how to do this.

Now, looking at the possible labels: bug, feature, question, won't fix, docs. Let me think about each one.

- Bug: This seems more like a task than a bug. They're not trying to find or report a problem; they're asking for a solution.
- Feature: Maybe if this was something new they were considering, but it's more about how to do something rather than adding a feature.
- Question: The text is a question, so yes, that fits under ""question.""
- Won't fix: This doesn't seem right. They are seeking help, not refusing to provide information.
- Docs: It's related to documentation or resources, but the issue isn't about finding documentation.

So putting it together, the best labels would be ""question"" and maybe ""feature."" But I'm not sure if ""feature"" is appropriate here because they're not adding a new feature. They're asking for a specific method.
",1,1,1,1,1
Model loaded from checkpoint has bad accuracy ,0,0,0,1,0,"{'bug': 0, 'feature': 0, 'question': 0, ""won't fix"": 0, 'docs': 0}",3.7366230487823486,2297,89.66015625,1.7039744,"Okay, so I need to classify this text about a GitHub issue using the labels provided. Let me read through it again carefully.

The text says: ""Model loaded from checkpoint has bad accuracy."" Hmm, that's interesting. It mentions a model and its accuracy. The task is classification of github issues, specifically looking at features or categories like bug, feature, etc.

First, I should think about what each label means in this context. Bug usually refers to issues that cause problems when the software runs. Feature would be something new or intended but not yet implemented. Question might be about a problem someone is facing. Won't fix suggests it's not possible to resolve. Docs refers to documentation related to the issue.

Looking at the text, there's no mention of bugs or features being discussed. It's talking about a model and its accuracy, which doesn't directly relate to issues in GitHub. The term ""bad accuracy"" is more about the performance of the model rather than the nature of the issue itself.

So, none of these labels seem to fit here. It's not a bug report or feature request; it's more about evaluating a machine learning model. Therefore, I should respond with no labels applicable.
",0,0,0,0,0
Add a robots.txt to stop Google from indexing Deprecated Versions of the Docs,0,1,0,0,0,"{'bug': 1, 'feature': 1, 'question': 0, ""won't fix"": 1, 'docs': 1}",4.680913686752319,2288,89.77734375,2.6227182,"Okay, so I need to classify this text into one of the given categories: bug, feature, question, won't fix, or docs. Let me read through it again carefully.

The text is ""Add a robots.txt to stop Google from indexing Deprecated Versions of the Docs."" Hmm, that sounds like something related to documentation and how it's maintained. I remember that robots.txt files are used to control access to documentation on certain systems. So adding one might be stopping Google from accessing or updating deprecated versions.

Now, looking at the possible labels: bug, feature, question, won't fix, docs. Let me think about each one.

- Bug: That would mean something is wrong in the code or system. But this isn't about a problem with the robots.txt file itself; it's more about controlling access.
  
- Feature: Features are improvements or new functionalities. This text doesn't describe any new feature, just an action to take.
  
- Question: A question would be asking for information or clarification. Here, we're describing an action taken by someone else.
  
- Won't fix: That suggests the system or person can't do something. In this case, Google might not want to update deprecated versions because they are outdated and could cause issues.
  
- Docs: This refers to documentation itself. The text is about modifying robots.txt, which affects how documentation is handled.

So, ""won't fix"" seems like the best fit here because it's describing a situation where something (Google) can't do what it wants to do with the documentation. It's not just adding a file but also considering the implications on how the documentation is managed.
",1,1,0,1,1
Multi-processing with IterableDataset Warning ,0,1,0,0,0,"{'bug': 1, 'feature': 1, 'question': 1, ""won't fix"": 1, 'docs': 1}",6.67432165145874,2288,89.80859375,4.6421246,"Okay, so I need to classify this text about GitHub issues into one of the given categories: bug, feature, question, won't fix, or docs. Let me read through it again.

The text says: ""Multi-processing with IterableDataset Warning."" Hmm, that's a bit vague. It mentions something about processing and warnings related to IterableDataset. I'm not sure what IterableDataset is exactly, but maybe it's a data structure or tool used in Python for handling datasets.

Now, the task is classification of GitHub issues. So I need to figure out if this text relates to bugs, features, questions, etc., on GitHub. The warning about multi-processing and IterableDataset might be related to how someone is processing their codebase, possibly looking at issues or suggesting improvements.

But wait, the warning itself isn't a bug or feature; it's more of an issue with the codebase handling. So maybe this text doesn't directly address any specific issue on GitHub but is about the tools used for processing datasets in Python.

Looking back at the possible labels: bug, feature, question, won't fix, docs. The warning isn't a bug or feature; it's more of an error or issue with how data is being processed. So I don't think this text falls under any of those specific categories except maybe 'won't fix' if someone thinks that processing the dataset in a certain way isn't appropriate.

But I'm not sure if 'won't fix' is the best fit here because it's more about the tool or method than the issue itself. Alternatively, since it's about warnings related to IterableDataset, which might be used for debugging issues, maybe it's related to how someone is handling their codebase but doesn't directly classify an existing GitHub issue.

I'm a bit confused now. Let me think again. The task is classifying the text into one of those labels. The warning is about processing with IterableDataset, which could be part of analyzing issues or suggesting fixes. But it's not a bug, feature, question, won't fix, or docs on GitHub.

Wait, maybe 'won't fix' isn't the best fit because it's more about the tool than the issue itself. So perhaps none of these labels apply to this text? Or is there another label that fits better?

I'm not entirely sure. Maybe I should consider if any of the labels could be applicable. Since the warning is about processing, maybe 'won't fix' isn't the best fit because it's more about the method than the issue.

Alternatively, perhaps the warning doesn't directly address an issue on GitHub but is a tool used for that purpose. So in terms of categorizing issues on GitHub, this text might be related to how someone is processing their data or analyzing issues, but not specifically addressing any bug, feature, question, etc., on GitHub.

I think I'm leaning towards none of the labels applying here because the warning isn't directly about an issue on GitHub. It's more about the tools used for processing datasets in Python, which could be part of analyzing issues but doesn't classify a specific issue as a bug or feature.
",1,1,1,1,1
What is the correct way to set accumulate_grad_batches more than 1 and also a customized optimizer_step?,0,0,0,0,1,"{'bug': 0, 'feature': 3, 'question': 1, ""won't fix"": 0, 'docs': 0}",5.184752464294434,2288,90.53125,3.1709511,"Okay, so I need to classify this GitHub issue text into one of the given categories: bug, feature, question, won't fix, or docs. Let me read through the text again carefully.

The text is: ""What is the correct way to set accumulate_grad_batches more than 1 and also a customized optimizer_step?""

Hmm, so it's asking for specific instructions on how to configure certain parameters in GitHub's optimization process. The user wants to know exactly how to set these things up so that the optimization can run faster by accumulating gradients across batches more than once.

Now, looking at the possible labels: bug, feature, question, won't fix, docs. Let me think about each one.

First, is this a bug? Well, I'm not sure if setting parameters like accumulate_grad_batches and optimizer_step are considered bugs or features. They're just specific instructions to make the code work better, so maybe they aren't bugs but rather features intended for improvement.

Next, is it a feature? Yes, because the user is asking for a specific configuration that can enhance performance without breaking anything. Features usually involve adding new functionalities or improving existing ones.

Then, is this a question? The text isn't a question; it's an instruction to find out how to configure something. So I don't think it fits here.

Next, won't fix. That would mean the user thinks they can't do it, but in reality, they can set these parameters to optimize performance. So no, it doesn't fall into this category.

Lastly, docs. The text isn't providing documentation or information about a feature; it's just asking for instructions on how to use something. So that doesn't fit either.

Putting it all together, the best labels are ""feature"" because the user is seeking specific configurations to enhance functionality, and ""question"" if they were looking for more details, but since they're asking directly, it's a feature.
",0,1,1,0,0
Logging validation metrics with `val_check_interval`,0,0,0,1,0,"{'bug': 1, 'feature': 1, 'question': 0, ""won't fix"": 1, 'docs': 1}",4.692485809326172,2303,90.5,2.6418984,"Okay, so I need to classify this text about logging validation metrics using `val_check_interval`. Let me think through this step by step.

First, the task is classifying GitHub issues into categories like bug, feature, question, won't fix, or docs. The provided text is a comment on how to log validation metrics with `val_check_interval`.

Hmm, I'm not sure what exactly that refers to. Maybe it's about logging something in the code? Or perhaps it's related to features of GitHub itself?

Wait, the user mentioned that this is for multilabel classification based on instructions. So maybe there are multiple labels applicable here.

Let me break down the text: ""Logging validation metrics with `val_check_interval`"". It sounds like they're talking about logging something specific in their code or project. Maybe it's a bug because they want to log something that wasn't working before?

Or perhaps it's not a bug but more of an enhancement, since they're adding functionality to log metrics. That could make it a feature.

But I'm not entirely sure. It might also be related to documentation if they're providing instructions on how to do this logging. So maybe it's a docs label as well.

I think the best approach is to consider all possible labels and see which ones fit best. Since the text is about logging something, it could fall under bug (if it's not working), feature (adding functionality), or docs (if they're providing documentation). It might also be related to won't fix if there are issues preventing them from doing so.

I'm a bit confused because I don't have all the context. Maybe I should look up GitHub's logging practices or similar issues to get a better idea, but since I can't do that right now, I'll go with what I know.
",1,1,0,1,1
How do I pass metric to tensorboards hparam interface,0,0,0,1,0,"{'bug': 1, 'feature': 1, 'question': 3, ""won't fix"": 1, 'docs': 0}",5.30051589012146,2295,91.01171875,3.2678815,"Okay, so I need to classify this text about GitHub issues into one of the given categories: bug, feature, question, won't fix, or docs. Let me read through the text again carefully.

The text is: ""How do I pass metric to tensorboards hparam interface."" Hmm, that's a bit tricky. It seems like it's talking about how to set up something in PyTorch, specifically passing metrics to TensorBoard and using an HParam interface. 

First, I should break down the components. The main action here is setting up parameters or interfaces for tensorboards. That makes me think of things related to configuration or setup. In machine learning, especially with frameworks like PyTorch, this often relates to how models are trained or evaluated.

Now, looking at the possible labels: bug, feature, question, won't fix, docs. Let's see which one fits best.

- **Bug**: This would imply that there's a problem or issue that needs fixing. But here, it's about setting up something correctly, not necessarily identifying an issue.
  
- **Feature**: Features are new functionalities added to the system. While this might be related to adding features for better model evaluation, I'm not sure if it's the best fit.

- **Question**: This would mean that someone is asking a question or seeking clarification. The text isn't presenting a question; it's providing instructions on how to do something.

- **Won't fix**: This suggests that the system won't accept certain actions. But in this case, the action is valid and intended for improvement.

- **Docs**: Documentation refers to information provided about the topic. While the text does mention TensorBoard and HParams, it's more about configuration than documentation itself.

Putting it all together, the text isn't presenting a bug or feature but rather an instruction on how to configure something. It doesn't seem like a question or a won't fix scenario. So, among the options given, ""docs"" might not be the best fit because it's more about configuration than documentation of a specific topic.

Therefore, I think the most appropriate label here is **question**, even though it's not exactly asking for information but rather providing instructions on how to do something.
",1,1,1,1,0
How to add a hidden state in test_step when dealing with sequential data?,0,0,0,1,0,"{'bug': 0, 'feature': 2, 'question': 0, ""won't fix"": 0, 'docs': 0}",5.24315881729126,2286,91.046875,3.1983371,"Okay, so I need to classify this text about adding a hidden state in test_step for sequential data into one of the given categories: bug, feature, question, won't fix, or docs. Let me break it down.

First, the text is explaining how to add a hidden state in test_step when dealing with sequential data. That sounds like it's providing guidance on a specific task within programming or software development. It's not just describing something; it's offering a method or technique.

Now, looking at the labels: bug, feature, question, won't fix, docs. I know that ""docs"" usually refers to documentation or information about how things work. But this text isn't explaining how to use existing tools or methods; it's guiding on implementing something new.

""Feature"" would be if the task was adding a new feature in an existing system. Here, they're talking about modifying test_step, which is part of the codebase. It's more about providing instructions than introducing a new feature.

""Won't fix"" suggests that the task isn't feasible or can't be done. But this text clearly outlines how to do it, so that doesn't fit either.

So, putting it all together, since the text is explaining a method for implementing something specific (adding a hidden state in test_step), it's more about providing guidance than describing an existing issue. Therefore, the best label here would be ""feature,"" but I'm not entirely sure because sometimes features are about introducing new functionalities. However, this isn't introducing a new feature; it's modifying an existing part of the code.

Wait, maybe I should consider if it's a bug or feature. If someone is trying to fix something and encounters an issue, that would be a bug. But in this case, they're not encountering a problem but rather providing instructions on how to do it. So it's more about offering help than identifying a bug.

I think ""feature"" might still be the closest label because it's about introducing or modifying a feature within the codebase. It's not adding a new one, just enhancing an existing part.
",0,1,0,0,0
"RuntimeError: Tensor for 'out' is on CPU, Tensor for argument #1 'self' is on CPU, but expected them to be on GPU (while checking arguments for addmm)",0,0,0,1,0,"{'bug': 2, 'feature': 0, 'question': 0, ""won't fix"": 0, 'docs': 0}",3.6777734756469727,2286,90.65625,1.6330219,"Okay, so I need to classify the given text into one of the labels provided: bug, feature, question, won't fix, docs. The task is about classifying GitHub issues.

The text is a RuntimeError message from a Tensor operation. It mentions that 'out' is on CPU and the argument #1 'self' is also on CPU but expects them to be on GPU for the addmm function. This suggests that there's an issue with data types or device placement, which relates to how tensors are handled in computations.

Looking at the labels, ""bug"" seems appropriate because it's about a problem that needs fixing. ""Feature"" doesn't fit here since this isn't introducing a new feature but rather a bug. ""Question"" is too vague and not specific enough. ""Won't fix"" also doesn't apply because there are issues being addressed. Lastly, ""docs"" isn't relevant as the text isn't related to documentation.

So, the best label for this text is ""bug.""
",1,0,0,0,0
Most efficient way to log data to file within training/validation_step,0,0,0,1,1,"{'bug': 0, 'feature': 0, 'question': 0, ""won't fix"": 0, 'docs': 0}",5.80983567237854,2286,91.16796875,3.7522389,"Okay, so I need to classify this text into one of the given categories: bug, feature, question, won't fix, or docs. Let me read through it again carefully.

The text is: ""Most efficient way to log data to file within training/validation_step""

Hmm, that's a bit confusing at first glance. The phrase ""training/validation_step"" makes me think of an experiment or test step where different methods are being tried out. So maybe the issue here is about finding the best method for logging data.

Now, looking at the possible labels: bug, feature, question, won't fix, docs. Let's go through each one to see which fits best.

1. **Bug**: A bug usually refers to a problem that needs fixing or an error in code. The text doesn't mention any issues or errors; it's more about finding the best method. So maybe not a bug here.

2. **Feature**: Features are aspects of a system, like data types or algorithms. The text is talking about logging methods, which could be seen as a feature if it's part of an existing system. But I'm not sure if that's the right fit.

3. **Question**: This would involve asking for information or clarification. The text doesn't pose any questions; it's just describing what to do. So probably not a question here.

4. **Won't fix**: This label suggests that the task isn't feasible or can't be done. The text is about finding an efficient method, which implies it's possible and might be fixed. So maybe this isn't the best fit either.

5. **Docs**: This refers to documentation or information. The text doesn't mention any documents; it's more about a process or method for logging data. So I don't think docs is the right label here.

Wait, let me double-check. The task is about classifying github issues related to github issues. The text seems to be describing an issue with logging methods within a specific step of an experiment. It doesn't mention any bugs, features, or questions but rather describes a problem that needs solving. So maybe it's not fitting into any of the provided labels as clearly as I thought.

Alternatively, could ""won't fix"" apply here? If the task isn't feasible, then yes, but the text is about finding an efficient way, which suggests it can be done and might be fixed. So I'm leaning towards none of these labels being the best fit for this text.
",1,1,1,0,0
How to gather predict on ddp,0,0,0,1,0,"{'bug': 2, 'feature': 2, 'question': 1, ""won't fix"": 1, 'docs': 1}",4.858701229095459,2286,91.17578125,2.8135824,"Okay, so I need to classify this text about GitHub issues into one of the given categories: bug, feature, question, won't fix, or docs. Let me read through the text again carefully.

The text says, ""How to gather predict on ddp."" Hmm, that doesn't sound like a standard issue description. It seems more like a request for guidance on how to perform something specific related to DDP (Distributed Data Parallel). 

First, I'll consider if it's about bugs. Bugs usually refer to issues or problems within software, but this text isn't talking about any problem or bug in the codebase. It's more about instructions or methods.

Next, feature questions. Features are new functionalities added by a project. This text doesn't seem to be introducing a new feature; it's just asking for guidance on how to perform an existing task.

Then there's the question of whether it's a feature request. Again, this seems like a request rather than a specific feature being discussed.

The option ""won't fix"" suggests that the project is not capable of addressing or resolving the issue. This text doesn't indicate any lack of capability; instead, it's about how to gather information on DDP.

Lastly, ""docs"" refers to documentation. The text isn't providing any documentation or explanations related to DDP or DDP-related topics.

Putting this all together, none of these labels fit perfectly because the text is more about instructions than a specific bug, feature, question, or lack thereof. It's also not directly related to existing documentation. So, it doesn't fall under any of the provided categories as clearly as I might have thought.
",1,1,1,1,1
How to get world_size and global_rank in custom LightningDataModule? ,0,0,0,1,0,"{'bug': 1, 'feature': 1, 'question': 1, ""won't fix"": 1, 'docs': 1}",3.9782915115356445,2286,90.71875,1.937073,"Okay, so I need to classify this text about a GitHub issue using the task of classifying issues as bugs, features, questions, won't fix, or documentation. The possible labels are bug, feature, question, won't fix, docs.

The text is: ""How to get world_size and global_rank in custom LightningDataModule?""

Hmm, let's break this down. The user is asking for a specific task related to a LightningDataModule. They want to know how to set up the model parameters like world_size and global_rank. That sounds like they're trying to fix something or understand how it works.

So, from the labels provided: bug, feature, question, won't fix, docs. The text is about understanding how to configure a LightningDataModule, which is part of machine learning workflows. It's not introducing a new concept but rather explaining how an existing component works.

Therefore, this seems like a documentation task because it's providing information on how something should be done. It doesn't address any specific bug or feature, nor does it ask if someone won't fix it. It's more about understanding the setup than contributing to a new feature or solving a problem.
",1,1,1,1,1
Best Practice: How to enhance already existing models with lightning?,0,0,0,1,0,"{'bug': 0, 'feature': 0, 'question': 0, ""won't fix"": 0, 'docs': 1}",4.646559715270996,2286,91.328125,2.6037736,"Okay, so I need to classify this text about a GitHub issue into one of the given categories: bug, feature, question, won't fix, or docs. Let me start by reading the text carefully.

The text says, ""Best Practice: How to enhance already existing models with lightning?"" Hmm, that's talking about improving existing models using something called Lightning. I know that in machine learning, models are often enhanced or improved over time. So this seems like a suggestion or method for making models better.

Now, looking at the possible labels: bug, feature, question, won't fix, docs. Let me think about each one.

- Bug: That would mean something is wrong or not working as expected. But here it's talking about enhancing models, which isn't a problem but an improvement.
  
- Feature: Features are aspects of data that can be used to train models. While this text does mention features (like models and Lightning), the focus is on how to enhance them, so maybe not the best fit.

- Question: This seems more like a request or a need for information rather than a classification task. It's not asking about what kind of issue there is but rather how to improve something.

- Won't fix: That would imply that the system or method doesn't handle it. But again, this text isn't talking about whether it won't fix; it's more about the approach to fixing.

- Docs: This refers to documentation or resources. The text doesn't mention any specific documentation or resources related to improving models with Lightning.

So, none of these labels perfectly fit the content. It's more about a suggestion for improvement than a classification task. Therefore, I think the best answer is that it doesn't fall into any of the specified categories.
",0,0,0,0,1
Typo correction in optimizers documentation,0,1,0,0,0,"{'bug': 1, 'feature': 1, 'question': 0, ""won't fix"": 2, 'docs': 2}",4.300790786743164,2283,91.33203125,2.2453556,"Okay, so I need to classify this text about a typo correction in optimizers documentation into one of the given categories: bug, feature, question, won't fix, or docs. Let me break it down.

First, the text is talking about ""typo correction."" That sounds like something that needs fixing because typos are errors. So maybe that's related to bugs since they're issues that need solving.

Next, it mentions ""optimizers documentation."" Optimizers are tools used in software development, so this could be a feature of the software or tool. Features usually describe what the system does rather than how it works, but in this context, it might be about improving the system's functionality.

Then there's ""won't fix."" That phrase is a bit tricky. It sounds like someone doesn't want to fix something, which could imply that the issue isn't going to be resolved or fixed. So maybe that's related to won't fix as one of the labels.

Lastly, it says ""docs."" This makes me think about documentation itself. The text is talking about correcting documentation, so this fits under docs since it's about providing information in a clear and helpful way.

Putting it all together: typo correction (bug), optimizers documentation (feature), won't fix (won't fix), and docs (docs). I don't see any overlap that would make some labels redundant or incorrect. So the best classification is bug, feature, won't fix, and docs.
",1,1,0,1,1
Available value list of Accelerator.barrier's `name` argument,0,0,0,1,0,"{'bug': 0, 'feature': 2, 'question': 0, ""won't fix"": 0, 'docs': 0}",4.223839044570923,2283,90.89453125,2.1768745,"Okay, so I need to classify this text into one of the given categories: bug, feature, question, won't fix, or docs. Let me read through it carefully.

The text says, ""Available value list of Accelerator.barrier's `name` argument."" Hmm, that sounds like it's talking about something related to a barrier or an issue in a programming context. The word ""barrier"" makes me think of a problem that prevents progress, which could be a bug because bugs are issues that prevent the software from working correctly.

But wait, the text is specifically mentioning `name` argument in the Accelerator.barrier. That's more about how something is named rather than what it does. So maybe it's not a bug but something else. Since it's talking about an argument related to a barrier, perhaps it's a feature or a question.

Looking at the options again: bug, feature, question, won't fix, docs. The text doesn't describe how it's implemented or its functionality, just what part of the system it refers to. So it's more like asking for information about that specific argument rather than classifying it as a bug or feature.

I'm leaning towards ""feature"" because it's describing an aspect of something (the barrier) and not the issue itself. It's also not a question, so I think ""feature"" is the best fit here.
",0,1,0,0,0
There doesn't seem to be a way to set requires_grad=True for parameters you don't want to update,0,0,0,1,1,"{'bug': 1, 'feature': 0, 'question': 0, ""won't fix"": 0, 'docs': 0}",4.3249311447143555,2283,91.3671875,2.3094011,"Okay, so I need to classify this GitHub issue text into one of the given categories: bug, feature, question, won't fix, or docs. Let me read through the text again carefully.

The text says, ""There doesn't seem to be a way to set requires_grad=True for parameters you don't want to update."" Hmm, so they're talking about setting a parameter's gradient to zero without updating it. That sounds like a specific issue with how gradients are handled in machine learning models or neural networks.

I remember that when people have issues with how gradients work, especially in frameworks like PyTorch, it can be confusing. They might not know if setting requires_grad=True is the right approach for their model's parameters they don't want to update. This seems like a problem someone could encounter while working on an ML project.

Looking at the possible labels: bug refers to something that's broken or problematic, feature is about adding new functionality, question is about seeking information, won't fix is about not being able to resolve, and docs are documentation related issues. 

The text doesn't seem to be a feature request or a question; it's more about an issue someone might face when trying to set up their model. It's also not specifically about documentation or features. So the best fit here would be ""bug,"" because it's pointing out a specific problem that others might encounter.

I don't think it fits into ""won't fix"" because there are solutions, like using different optimizers or adjusting the gradient settings. And while it could relate to documentation if someone needs more information on how this works, the text itself doesn't present any such request. So I'm confident it's a bug.
",1,0,0,0,0
Restore training states without create new version in lightning_logs?,0,0,0,1,0,"{'bug': 0, 'feature': 0, 'question': 0, ""won't fix"": 0, 'docs': 1}",4.861846208572388,2283,91.3671875,2.8323231,"Okay, so I need to classify this text about restoring training states without creating a new version in Lightning_logs into one of the given labels: bug, feature, question, won't fix, or docs. Let me break it down step by step.

First, I'll read through the text carefully. It says, ""Restore training states without create new version in lightning_logs?"" So the main topic is about restoring something related to training states within a Lightning_logs context. The key action here is ""restore,"" which suggests that there's an issue with how this restoration is being handled.

Now, looking at the labels: bug refers to issues or problems that need fixing, feature is a new function or improvement, question is about information seeking, won't fix is when someone thinks something can't be done, and docs are documentation related topics. 

The text doesn't mention any specific bugs or features; it's more about an action being taken. It's not asking for anything else, like what feature to add or how a bug should be fixed. Instead, it's describing the process of restoring training states without creating a new version in Lightning_logs.

So, considering all that, this seems more like a documentation issue because it's providing information on how an existing action (restoring states) is being handled within a specific framework (Lightning_logs). It's not reporting a bug or feature but rather explaining the process of restoring something without creating a new version. 

I don't think it's a question about what needs to be fixed, nor does it seem like it's a documentation topic in the traditional sense. It's more about understanding how an existing solution is implemented and its implications within a particular system or framework.

Therefore, the best label for this text would be ""docs,"" as it's providing information on a process within a specific context.
",1,1,1,0,1
Errors in documentation generated from lightning.py,0,1,0,0,0,"{'bug': 0, 'feature': 0, 'question': 0, ""won't fix"": 1, 'docs': 1}",4.711008548736572,2283,73.96875,2.6822299,"Okay, so I need to classify this text about errors in documentation generated from lightning.py into one of the given categories: bug, feature, question, won't fix, or docs. Let me break it down step by step.

First, the text says ""Errors in documentation generated from lightning.py."" That sounds like something that's causing issues with how documentation is created using Lightning. So, maybe it's a problem with the documentation itself rather than an issue with the tool or framework.

Now, looking at the possible labels: bug, feature, question, won't fix, docs. Let me think about each one.

- Bug: That would mean something wrong in the code that causes issues. But here, we're talking about errors in documentation, not a problem with the code itself.
  
- Feature: Features are new functionalities or improvements. This text isn't introducing any new features; it's describing an issue related to existing features.
  
- Question: That would imply someone is asking a question. The text doesn't seem to be posing a question; instead, it's presenting information about the documentation errors.
  
- Won't fix: This suggests that the tool or framework won't address the problem. Here, we're talking about an issue in how documentation is generated, so maybe the framework isn't handling this correctly.
  
- Docs: Documentation refers to the written content. The text is discussing issues with documentation, not asking a question or proposing a feature.

Putting it all together, the text is describing a problem with generating documentation using Lightning. It's not introducing a new feature or answering a question but rather pointing out an issue in how documentation is created. So, the best labels would be ""won't fix"" and ""docs,"" since it's about documenting issues.
",1,1,1,1,1
OOM using EfficientNet B3,0,0,0,1,0,"{'bug': 1, 'feature': 0, 'question': 0, ""won't fix"": 2, 'docs': 0}",5.962566614151001,2283,75.01953125,3.9046193,"Okay, so I need to classify this GitHub issue text into one of the given categories: bug, feature, question, won't fix, or docs. Let me read through the text again carefully.

The text is ""OOM using EfficientNet B3."" Hmm, OOM stands for Out-of-Memory, right? So it's talking about a situation where something isn't being handled by memory. That makes me think it's related to how data is processed or stored in the system.

Now, looking at the possible labels: bug, feature, question, won't fix, docs. Let's go through each one.

First, ""bug."" A bug would be a problem that needs fixing. But this text isn't about a specific issue; it's more of an observation about how something is handled. So maybe not a bug per se, but related to bugs in the system.

Next, ""feature."" Features are new functionalities or improvements. The text doesn't mention any new features or improvements; it's just describing a scenario where OOM isn't working as expected with EfficientNet B3. So probably not a feature.

""Question."" This is about what someone is asking. The text isn't posing a question; it's just stating an observation. So I don't think this fits here either.

""Won't fix."" That phrase suggests that the system or method won't do something, like fix a problem. In this case, OOM using EfficientNet B3 might not be able to handle certain tasks, so maybe it's related to ""won't fix"" in terms of functionality.

Lastly, ""docs."" This is about documentation or information. The text doesn't mention any documentation; it's more about the system's behavior regarding memory and an algorithm.

Putting this together, the text seems to be describing a scenario where OOM isn't functioning correctly with EfficientNet B3. It's not a specific bug that needs fixing because it's more of an observation about how the system behaves. The mention of ""won't fix"" makes me lean towards it being related to ""won't fix,"" but I'm not entirely sure if that's the best fit.

I think the most accurate label here is ""won't fix."" It captures the idea that the system isn't handling OOM as expected, which could be a limitation or an area for improvement. However, since the text doesn't explicitly ask about fixing something, it might also fall under ""docs"" if there were any documentation related to this issue. But without more context, I'm leaning towards ""won't fix.""
",1,0,1,1,0
How to we update the learning on every step?,0,0,0,1,0,"{'bug': 1, 'feature': 2, 'question': 1, ""won't fix"": 1, 'docs': 1}",5.388633966445923,2283,75.5078125,3.363387,"Okay, so I need to classify this text about GitHub issues into one of the given categories: bug, feature, question, won't fix, or docs. Let me read through it again.

The text is: ""How to we update the learning on every step?""

Hmm, that's a bit confusing. It starts with ""how"" and then says ""update the learning on every step."" I'm not sure what exactly this refers to. Maybe it's about improving something or making changes? 

Let me think about each category one by one.

First, bug. A bug is usually something that causes problems in a system. But here, it doesn't seem like there are any bugs being discussed. It's more about how to update learning on every step.

Next, feature. Features are new functionalities or improvements. The text isn't introducing anything new; it's just explaining how to do something related to features.

Then, question. A question is a problem someone wants answered. This doesn't seem like a question either. It's more of an instruction rather than a query about what needs to be done.

""won't fix"" sounds like a negative statement. Maybe the person is saying they can't fix it or won't address it. That could fit if this text is about something that can't be fixed, but I'm not sure yet.

Lastly, docs. This refers to documentation or information. The text doesn't mention any documents or explanations; it's more of a procedural guide.

Putting it all together, the text isn't introducing anything new or discussing specific bugs, features, questions, etc. It seems like an instruction on how to update learning on every step, which might be part of feature-related tasks but not a bug or question in itself. Since there's no mention of documentation, I think ""docs"" is probably not the best fit here.

So, after considering all options, it doesn't seem to fall into any category except maybe as an instruction without addressing specific issues. Therefore, none of the labels apply perfectly, but if forced to choose, ""won't fix"" might be the closest because it's about something that can't be fixed.
",1,1,1,1,1
How to improve the displayed precision for loss in the progress bar.,0,0,0,1,0,"{'bug': 0, 'feature': 3, 'question': 0, ""won't fix"": 0, 'docs': 0}",4.263363838195801,2283,75.08984375,2.2152207,"Okay, so I need to classify this text into one of the given categories: bug, feature, question, won't fix, or docs. Let me read through it carefully.

The text is: ""How to improve the displayed precision for loss in the progress bar.""

Hmm, that's a bit vague. It mentions improving precision and display it for loss in a progress bar. I'm not sure what specific issue this refers to. Is it about a bug? Maybe if something isn't working as expected. Or is it a feature request? If someone wants to enhance how the precision is shown.

Alternatively, maybe it's a question about how to fix an existing problem. But without more context, it's hard to tell. It could also be related to documentation or not being covered in the official docs, but that seems less likely since it's about improving something specific.

I think the best approach here is to consider all possibilities and choose the most fitting label. Since it's about enhancing a feature or solving an issue, maybe ""feature"" would make sense if they're looking for improvements. But I'm not entirely sure. It could also be a question if someone wants more details on how to do this.

Wait, let me think again. The task is classification of github issues. So the text is about improving something in a progress bar related to loss precision. That sounds like it's addressing an issue or feature that needs improvement. So maybe ""feature"" is the label here.
",0,1,0,0,0
"[docs] use `versionadded`, `versionchanged` and `deprecated` directive",0,1,0,0,1,"{'bug': 0, 'feature': 0, 'question': 0, ""won't fix"": 0, 'docs': 1}",4.585272550582886,2283,75.1328125,2.5562722,"Okay, so I need to classify this text into one of the given categories: bug, feature, question, won't fix, or docs. The text provided is a doc block that uses `versionadded`, `versionchanged`, and `deprecated` directives. 

First, let me recall what each of these terms means in the context of GitHub issues. A bug typically refers to an issue that needs fixing or has been reported. Features are new functionalities being added, which might not have been reported yet but could be considered for future fixes. Questions would involve seeking information about a problem, perhaps looking up details or understanding the issue's nature. The ""won't fix"" label suggests issues that can't be resolved by the current team. Finally, docs refers to documentation related to the issue.

Looking at the text: It uses `versionadded`, which is used in GitHub to update version information when multiple changes are applied together. `versionchanged` indicates when a feature or bug was introduced. `deprecated` means something that's no longer recommended but might still be used for backward compatibility. 

These directives are all related to updating the version history of issues, not necessarily about solving them or documenting them. They're more about managing the state of an issue by applying changes together and keeping track of when features were introduced or versions were updated.

So, none of these terms directly describe a bug, feature, question, won't fix, or docs in this context. The text is more about maintaining the version history than addressing or documenting the issue itself. Therefore, it doesn't fit into any of the specified categories.
",0,0,0,0,1
"Strange behavior of loss logger, different from actual loss, and with delay. Probably I am misreading something.",0,0,0,1,0,"{'bug': 0, 'feature': 1, 'question': 1, ""won't fix"": 0, 'docs': 0}",5.225282430648804,2283,75.05859375,3.1767231,"Okay, so I need to classify this text about GitHub issues into one of the given categories: bug, feature, question, won't fix, or docs. Let me read through it again.

The text says, ""Strange behavior of loss logger, different from actual loss, and with delay. Probably I am misreading something."" Hmm, so they're talking about a problem with the loss logger in GitHub. They mention that the logger behaves unexpectedly compared to the actual loss value and there's a delay involved. They also suggest they might be misreading something.

Now, looking at the possible labels: bug, feature, question, won't fix, docs. Let me think about each one.

First, is it a bug? Well, GitHub issues are usually reports of bugs or problems that need fixing. This text seems to describe a problem with an existing feature (the loss logger), so maybe it's related to a bug. But I'm not sure if it's specifically a bug issue.

Next, is it a feature? The loss logger is part of the GitHub API, which is a feature. So this could be about a feature that has issues or isn't working as expected.

Then, is it a question? The text seems to be presenting a problem and suggesting they might be misreading something. That sounds like a question someone might have when encountering an issue. It's not just reporting the bug but also seeking clarification on how to fix it.

Would it fall under ""won't fix""? I don't think so. That label is more about situations where someone doesn't want to fix or address something, which isn't exactly what this text describes.

Lastly, are they referring to documentation? The loss logger is part of the GitHub API documentation, but the issue here is not about how to use it correctly. It's more about a bug in its behavior.

Putting it all together, the text seems to be addressing a problem with an existing feature (the loss logger) and suggests that there might be misreadings or issues. So the best labels would be ""feature"" and ""question."" The text isn't specifically reporting a bug but is questioning how something works.
",0,1,1,0,0
Question about save_hyperparameters(),0,0,0,1,0,"{'bug': 0, 'feature': 0, 'question': 0, ""won't fix"": 0, 'docs': 1}",3.907071590423584,2283,75.08203125,1.8761253,"Okay, so I need to classify this text into one of the given categories: bug, feature, question, won't fix, or docs. Let me read it again carefully.

The text is: ""Question about save_hyperparameters()""

Hmm, that's a bit vague. It doesn't specify what exactly is being asked. Maybe it's asking for help with something related to hyperparameters in machine learning models. But without more context, I can't be sure if it's a bug or feature.

Wait, the task is classification of GitHub issues. So maybe this is about identifying an issue on GitHub. The text itself isn't a question; it's just stating a fact. It doesn't describe what needs to be fixed or anything like that.

So, considering all that, I think the best labels here are ""docs"" because it's talking about something related to documentation or features in GitHub issues. But since it's not asking for an answer but rather presenting information, maybe ""feature"" isn't the right fit either.
",0,0,1,0,1
How to pass in step argument to `scheduler.step()`,0,0,0,1,0,"{'bug': 0, 'feature': 0, 'question': 1, ""won't fix"": 0, 'docs': 0}",3.594956398010254,2283,75.15234375,1.5410717,"Okay, so I need to classify this GitHub issue text into one of the given categories: bug, feature, question, won't fix, or docs. Let me read through the text again carefully.

The text is: ""How to pass in step argument to `scheduler.step()`""

Hmm, that's a bit vague. It doesn't specify what exactly is being asked. The user wants to know how to pass an argument to a function called scheduler.step(). I'm not sure if this is about a bug or feature. Maybe it's a question because the user is seeking help with their code.

I don't think it's ""won't fix"" because that seems like a negative statement, and the text isn't indicating that the issue can't be fixed. It also doesn't seem to be related to documentation since there's no mention of looking up something in the docs section.

So, considering all this, I'm leaning towards it being a question because the user is asking for guidance on how to fix their code. It might not be a bug or feature issue either because it's about a specific function and its usage.
",0,0,1,0,0
How to re-initlaize a custom accelerator inside the training loop ?,0,0,0,1,0,"{'bug': 2, 'feature': 0, 'question': 2, ""won't fix"": 0, 'docs': 0}",4.330190420150757,2283,75.7265625,2.2834468,"Okay, so I need to classify this GitHub issue about how to re-initialize a custom accelerator during training. Let me think through each label one by one.

First, ""bug."" The user is asking for help with something they can't seem to figure out. That sounds like a bug because it's a problem that needs solving. So I should mark this as a bug.

Next, ""feature."" Features are usually new additions or improvements to the codebase. This isn't about adding a new feature; it's more about an existing issue. So probably not a feature.

Then, ""question."" The user is seeking assistance, which is a common type of question in discussions. Yes, this fits under a question label.

""Won't fix"" seems a bit tricky. It suggests that the current approach won't work, but it's more about the outcome rather than the task itself. Since the issue is about re-initializing an accelerator, not about something that won't be fixed, I think ""won't fix"" might not apply here.

Lastly, ""docs."" The user is asking for documentation or information on how to do something. This isn't providing a solution but rather seeking help with documentation. So it doesn't fit under docs either.

Putting it all together, the labels that best describe this text are bug and question.
",1,0,1,0,0
Classification metrics docs incorrectly state they work with logits,0,1,0,0,0,"{'bug': 0, 'feature': 2, 'question': 0, ""won't fix"": 0, 'docs': 0}",4.419426202774048,2281,75.734375,2.386106,"Okay, so I need to classify this text into one of the given categories: bug, feature, question, won't fix, or docs. Let me read through it carefully.

The text is ""Classification metrics docs incorrectly state they work with logits."" Hmm, that's a bit confusing at first glance. The word ""docs"" makes me think it's related to documentation or references. Then there are terms like ""classification metrics,"" which I associate with machine learning and model evaluation. 

Next, the phrase ""incorrectly state they work with logits"" is interesting. ""Logits"" in this context probably refers to a type of output used in classification models, where each class has an unnormalized score (logit). So it seems like there's some confusion about how these metrics are being used or evaluated.

Putting that together: the text mentions something related to documentation and machine learning metrics. It also points out a misunderstanding about how certain metrics work. That makes me think it's not just a general question about classification but specifically about how those metrics are implemented or evaluated in a particular context.

Looking at the possible labels, ""feature"" might not fit because it's more about understanding the system rather than describing features. ""Question"" could be a stretch since it's asking for a label that describes the text itself, not what someone would ask. ""won't fix"" seems off because there's no indication of resistance or inability to fix something. 

So, considering all that, the best fit is ""feature."" It's describing a specific aspect within machine learning, particularly about how classification metrics are implemented and evaluated.
",0,1,0,0,0
Logging metrics (learning rate) to progress bar,0,0,0,1,0,"{'bug': 1, 'feature': 1, 'question': 1, ""won't fix"": 0, 'docs': 1}",5.627826690673828,2285,75.2109375,3.5917164,"Okay, so I need to classify this text about logging metrics to a progress bar as one of the labels for github issues. The labels given are bug, feature, question, won't fix, and docs.

First, let me read the text again carefully: ""Logging metrics (learning rate) to progress bar."" Hmm, that's about logging something related to machine learning training, specifically the learning rate parameter.

Now, I need to see if this falls under any of the specified categories. Let's go through each label one by one.

1. **Bug**: A bug is a problem or an issue that needs fixing. The text here isn't about a problem; it's more about logging something. So maybe not a bug.

2. **Feature**: Features are new functionalities added to the codebase. This text doesn't introduce any new feature, just describes how existing features work. Doesn't seem like a feature either.

3. **Question**: Questions are inquiries or requests for information. The text is more about logging and progress bars, not asking anything specific. Not a question.

4. **Won't fix**: This label refers to issues that the system refuses to fix. Again, this text isn't about refusing to fix something; it's about logging metrics related to training parameters. Doesn't fit here.

5. **Docs**: Documentation is information provided for understanding or reference. The text doesn't provide documentation but describes how to log metrics. It's more of a description than actual documentation.

So after going through each label, none of them seem to perfectly fit the given text. It's more about logging and progress bars in machine learning training rather than any specific feature, bug, question, or issue related to github issues.

Maybe I should consider if ""docs"" is too broad here. The text isn't providing documentation but is a description of an action taken by someone else (the person who wrote the code). So perhaps it's more about a feature or a workaround rather than actual documentation.

Alternatively, could this be considered as a bug? If logging metrics to progress bars was causing issues in training, maybe that would make it a bug. But the text doesn't mention any problems with logging; it just describes how it should be done.

I'm leaning towards not being able to classify this text under any of the provided labels accurately because it's more about an action than a specific issue or feature related to github issues.
",1,1,1,0,1
Error in example of learning rate finder docs ,0,1,0,0,0,"{'bug': 2, 'feature': 0, 'question': 0, ""won't fix"": 0, 'docs': 0}",4.354600667953491,2285,75.62890625,2.3122566,"Okay, so I need to classify this text about a GitHub issue into one of the given categories: bug, feature, question, won't fix, or docs. Let me start by reading the text carefully.

The text says: ""Error in example of learning rate finder docs."" Hmm, that's interesting. It mentions an error related to a learning rate finder and refers to it as part of the documentation (docs). So, I'm thinking this is about a bug because there's an issue with the documentation or the code itself.

Wait, but sometimes people might confuse bugs with issues in documentation. But here, the main point seems to be that there's a problem with the learning rate finder example, which is part of the documentation. That makes me lean towards it being a bug because it's pointing out an issue within the documentation or the codebase.

I should also consider if it could be a feature. Features are usually new additions or improvements, but this doesn't seem to indicate that anything has been added or improved. It's more about finding a problem in existing documentation.

It's not a question either because questions would typically ask for information or clarification, which isn't what's happening here. The text is just stating an observation about the issue.

And it's definitely not ""won't fix"" because that label implies a refusal to provide a solution, but there are solutions available for this problem.

So, putting it all together, the best classification seems to be ""bug."" It's pointing out a specific issue within the documentation or codebase.
",1,0,0,0,0
How to do a full validation loop at iteration 0?,0,0,0,1,1,"{'bug': 0, 'feature': 2, 'question': 0, ""won't fix"": 0, 'docs': 0}",4.597259283065796,2335,75.62890625,2.5548171,"Okay, so I need to classify this text about doing a full validation loop at iteration 0 as either ""bug,"" ""feature,"" ""question,"" ""won't fix,"" or ""docs."" Let me break it down.

First, the task is classification of GitHub issues. The labels given are bug, feature, question, won't fix, and docs. So I need to determine which category this text falls into among these options.

The text is asking about a specific action: how to do a full validation loop at iteration 0. That sounds like it's providing instructions or guidance on a particular task. It's not just describing something; it's offering a method or step-by-step process for doing that validation loop.

Looking at the labels, ""feature"" might be related because it's about adding or improving something, but this isn't about creating a new feature. Instead, it's about providing instructions on how to perform an action. 

""Question"" could also fit if someone is asking for clarification or information, but here it's not a question; it's a request for guidance.

""Won't fix"" seems less likely because the text isn't expressing a refusal to fix something; instead, it's offering a way to do it.

Lastly, ""docs"" refers to documentation. While the text might include some documentation or explanations, it's more about providing instructions than documenting an existing feature.

So, putting it all together, the text is providing guidance on how to perform a specific task, which aligns with the label ""feature."" It's not just describing something but offering a method, so I think ""feature"" is the best fit here.
",0,1,0,0,0
How to use Lightning 1.0 without validation dataloader ?,0,0,0,1,0,"{'bug': 1, 'feature': 2, 'question': 1, ""won't fix"": 0, 'docs': 0}",5.296314716339111,2334,75.19140625,3.2541674,"Okay, so I need to classify this text about using Lightning 1.0 without a validation dataloader into one of the given categories: bug, feature, question, won't fix, or docs. Let me break it down step by step.

First, I'll read through the text carefully. It's asking how to use Lightning 1.0 without having a validation dataloader. That sounds like a specific problem someone might be facing when working with the library. They're probably looking for solutions or methods to overcome this issue.

Now, let me consider each possible label:

- **Bug**: This would mean that there's an actual bug in the code that needs fixing. But here, it seems more about how to use a feature without a specific setting, so maybe not a bug per se.
  
- **Feature**: The text is discussing a method or technique (using Lightning 1.0 without validation) which could be considered a new feature or an improvement over existing methods. So this might fit here.

- **Question**: This would imply that the question being asked is about how to perform something, but it's more about providing guidance on using a library rather than asking for information. It feels more like a feature description than a question itself.
  
- **Won't fix**: This label suggests that the system or method doesn't support what someone wants to do. In this case, since they're asking how to use Lightning 1.0 without validation, it's about not supporting their approach, which could be seen as a limitation rather than a feature.
  
- **Docs**: This would mean providing documentation on how to use the library. However, the text is more of an instruction guide rather than presenting information in a way that requires external documentation.

Putting this together, the text is discussing a specific method for using a library (Lightning 1.0) without a validation dataloader. It's not about reporting a bug or feature but rather offering guidance on how to use it effectively. Therefore, the most appropriate labels would be **feature** and **question**, as they describe the purpose of providing this guidance.
",1,1,1,0,0
ModelCheckpoint.save_function documentation,0,0,0,1,0,"{'bug': 0, 'feature': 0, 'question': 0, ""won't fix"": 0, 'docs': 1}",4.273975610733032,2305,75.70703125,2.2420844,"Okay, so I need to classify this GitHub issue text into one of the given categories: bug, feature, question, won't fix, or docs. Let me read through the text carefully.

The text is ""ModelCheckpoint.save_function documentation."" Hmm, that's a bit vague. It mentions ModelCheckpoint and save_function, which are functions related to saving model weights in machine learning models. The term ""documentation"" suggests it's providing information about these functions.

Now, looking at the possible labels: bug, feature, question, won't fix, docs. I need to see which one fits best. 

- Bug: This would imply that something is wrong or not working as expected. But here, it seems like ModelCheckpoint and save_function are documentation tools, so maybe they're functioning correctly.
  
- Feature: Features are specific components of a system or model. If this text was about the features in ModelCheckpoint, then yes, but it's more about their documentation.

- Question: This would be if someone asked for information on these functions. But here, it's providing documentation, so not a question.

- Won't fix: This suggests that the issue is something that can't be fixed. Again, this text isn't about fixing anything; it's about documentation.

- Docs: This stands for documentation. Since the text mentions documentation, especially of ModelCheckpoint functions, this seems like the best fit.

I think ""docs"" is the most appropriate label here because it directly relates to providing documentation for these functions.
",0,0,0,0,1
Add model sharding/gradient checkpointing from FairScale,0,0,1,0,0,"{'bug': 1, 'feature': 2, 'question': 0, ""won't fix"": 0, 'docs': 0}",5.590862035751343,2298,75.7265625,3.5336337,"Okay, so I need to classify this text about GitHub issues into one of the given categories: bug, feature, question, won't fix, or docs. Let me read through it again.

The text says, ""Add model sharding/gradient checkpointing from FairScale."" Hmm, that sounds like they're adding something related to model sharding and gradient checkpointing. I'm not entirely sure what those terms mean, but I think they might be specific to GitHub's codebase or their issue tracking system.

First, let me break down the phrase: ""Add model sharding/gradient checkpointing from FairScale."" It seems like they're adding a feature related to how models are handled in training. Sharding refers to dividing something into parts, and gradient checkpointing is a technique used to optimize memory usage during deep learning training.

So, if I'm classifying this as a bug, it might not be an issue with the code itself but more about how they're handling their system. As for features, maybe it's a new feature or improvement in their codebase. But wait, the task is classification of GitHub issues, so perhaps it's more about categorizing the problem rather than adding functionality.

The options are bug, feature, question, won't fix, docs. I'm not sure if this is a bug because they're just adding something to their system. It might be a new feature or improvement, which would fall under features. But since it's about adding specific techniques, maybe it's more of an enhancement rather than a bug.

Alternatively, could it be a question? Maybe someone is asking for help with this addition, but the text itself isn't presenting a problem to solve. It's just describing what they're doing.

Or perhaps it's related to documentation or issues in their codebase, which would fall under docs. But I'm not sure if that's the best fit here.

I think the most accurate classification might be feature because they're adding new capabilities or techniques within their system. However, sometimes when you add specific features, especially ones like sharding and checkpointing, it can also indicate a bug in terms of how the codebase is structured or maintained.

But since the task is about categorizing the text related to GitHub issues, I'm leaning towards feature because it's describing an enhancement within their system. However, I'm not entirely certain if that's the best fit either.
",1,1,0,0,0
How to use multiple loaders?,0,0,0,1,0,"{'bug': 0, 'feature': 0, 'question': 2, ""won't fix"": 0, 'docs': 0}",3.813847303390503,2305,75.25,1.7687268,"Okay, so I need to classify this text about GitHub issues into one of the given categories: bug, feature, question, won't fix, or docs. Let me read through it again.

The text is: ""How to use multiple loaders?""

Hmm, that's a bit vague. It doesn't specify what exactly they're asking about. They mention using multiple loaders, which I think are tools or methods in programming. So maybe the question is about how to do something with them.

Looking at the possible labels, ""feature"" might not fit because it's more about questions than features. ""Question"" seems like a good fit since they're asking for guidance on how to use multiple loaders. 

But wait, could it be a bug? Maybe if there was an issue or problem with using multiple loaders, but that doesn't seem likely here. It's just a question about how to do something.

So I think the best label is ""question."" There's no mention of a feature or a documentation reference, so those don't apply. It's not a bug because it's more about guidance than an issue.
",0,0,1,0,0
[Docs] replace distributed_backend with accelerator in docs,0,1,0,0,0,"{'bug': 0, 'feature': 0, 'question': 0, ""won't fix"": 0, 'docs': 1}",4.171149015426636,2305,75.7265625,2.1283892,"Okay, so I need to classify this text about GitHub issues into one of the given categories: bug, feature, question, won't fix, or docs. Let me read through it again.

The text says ""[Docs] replace distributed_backend with accelerator in docs."" Hmm, that's a bit confusing. It looks like they're modifying some documentation by replacing a specific part called ""distributed_backend"" with an ""accelerator."" So, the task here is probably to fix or update the documentation based on this change.

Now, looking at the possible labels: bug, feature, question, won't fix, docs. Let's go through each one.

- Bug: That would mean something wrong in the code or documentation. But I don't see anything wrong here; it's just a suggestion to replace a part.
  
- Feature: Features are usually new functionalities or improvements. This doesn't seem like a feature being added or changed.

- Question: A question is about seeking information, but this isn't asking for any specific info. It's more of an instruction on how to modify the documentation.

- Won't fix: That would mean the task can't be done, which isn't the case here because they're suggesting a change.

- Docs: This seems like it fits because the text is about modifying documentation, which falls under the docs category.

So, putting it all together, the best label for this text is ""docs.""
",0,0,0,0,1
ReduceLROnPlateau Scheduler documentation problem,0,1,0,0,0,"{'bug': 0, 'feature': 0, 'question': 0, ""won't fix"": 0, 'docs': 1}",4.379042863845825,2305,75.7421875,2.3207257,"Okay, so I need to classify this text about ReduceLROnPlateau and a Scheduler Documentation Problem into one of the given labels: bug, feature, question, won't fix, or docs. Let me break it down step by step.

First, looking at the text: ""ReduceLROnPlateau Scheduler documentation problem."" The main topic here is something related to ReduceLROnPlateau and a documentation issue with a scheduler. 

Now, I need to see which of the labels fit best. Let's go through them one by one:

1. **Bug**: This would imply that there's an error or a problem in the code. But the text doesn't mention any bugs; it's more about documentation issues and problems.

2. **Feature**: Features are new functionalities introduced, but again, this isn't introducing anything new here—it's talking about existing components.

3. **Question**: This would be if someone is asking for clarification or information. The text seems to present a problem rather than seeking help.

4. **Won't fix**: This suggests that the system or method won't address the issue. But in this case, it's about documentation problems with a scheduler, which might not necessarily prevent fixing.

5. **Docs**: This is for documentation-related issues. The text does mention documentation problems, so this seems like a strong fit.

I think ""docs"" is the best label here because it directly relates to the documentation aspect of the problem.
",1,1,0,0,1
How to save the latest and best checkpoint?,0,0,0,1,0,"{'bug': 0, 'feature': 3, 'question': 0, ""won't fix"": 0, 'docs': 0}",4.298022270202637,2305,75.3671875,2.2454544,"Okay, so I need to classify this text about saving the latest and best checkpoint in GitHub into one of the given categories: bug, feature, question, won't fix, or docs. Let me break it down.

First, the text is a guide on how to perform an action related to GitHub's codebase. It explains what the action is (saving checkpoints) and provides steps to do so. The goal here isn't just to execute the action but to understand how it works internally. 

Looking at the possible labels: ""feature"" might not fit because this isn't a new feature; it's more about an existing function or method. ""Question"" seems plausible since the text is asking for help, which could be seen as seeking information. However, I'm not sure if that's the best fit.

""Bug"" doesn't apply here because there's no issue being reported or fixed. It's more of a documentation task. ""Won't fix"" also doesn't make sense because it's about how to perform an action, which is feasible and expected behavior. 

So, considering all options, ""feature"" might be the closest fit since it's explaining a function that others can use without needing to change anything. Alternatively, ""question"" could work if the user is seeking clarification or guidance on how to implement this correctly.
",0,1,0,0,0
Multiple GPU/TPU support?,0,0,0,1,0,"{'bug': 0, 'feature': 2, 'question': 0, ""won't fix"": 0, 'docs': 0}",3.8465046882629395,2309,75.06640625,1.8135356,"Okay, so I need to classify this text about GitHub issues into one of the given categories: bug, feature, question, won't fix, or docs. Let me read through it again.

The text says, ""Multiple GPU/TPU support?"" Hmm, that's a bit confusing at first glance. It seems like it's talking about something related to multiple GPUs and TPUs being supported on GitHub issues. But I'm not sure what exactly it's referring to. Is it about features or bugs?

Wait, maybe the text is asking whether there are multiple GPU/TPU support options available for certain issues. If that's the case, then it might be a question related to feature management or something else. Alternatively, if it's about whether GitHub has multiple GPUs and TPUs supporting specific tasks, that could relate to bugs or feature requests.

I'm not entirely sure, but I think it's more likely pointing out that there are multiple options for GPU/TPU support on GitHub issues. So the classification would be ""feature"" because it's talking about features related to GPU/TPU support.
",0,1,0,0,0
ModuleNotFoundError: No module named 'pytorch_lightning.trainer.seed',0,0,0,1,0,"{'bug': 2, 'feature': 1, 'question': 1, ""won't fix"": 1, 'docs': 0}",6.000416040420532,2298,75.44140625,3.9747631,"Okay, so I need to classify this text about a ModuleNotFoundError in pytorch_lightning.trainer.seed into one of the given categories: bug, feature, question, won't fix, or docs. Let me break it down step by step.

First, I'll read the text carefully. It says ""ModuleNotFoundError: No module named 'pytorch_lightning_trainer_seed'"". That's a specific error message that indicates an issue with importing a module in pytorch_lightning. The error is about not finding a module called pytorch_lightning_trainer_seed.

Now, I need to think about what kind of classification this falls under. The possible labels are bug, feature, question, won't fix, or docs. Let's consider each one:

1. **Bug**: This would mean that the issue is something that should be fixed by a tool or method. However, in this case, it's an error message from Python, not a reported problem with a specific tool or library.

2. **Feature**: Features are new functionalities added to a system. The text doesn't mention any new feature; instead, it's about an error encountered when using the codebase.

3. **Question**: This would imply that someone is asking for help or clarification on something. But here, we're just seeing an error message from Python, not seeking assistance.

4. **Won't fix**: This suggests that a tool or method isn't suitable for addressing the issue. Again, it's about encountering an error when using pytorch_lightning, not a recommendation against using a particular tool.

5. **Docs**: This refers to documentation related to the codebase. The text doesn't mention any documentation issues; instead, it's about an import error in a specific module.

Putting this together, the text is describing an error that occurs when trying to run some code, specifically an ImportError from pytorch_lightning_trainer_seed. It's not reporting a new feature or asking for help but rather identifying a problem with how modules are imported. Therefore, it doesn't fit into any of the provided labels except maybe as a bug because it's an unexpected error.

Wait, could it be considered a bug? Well, yes, because it's an issue that arises when using the codebase, and it's not something that should happen. But since the options don't include ""bug"" in this context beyond what I've already thought about, maybe it's better to stick with the labels provided.

So, after considering all possibilities, the best classification for this text is **bug**, as it describes an unexpected error encountered when using the codebase.
",1,1,1,1,0
self.log with Metric in ddp,0,0,0,1,1,"{'bug': 0, 'feature': 0, 'question': 0, ""won't fix"": 0, 'docs': 1}",4.443505048751831,2305,75.43359375,2.4151858,"Okay, so I need to classify this text about GitHub issues into one of the given categories: bug, feature, question, won't fix, or docs. Let me read through the text again carefully.

The text says, ""self.log with Metric in ddp."" Hmm, that's a bit confusing at first glance. The word ""self.log"" makes me think it might be related to logging mechanisms on GitHub, but I'm not entirely sure how that ties into the rest of the sentence. Then there's ""Metric in ddp,"" which sounds like something from a specific library or framework called DDP, maybe?

So, breaking it down: ""self.log"" could refer to logging functionality, and ""Metric in ddp"" suggests they're using a particular metric within that framework. But I'm not sure how all of this connects to the classification task.

Looking at the possible labels again: bug, feature, question, won't fix, docs. The text doesn't mention anything about bugs or features; it's more about logging and metrics. It also doesn't seem like a question or something that needs fixing. Plus, there's no mention of documentation here either.

Wait, maybe I'm overcomplicating this. If the text is just describing how they're logging metrics in DDP, perhaps it's not directly addressing any specific issue or feature. It might be more about the setup and configuration rather than a bug report or feature request.

So, considering all that, I think the best classification here would be ""docs."" Because the text seems to be providing documentation on how they're logging metrics in DDP, which is part of their GitHub issues.
",0,0,0,0,1
TypeError: __init__() got an unexpected keyword argument 'default_save_path',0,0,0,1,0,"{'bug': 0, 'feature': 0, 'question': 0, ""won't fix"": 2, 'docs': 0}",5.1171488761901855,2305,76.13671875,3.0943512,"Okay, so I'm trying to figure out how to classify this GitHub issue text. The user provided a specific task and some labels they can use. Let me break it down step by step.

First, the text is ""TypeError: __init__() got an unexpected keyword argument 'default_save_path'"". That's a Python error message. I remember that when you get an error in code, especially in Python, it usually means there's something wrong with how you're using a function or class.

Looking at the labels provided: bug, feature, question, won't fix, docs. Hmm, let me think about each one.

""Bug"": That would mean the issue is a problem that needs fixing. But here, the error message isn't about a bug itself; it's about an error in how something was initialized. So maybe not a bug per se, but related to issues.

""Feature"": Features are new functionalities or improvements. This text doesn't mention anything new or suggesting a feature is missing. It's more about an existing problem.

""Question"": A question would be asking for clarification or information. The text isn't a question; it's just presenting an error message from the codebase.

""wont fix"": That phrase means something can't be fixed right now. Again, this is about an issue that needs addressing, not about whether someone can fix it.

""docs"": This would relate to documentation. But the text doesn't mention any documentation issues or features; it's just a Python error message from code.

So, none of these labels seem to fit perfectly because the text isn't directly describing a bug, feature, question, etc., but rather an error in how something was initialized. It might be considered related to bugs since it's about an issue that needs fixing, but it doesn't fall under any of the specified categories.

I think the best classification here is ""won't fix"" because it's addressing an issue that can't be resolved right now. That makes sense given the context.
",1,1,1,1,0
How to add dynamically defined module and its optimizer to the lightning module?,0,0,0,1,1,"{'bug': 0, 'feature': 1, 'question': 0, ""won't fix"": 0, 'docs': 0}",4.0001842975616455,2305,76.22265625,1.9598387,"Okay, so I need to classify this text about adding a dynamic module and its optimizer to a Lightning module into one of the given categories: bug, feature, question, won't fix, or docs. Let me break it down.

First, the text is asking how to do something specific in a programming context. It's not just describing an existing problem but rather providing instructions on how to implement a particular task within the framework. That makes me think it's about solving a problem, which would fall under a feature category because features are tools or methods that help solve problems.

I should make sure I'm not misclassifying it as a bug or won't fix. It's not reporting an issue; it's offering guidance on how to do something. So, the best fit here is ""feature."" The text isn't providing information about existing issues (which would be a bug) or suggesting that it can't be fixed (which would be ""won't fix""). It's more about helping users achieve their goal by giving step-by-step instructions.

I don't think it's related to documentation either because the user is asking for specific steps, not just looking up information. So, sticking with feature makes sense here.
",0,1,0,0,0
How to save gradient every step?,0,0,0,1,0,"{'bug': 0, 'feature': 0, 'question': 0, ""won't fix"": 2, 'docs': 0}",4.805541276931763,2305,75.51953125,2.7704432,"Okay, so I need to classify this text about saving gradients every step into one of the given categories: bug, feature, question, won't fix, or docs. Let me break it down.

First, the text is explaining how to perform a specific task—saving gradients every step. That sounds like a technical instruction aimed at solving a problem. In software development, when you have an issue that needs fixing, you classify it as a bug. But here, they're providing a method or guide on how to fix it, not just reporting the problem.

So, is this a feature? Features are usually new functionalities added to a system. This isn't introducing anything new; it's about improving an existing one by providing a solution. It doesn't sound like a new feature being created.

Is it a question? The text is giving instructions on how to do something, which sounds more like a feature than a question. Questions are usually inquiries or requests for information, not explanations of methods.

Doesn't seem like it's about whether someone will fix the issue. That would be a won't fix label, but that doesn't fit here because they're providing guidance on how to fix it.

Lastly, is this related to documentation? The text isn't explaining anything in detail; it's just telling you how to do something. It might be part of a feature guide or help section, which could fall under docs if the platform has such resources.

So, putting it all together, I think it fits into the ""won't fix"" category because they're providing instructions on fixing an existing issue rather than addressing a new problem. Alternatively, since it's about improving upon an existing feature, maybe it's better classified as a feature under the help section.
",0,0,0,1,0
Typo in sample codes of training_step_end() documentation,0,1,0,0,0,"{'bug': 1, 'feature': 0, 'question': 0, ""won't fix"": 0, 'docs': 0}",5.28674840927124,2298,76.015625,3.2301726,"Okay, so I need to classify this text into one of the given categories: bug, feature, question, won't fix, or docs. Let me read through it carefully.

The text is ""Typo in sample codes of training_step_end() documentation."" Hmm, that sounds like there's a typo mentioned here. The word ""typo"" suggests an error or mistake, which would be classified as a bug because bugs are errors in software code.

I don't see any mention of features, so I can probably eliminate that option. It doesn't seem to be a question about how something should work, so it's not a feature either. The word ""won't fix"" is interesting—it sounds like someone is saying they won't fix the issue, which could relate to bugs or issues in general.

But then there's ""docs,"" which stands for documentation. The text mentions that the typo is in the documentation of training_step_end(). So maybe it's about how the documentation is written or if it needs fixing? That makes me think it might be related to a feature, but I'm not entirely sure because the main point seems to be pointing out an error.

Wait, let me break it down. The text says there's a typo in sample codes of the documentation. So it's about the content being incorrect. If someone is reporting a bug or issue with the code, that would fall under bug classification. But here, they're specifically talking about the documentation part, which might be more about how the documentation is written rather than the actual code itself.

So maybe it's not a feature because features are specific improvements or new functionalities. It's definitely not won't fix because there's a typo mentioned. It's also not docs in the sense of just documentation without issues, but I'm still leaning towards bug because it's about an error in the documentation.

I should double-check if ""won't fix"" is considered a feature. Features are specific additions or improvements to software, so if someone says they won't fix something, that could be seen as a feature related to not being able to resolve it. But I'm not sure if that's the best fit here because the main issue is with the documentation.

I think I'll go with bug because it's about an error in the documentation, which would affect how the code is written or used. It might also indirectly relate to features if the typo affects existing features or functionalities.
",1,0,0,0,0
Trying to find the best way to implement a gradient penalty,0,0,0,1,0,"{'bug': 0, 'feature': 0, 'question': 2, ""won't fix"": 0, 'docs': 0}",4.36483359336853,2305,76.015625,2.3072268,"Okay, so I need to classify this text about trying to find the best way to implement a gradient penalty as either ""bug,"" ""feature,"" ""question,"" ""won't fix,"" or ""docs."" Let me break it down.

First, the task is classification of GitHub issues. So I'm looking for terms that describe something related to bugs, features, questions, etc., specifically about implementing a gradient penalty.

The text mentions trying to find the best way to implement a gradient penalty. That sounds like they're working on improving or finding an effective method for this specific problem. It's not just describing what someone is doing but also evaluating their approach.

Now, looking at the labels: ""feature"" might be relevant because it's about implementing something, which could involve new features or improvements. But I'm not sure if that's the best fit here.

""Question"" seems more appropriate because they're asking for help in finding a good implementation method. It's like seeking an answer to their problem, so ""question"" fits better than ""feature.""

""won't fix"" doesn't seem right because it implies they can't do something, which isn't the case here. They are trying to find a solution.

Lastly, ""docs"" refers to documentation or resources, but this text is about implementing a specific method, not just reading existing documentation.

So after considering all these points, I think ""question"" is the best label for this classification task.
",0,0,1,0,0
Model save,0,0,0,1,0,"{'bug': 1, 'feature': 1, 'question': 1, ""won't fix"": 1, 'docs': 1}",5.588622093200684,2298,75.54296875,3.5440407,"Okay, so I need to classify the given text ""Model save"" into one of the provided categories: bug, feature, question, won't fix, or docs. Let me break this down step by step.

First, I'll look at what ""Model save"" means. It sounds like it's related to saving a model in some software environment. Models are often used for tasks like predictions, classifications, or other machine learning tasks. So, the text is talking about saving something—probably a model.

Now, let me consider each possible label:

1. **Bug**: A bug would refer to an error or issue that needs fixing. But ""Model save"" doesn't mention any errors; it's just about saving the model. So this seems unrelated.

2. **Feature**: Features are usually components of a system or tool. While models can be features in some contexts, ""save"" here isn't about adding a new feature but rather about an action (saving) on the model. So maybe not the best fit.

3. **Question**: A question would require someone to explain something. Here, it's just stating what you want to do with the model—save it. It doesn't seem like a question per se.

4. **Won't fix**: This label suggests that the system or tool won't handle the task. Again, ""Model save"" isn't about not being able to fix something; it's about performing an action on the model.

5. **Docs**: This refers to documentation or information. The text doesn't mention any documentation related to saving a model; it's just stating what you want to do with the saved model.

After going through each label, none of them seem to fit perfectly. ""Model save"" is more about performing an action on a model rather than describing a bug, feature, question, won't fix, or providing documentation. It doesn't describe any inherent issue or task that needs fixing.

So, based on this analysis, the most appropriate classification would be none of the above labels provided. However, since the user might expect one of these labels, I should consider if there's a better fit. But from what I can see, ""Model save"" doesn't align with any of the given categories.
",1,1,1,1,1
"multiple dataset to train model. Sharing backbone, Separable classifier.",0,0,0,1,1,"{'bug': 0, 'feature': 1, 'question': 0, ""won't fix"": 0, 'docs': 0}",4.660916090011597,2305,75.98828125,2.6301474,"Okay, so I need to classify this text into one of the given categories: bug, feature, question, won't fix, or docs. Let me read through it carefully.

The text starts with ""multiple dataset to train model."" Hmm, that sounds like they're using multiple datasets to build a model. So maybe that's related to data or modeling itself. Then it says ""Sharing backbone, Separable classifier."" That part is about something being shared between backbones and having a separable classifier. I'm not sure what that means exactly.

I think the first part is talking about training a model using multiple datasets, which could be a feature in machine learning models. The second part mentions sharing a backbone and having a separable classifier—maybe that's related to how data is structured or processed. But I'm not entirely clear on what those terms mean in this context.

Looking at the possible labels: bug, feature, question, won't fix, docs. ""Bug"" doesn't seem right because it's about issues, not problems. ""Feature"" could be a possibility since they're talking about data structures or components. ""Question"" might not fit here either; it seems more like an instruction or task.

""Won't fix"" sounds like a negative statement, maybe indicating that the model can't handle something. But I'm not sure if that's relevant to categorizing the text itself. ""Docs"" refers to documentation, which doesn't seem to match the context of training models with multiple datasets and classifier structures.

Putting it all together, the text is about using multiple datasets for a model and discussing data structures or components. The most fitting label here would be ""feature,"" as it's related to how data is organized and processed in machine learning.
",0,1,0,0,0
How to compute a block of code using full precision when training with AMP?,0,0,0,1,0,"{'bug': 0, 'feature': 0, 'question': 0, ""won't fix"": 1, 'docs': 1}",4.451047420501709,2305,75.98828125,2.4014199,"Okay, so I need to classify this text about computing a block of code using full precision with AMP into one of the given categories: bug, feature, question, won't fix, or docs. Let me break it down.

First, the text is asking how to compute a block of code using full precision when training with AMP. That sounds like they're trying to find a method or technique for this specific task. So, I'm thinking about what each label means.

""Bug"" would imply that there's an issue or problem in the code. But here it's more about finding a solution, so maybe not a bug. ""Feature"" suggests something new or improved, but again, they're providing instructions on how to do something, which is more of a task than a feature. ""Question"" could mean they're seeking information, but this isn't asking for details; it's offering guidance.

""Won't fix"" seems like it's saying they won't provide a solution or answer, which doesn't fit here because they are providing instructions on how to compute the code. Finally, ""docs"" would refer to documentation, but since they're not looking up existing resources, that doesn't apply either.

Putting it all together, the text is offering guidance on a specific task without seeking information or reporting issues. So the best labels would be ""won't fix"" and maybe "" docs,"" but I'm not sure if ""docs"" fits here because it's about providing instructions rather than looking up existing documentation.
",0,0,0,1,1
How to print acc while training?,0,0,0,1,0,"{'bug': 2, 'feature': 0, 'question': 0, ""won't fix"": 0, 'docs': 0}",4.360390663146973,2305,75.57421875,2.3246646,"Okay, so I need to classify this text about how to print 'acc' while training. Let me read it again: ""How to print acc while training?"" Hmm, the user mentioned that I should be a classification assistant for github issues and only respond with labels like bug, feature, question, won't fix, or docs.

First, I think about what this text is asking. It's giving instructions on how to do something—specifically, printing 'acc' while training. That sounds like it's providing guidance on how to achieve a certain goal. So, maybe that's related to a bug because the user might be encountering an issue where they can't print 'acc'.

But wait, I should consider other labels too. The text isn't asking for anything new; it's just explaining how to do something. It doesn't mention any features or questions about the project itself. It's more of a task description than a classification label.

Looking at the possible labels: bug, feature, question, won't fix, docs. Since the user is providing instructions on how to perform an action (print 'acc' while training), it seems like they're addressing a bug because the issue might be that they can't print 'acc'. So, I think this would fall under the 'bug' category.

I don't see any mention of features or questions about the project. It's just a straightforward instruction to guide someone on how to do something. Therefore, it doesn't fit into feature, question, won't fix, or docs.
",1,0,0,0,0
'AmpOptimizerState' object has no attribute 'all_fp16_params' when Trainer amp_level,0,0,0,1,1,"{'bug': 2, 'feature': 0, 'question': 0, ""won't fix"": 0, 'docs': 0}",5.0121753215789795,2305,76.08203125,2.9694841,"Okay, so I need to classify this GitHub issue text into one of the given categories: bug, feature, question, won't fix, or docs. Let me read through the text again carefully.

The text says, ""AmpOptimizerState"" object has no attribute 'all_fp16_params' when Trainer amp_level."" Hmm, so it's talking about a specific object and an attribute that doesn't exist. The context is about a GitHub issue related to something called AmpOptimizerState.

First, I should consider what each label means. ""Bug"" refers to issues that are problematic or cause problems in the system. ""Feature"" would be improvements or new functionalities. ""Question"" is when someone asks for clarification or information. ""Won't fix"" suggests that the issue can't be resolved by the current team. ""Docs"" might refer to documentation-related issues.

Looking at the text, it's talking about an object and its attributes not existing. This seems like a problem that needs attention, which could be considered a bug because it's reporting something that's not working as expected. Alternatively, if someone is asking for clarification on why this attribute isn't present, that might fall under ""won't fix."" But the text itself doesn't seem to be seeking help or providing information; it's just stating an observation.

So, I'm leaning towards ""bug"" because it's reporting a problem with the object. However, if someone is asking for more details on why this attribute isn't present, that could be a feature request. But since the text doesn't seem to be seeking help or providing information about how to fix it, it might not fit into any of those categories except maybe ""docs"" if there's documentation related to this issue.

Wait, but the text is just stating an observation without any questions or requests for clarification. It's more like a fact that needs attention. So I think ""bug"" is the best fit here.
",1,0,0,0,0
Metric update method is called twice in a row,0,0,0,1,0,"{'bug': 0, 'feature': 2, 'question': 0, ""won't fix"": 0, 'docs': 0}",6.752765417098999,2298,76.2734375,4.707418,"Okay, so I need to classify this text about GitHub issues into one of the given categories: bug, feature, question, won't fix, or docs. Let me read through the text again carefully.

The text says, ""Metric update method is called twice in a row."" Hmm, that's interesting. So it's talking about a metric being updated more than once. I'm not sure what that means exactly, but maybe it's related to how something is measured or tracked on GitHub.

Now, looking at the possible labels: bug, feature, question, won't fix, docs. Let me think about each one and see if they fit.

First, ""bug."" A bug in this context would probably be a problem that needs fixing. But here it's talking about updating a metric twice. I'm not sure if that's a bug or something else. Maybe it's just an observation of how the system works.

Next, ""feature."" Features are usually new additions to a system. This text doesn't mention anything new; it's more about how existing features work. So probably not a feature.

Then, ""question."" A question would be something someone is trying to find out or clarify. The text isn't asking for clarification or seeking information; it's just describing an action (updating a metric). So maybe that doesn't fit either.

""won't fix."" That sounds like a negative statement about not being able to fix something. But the text isn't saying they won't fix anything; it's more about how often the update happens. I'm not sure if that fits here.

Lastly, ""docs."" This would be related to documentation or user guides. The text doesn't mention any documentation or information provided by GitHub. It's just a technical observation about how something is updated.

So after going through each label, it seems like none of them perfectly fit the text. But maybe I'm missing something. Let me think again. The text isn't asking for an opinion on whether someone won't fix something; it's more about describing what happens when a metric is updated twice in a row. It doesn't seem to be seeking information, clarification, or documentation.

Therefore, perhaps the best fit here is ""question,"" but I'm not entirely sure because it's not directly asking for an opinion on fixing issues. Alternatively, maybe none of the labels apply perfectly, but since the task allows multilabel classification based on user instructions, I might have to choose the most relevant ones.

Wait, let me double-check. The text is about a metric being updated twice in a row. That could be seen as an observation or a method used by GitHub. It's not asking for a classification of what kind of bug it is, nor is it seeking information on whether someone won't fix it. So maybe the closest label would be ""feature,"" but I don't think that's right because features are new additions.

Alternatively, since it's about how an existing feature works (updating a metric), perhaps it's related to a bug in terms of functionality or behavior. But I'm not sure if that's the best fit either.

I think maybe none of these labels apply perfectly, but based on the instructions, I might have to choose ""feature"" because it's about how an existing feature is used. Or perhaps ""question,"" as it's a description of an action taken by GitHub. But I'm not entirely confident in my choice here.
",0,1,0,0,0
Set different lr_schedulers for different parameter groups,0,0,0,1,0,"{'bug': 2, 'feature': 2, 'question': 2, ""won't fix"": 1, 'docs': 1}",6.114875793457031,2298,75.625,4.0828244,"Okay, so I need to classify this text about GitHub issues into one of the given categories: bug, feature, question, won't fix, or docs. Let me read through it again.

The text is ""Set different lr_schedulers for different parameter groups."" Hmm, that sounds like something related to machine learning because they're talking about learning rate schedulers and parameter groups. 

First, I should break down the sentence. They mention setting different lr_schedulers, which are probably learning rate schedules used in training models. And they set these for different parameter groups—so maybe different parts of a model that need different learning rates.

Now, looking at the possible labels: bug, feature, question, won't fix, docs. Let's see if any of these fit here.

- Bug: I don't think this is about a bug or an issue in the code. It's more about how they're setting up their model.
- Feature: Maybe not. They aren't introducing a new feature; it's just about configuration.
- Question: This seems like someone asking a question, but it's more of a technical explanation rather than a question itself.
- Won't fix: Doesn't seem to be about whether the issue can be fixed or not.
- Docs: No, this isn't related to documentation or resources.

So, none of these labels fit perfectly. It seems like they're providing information on how to configure something, which is more about technical details than a bug, feature, question, etc. 

Wait, maybe I'm missing something. Could it be that the text is part of a larger discussion where someone is asking for help? But in this case, the task is just to classify the given text into one of those labels.

I think the best fit here is ""feature,"" but actually, no. It's more about how they're setting up their model rather than introducing a new feature. So maybe it doesn't fall under any of these categories as clearly as I thought. 

Alternatively, could it be considered a ""question""? Maybe someone is asking about this configuration, but the text itself isn't a question; it's an explanation.

I'm leaning towards that it's not fitting into any of the provided labels as precisely as possible. It might be better to leave it unassigned or consider if there's another label I haven't thought of yet. But from what I know, the options are bug, feature, question, won't fix, docs. 

So, after thinking through all that, I think the best answer is that none of these labels apply perfectly here. It might be better to leave it unassigned or note that it doesn't fit into any category as clearly as possible.
",1,1,1,1,1
[question] How to override how `self.train_transform` is applied to batches in `LightningDataModule`.,0,0,0,1,1,"{'bug': 1, 'feature': 1, 'question': 2, ""won't fix"": 1, 'docs': 1}",3.92730712890625,2305,76.06640625,1.8859806,"Okay, so I need to classify this text into one of the given categories: bug, feature, question, won't fix, or docs. The text provided is a question about overriding how `self.train_transform` is applied to batches in `LightningDataModule`.

First, let me understand what each label means. ""Bug"" refers to something that's broken or problematic. ""Feature"" suggests it's an improvement or new addition. ""Question"" would be if the text is asking for information. ""Won't fix"" indicates that the person can't provide a solution. ""Docs"" are documentation related.

Looking at the text, it's clearly a question because someone is asking about a specific programming issue in LightningDataModule. They want to override how `self.train_transform` works on batches. So, this isn't a bug or feature; it's more of an inquiry. It doesn't seem like it's documentation either since there's no information provided beyond the question.

I don't see any indication that the person is asking for help in fixing something, so ""won't fix"" might not apply here. Therefore, the best classification would be a ""question.""
",1,1,1,1,1
How to change optimizer and lr scheduler in the middle of training?,0,0,0,1,0,"{'bug': 0, 'feature': 0, 'question': 1, ""won't fix"": 0, 'docs': 0}",6.638889312744141,2298,76.06640625,4.5989496,"Okay, so I need to classify this text about changing optimizer and learning rate scheduler during training into one of the given categories: bug, feature, question, won't fix, or docs. Let me break it down.

First, the text is asking how to change those specific parts of the model's training process. It's a problem that someone might encounter when working on machine learning models. The user is trying to figure out how to adjust these components without breaking their functionality. 

Now, looking at the labels: bug refers to something that's problematic or incorrect in a system. Feature could be about adding new functionalities. Question is if it's asking for information. Won't fix means it can't do what it's supposed to. Docs are documentation.

The text isn't presenting a solution but rather explaining how someone might approach the problem. It's more of an explanation than identifying a bug or feature. So, it doesn't fit into bug or feature categories because those would be about issues that need solving. 

It also isn't a question; instead, it's providing information on how to fix something. Since it's not asking for a solution but rather explaining the problem and possible approaches, it doesn't fall under won't fix either. It's more of an informative text than documentation.

Therefore, the best labels would be ""question"" because it's seeking clarification or guidance on how to do something, and ""docs"" if there were some kind of documentation provided, but since it's just explaining, I think ""question"" is the main label here.
",0,0,1,0,0
How automaticly load best model checkpoint on Trainer instance with TestTubeLogger,0,0,0,1,0,"{'bug': 0, 'feature': 0, 'question': 1, ""won't fix"": 0, 'docs': 0}",7.02119779586792,2298,75.61328125,4.9630128,"Okay, so I need to classify this GitHub issue text into one of the given categories: bug, feature, question, won't fix, or docs. Let me read through the text again carefully.

The text is: ""How automaticly load best model checkpoint on Trainer instance with TestTubeLogger""

Hmm, that's a bit confusing at first glance. The user is asking about how to automatically load the best model checkpoint on a Trainer instance using TestTubeLogger. So they're providing information or guidance on a specific task.

Now, looking at the possible labels: bug, feature, question, won't fix, docs. Let me think about each one.

- Bug: This would imply that there's an issue that needs fixing. But here it seems like the user is asking for help, not reporting a problem.
  
- Feature: A feature is something new or improved in a product. The text isn't introducing a new feature; it's providing instructions on how to use existing features.

- Question: This would mean the user is seeking information. However, the text is offering guidance rather than asking for details.

- Won't fix: This suggests that the system can't handle something. But again, this seems like the user is asking for help, not a limitation.

- Docs: Documentation refers to information or resources available on a platform. The text isn't providing documentation; it's giving instructions on how to use TestTubeLogger and Trainer instance.

So, none of these labels seem to fit perfectly. It's more about guidance than classification into the given categories. Maybe it's intended for someone who knows how to use these tools but wants to know best practices or common pitfalls.

I think the best approach is to label it as a question because the user is seeking help with their task, which falls under the category of questions in this context.
",0,0,1,0,0
Child Modules Code Example,0,1,0,0,0,"{'bug': 1, 'feature': 0, 'question': 0, ""won't fix"": 0, 'docs': 0}",6.461919069290161,2298,76.13671875,4.4047406,"Okay, so I need to classify this text ""Child Modules Code Example"" into one of the given categories: bug, feature, question, won't fix, or docs. Let me think about each label and see which one fits best.

First, ""bug."" A bug is usually something that's problematic or causing issues in a system. But here, it's talking about child modules code example. I'm not sure if that's a bug or just an example of how things work. It could be either depending on the context.

Next, ""feature."" Features are usually new functionalities added to a product. The text doesn't mention anything new or adding features; it's more about explaining something existing.

""Question."" A question is when someone asks for information or clarification. This text isn't asking for help or info; it's just presenting an example of code.

""wont fix."" That sounds like it's saying the system can't fix something, which would be a bug because fixing issues usually means they're bugs. But I'm not sure if that's the best fit here.

Lastly, ""docs."" This refers to documentation or information. The text is providing an example of code, so maybe it's related to documentation? Or perhaps it's more about explaining how something works rather than being a doc itself.

I'm leaning towards ""bug"" because it's talking about something that might be problematic, but I'm not entirely sure. Alternatively, since it's an example of code, maybe it's better classified as ""docs."" But I think the main point is about the issue in the module, so ""bug"" makes more sense.
",1,0,0,0,0
How to wrap progress bar?,0,0,1,1,0,"{'bug': 0, 'feature': 0, 'question': 0, ""won't fix"": 2, 'docs': 0}",6.874953269958496,2298,76.13671875,4.8454621,"Okay, so I need to classify this text about how to wrap a progress bar into one of the given labels: bug, feature, question, won't fix, or docs. Let me break it down.

First, the text is explaining how to do something—specifically, wrapping a progress bar. That's a task that someone might be trying to accomplish. So, I'm thinking about what kind of classification this falls under.

The options are bug, feature, question, won't fix, or docs. Let me consider each one:

- Bug: This would mean the issue is a problem that needs fixing. But here, it's not an issue; it's a method to do something.
  
- Feature: Features are usually new functionalities added to a system. This isn't about adding anything new.

- Question: If someone asked this question, they might be seeking help or clarification. Here, the text is providing instructions on how to do something, which is more of an explanation than a question.

- Won't fix: This would imply that the task can't be done. But wrapping a progress bar is definitely possible and can be fixed.

- Docs: Documentation refers to information provided about a topic. While this might relate to documentation for others, it's not directly describing the issue itself.

So, none of these labels perfectly fit ""how to wrap a progress bar."" It's more about providing instructions than identifying an issue or feature. Therefore, I think the best classification here is ""won't fix,"" even though technically it doesn't apply because you can fix it.
",0,0,0,1,0
Print out learning_rate in the progress bar,0,0,0,1,0,"{'bug': 1, 'feature': 1, 'question': 1, ""won't fix"": 1, 'docs': 1}",8.688194990158081,2298,75.58984375,6.6555698,"Okay, so I need to classify this text about a GitHub issue into one of the given categories: bug, feature, question, won't fix, or docs. Let me read through it again.

The text says, ""Print out learning_rate in the progress bar."" Hmm, that's talking about something happening in a progress bar related to a learning rate. I'm not entirely sure what that means, but maybe it's an issue with how the progress bar is being used or updated.

First, let me think about each label:

1. Bug: This would be if there was a problem or bug in the code. But here, it seems like something is happening in the progress bar, not a bug itself.
2. Feature: Features are new functionalities or improvements. Again, this doesn't sound like a feature being introduced; instead, it's about how something is used.
3. Question: If someone asked a question about the issue, but here it's more about what's happening in the progress bar.
4. Won't fix: This would be if the issue can't be fixed or resolved. But this text isn't about not being able to fix anything; it's just about how something is used.
5. Docs: Documentation issues? The text doesn't mention any problems with documentation, so maybe not.

Wait, but sometimes when you see a progress bar in a code context, especially related to parameters like learning_rate, that might indicate an issue if the parameter isn't being set correctly or if it's causing unexpected behavior. But I'm not sure if that makes it a bug or feature.

Alternatively, maybe this is about how the progress bar is used for logging or debugging purposes. If someone is using a progress bar to display learning_rate values, perhaps there are issues with how the progress is being updated or displayed.

But considering all these points, none of the labels seem to fit perfectly. It's more about what's happening in the code rather than an issue that needs fixing or introducing new features. So maybe it doesn't fall under any of the specified categories as clearly as I thought.
",1,1,1,1,1
How was the README animation created ?,0,0,0,1,1,"{'bug': 0, 'feature': 1, 'question': 2, ""won't fix"": 0, 'docs': 0}",6.127644300460815,2298,76.08984375,4.0901854,"Okay, so I need to classify this GitHub issue text into one of the given categories: bug, feature, question, won't fix, or docs. Let me read through the text again carefully.

The text is: ""How was the README animation created ?""

Hmm, that's a bit vague. It doesn't specify what exactly they're asking about. The user is asking how the README animation was created. So, I'm not sure if this is a bug report or something else. Maybe it's more of an observation or a question.

Looking at the possible labels: bug, feature, question, won't fix, docs. Since the text isn't clearly stating what needs to be fixed or observed, it might fall under a ""question"" category. It's asking for information about how something was created, which could be part of documentation or observation.

I don't think it fits into ""feature"" because that would imply adding or improving something. ""Docs"" is more about documentation itself, but this isn't directly related to the README documentation. ""Wont fix"" doesn't seem applicable here either; it's more about not being able to fix a problem.

So, I'm leaning towards classifying it as a ""question."" It's seeking information on how something was created, which could be part of understanding or documenting an issue.
",0,1,1,0,0
Skip the train_step based on batch statistics,0,0,0,1,0,"{'bug': 1, 'feature': 1, 'question': 1, ""won't fix"": 1, 'docs': 1}",9.406532287597656,2298,76.08984375,7.3704761,"Okay, so I need to classify this text into one of the given categories: bug, feature, question, won't fix, or docs. Let me read through it carefully.

The text is ""Skip the train_step based on batch statistics."" Hmm, that sounds like a programming instruction. It mentions something about skipping a step in a training process, probably related to machine learning models. The term ""train_step"" makes me think of how neural networks learn from data, and ""batch statistics"" refers to analyzing groups of samples together.

Now, looking at the possible labels: bug, feature, question, won't fix, docs. I need to see which one fits best. 

- **Bug**: That would mean something is wrong or not working as expected. But this text isn't about a problem in code; it's more about how the training process works.
  
- **Feature**: Features are components of a system or model. This doesn't seem to be describing any feature or component.

- **Question**: It's not asking for information or seeking clarification. The instruction is clear and specific.

- **Won't fix**: That suggests something won't be fixed, but again, this isn't about fixing anything; it's more about the process of training.

- **Docs**: This would involve documentation or resources. While the text does mention statistics related to documentation, it's not directly describing a document itself.

So, none of these labels seem to fit perfectly. It doesn't describe a bug, feature, question, won't fix, or any kind of document. Maybe it's more about explaining how something works rather than classifying it as one of the given categories. 

I think the best way to classify this is by saying it doesn't fall under any of the provided labels. It might be better suited for a documentation task if that's what the user wants, but based on the instructions, I should stick with the given options.

Wait, maybe ""won't fix"" could imply something isn't going to be fixed, which relates to how training steps are skipped. But even then, it's not directly classifying as a bug or feature. It's more about the process of skipping steps in training.

So, after considering all possibilities, I think the most accurate classification is that it doesn't fit into any of the provided labels. It might be better suited for a documentation task if needed, but strictly speaking, none of the given options apply.
",1,1,1,1,1
Use two separate dataloaders,0,0,0,1,0,"{'bug': 1, 'feature': 1, 'question': 1, ""won't fix"": 1, 'docs': 2}",7.531980514526367,2298,75.734375,5.5011697,"Okay, so I need to classify this text into one of the given categories: bug, feature, question, won't fix, or docs. Let me read through it carefully.

The text is ""Use two separate dataloaders."" Hmm, that sounds like something related to data processing or machine learning. It mentions dataloaders, which are tools used in deep learning for loading and preprocessing data. So, maybe this is about a specific task within the field of machine learning or AI.

Now, looking at the possible labels: bug, feature, question, won't fix, docs. Let's see if any of these fit here. ""Use two separate dataloaders"" doesn't directly say anything about bugs or features in software. It's more about data handling and processing techniques. 

The word ""question"" could be a bit off because it's not exactly asking for a question but rather providing instructions on how to use certain tools. ""Docs"" would relate to documentation, which isn't mentioned here. So, none of the labels seem to fit perfectly.

Wait, maybe I'm overcomplicating this. The text is just an instruction about using dataloaders, so it's more about data processing than specific features or bugs in software. Therefore, it doesn't fall under any of the specified categories except possibly ""docs,"" but that seems off because it's not providing documentation.

I think the best classification here would be none of the above, but since I have to choose from the given labels, maybe ""docs"" is the closest if I misread something. Alternatively, perhaps it's a bit unclear and doesn't fit any category strictly. But based on the options provided, I'll go with ""docs"" as the label.
",1,1,1,1,1
Document class inheriting from LightningModule,0,1,0,0,1,"{'bug': 0, 'feature': 2, 'question': 0, ""won't fix"": 0, 'docs': 0}",9.806889057159424,2298,76.18359375,7.760139,"Okay, so I need to classify this text about a GitHub issue using the labels provided. Let me read through it again carefully.

The text says, ""Document class inheriting from LightningModule."" Hmm, that's interesting. I'm not entirely sure what that means, but maybe it has something to do with programming or machine learning models.

First, let's break down the label options: bug, feature, question, won't fix, docs. The task is classification of github issues, so I think this text is related to analyzing issues on GitHub.

The phrase ""document class inheriting from LightningModule"" sounds technical. I know that Lightning is a framework for machine learning and deep learning, often used in PyTorch. So maybe it's talking about some code or model that inherits from this framework?

If the text is discussing how a certain module works or interacts with other parts of the system, perhaps it's related to analyzing issues as bugs. But I'm not sure if that's the best fit.

Alternatively, could it be about feature analysis? Maybe the module has features that are being tested or analyzed. That might make sense in the context of bug classification because understanding how a model works can help identify issues.

But wait, the text doesn't mention anything about features or models. It just talks about classes inheriting from LightningModule. So maybe it's more about analyzing the structure or behavior of the module itself rather than specific bugs or features.

I'm also considering if ""won't fix"" is a label here. That seems like a negative classification, but I don't see how that applies to this text. It doesn't mention anything about issues not being fixed by the model or framework.

Lastly, ""docs"" refers to documentation. But again, the text isn't talking about any documentation related to the issue; it's more about the structure of the module itself.

Putting it all together, I'm leaning towards ""feature"" because it's discussing how a certain class (from LightningModule) works or interacts with other parts, which could be part of analyzing features. But I'm not entirely confident. Maybe I should look up what ""LightningModule"" refers to in this context to get a better idea.

Wait, maybe the module is being used for feature extraction or analysis. If that's the case, then it would make sense as a feature classification task. Alternatively, if it's about bug reporting or issue tracking, but I don't see any indication of that here.

I think I'll go with ""feature"" because it's talking about how the module works in relation to other components, which could be part of analyzing features within the model.
",0,1,0,0,0
some questions about loading checkpoints,0,0,0,1,1,"{'bug': 0, 'feature': 0, 'question': 1, ""won't fix"": 0, 'docs': 0}",5.955567836761475,2296,76.2109375,3.9147586,"Okay, so I need to classify this text into one of the given categories: bug, feature, question, won't fix, or docs. Let me read through it again.

The text is: ""some questions about loading checkpoints""

Hmm, that's all there is. It doesn't mention anything about bugs, features, or any other labels like won't fix or docs. It seems to be talking about some questions related to loading checkpoints. 

So, what does that mean? Well, in the context of GitHub issues, a ""question"" might refer to something that's being asked or discussed. But here it's not just asking; it's specifically about how to load checkpoints. That sounds like a technical problem.

I'm not sure if ""loading checkpoints"" is considered a bug or feature. It doesn't seem to be related to any specific functionality of the codebase. It might be more of an issue that needs fixing, but since there's no mention of it being unsolvable or something that won't fix, I don't think it fits into ""won't fix.""

And it's not about documentation either because it doesn't talk about features, bugs, or anything else related to the codebase. So, I'm leaning towards it being a question in this context.

I should make sure there are no other labels that might fit better. Since it's just asking about something specific without any broader context, ""question"" seems like the best fit.
",0,0,1,0,0
How to specify 'mode' when using checkpoint_on in the new Result types.,0,0,0,1,1,"{'bug': 1, 'feature': 0, 'question': 0, ""won't fix"": 0, 'docs': 0}",5.607753753662109,2296,75.68359375,3.5738831,"Okay, so I need to classify this GitHub issue about how to specify 'mode' when using checkpoint_on in the new Result types. The possible labels are bug, feature, question, won't fix, and docs.

First, let me understand what each label means. A bug is a problem that needs fixing or solving. A feature is something that's supposed to be added but hasn't been implemented yet. A question is about seeking information or clarification on a topic. Wont fix refers to issues that can't be fixed easily. Docs are documentation-related questions.

The text is asking for guidance on how to specify 'mode' when using checkpoint_on in Result types. It's providing instructions, which suggests it's a problem that needs solving. So, the issue here is about specifying a parameter correctly, which is a bug because it's not yet implemented or fixed.

I don't see any features mentioned here. The question isn't about seeking information but rather about guidance on how to do something. Wont fix doesn't apply because it's not impossible; it just requires more work. Docs aren't involved either since the issue is about a specific parameter in Result types, which is documentation-related.

So, putting it all together, this seems like a bug because it's asking for a solution that hasn't been implemented yet.
",1,0,0,0,0
Validation step returns trainresult instead of evalresult,0,1,0,0,0,"{'bug': 2, 'feature': 0, 'question': 0, ""won't fix"": 0, 'docs': 0}",6.001233339309692,2296,76.20703125,3.9642474,"Okay, so I need to classify this text into one of the given categories: bug, feature, question, won't fix, or docs. Let me read it again carefully.

The text is: ""Validation step returns trainresult instead of evalresult""

Hmm, that's a bit confusing. First, I should understand what each part means. The word ""validation"" immediately makes me think of bugs because validation steps are often used to check if something works correctly. But then there's ""trainresult"" and ""evalresult."" Wait, isn't ""train"" related to training data? And ""eval"" is for evaluation?

So maybe the text is talking about a bug in how the model evaluates its results during training versus evaluation. That makes sense because sometimes models can have issues where they don't perform well on both training and evaluation data.

Putting it all together, this seems like a problem with the validation step not working as expected. It's probably related to bugs in the code or logic used for evaluation. So the best label would be ""bug.""

I should make sure I'm not missing anything else. The text doesn't mention features, questions, won't fix, or documentation issues. It's definitely about a bug in the validation process. Yeah, so I think ""bug"" is the correct classification here.
",1,0,0,0,0
ModelCheckpoint every validation cycle instead of epoch?,0,0,0,1,0,"{'bug': 1, 'feature': 1, 'question': 1, ""won't fix"": 0, 'docs': 0}",8.024909019470215,2296,76.20703125,5.9743348,"Okay, so I need to classify this text about ModelCheckpoint into one of the given categories: bug, feature, question, won't fix, or docs. Let me read it again carefully.

The text says, ""ModelCheckpoint every validation cycle instead of epoch?"" So, they're talking about changing how ModelCheckpoint is used—specifically, doing it every validation cycle instead of just every epoch. 

First, I should understand what each label means in this context. The labels are:

- bug: Something that's wrong or incorrect.
- feature: Something that adds value to the system.
- question: A query about something.
- won't fix: They can't find a solution.
- docs: Information from documentation.

Now, looking at the text, it's discussing an improvement in ModelCheckpoint. It's not reporting a bug because there are no errors mentioned; instead, they're suggesting a change to how it works. So, that doesn't fit under ""bug.""

Next, is it a feature? Well, ModelCheckpoint itself isn't a feature of a system—it's more about saving checkpoints during training. But the text is talking about changing its usage, so maybe it's not a new feature but an enhancement.

Then, is it a question? The text seems to be presenting information rather than asking for something specific. It's providing details on how ModelCheckpoint should work instead of what it does now.

""Won't fix"" doesn't seem right here because they are suggesting a change, which implies they can find a solution or improvement.

Lastly, ""docs."" That would mean the text is from documentation, but this isn't about information found in official sources. It's more like an internal discussion about ModelCheckpoint's behavior.

Putting it all together, the text is discussing how ModelCheckpoint should be used instead of its current default behavior. Since they're not reporting a bug or suggesting a new feature, and aren't asking for something else, the best fit here would be ""question."" It's a query about improving ModelCheckpoint's usage.
",1,1,1,0,0
Remove forward hook from lightning documentation,0,1,0,0,0,"{'bug': 0, 'feature': 0, 'question': 0, ""won't fix"": 0, 'docs': 1}",7.569135427474976,2296,75.6953125,5.5124374,"Okay, so I need to classify this text about GitHub issues into one of the given categories: bug, feature, question, won't fix, or docs. Let me read through it again carefully.

The text is ""Remove forward hook from lightning documentation."" Hmm, that sounds like someone trying to modify a part of the code in their project. They're probably working on something related to GitHub issues because they might be reporting an issue with how their code works.

Now, looking at the possible labels: bug, feature, question, won't fix, docs. Let's break them down one by one.

First, is it a bug? Well, I think bugs are specific problems that need fixing or analysis. This text doesn't seem to be reporting an issue; instead, it's about modifying documentation. So maybe not a bug here.

Next, feature. Features are usually new functionalities added to the project. The text isn't introducing anything new; it's just describing how someone is working on their code. So probably not a feature either.

Then, question. This seems like someone asking a question or seeking help. They're talking about modifying documentation, which could be part of solving an issue. But I'm not sure if that's the best fit here.

Next up, won't fix. That label suggests that the person is saying they can't do it for some reason. The text doesn't say anything negative; it just describes their action. So maybe this isn't the right label either.

Lastly, docs. This would be related to documentation itself. They're talking about modifying documentation, which makes sense because documentation is a big part of software development. It's not exactly reporting an issue or asking for help, but it does relate to how issues are handled in the project.

Putting it all together, the text isn't clearly categorizing as bug, feature, question, won't fix, or docs. It seems more like someone working on documentation and modifying their code. Since docs is one of the options, I think that's the best fit here.
",0,0,0,0,1
More explanation needed in documentation on DP vs. DDP in multi-GPU training,0,0,0,1,0,"{'bug': 1, 'feature': 1, 'question': 1, ""won't fix"": 0, 'docs': 2}",6.7572455406188965,2296,76.3125,4.731092,"Okay, so I need to classify this text into one of the given categories: bug, feature, question, won't fix, or docs. The text is ""More explanation needed in documentation on DP vs. DDP in multi-GPU training."" 

First, let me break down what each label means. A bug would be something that's a problem that needs fixing. A feature might be an improvement or new addition to the system. A question could be about seeking information or clarification. ""Won't fix"" sounds like it's saying they can't do something, and ""docs"" are documentation related.

Looking at the text: It's talking about DP vs DDP in multi-GPU training. That's a comparison between two training methods used with multiple GPUs. The user is asking for more explanation in the documentation on this topic. So, it seems like they're seeking additional information or details to understand how these methods work together.

Now, considering each label: ""feature"" might not fit because it's about comparing methods rather than adding a new feature. ""Question"" could be possible since it's asking for more explanation in the documentation. "" docs"" would make sense here because they're referring to documentation related to this topic.

I think ""question"" and ""docs"" are the best fits. It's not exactly a bug or a feature, but it's about seeking information, which is what ""docs"" refers to. So, I'll classify it as question and docs.
",1,1,1,0,1
Weights precisions do not match up. AMP,0,0,0,1,1,"{'bug': 0, 'feature': 0, 'question': 0, ""won't fix"": 2, 'docs': 0}",8.503032207489014,2296,76.31640625,6.4575003,"Okay, so I need to classify this text about GitHub issues into one of the given categories: bug, feature, question, won't fix, or docs. Let me read through it carefully.

The text says, ""Weights precisions do not match up."" Hmm, that sounds like something related to machine learning models because it mentions weights and precision. I remember that in ML, when you have a model, the weights determine how much each feature contributes to the prediction. If these don't match up, maybe there's an issue with how the model is being evaluated or trained.

Now, looking at the possible labels: bug, feature, question, won't fix, docs. Let me think about each one:

- Bug: That would mean something wrong in the code or system. But this text doesn't mention anything specific to bugs; it's more about how the model is performing.
  
- Feature: Features are parts of a dataset used for analysis. The text isn't talking about any dataset features, so I don't think that's right.

- Question: This seems like a direct question about the issue. It's not asking what kind of question or problem it is, just stating a fact.

- Won't fix: This sounds like a statement about why something can't be fixed. That fits because if the weights don't match up, maybe the model thinks it won't fix the issue correctly.

- Docs: Documentation refers to information provided for understanding. The text isn't discussing documentation or resources; it's more about the evaluation of the model itself.

So, putting that together, ""won't fix"" seems like the best fit because it describes a situation where something can't be fixed based on some criteria (the weights not matching up). It doesn't classify it as a bug, feature, question, or documentation issue. 

I should make sure I'm not missing anything else. The text is about model evaluation metrics, so maybe ""feature"" could be considered if the metric was part of the dataset features, but that's not indicated here. Therefore, ""won't fix"" is the most appropriate label.
",0,0,0,1,0
How to access validation logs data inside the on_validation_batch_end callback,0,0,0,1,0,"{'bug': 0, 'feature': 2, 'question': 0, ""won't fix"": 0, 'docs': 0}",9.396441221237183,2296,75.71875,7.3698193,"Okay, so I need to classify this GitHub issue text into one of the given categories: bug, feature, question, won't fix, or docs. Let me read through the text again carefully.

The text is: ""How to access validation logs data inside the on_validation_batch_end callback""

Hmm, that's a bit vague. It mentions accessing validation logs and something about callbacks in a callback function. I'm not sure what exactly they're trying to do here. 

First, let me think about each label:

1. Bug: This would be if there was a bug or issue that needs fixing.
2. Feature: If it's a new feature being introduced.
3. Question: If the text is asking for help or clarification.
4. Won't fix: If the task isn't feasible to complete.
5. Docs: If it's about documentation.

The text doesn't specify what exactly they're trying to do with accessing validation logs. It seems like a technical question, possibly about how to implement something in code. Since it's not asking for help or clarification but rather explaining how to access certain data within a callback function, maybe it's more of an explanation than a classification.

I'm leaning towards ""feature"" because they're talking about accessing validation logs and callbacks, which might be part of a feature request or development task. But I'm not entirely sure if that's the best fit here.

Alternatively, could it be a ""question""? Maybe someone is asking for guidance on how to do this, but without more context, it's hard to say. It could also be a ""doc"" if they're referencing documentation related to callbacks or validation logs, but again, I'm not certain.

I think the most accurate classification here might be ""feature,"" as it's about implementing a specific part of code functionality. But since the text is more about explaining how to do something rather than asking for help, maybe it's better classified as ""question."" 

Wait, let me consider if there's any other label that fits better. It doesn't seem like it's a bug because there's no indication of an issue needing fixing. It's not a feature request unless they're trying to implement something new. It's also not about documentation since the text isn't discussing how to document or explain things.

So, weighing all these options, I think ""feature"" is the best fit here because it's about implementing functionality related to callbacks and validation logs.
",0,1,0,0,0
training discriminator five time for WGAN and generator only one,0,0,0,1,0,"{'bug': 1, 'feature': 1, 'question': 1, ""won't fix"": 1, 'docs': 1}",9.429283142089844,2296,76.55078125,7.3876156,"Okay, so I need to classify this text into one of the given categories: bug, feature, question, won't fix, or docs. Let me read it again carefully.

The text is: ""training discriminator five time for WGAN and generator only one""

Hmm, that's a bit confusing. It starts with ""training"" which makes me think about training something. The word ""discriminator"" comes to mind because I remember that in machine learning, especially GANs (Generative Adversarial Networks), there are concepts like discriminators and generators.

So, the text is talking about training a discriminator multiple times for WGAN (which stands for Wasserstein GAN) and then training the generator only one time. That sounds like it's discussing the process of training these models in a competition or something similar where both the generator and discriminator are being trained against each other.

Now, looking at the possible labels: bug, feature, question, won't fix, docs. Let me think about each label.

- Bug: This would imply that there's an issue or problem that needs fixing. But here it's talking about training models, not a specific bug.
  
- Feature: Features are components of something, like parts of a system. Not sure how this fits here.

- Question: The text is presenting a question about the training process. It's asking what happens when you train the discriminator multiple times and the generator once.

- Won't fix: This suggests that something won't be fixed or resolved. But again, it's talking about training models, not a specific issue with fixing.

- Docs: That would relate to documentation or resources. Not relevant here.

So, none of these labels seem to fit perfectly. The text is more about the process of training models rather than a bug, feature, question, etc. It's presenting a scenario where both generator and discriminator are being trained in a competition-like setup.

Maybe I'm overcomplicating it. Since it's not directly addressing any specific issue or component but rather the process itself, perhaps none of the labels apply. But since the user asked to respond with only the labels that best describe the text, maybe ""question"" is the closest because it's presenting a question about the training setup.

Alternatively, if I have to choose from the given options, ""won't fix"" might not fit either. It doesn't seem like there's an issue that won't be fixed in this context. So, perhaps none of the labels are best fits here.
",1,1,1,1,1
row_log_interval / checkpoint_callback and early_stop_callback,0,0,0,1,1,"{'bug': 0, 'feature': 0, 'question': 0, ""won't fix"": 1, 'docs': 1}",6.60627555847168,2296,76.5546875,4.5658712,"Okay, so I need to classify this text about GitHub issues into one of the given categories: bug, feature, question, won't fix, or docs. Let me read through it carefully.

The text is ""row_log_interval / checkpoint_callback and early_stop_callback"". Hmm, that looks like a file path. It's using slashes to separate directories. I remember that in programming, especially when dealing with files on a computer, the structure often uses forward slashes for Unix systems or backslashes for Windows. But here, it's just slashes.

I'm not sure if this is related to bugs, features, questions, etc. Maybe it's about something else. Let me think about each label:

- Bug: That would be something that's a problem in the code.
- Feature: Something that's supposed to improve the product or system.
- Question: If someone asked a question about GitHub issues.
- Won't fix: If an issue can't be fixed by the current method.
- Docs: Related to documentation.

The text doesn't mention any bugs, features, questions, or whether it won't fix something. It's just describing file paths. So maybe none of these labels apply here. But I'm not entirely sure if ""row_log_interval / checkpoint_callback and early_stop_callback"" is a bug or feature. It could be part of the codebase, but without more context, it's hard to say.

I think the best answer would be that none of the provided labels apply to this text.
",1,1,1,1,1
EvalResult can't log 2D tensor,0,0,0,1,0,"{'bug': 0, 'feature': 0, 'question': 0, ""won't fix"": 1, 'docs': 0}",7.94489312171936,2354,75.640625,5.9002471,"Okay, so I need to classify this text into one of the given categories: bug, feature, question, won't fix, or docs. Let me read through the text carefully.

The text is ""EvalResult can't log 2D tensor."" Hmm, EvalResult sounds like a function or method name, and logging 2D tensor... I'm not entirely sure what that means. Maybe it's related to machine learning models where tensors are used for data processing?

So, EvalResult might be an evaluation metric or something similar in the context of a model. The phrase ""can't log"" suggests that there's a problem with how they're logging this information. It could mean that the system isn't able to produce the expected output when evaluating the result.

Now, looking at the possible labels: bug, feature, question, won't fix, docs. Let me think about each one:

- Bug: This would imply that there's a problem or issue in the code. But I'm not sure if EvalResult is a bug or just an evaluation metric.
  
- Feature: Features are specific aspects of a system or model. I don't see any indication here that it's related to features.

- Question: The text doesn't present a question; it's more of a statement about the current state of something.

- Won't fix: This seems like a possible label because if EvalResult can't log 2D tensor, maybe there's an issue preventing them from fixing or improving this aspect. It could be that they're stuck on this particular problem and don't want to address it anymore.

- Docs: Documentation is about information, but the text doesn't seem to be providing any documentation or context related to EvalResult.

Putting it all together, ""EvalResult can't log 2D tensor"" seems to describe a situation where something isn't being logged properly. Since they're stuck on this problem and don't want to fix it anymore, ""won't fix"" fits best here.
",0,0,0,1,0
Disabling printing of GPU debug information,0,0,0,1,0,"{'bug': 0, 'feature': 1, 'question': 0, ""won't fix"": 1, 'docs': 0}",8.55603551864624,2388,76.17578125,6.5017478,"Okay, so I need to classify this text about GitHub issues into one of the given categories: bug, feature, question, won't fix, or docs. Let me read through it again.

The text says, ""Disabling printing of GPU debug information."" Hmm, that sounds like something related to software functionality. Disabling a feature usually means you can't use it anymore, right? So if someone is disabling a specific part of their code (printing GPU debug info), that's probably not for the benefit of others but for themselves.

Now, looking at the labels: bug, feature, question, won't fix, docs. Let me think about each one.

- Bug: That would mean it's a problem or issue in the software. But here, it's about disabling something, which is more about control than a bug.
  
- Feature: Features are new functionalities added to the software. Disabling a feature isn't adding a new feature; it's changing how an existing one works.

- Question: This text doesn't seem like a question. It's just stating what someone did without asking for clarification or explanation.

- Won't fix: That would mean the issue can't be resolved by others, but in this case, maybe the person is trying to disable something that won't work anymore. So it's about preventing an action from being taken.

- Docs: This refers to documentation related to the software. The text doesn't mention any documentation or explanations; it's just a statement of what happened.

So, none of these labels perfectly fit ""Disabling printing of GPU debug information."" It's more about disabling a feature than a bug. Since it's not asking for an explanation and isn't part of the documentation, the best fit is probably ""won't fix,"" but I'm not entirely sure if that's the intended answer.

Wait, maybe ""feature"" could be considered because it's about modifying how something works. But since it's disabling a feature, it's more about control than adding a new feature. So I think ""won't fix"" is the closest label here.
",1,1,0,1,0
Add a note about row_log_interval=50 default to logging doc page or warning,0,1,0,0,0,"{'bug': 0, 'feature': 0, 'question': 0, ""won't fix"": 1, 'docs': 0}",7.452711820602417,2371,76.19140625,5.4070322,"Okay, so I need to classify this text into one of the given categories: bug, feature, question, won't fix, or docs. The task is about github issues, specifically looking at whether it's a bug, feature, question, and whether someone wants to fix it or not.

The text provided is ""Add a note about row_log_interval=50 default to logging doc page or warning"". Let me break this down. It seems like the user is adding something related to their codebase. They're mentioning a specific parameter in their code: row_log_interval=50, and they want to add a note that includes default settings for logging pages or warnings.

So, what's being added here? It's about modifying logging parameters, which are part of the codebase. Since it's adding instructions or notes related to existing code, this is more about documentation than creating new features or bugs. It doesn't seem like they're reporting a bug or feature; instead, it's about improving their practices by setting default values.

The options given are: bug, feature, question, won't fix, docs. The text isn't asking for a bug to report, nor is it suggesting that the issue can be fixed. It's more about documentation and best practices. Therefore, this doesn't fit into any of the first four categories except maybe as part of documentation (docs), but I think it's better categorized under ""won't fix"" because they're not asking for a feature or bug to report.

Wait, let me double-check. The user is adding instructions, so it's about improving their codebase by setting default values. That doesn't sound like a bug or feature request. It's more of an enhancement or documentation task. So, I think the best fit here would be ""won't fix"" because they're not asking for something to be fixed or reported as a bug or feature.
",0,0,0,1,0
How to schedule learning rate in pytorch_lightning,0,0,0,1,0,"{'bug': 0, 'feature': 2, 'question': 0, ""won't fix"": 0, 'docs': 0}",5.781005382537842,2301,75.81640625,3.7404852,"Okay, so I need to classify this text about how to schedule learning rate in PyTorchLightning into one of the given categories: bug, feature, question, won't fix, or docs. Let me break it down.

First, the text is explaining a method for something—specifically, scheduling the learning rate during training. That's a technique used in machine learning to improve model performance by adjusting hyperparameters like learning rate. 

Now, looking at the labels: bug refers to issues that need fixing or problems. Feature would be an improvement or new addition. Question is about seeking information. Won't fix suggests it can't be done. Docs are documentation.

The text isn't presenting a problem but rather offering guidance on how to do something. It's providing a method, which is more of a feature than a bug because there's no issue here. It's not asking for information or suggesting that something won't happen. Instead, it's guiding the user on how to implement a feature.

So, I think this text falls under the ""feature"" category since it's introducing a new method or technique.
",0,1,0,0,0
Test that the number of files in tensorboard was correct in distributed,0,0,1,0,0,"{'bug': 1, 'feature': 1, 'question': 1, ""won't fix"": 1, 'docs': 1}",9.417751789093018,2303,76.26953125,7.3763067,"Okay, so I need to classify this text into one of the given categories: bug, feature, question, won't fix, or docs. Let me read through it carefully.

The text is ""Test that the number of files in tensorboard was correct in distributed."" Hmm, so they're testing something about the number of files in TensorBoard across a distributed setup. They want to make sure it's correct.

Now, let's think about each label:

- **Bug**: This would mean there's an issue or problem. But here, it's just a test to check correctness, not necessarily a bug per se.
  
- **Feature**: Features are usually new functionalities or improvements. This text isn't introducing anything new; it's testing something.

- **Question**: A question is about seeking information or clarification. Here, they're asking someone to verify the number of files in TensorBoard, which seems like a specific query rather than a general question.

- **Won't fix**: This would indicate that the issue can't be resolved. But this text isn't about not being able to fix something; it's about testing correctness.

- **Docs**: Documentation is information or resources. The text doesn't seem to provide any documentation or context on TensorBoard files.

So, none of these labels perfectly fit. It's more like a test query than a classification task. Maybe the best fit would be ""feature"" if they're trying to introduce a new check for file counts, but since it's just testing, it might not fit that category either.

I'm leaning towards it being neither classified nor fitting into any of the provided labels. But maybe I should consider if there's another label that could apply more loosely. Let me think again.

Wait, ""feature"" is about introducing something new. Here, they're not introducing a feature; they're testing an existing one. So perhaps it's better to say it doesn't fit any of the provided labels. But maybe I should check if there's another label that could be more appropriate.

Looking back, none seem to fit as well as ""feature"" because it's about checking something that was introduced before. Alternatively, since they're testing correctness, it might not even be a bug or feature but rather a specific type of query. So maybe the best answer is that it doesn't fit any of the provided labels.

I think I'll go with that.
",1,1,1,1,1
Support for production deployment,0,0,0,1,1,"{'bug': 1, 'feature': 2, 'question': 1, ""won't fix"": 0, 'docs': 1}",9.041538953781128,2303,76.27734375,6.984578,"Okay, so I need to classify the given text ""Support for production deployment"" into one of the provided labels: bug, feature, question, won't fix, or docs. Let me break this down step by step.

First, I'll look at what ""Support for production deployment"" means. It seems like it's about providing tools or methods to deploy software in a production environment. Production deployment is crucial because it ensures that the software works correctly and efficiently when it's running on actual machines, not just during testing or updates.

Now, considering each label:

1. **Bug**: This would imply that there are issues or problems with the system. However, ""Support for production deployment"" doesn't mention any bugs; instead, it talks about providing support to deploy it correctly. So, this might not fit here.

2. **Feature**: Features are improvements or new functionalities added to a product. While supporting deployment is related to features (like tools or methods), the label ""feature"" seems more specific than just supporting deployment. It feels like a broader category.

3. **Question**: This would be if someone asked for information about something. Since this text isn't asking a question but rather describes what's being supported, it doesn't fit here either.

4. **Won't fix**: This label suggests that the system or method won't do something. Again, the text is about supporting deployment, not preventing any action. So, this seems unrelated.

5. **Docs**: Documentation refers to information provided about a product. While support for deployment might involve documentation (like guides or instructions), it's more about providing methods rather than just describing what's available. It feels like a broader category too.

After considering all these points, none of the labels perfectly fit ""Support for production deployment."" The closest is ""feature,"" but since it's about supporting deployment rather than introducing new features, it might not be the best choice. Alternatively, if we consider that support could involve documentation, maybe ""docs"" is a bit off because it's more about providing methods than just information.

I'm leaning towards ""feature"" as the closest label, even though it feels a bit broad compared to other options. It's important to note that this classification might not be perfect and could vary based on how strictly we define each label.
",1,1,1,0,1
Does self.log do ddp sync automatically?,0,0,0,1,0,"{'bug': 0, 'feature': 2, 'question': 0, ""won't fix"": 0, 'docs': 0}",6.151607990264893,2303,75.7421875,4.1177163,"Okay, so I need to classify this text about GitHub issues into one of the given categories: bug, feature, question, won't fix, or docs. Let me read through it again.

The text is: ""Does self.log do ddp sync automatically?""

Hmm, first thing that comes to mind is whether something is happening automatically. The user is asking if self.log does DDP synchronization automatically. So they're checking the behavior of a logging mechanism related to DDP.

Now, looking at the possible labels. Bug usually refers to issues or problems that need fixing. Feature might be about new functionalities or improvements. Question could be about seeking information or clarification. Won't fix is if something can't be done, and docs are about documentation.

In this case, the user is asking a question about whether self.log does DDP synchronization automatically. So it's not reporting an issue but rather checking functionality. That makes me think it's a feature question because they're seeking information on how a system works.

I should make sure I'm not mixing up any labels here. It's not a bug because there's no problem to fix; it's more about understanding the system's behavior. So yeah, it fits under ""feature"" since they're asking about the functioning of an existing feature.
",0,1,0,0,0
Error in  `load_from_checkpoint` when LightningModule init contains 'hparams',0,0,0,1,1,"{'bug': 2, 'feature': 1, 'question': 1, ""won't fix"": 3, 'docs': 1}",10.166510581970215,2303,76.6875,8.1353933,"Okay, so I need to classify this text about a GitHub issue using the task of classifying issues as bugs, features, questions, won't fix, or documentation. The possible labels are bug, feature, question, won't fix, docs.

The text says: ""Error in `load_from_checkpoint` when LightningModule init contains 'hparams'""

First, I'll break down what's happening here. It mentions an error in a function called `load_from_checkpoint`, which is part of the LightningModule initialization. The function probably tries to load some checkpoint from a file, but it encounters an issue.

The mention of ""hparams"" stands out because that's a common term in machine learning and deep learning models. HParams usually refers to hyperparameters, which are settings that define how a model is trained or run. So the error is related to something going wrong with these hyperparameters during checkpoint loading.

Now, looking at the labels: bug, feature, question, won't fix, docs. I need to see if this relates to any of these categories.

- Bug: This would mean that there's a problem in the code itself. But here, it's an error in a function related to loading a checkpoint, not necessarily a bug in the code.
  
- Feature: Features are usually new aspects or components introduced in a project. The text doesn't mention any new features; instead, it's about an issue with existing functionality.

- Question: This would imply that someone is asking for clarification or help. But this isn't a question; it's an error report.

- Won't fix: This suggests that the task is to prevent fixing something. However, the text doesn't indicate that the issue is preventing any action from being taken. It just describes an error.

- Docs: Documentation refers to information about the project or its components. The text isn't discussing documentation; it's talking about a function and an error in its execution.

So, none of these labels seem to fit perfectly here. The issue is related to how a model is initialized, specifically with hyperparameters, but it doesn't fall into any of the specified categories for bug, feature, question, won't fix, or docs.

I think the best classification would be ""won't fix"" because the text isn't addressing whether someone will fix the issue. It's more about the nature of the problem than the outcome of fixing it.
",1,1,1,1,1
2 optimizers : skip updates for the second optim,0,0,0,1,0,"{'bug': 1, 'feature': 0, 'question': 0, ""won't fix"": 0, 'docs': 0}",6.507063150405884,2303,76.69140625,4.4640007,"Okay, so I need to classify this GitHub issue text into one of the given categories: bug, feature, question, won't fix, or docs. Let me read through the text again carefully.

The text is ""2 optimizers : skip updates for the second optim."" Hmm, that's a bit confusing at first glance. The phrase uses colons and numbers, which might be trying to convey something specific about the issue. I think it's talking about two optimizers skipping an update related to the second one. 

Now, considering each label:

- Bug: This seems like it could be a bug because it's describing a problem or an issue that needs fixing.
- Feature: If this were a feature request, it might use different phrasing, maybe mentioning how features should work or what they're supposed to do.
- Question: The text doesn't seem to be asking a question. It's more of a description of an issue.
- Won't fix: This would imply that the person is saying they won't fix something, which could relate to bugs but might not fit as directly as a bug itself.
- Docs: This refers to documentation issues or requests for help with reading the docs.

Putting it all together, ""2 optimizers : skip updates..."" sounds like someone is reporting an issue where two optimizers are skipping an update related to the second one. That makes me think of a bug because it's describing a problem that needs addressing. It's not a feature request or a question about how something should work, and it doesn't seem to be a documentation issue either.

So, I'm leaning towards classifying this as a bug.
",1,0,0,0,0
Adding histogram through TensorBoardLogger object not working  ,1,0,0,0,0,"{'bug': 1, 'feature': 0, 'question': 0, ""won't fix"": 0, 'docs': 0}",6.277775764465332,2303,75.71484375,4.2266992,"Okay, so I need to classify this text about GitHub issues using the labels provided. Let me read it again: ""Adding histogram through TensorBoardLogger object not working."" Hmm, that sounds like a problem someone is facing with their code.

The user mentioned it's related to GitHub issues, but more specifically, they're dealing with something in their codebase. The text talks about an issue where adding a histogram using TensorBoardLogger isn't working. That makes me think of bugs because there's a specific problem that needs fixing.

Now, looking at the labels: bug, feature, question, won't fix, docs. I need to see which ones fit best. ""Bug"" seems right because it's about a problem in their code. But wait, is it just a bug or could it be something else? Maybe they're trying to add a feature, but that doesn't seem likely.

The text isn't asking for advice on fixing the issue; it's just describing what's happening. So ""won't fix"" might not fit because it's not about suggesting fixes. It's more about explaining the problem itself.

Then there's ""docs,"" which refers to documentation. But this text doesn't mention any documentation issues or features. It's purely a bug report.

So, putting it all together, the best label here is ""bug."" The other labels don't fit as well because they're not addressing fixing the issue but rather describing the problem itself.
",1,0,0,0,0
Confusion over Early Stopping behavior and how it is intended to work in the future ,0,0,0,1,0,"{'bug': 0, 'feature': 0, 'question': 0, ""won't fix"": 0, 'docs': 0}",7.0078370571136475,2303,76.24609375,4.9499044,"Okay, so I need to classify this text about confusion over Early Stopping behavior into one of the given categories: bug, feature, question, won't fix, or docs. Let me break this down step by step.

First, I'll read through the text carefully. It says, ""Confusion over Early Stopping behavior and how it is intended to work in the future."" The main topic here seems to be about a misunderstanding or confusion regarding the Early Stopping method in machine learning models.

Now, looking at the possible labels: bug, feature, question, won't fix, docs. Let's see which one fits best.

- **Bug**: This would imply that there's an error or issue that needs fixing. The text doesn't mention any bugs; it's more about confusion and understanding.
  
- **Feature**: Features are specific aspects of a model or dataset. While Early Stopping is a feature, the text isn't discussing its features directly.

- **Question**: This would mean the user is asking for clarification. The text seems to be providing information rather than posing a question.

- **Won't fix**: This suggests that the issue won't be resolved. Again, the text doesn't indicate that Early Stopping's behavior will remain unchanged or that it's not something that needs fixing.

- **Docs**: This would mean the text is part of an official documentation. The text isn't about documentation; it's more about explaining a concept.

So, none of these labels perfectly fit the text. It's more about understanding and clarifying a concept than any of the provided categories. Therefore, I think the best classification here is **None**, as there's no label that directly applies to this text.
",0,0,0,0,0
Setting gpus with hydra,0,0,0,1,0,"{'bug': 0, 'feature': 3, 'question': 0, ""won't fix"": 0, 'docs': 0}",6.129311561584473,2303,76.25,4.0962642,"Okay, so I need to classify this text about setting GPUs with Hydra into one of the given categories: bug, feature, question, won't fix, or docs. Let me break it down.

First, the text is ""Setting gpus with hydra."" The task is to determine what kind of issue or request this is. I'm not sure if it's a bug because there's no indication that someone tried to set GPUs and didn't work as expected. It could be a feature request, but Hydra isn't a standard tool for GPU settings. 

Wait, maybe it's a question about how to do something. The user is asking how to set GPUs with Hydra, which sounds like they're seeking help or guidance. That would fit under the ""feature"" category because it's about providing assistance on a specific task.

Alternatively, could it be a documentation request? If someone wants to know more about setting GPUs with Hydra, that might fall into ""docs."" But the text doesn't specify any particular documentation or resources they're looking for. It just asks how to do it.

So, considering all this, I think the best fit is ""feature"" because the user is seeking guidance on a specific task related to GPU settings using Hydra.
",0,1,0,0,0
train_percent_check as a method for reducing train data size.,0,0,0,1,0,"{'bug': 1, 'feature': 1, 'question': 1, ""won't fix"": 1, 'docs': 1}",7.769046783447266,2303,75.6796875,5.709025,"Okay, so I need to classify this text into one of the given categories: bug, feature, question, won't fix, or docs. Let me read through it carefully.

The text says, ""train_percent_check as a method for reducing train data size."" Hmm, that's about training data reduction techniques. The word ""train"" is definitely related to machine learning models, which are trained on data. So this seems like something being done with the model's training process.

Now, looking at the labels: bug, feature, question, won't fix, docs. Let me think about each one:

- Bug: That would be if it was a problem or issue in the code. But here it's talking about data reduction methods, so not a bug.
  
- Feature: Features are parts of models or algorithms. This isn't about features; it's more about how data is handled.

- Question: It doesn't seem like a question about what someone is asking for. It's more about the method used to reduce data.

- Won't fix: That would imply that the model can't be fixed, but again, this is about reducing data size, not fixing anything.

- Docs: This refers to documentation or resources. The text isn't talking about any documentation; it's about a method for handling data.

So none of these labels fit perfectly. It doesn't sound like a bug because there are no issues being reported. It's not a feature since it's about data reduction, and it's definitely not a question about what someone is asking. The term ""won't fix"" suggests that the model can't be fixed, which isn't the case here.

Therefore, I think this text doesn't fit into any of the provided categories. Maybe it's better to leave it unclassified or note that none of the labels apply.
",1,1,1,1,1
What is the model saved by the trainer by default?,0,0,0,1,0,"{'bug': 0, 'feature': 0, 'question': 0, ""won't fix"": 0, 'docs': 2}",7.055204629898071,2303,76.171875,5.039632,"Okay, so I need to classify this text about GitHub issues into one of the given categories: bug, feature, question, won't fix, or docs. Let me read through it again.

The text says, ""What is the model saved by the trainer by default?"" Hmm, that's asking about a specific aspect of a model, specifically the parameters used when saving the model during training. 

First, I should consider what each label means. Bug refers to issues or problems in software. Feature would be something new or useful added to the system. Question is about seeking information or clarification. Won't fix suggests that someone can't do something, and docs are documentation related.

Looking at the text, it's asking for a specific parameter of a model. That sounds like a technical detail within the model itself. So, if I think about software models, parameters are part of how they work. They're not bugs or features; they don't prevent someone from fixing something. It's more about what the model uses internally.

So, ""model saved by the trainer by default"" is talking about a parameter used in training, which is part of the model itself. That would fall under docs because it's documentation on how to use that parameter. But wait, does it refer to the bug or feature? No, it's not asking for a problem or something new; it's just explaining how the model works.

I think the best fit here is ""docs"" because it's providing information about a technical detail within the model. It's not a bug, feature, question, or one that can't be fixed.
",1,1,1,0,1
How to interpret the profiler statistics here,0,0,0,1,1,"{'bug': 0, 'feature': 0, 'question': 2, ""won't fix"": 1, 'docs': 0}",10.376760005950928,2303,76.171875,8.3324713,"Okay, so I need to classify this text about GitHub issues into one of the given categories: bug, feature, question, won't fix, or docs. Let me read through it again.

The text is: ""How to interpret the profiler statistics here""

Hmm, that's a bit vague. It doesn't directly mention anything about bugs, features, questions, not fixing, or documentation. The user provided labels for classification, so I have to pick from those five options.

First, does this relate to a bug? Well, it's talking about interpreting profiler stats, which could be part of analyzing issues on GitHub. But the text itself isn't introducing any bugs; it's just explaining how to interpret something related to profiling statistics.

Next, is it a feature? The text doesn't discuss any new features or improvements in GitHub. It's more about understanding existing tools and their outputs.

Then, is it a question? The text could be asking someone else what they need help with regarding the profiler stats. That makes sense because questions are often open-ended inquiries seeking information or assistance.

But wait, the user mentioned that if I'm handling multilabel classification based on instructions, I should respond only with labels that best describe the task. Since this is about understanding how to interpret profiler statistics, it's more of a question than a specific label like bug or feature.

So, considering all that, the text isn't directly asking for a bug, feature, etc., but rather seeking guidance on interpreting existing tools. Therefore, the most appropriate labels would be ""question"" and maybe ""feature,"" depending on how detailed I want to go. However, since it's about understanding stats without introducing new features or bugs, ""feature"" might not fit as well.

Wait, actually, if someone is asking for help with interpreting profiler stats, that could be seen as seeking assistance, which might fall under the category of feature requests. But in classification tasks, sometimes questions are considered a separate label. I'm not entirely sure about this distinction.

Given the options provided, ""feature"" seems like the closest fit because it's about understanding or analyzing something (the profiler stats), but I'm still leaning towards ""question."" Maybe both could be correct, but since the user wants only labels that best describe the task, and the text is more of a question than a specific label, I think ""feature"" might not be the best choice.

Alternatively, if it's about understanding how to interpret stats without introducing new features or bugs, then maybe ""feature"" isn't applicable. So perhaps the best answer is just ""question."" But I'm still a bit unsure because sometimes questions are considered part of feature requests in some contexts.

I think I'll go with ""feature"" since it's about analyzing existing tools, but I might be overcomplicating this. Maybe the text doesn't fall under any specific label beyond being a question. So perhaps just ""question.""
",1,1,1,1,0
Checkpointing with SLURM,0,0,0,1,0,"{'bug': 2, 'feature': 2, 'question': 1, ""won't fix"": 1, 'docs': 1}",9.556859016418457,2303,75.7421875,7.5117836,"Okay, so I need to classify this text about checkpointing with SLURM into one of the given categories: bug, feature, question, won't fix, or docs. Let me start by reading the text carefully.

The text says, ""Checkpointing with SLURM."" Hmm, checkpointing is a process used in computing to save progress at certain intervals. SLURM is a tool I've heard of before; it's probably for managing jobs on supercomputers. So checkpointing with SLURM sounds like it's about setting up or using something related to job management.

Now, looking at the possible labels: bug, feature, question, won't fix, docs. Let me think about each one.

- Bug: That would mean there's a problem that needs fixing. But this text isn't talking about an issue; it's more about how to do something.
  
- Feature: Features are usually new additions or improvements in software. This doesn't sound like a feature being introduced here.
  
- Question: A question is asking for information, but the text is providing instructions on how to use SLURM for checkpointing, which isn't a question per se.
  
- Won't fix: That would imply that the tool can't do what's asked. But checkpointing with SLURM seems like it should work well.
  
- Docs: This refers to documentation. The text doesn't mention any resources or explanations; it's more about how to use the tool.

So, none of these labels seem to fit perfectly. It's not a bug because there's no problem. It's not a feature because it's just an instruction. It's not a question because it's providing information on how to do something. And while docs might be related, the text doesn't mention any specific documentation or resources.

Wait, maybe I'm missing something. Could ""docs"" apply here? If someone is looking for help with checkpointing using SLURM, they might refer to documentation. But in this case, the text itself isn't providing a resource; it's just explaining how to use SLURM for checkpointing. So perhaps it doesn't fall under docs either.

I think the best fit here is that none of these labels apply to the text as presented. It's more about instructions or guidance than any specific category listed.
",1,1,1,1,1
Question about `trainer.test()`,0,0,1,1,0,"{'bug': 0, 'feature': 0, 'question': 1, ""won't fix"": 0, 'docs': 0}",6.312328338623047,2303,76.265625,4.2993597,"Okay, so I need to classify this text into one of the given categories: bug, feature, question, won't fix, or docs. Let me read it again carefully.

The text is ""Question about `trainer.test()`"". Hmm, that's a bit vague. It mentions something about `trainer.test()`, which sounds like a function call or method in code. I'm not sure what the exact purpose of this question is. Is it asking for help with an issue? Or is it just a general question?

I think ""question"" might be the best fit here because it's a standalone query without any context about features, bugs, or documentation. It could be seeking assistance from someone else to fix something related to `trainer.test()`. But I'm not entirely sure if it's specifically about a bug or feature in the codebase.

Wait, maybe ""won't fix"" is too strong because that implies resistance to being fixed, which doesn't seem to fit here. It's more of a question than an issue. So, sticking with ""question"" makes sense since it's just asking for help without any indication of needing to classify it as a bug or feature.

I should also consider if there are other labels that might apply. The text isn't providing any details about the codebase or specific issues related to `trainer.test()`, so I can't assign it to docs either. It doesn't mention anything about documentation, so ""docs"" is out of the question.

Therefore, after evaluating all options, ""question"" seems to be the most appropriate classification for this text.
",0,0,1,0,0
Typo in child modules docs,0,1,0,0,0,"{'bug': 1, 'feature': 0, 'question': 1, ""won't fix"": 0, 'docs': 1}",4.9779181480407715,2310,76.26953125,2.9227307,"Okay, so I need to classify this text about a typo in child module documentation. Let me think through each label one by one.

First, ""bug."" A typo is definitely a problem that needs fixing, so it's probably a bug. That makes sense because bugs are issues that can be addressed or corrected.

Next, ""feature."" The text doesn't mention anything about new features or improvements. It's just talking about a typo in the documentation. So I don't think it's a feature here.

Then, ""question."" The user is asking about a typo in the documentation, which is a question they're trying to resolve. That fits under ""question.""

""won't fix"" doesn't seem right because the text isn't expressing that intention. It's just stating what's wrong without saying it won't be fixed.

Lastly, ""docs."" The issue is related to documentation, so definitely a docs label.

Putting it all together, the labels should be bug, question, and docs.
",1,0,1,0,1
How to suppress messages from Trainer class?,0,0,0,1,0,"{'bug': 1, 'feature': 0, 'question': 1, ""won't fix"": 0, 'docs': 0}",7.224078893661499,2303,75.7421875,5.1850297,"Okay, so I need to classify this text about GitHub issues into one of the given categories: bug, feature, question, won't fix, or docs. Let me read through it again.

The text is: ""How to suppress messages from Trainer class?"" 

Hmm, the user is asking for a way to suppress messages in the Trainer class. That sounds like they're trying to find a solution or method to address an issue related to that class. So, I'm thinking about what these terms mean in the context of GitHub issues.

First, ""bug"" would refer to any problem or issue within a project. Since this is about suppressing messages from a specific part of the codebase, it's definitely a bug because it's causing some functionality to be broken or not working as expected.

Next, ""feature"" might come into play if there was something new introduced in that class, but the text doesn't mention anything new. It's more about how to fix an existing issue rather than introducing a new feature.

Then, ""question"" could apply here because the user is seeking help or clarification on how to suppress messages. They're asking for a solution, which makes me think of it as a question that needs answering.

""Won't fix"" seems like a negative label. If someone can't be fixed, maybe they're stuck in a loop or something that doesn't resolve. But the text is about suppressing messages, not preventing someone from being fixed. So I'm leaning towards this label more than ""won't fix.""

Lastly, ""docs"" would relate to documentation issues. The text isn't talking about any documentation problems; it's about how to suppress a message in code.

Putting it all together, the most accurate labels are bug and question because they directly address the issue of suppressing messages within the Trainer class. Feature and docs don't fit as well since there's no new feature introduced or documentation problem mentioned.
",1,0,1,0,0
"GPU training, but datasets are on the CPU",0,0,0,1,1,"{'bug': 0, 'feature': 0, 'question': 0, ""won't fix"": 2, 'docs': 2}",8.620882749557495,2303,76.140625,6.598836,"Okay, so I need to classify this text about GPU training and datasets being on the CPU into one of the given categories: bug, feature, question, won't fix, or docs. Let me break it down.

First, the text says ""GPU training."" That sounds like something that's been attempted before, maybe someone tried using GPUs for training models. So, is this a bug? Well, bugs are issues that cause problems, but here we're talking about successful training on CPU. Maybe not a bug per se, but perhaps related to how it was done.

Next, the text mentions ""datasets are on the CPU."" Datasets being used on CPUs... I know that GPUs are faster for data processing and computations compared to CPUs. So using datasets on CPU might be an issue because it's slower. That could mean there's a problem with the dataset or the way it was processed.

Now, looking at the labels: bug, feature, question, won't fix, docs. The text is about GPU training but doesn't state whether it succeeded or failed. It just says datasets are on CPU. So maybe it's not a bug because there wasn't an issue with the dataset itself, but rather something else.

Is this a question? Probably not, since it's more of a description and analysis of what was done. A feature might be related to GPU training, but I'm not sure if that's the best fit here.

""Won't fix"" sounds like it's saying the issue can't be fixed, which could relate to the dataset being on CPU. Maybe the datasets are too slow or something, making it impossible to train effectively. That makes sense as a label because it's about the limitations of the setup rather than an inherent bug in the training method.

Lastly, ""docs"" refers to documentation. The text doesn't mention any references or resources, so that might not be the best fit here.

Putting it all together, I think the most appropriate labels are ""won't fix"" and ""docs."" It's about the limitations of using CPU datasets for GPU training rather than an inherent bug in the method.
",0,0,0,1,1
Learning Non-negative Parameters,0,0,0,1,0,"{'bug': 0, 'feature': 0, 'question': 0, ""won't fix"": 0, 'docs': 0}",6.705353498458862,2303,76.140625,4.6691057,"Okay, so I need to classify this text ""Learning Non-negative Parameters"" into one of the given categories: bug, feature, question, won't fix, or docs. Let me break it down step by step.

First, I'll look at the text itself. It's about a method in machine learning called non-negative parameter learning. The term ""learning"" suggests that this is an algorithm or technique being discussed. 

Now, considering the possible labels:

- **Bug**: This would imply that there's a problem or error in the code. But the text doesn't mention any issues; it's just describing a method.
  
- **Feature**: Features are usually components of a system or model. Here, ""Learning"" is more about the process than a feature.

- **Question**: A question might be something like asking for clarification or information. The text isn't posing a question but rather explaining an approach.

- **Won't fix**: This would mean that the method can't be fixed or improved. However, non-negative parameter learning seems like it could be implemented and potentially optimized, so this doesn't fit.

- **Docs**: This refers to documentation or information. The text is more about explaining a technique than providing documentation itself.

Putting it all together, none of these labels perfectly describe the text. It's just an explanation of a method without addressing any issues, questions, or features. So, I think the best classification here would be **None**, since it doesn't fit into any of the provided categories.
",0,1,1,0,0
validation_epoch_end and ddp,0,0,0,1,0,"{'bug': 0, 'feature': 1, 'question': 0, ""won't fix"": 0, 'docs': 0}",7.979978322982788,2303,75.74609375,5.9463969,"Okay, so I need to classify this text into one of the given categories: bug, feature, question, won't fix, or docs. Let me read through it again.

The text is ""validation_epoch_end and ddp"". Hmm, what does that mean? Validation_epoch_end sounds like a function in PyTorch called validation at the end of an epoch. Epoch is when you finish one pass through your data during training. So this probably refers to some kind of evaluation step after training.

Then there's ddp. DDP stands for Distributed Data Parallel, which I remember is a technique used in machine learning models where multiple GPUs or machines work together to train the model. It's often used when dealing with distributed datasets or large models.

So putting it together, this text seems to be talking about an evaluation step (validation_epoch_end) and using DDP for training. Now, looking at the possible labels: bug, feature, question, won't fix, docs.

""Validation_epoch_end"" is definitely related to evaluating a model's performance during training. That would fall under ""feature"" because it's part of how models are trained and evaluated.

""ddp"" refers to the distributed data parallel technique, which is used in machine learning for efficient training on multiple GPUs or machines. This falls under ""won't fix"" because it's about how the model is being trained rather than fixing any issues with the code itself.

The text doesn't mention anything about bugs or features of a specific project or feature. It's more about the method and technique used in training, so that would be ""feature"".

Lastly, since this isn't talking about documentation or resources for the project, it doesn't fit under ""docs"".

So, to summarize: The text discusses an evaluation step (validation_epoch_end) and uses DDP for distributed training. That corresponds to features related to how models are trained rather than specific bugs, features of a project, questions, or whether something won't be fixed.
",0,1,0,0,0
"how to use custom dataset in pytorch-lightning module as I am encountering an error ""AttributeError: 'str' object has no attribute 'size'""",0,0,0,1,0,"{'bug': 1, 'feature': 0, 'question': 0, ""won't fix"": 0, 'docs': 2}",10.684159755706787,2333,76.171875,8.6482209,"Okay, so I'm trying to figure out how to classify the given text into one of the provided labels for a classification task. The labels are bug, feature, question, won't fix, and docs. 

The text is about using a custom dataset in PyTorch-Lightning module and encountering an error: ""AttributeError: 'str' object has no attribute 'size'"". That sounds like it's related to some kind of data issue or problem.

First, I need to understand what the error message means. The error says that a string object doesn't have an attribute called 'size'. In Python, strings are immutable and don't have attributes by default. So this is probably happening when trying to access something like 'str.size', which isn't valid for a string.

Looking at the context of using a custom dataset in PyTorch-Lightning, I know that sometimes during data loading or preprocessing, there can be issues with how the data is being handled. Maybe the dataset isn't properly initialized or has some missing attributes.

Now, considering the labels: bug, feature, question, won't fix, docs. The error message doesn't directly state whether it's a bug in the code or something else. It could be an issue with the way the dataset is set up, which might indicate a problem with the data itself (a bug) or perhaps a misunderstanding of how to use the module (a feature).

Since the task is about categorizing the text into one of these labels, I need to determine which label best fits. The error message points out an issue in the dataset setup, so it's likely related to a problem with the data itself rather than a feature or question.

Therefore, the most appropriate label would be 'docs' because it's about the documentation or resources available for fixing such issues.
",1,1,1,0,1
How do I access the metrics from a logger/trainer?,0,0,0,1,1,"{'bug': 1, 'feature': 1, 'question': 0, ""won't fix"": 0, 'docs': 0}",6.817124605178833,2303,76.171875,4.7712501,"Okay, so I need to classify this text about accessing metrics from a logger or trainer using GitHub issues. Let me break it down.

First, the task is classification of GitHub issues related to that specific topic. The labels available are bug, feature, question, won't fix, docs. 

The text is asking how to access metrics from a logger/trainer. That's a problem someone might be facing when working with their codebase on GitHub. They're probably trying to debug or improve their logging and trainer functionality.

So, the main issue here is about accessing metrics, which relates to debugging or analyzing code behavior. It's not a feature that's supposed to be there by default, nor is it something that needs fixing in general. It's more of a specific problem someone might encounter when trying to debug their code.

Looking at the labels: bug fits because it's a problem someone can't solve. Feature would mean adding this functionality, which isn't the case here. Question could be if someone are asking for help, but since it's about how to do it, maybe not exactly a question. docs might relate to documentation, but I don't see that mentioned.

So, the best labels are bug and feature. Wait, no, because accessing metrics is more of an issue than a feature. Features would be adding new functionality, which isn't happening here. So, probably just bug.
",1,1,0,0,0
init_slurm_connection causing hostname errors,1,0,0,0,0,"{'bug': 1, 'feature': 0, 'question': 0, ""won't fix"": 0, 'docs': 0}",7.038870096206665,2303,75.7265625,4.9934127,"Okay, so I need to classify this text about GitHub issues into one of the given categories: bug, feature, question, won't fix, or docs. Let me read through it again.

The text says, ""init_slurm_connection causing hostname errors."" Hmm, that sounds like something related to programming or system configuration. The word ""init"" makes me think of initializing something, maybe a connection in this case. ""Slurm_connection"" probably refers to a SLURM process used for managing resources on a cluster. So, it's about connecting processes and causing an error.

Now, looking at the labels: bug, feature, question, won't fix, docs. Let me think about each one.

- Bug: This seems like a problem that needs fixing. The issue is with the connection causing errors, so maybe this is a bug in how the connection is being handled.
  
- Feature: I'm not sure if this is a new feature or an existing one. It doesn't seem to describe a new feature but rather a specific issue within the codebase.

- Question: This text isn't asking a question; it's describing a problem. So, it doesn't fit here.

- Won't fix: The text doesn't say anything about not being able to fix it or that it won't be fixed. It just describes an error caused by the connection issue.

- Docs: Again, this is about documentation. There's no mention of any documentation related to this issue.

So, the best fit seems to be ""bug."" The problem is a bug in how the SLURM connection is being handled, causing hostname errors.
",1,0,0,0,0
"Does ""log_save_interval"" control training log?",0,0,0,1,1,"{'bug': 0, 'feature': 3, 'question': 1, ""won't fix"": 0, 'docs': 0}",9.544467449188232,2303,76.24609375,7.5127042,"Okay, so I need to classify this text about GitHub issues into one of the given categories: bug, feature, question, won't fix, or docs. Let me read through it again.

The text says, ""Does 'log_save_interval' control training log?"" Hmm, that's a bit confusing. It seems like someone is asking whether a specific logging interval affects the training logs. But I'm not sure if that's about a bug, feature, question, etc., or something else entirely.

First, let me break down each label to understand what they mean:

- **Bug**: This would be something that's broken or incorrect in the code.
- **Feature**: This is a new function or improvement being added to the system.
- **Question**: This could be about seeking information or clarification on a topic.
- **Won't fix**: This might indicate that someone thinks an issue can't be fixed, possibly due to technical reasons.
- **Docs**: This refers to documentation related to the project.

Now, looking at the text again: ""Does 'log_save_interval' control training log?"" It's asking about how a logging interval affects training logs. That sounds like it's trying to find out if there's a relationship or effect between two variables (logging interval and training logs). 

But wait, is this a bug? I don't think so because the question isn't about an incorrect feature or code. Is it a feature? No, that would be adding something new. It's not a question in the sense of seeking information; it's more of a factual inquiry.

Is it ""won't fix""? That doesn't seem to fit either. The text is asking for clarification on whether the logging interval affects training logs, which could imply uncertainty or lack of knowledge about the issue.

And what about docs? It seems like this isn't providing any documentation or information related to GitHub issues. So maybe it's not a doc label either.

Putting it all together, the text is asking for an understanding of how two variables relate in a specific context. Since it's not directly addressing a bug, feature, question, or something that would fall under ""docs,"" I think the best classification here might be **feature**. It's trying to explore if there's a relationship between logging interval and training logs, which could indicate an underlying feature or mechanism.

Alternatively, maybe it's more of a factual inquiry rather than a classification label. But since the labels provided are specific, I'll go with ""feature"" as that seems most appropriate.
",0,1,1,0,0
How to tokenize within getitem() of Dataset with HuggingFace tokenizers,0,0,0,1,0,"{'bug': 0, 'feature': 0, 'question': 0, ""won't fix"": 0, 'docs': 0}",8.165631771087646,2303,76.3359375,6.1254595,"Okay, so I need to classify this text into one of the given categories: bug, feature, question, won't fix, or docs. The text is ""How to tokenize within getitem() of Dataset with HuggingFace tokenizers."" 

First, let me break down what's in the text. It mentions using a Dataset and specifically looking at the __getitem__ method, which is part of data loading processes in machine learning. Then it talks about tokenizing, which I know refers to converting text into a numerical format that algorithms can work with more easily.

The mention of HuggingFace tokenizers suggests they're using specific tools or libraries for this task. Tokenization itself is a common preprocessing step in NLP tasks, so that's probably related to the broader category of data preparation.

Now, looking at the possible labels: bug, feature, question, won't fix, docs. 

- **Bug**: This would imply something wrong with how the code runs or works. But here it's about tokenization and Dataset methods, which are more about data handling than bugs.
  
- **Feature**: Features refer to specific aspects of a dataset or model. Tokenization isn't a feature itself but is part of preparing data for features.

- **Question**: This would be if the text were asking a question that needs an answer. It's not phrased as a question here.

- **Won't fix**: This suggests something that can't be fixed, which doesn't fit here since tokenization is about processing and isn't a task that can't be done.

- **Docs**: This would relate to documentation or resources. The text isn't providing any information on how to do this; it's just explaining the process.

So, none of these labels perfectly fit the context of the text. It seems more like a data preparation step within a dataset than a bug, feature, question, or task that can't be fixed. Therefore, the best classification would be ""None"" since it doesn't match any of the provided categories.
",1,1,1,0,0
Is AUROC from lightning metrics package intentionally different from the sklearn's?,0,0,0,1,0,"{'bug': 0, 'feature': 0, 'question': 2, ""won't fix"": 0, 'docs': 0}",7.7640221118927,2303,75.73828125,5.7305749,"Okay, so I need to classify this text about GitHub issues into one of the given categories: bug, feature, question, won't fix, or docs. Let me read through it carefully.

The text says, ""Is AUROC from lightning metrics package intentionally different from the sklearn's?"" Hmm, AUROC is a metric used in machine learning, right? And Lightning Metrics is a Python package that provides data loaders and evaluation functions for PyTorch models. So they're talking about comparing something from one package to another.

The question here is whether this AUROC value is intentionally different from what the sklearn's metrics would give. Sklearn is a popular library in machine learning, so it's likely used for metrics like AUROC. The user is asking if there's an intentional difference between these two packages' outputs.

Now, looking at the possible labels: bug, feature, question, won't fix, docs. Let me think about each one.

- Bug: This seems more about something that's wrong or a problem in the code. But here it's comparing two different metrics from different packages.
  
- Feature: Features are specific components of a system or model. The text isn't talking about any features; it's about comparing outputs from different tools.

- Question: Yes, this is a question being asked about how these two metrics compare. It's not seeking an answer but rather understanding the context.

- Won't fix: This would be if someone thinks that one tool won't handle something the other does. But here, they're asking if there's an intentional difference, which implies it might happen or is possible.

- Docs: This refers to documentation related to a project. The text isn't discussing any documentation; it's about comparing two packages' outputs.

So, considering all that, the best fit seems to be ""question."" It's not seeking an answer but rather understanding the context of how these metrics compare.
",0,0,1,0,0
multi-node multi-gpu with time constraint and model checkpointing,0,0,0,1,1,"{'bug': 0, 'feature': 1, 'question': 0, ""won't fix"": 0, 'docs': 0}",8.442363023757935,2303,76.203125,6.3950066,"Okay, so I need to classify this GitHub issue text into one of the given categories: bug, feature, question, won't fix, or docs. The text provided is ""multi-node multi-gpu with time constraint and model checkpointing."" 

First, let me break down what each part means. ""Multi-node"" refers to multiple nodes in a cluster, which is common in cloud computing. ""Multi-gpu"" means multiple GPUs, so it's about using several GPUs together. The phrase ""with time constraint"" suggests that there's a specific limitation on the time available for processing or handling something. Lastly, ""model checkpointing"" involves saving checkpoints of a model during training to prevent overfitting.

Now, looking at the possible labels: bug, feature, question, won't fix, docs. 

- **Bug**: This would imply that there's an issue that needs fixing. However, the text doesn't mention any bugs or problems; it's more about system configuration and constraints.
  
- **Feature**: Features are new functionalities added to a product. The text isn't introducing anything new but rather describing existing components with constraints.

- **Question**: This would be if someone is asking for information or clarification. Here, the text is providing details without posing a question.

- **Won't fix**: This suggests that the system can't handle something and won't do it. However, the text doesn't indicate that the system refuses to perform any action; instead, it's about constraints on processing time.

- **Docs**: Documentation would involve information or resources. The text is more about describing a system rather than providing documentation.

Putting this together, the text describes a system with multiple nodes and GPUs under specific constraints (time) and related to model checkpointing. It doesn't present any issues that need fixing but also isn't asking for features or questions. Therefore, it seems like it's describing a feature of the system without indicating whether it can be fixed or not.

So, after considering all options, I think the best classification here is **feature** because it's about describing an existing component with constraints.
",0,1,1,0,0
[how-to] Handle multiple losses and/or weighted losses?,0,0,0,1,0,"{'bug': 1, 'feature': 1, 'question': 0, ""won't fix"": 0, 'docs': 2}",6.677872180938721,2303,76.20703125,4.6280689,"Okay, so I need to classify this text about handling multiple losses or weighted losses into one of the given categories: bug, feature, question, won't fix, or docs. Let me break it down.

First, the text is titled ""[how-to] Handle multiple losses and/or weighted losses?"" So it's a guide on how to handle these specific types of losses in machine learning models. It's providing instructions on a technical topic, which suggests it's a feature within the documentation for GitHub issues or discussions related to ML models.

The user mentioned that I should classify based on labels like bug, feature, question, won't fix, docs. Since the text is about handling specific types of losses, it's more about explaining how to deal with them rather than reporting an issue or suggesting a fix. It doesn't seem to be a bug report but rather a technical explanation.

It also isn't just a general documentation; it's specifically about feature-related content. So it fits under the docs label because it's part of the documentation for handling certain issues in ML models.

I don't think it's a question or a won't fix situation because there are instructions provided, so it's not a feature request that would go to ""won't fix."" It's more about providing guidance on how to handle these losses, which is a documented feature.

So putting it all together, the text should be classified under docs.
",1,1,0,0,1
Epoch number has inconsistent display in ModelCheckpoint,0,1,0,0,0,"{'bug': 1, 'feature': 0, 'question': 0, ""won't fix"": 0, 'docs': 0}",6.523411273956299,2303,75.73046875,4.48363,"Okay, so I need to classify the given text into one of the provided labels: bug, feature, question, won't fix, or docs. Let me read through the text carefully.

The text is ""Epoch number has inconsistent display in ModelCheckpoint."" Hmm, that sounds like something related to how a model is being trained. Epoch refers to one complete pass through all the training data, right? So if the epoch number isn't showing up consistently, maybe there's an issue with how the model is being saved or tracked during training.

Now, looking at the labels: bug, feature, question, won't fix, docs. I'm not sure about each of these. Let me think about what each might mean.

- Bug: That would imply a problem that needs fixing.
- Feature: Maybe something new or improved in the code.
- Question: If it's asking for information.
- Won't fix: Perhaps the issue can't be resolved easily.
- Docs: Related to documentation, maybe not directly relevant here.

The text is talking about an inconsistency in displaying the epoch number when saving ModelCheckpoint. That sounds like a problem with how the model is being saved during training, which could indicate a bug or an issue that needs fixing. It's not asking for information or explaining features, nor is it related to documentation. So it seems more like a bug than a feature.

I'm leaning towards ""bug"" because it's pointing out a problem in how something works—specifically, the ModelCheckpoint saving mechanism.
",1,0,0,0,0
Does pytorch-lightning support mixed-precision training?,0,0,0,1,0,"{'bug': 0, 'feature': 2, 'question': 0, ""won't fix"": 0, 'docs': 2}",6.801595687866211,2303,76.13671875,4.7807363,"Okay, so I need to classify this text about PyTorch Lightning into one of the given categories: bug, feature, question, won't fix, or docs. Let me start by reading the text carefully.

The text is asking a question: ""Does pytorch-lightning support mixed-precision training?"" So it's trying to find out if a specific feature exists in PyTorch Lightning. That makes me think it's checking for functionality or capability.

Now, looking at the possible labels:

1. Bug: This would mean that something is wrong with how the code works. But this text isn't reporting an issue; it's asking about support.
2. Feature: A feature is a new addition to the library. The question here is whether a specific feature exists, so maybe it's considered a feature.
3. Question: If someone asked a question, that would be a classification. Here, it's not asking for information but a factual query.
4. Won't fix: This would mean the code can't be fixed or won't handle something. But this isn't about fixing anything; it's just checking support.
5. Docs: This is related to documentation. The text doesn't seem to provide any documentation on mixed-precision training.

So, considering all that, the best labels are ""feature"" and ""docs."" It's not a bug because there's no issue reported, nor does it ask for information (so not a question). It also isn't about documentation since it's just checking support.
",0,1,0,0,1
datamodule how to load checkpoint,0,0,1,1,0,"{'bug': 1, 'feature': 1, 'question': 1, ""won't fix"": 1, 'docs': 3}",8.063851833343506,2303,76.13671875,6.0275436,"Okay, so I need to classify the given text into one of the provided labels: bug, feature, question, won't fix, or docs. Let me start by reading the text carefully.

The text is ""datamodule how to load checkpoint."" Hmm, that doesn't immediately ring a bell as something related to bugs, features, questions, etc. It seems like it's talking about how to use something called datamodule in loading a checkpoint. 

I'm thinking about what datamodule usually does. I know datamodules are used for data handling and management, often in machine learning workflows. So maybe this is related to data processing or management. But the text doesn't specify any issues with how it's done; it just says ""how to load checkpoint."" 

Looking at the labels again: bug, feature, question, won't fix, docs. None of these seem directly applicable here. It's not a description of a problem (bug), nor is it about suggesting improvements or features. It's more about providing instructions on how to perform an action (load checkpoint). 

Since there are no issues mentioned and it's not about documentation, the best fit would be ""docs."" That makes sense because the text is offering guidance on using datamodule, which falls under documentation for data handling.

I should make sure I'm not missing anything. The task is classification of github issues, so maybe I need to consider if this relates to any specific issue or problem in that context. But without more context about what's being handled by datamodule, it's hard to say. 

In the absence of clear information pointing towards a bug, feature, question, won't fix, or docs label, ""docs"" seems like the most appropriate choice. It's providing instructions on how to perform an action related to data handling, which is part of documentation.
",1,1,1,1,1
Best Practices: logger.experiment.add_image() at end of epoch when using new simplified pl.Train/EvalResult objects,0,0,0,1,1,"{'bug': 1, 'feature': 1, 'question': 1, ""won't fix"": 1, 'docs': 1}",7.11570930480957,2303,76.4765625,5.0628503,"Okay, so I need to classify this GitHub issue text into one of the given categories: bug, feature, question, won't fix, or docs. Let me read through the text carefully.

The text says: ""Best Practices: logger.experiment.add_image() at end of epoch when using new simplified pl.Train/EvalResult objects."" 

Hmm, so it's talking about best practices related to a specific function in logging. They mention using logger.add_image(), which is a common practice for saving images during the training or evaluation phase. The mention of ""new simplified pl"" suggests they're updating their codebase with more efficient practices.

Now, looking at the possible labels: bug, feature, question, won't fix, docs. 

- Bug: This text doesn't seem to be about a specific issue that needs fixing. It's more about best practices and improvements.
- Feature: Again, it's not introducing a new feature or suggesting a new direction for features. It's about how existing features are being used.
- Question: The text isn't posing a question; it's providing information on best practices.
- Won't fix: This doesn't make sense here because the text is discussing what should be done, not what shouldn't.
- Docs: It's talking about code practices and objects, which relate to documentation rather than specific issues.

So, none of these labels fit perfectly. The text is more about best practices for logging operations, suggesting improvements or better ways to handle image saving during training or evaluation. Therefore, it doesn't fall under any of the specified categories.
",1,1,1,1,1
How to configure steps of multiple optimizers for GANs,0,0,0,1,0,"{'bug': 0, 'feature': 3, 'question': 0, ""won't fix"": 0, 'docs': 0}",6.498846530914307,2305,76.46875,4.4611874,"Okay, so I need to classify this text about configuring steps in GANs into one of the given categories: bug, feature, question, won't fix, or docs. Let me break it down.

First, the text is explaining how to configure steps for multiple optimizers in GANs. That sounds like a technical explanation aimed at developers working on machine learning models. It's probably providing guidance on best practices and configurations, which are common tasks in software development.

Now, looking at the labels: bug refers to issues that need fixing, feature is something new or existing, question is seeking information, won't fix is when it can't be done, and docs is documentation related.

The text isn't presenting a problem but rather offering solutions. It's guiding others on how to configure optimizers for GANs. So, it's not reporting a bug that needs fixing; it's providing instructions or features. Therefore, the best fit here would be ""feature"" because it's introducing a new method or technique within the field.

I don't think it's a bug because there aren't any issues mentioned. It's more about offering solutions than presenting problems. So, I'll classify this as ""feature.""
",0,1,0,0,0
How to suppress GPU/TPU device information warnings,0,0,0,1,1,"{'bug': 0, 'feature': 4, 'question': 0, ""won't fix"": 0, 'docs': 0}",9.446325540542603,2305,75.703125,7.4023594,"Okay, so I need to classify this text about suppressing GPU and TPU warnings into one of the given categories: bug, feature, question, won't fix, or docs. Let me break it down.

First, the text is ""How to suppress GPU/TPU device information warnings."" That sounds like a guide on how to fix something. It's providing instructions on a specific issue related to software bugs in hardware devices. So, it's about solving a problem, which makes me think of it as a bug.

But wait, sometimes people use these labels for different purposes. For example, if someone is asking why something doesn't work, that might be a question. If they're trying to fix an issue, maybe it's won't fix. But here, the text is offering a solution, so it's more about addressing the problem rather than just presenting it.

Looking at the options: bug is about issues or problems, feature is something new added, question is asking for information, won't fix is if you can't do it, and docs are documentation. Since this text is providing instructions on how to fix a problem, it's more of a task that someone would need help with rather than just presenting the issue.

So, I think ""won't fix"" might not be the best fit here because it's about solving a problem, which is more akin to a bug or feature. But since it's offering a solution, maybe it's better categorized under ""feature."" Alternatively, if someone is asking for help with this, they'd ask a question.

Hmm, I'm a bit torn between ""won't fix"" and ""feature."" Let me think again. The text isn't presenting the issue itself but rather providing guidance on how to do so. So it's more about solving a problem than creating a new feature or identifying a bug in an existing system.

Therefore, I'll go with ""feature"" because it's about offering a solution to a known issue, which is part of improving software functionality.
",1,1,0,0,0
TPU Colab,0,1,0,1,1,"{'bug': 0, 'feature': 1, 'question': 0, ""won't fix"": 0, 'docs': 0}",9.21313762664795,2305,76.16015625,7.1701384,"Okay, so I need to classify this text about a TPU Colab into one of the given categories: bug, feature, question, won't fix, or docs. Let me start by reading the text carefully.

The text says, ""TPU Colab."" Hmm, that's a specific tool related to machine learning and training models on GPUs. I know that Colabs are interactive Jupyter notebooks used for data science tasks. So, TPU stands for Tensor Processing Unit, which is part of Google's cloud computing services.

Now, thinking about the possible labels: bug, feature, question, won't fix, docs. Let me go through each one to see if it fits.

First, ""bug."" A bug would be something that's problematic or a flaw in the system. But TPU Colab is a tool used for training models, so I don't think it's a bug. It's more like an application or framework.

Next, ""feature."" Features are components of a system that contribute to its functionality. TPU Colab has features related to machine learning and GPU acceleration, which makes sense as a feature in the context of software tools for data science.

""Question."" That doesn't seem right either. The text isn't asking a question; it's describing what's available or used.

""Won't fix."" This seems like a negative statement about not being able to fix something. But TPU Colab is designed to help with training models, so I don't think it won't fix anything related to that task.

Lastly, ""docs."" That would be referring to documentation. While Colabs do have documentation available, the text itself isn't providing information or asking about documentation; it's just describing what you can do with TPU Colab.

So, putting it all together, the best labels for this text are ""feature"" and ""question."" Wait, no, I think I made a mistake. The question part is more about whether someone would ask a question, but in this case, the text isn't posing a question; it's just describing what you can do with TPU Colab.

Let me double-check. Is there any label that fits better? ""feature"" seems to be the most accurate because TPU Colab is a feature used for machine learning tasks on GPUs. It doesn't seem like it's a bug, question, won't fix, or related to documentation.

I think I was right initially. The text describes what you can do with TPU Colab, so ""feature"" is the best label here.
",0,1,0,0,0
Do multiple optimizer steps in one training step,0,0,0,1,0,"{'bug': 0, 'feature': 0, 'question': 2, ""won't fix"": 0, 'docs': 0}",10.946422576904297,2305,76.16015625,8.9073542,"Okay, so I need to classify this text about GitHub issues into one of the given categories: bug, feature, question, won't fix, or docs. Let me read through it again.

The text says, ""Do multiple optimizer steps in one training step."" Hmm, that sounds like someone is talking about how a model processes data during training. They mention doing multiple steps to optimize something, which makes me think about the optimization process itself.

Now, looking at the possible labels: bug, feature, question, won't fix, docs. I need to see which one fits best. 

- Bug: That would be if someone is reporting a problem or an issue in their code.
- Feature: If they're talking about adding new functionality or improving existing features.
- Question: If it's asking for information or seeking clarification on something.
- Won't fix: If the text suggests that the system can't handle or won't address certain issues.
- Docs: If it's referring to documentation, resources, or information.

The text is discussing how multiple optimizer steps are done in one training step. Optimizer steps are part of the model's training process, specifically related to updating weights during backpropagation. So, this seems like a technical detail about how the model processes data, which relates to the optimization aspect of machine learning models.

Since it's talking about optimizing steps within a training step, it doesn't directly address bugs or features in the code. It's more about the mechanics of how the model learns from data. Therefore, the best fit here would be ""won't fix,"" but wait, that might not make sense because the text isn't suggesting that the system won't handle something; rather, it's explaining a method used within handling.

Alternatively, maybe none of these labels fit perfectly, but considering the context, ""won't fix"" is the closest. Or perhaps it's better to leave it as ""question,"" since it's asking about how multiple steps are done in one step, which could be a bit vague.

Wait, let me think again. The text isn't questioning anything; it's explaining an action. So maybe none of these labels fit perfectly. But the options given are bug, feature, question, won't fix, docs. Since ""won't fix"" is about not being able to handle something, but in this case, it's about handling multiple steps within a training step, which might imply that the system can manage or process such steps.

Alternatively, maybe ""feature"" isn't right either because it's not talking about adding new features; it's more about how existing features are used. So I'm leaning towards ""won't fix,"" but I'm not entirely sure. Maybe it's better to leave it as ""question"" since it's asking about a specific method or process within the training step.

I think I'll go with ""question"" because it's seeking clarification on how multiple optimizer steps are done in one training step, which is more of an inquiry than a classification.
",0,0,1,0,0
Understanding the Progress Bar,0,0,0,1,0,"{'bug': 0, 'feature': 2, 'question': 0, ""won't fix"": 0, 'docs': 0}",8.157796144485474,2305,75.69921875,6.1348786,"Okay, so I need to classify the given text ""Understanding the Progress Bar"" into one of the provided labels: bug, feature, question, won't fix, or docs. Let me break this down step by step.

First, I'll read the text carefully. It says, ""Understanding the Progress Bar."" The word ""Understanding"" immediately makes me think about what someone is trying to figure out. In software development, especially in programming and debugging, understanding progress bars can be a common task or part of a feature.

Now, looking at the labels:

1. **Bug**: This refers to issues that cause problems in the code. If the text was about finding errors or problems, it would fall here.
2. **Feature**: This is about new functionalities or improvements. If the text was introducing something new, like a progress bar feature, this might apply.
3. **Question**: This could be about seeking information or asking for clarification. The phrase ""Understanding"" doesn't seem to fit here unless it's part of a question.
4. **Won't fix**: This is used when something can't be fixed, implying resistance or impossibility. Again, the context doesn't suggest this label applies.
5. **Docs**: This refers to documentation or information. The text isn't about providing or explaining progress bar documentation.

Putting it all together, ""Understanding"" suggests that someone is trying to grasp a concept related to progress bars. In software development, especially when dealing with debugging and features, understanding progress bars can be part of improving the codebase. Therefore, this seems more aligned with a **feature** label because it's about enhancing or introducing a new aspect (the progress bar feature) rather than identifying issues.

I don't see any indication that the text is asking for information, questions, or explanations related to bugs or features. It's more about comprehending how something works and possibly contributing to its improvement. So, I'm leaning towards classifying it as a **feature**.
",0,1,0,0,0
Best Practice to log images in vision tasks,0,0,0,1,0,"{'bug': 0, 'feature': 1, 'question': 0, ""won't fix"": 0, 'docs': 1}",5.7512526512146,2305,76.15234375,3.7200052,"Okay, so I need to classify this text about logging images in vision tasks as either a bug, feature, question, won't fix, or docs. Let me break it down.

First, the text is talking about best practices for logging images in vision tasks. That sounds like something that's already been discussed before, maybe by someone who knows how to handle image logging. So if I think about features, this would be a feature because it's providing guidance on how to do something effectively.

But wait, could it also be considered a bug? Well, bugs are issues that prevent the system from working correctly. Here, we're talking about best practices, which is more about how things should work rather than problems. So I don't think it's a bug here.

Is it a question? Probably not. The text isn't asking for information or clarification; it's providing guidance on logging images in vision tasks.

Doesn't seem like it's ""won't fix"" either. That phrase is used to express refusal, but the text isn't refusing anything; it's just offering advice.

Lastly, could it be about documentation? Yes, because best practices are part of how users should document their work. So that would fall under docs.

So putting it all together: feature and docs.
",0,1,0,0,1
Checkpoint files location when WandbLogger ,0,0,0,1,0,"{'bug': 0, 'feature': 0, 'question': 0, ""won't fix"": 0, 'docs': 1}",8.406538724899292,2305,76.15234375,6.3555159,"Okay, so I need to classify this text about Checkpoint files and their location when using WandbLogger. Let me read through it again carefully.

The text says, ""Checkpoint files location when WandbLogger."" Hmm, that's a bit vague. It doesn't specify what kind of checkpoint files or where they are located. It just mentions the files and the tool used to check them out.

I remember from the previous classification task that the possible labels were bug, feature, question, won't fix, docs. So I need to figure out which one fits best here.

First, ""Checkpoint files"" sounds like something related to a system or process for managing files. It could be a bug if there's an issue with how these files are managed. But it doesn't specify that the problem is in the code or functionality of the tool itself.

It also doesn't mention anything about features or questions, so those labels don't seem applicable here. The term ""location"" might imply where something is found or stored, which could relate to a bug if there's an issue with how it's located.

But since the text isn't giving any specific details about what kind of checkpoint files are being checked out, I can't be sure if it's a bug, feature, question, won't fix, or related to documentation (docs). It just seems like a general statement without specifics.

So, considering all that, I think the best label here is "" docs."" That means it's about documentation or information found in the files. But wait, does ""location"" imply anything about where the info is stored? Maybe, but without more context, it's hard to say for sure.

I'm a bit confused because sometimes ""docs"" can refer to both the content and where it's stored. Since the text doesn't specify whether it's about finding the files or their location, I might lean towards "" docs."" But maybe it's better to leave it as ""question"" if there's no specific issue mentioned.

I'm not entirely sure, but I think "" docs"" is the most appropriate label here because it's talking about where something is found in the files.
",0,0,0,0,1
How to write custom metric callbacks properly ?,0,0,0,1,0,"{'bug': 1, 'feature': 1, 'question': 1, ""won't fix"": 0, 'docs': 0}",6.25977635383606,2305,76.4140625,4.2211868,"Okay, so I need to classify this text about writing custom metric callbacks for GitHub issues into one of the given categories: bug, feature, question, won't fix, or docs. Let me break it down.

First, the text is asking how to do something specific—write custom metric callbacks. That's a technical skill related to programming and software development. It's not just a general question about features or bugs but more about implementing a specific functionality.

The options are bug, feature, question, won't fix, docs. I know that ""feature"" refers to new functionalities added by the project, ""bug"" is something wrong in code, ""question"" is seeking information, and ""docs"" are documentation resources. The text isn't asking for help with a bug or adding a new feature; it's about teaching someone how to do something.

So, since it's about implementing a specific task (custom metric callbacks), it doesn't fall under any of the other categories except maybe as a question if they're seeking advice. But given the options, ""feature"" seems off because it's not adding a new feature but rather providing instructions on how to add one.

Wait, actually, writing custom metric callbacks is more about implementing functionality than creating a new feature or bug. So I think it fits under ""question"" because it's asking for guidance on doing something specific.
",1,1,1,0,0
Lazy loading and multi-modal data,0,0,0,1,1,"{'bug': 1, 'feature': 1, 'question': 1, ""won't fix"": 1, 'docs': 1}",11.214290857315063,2305,76.41796875,9.1940842,"Okay, so I need to classify this text about GitHub issues into one of the given categories: bug, feature, question, won't fix, or docs. Let me break it down step by step.

First, the text says ""Lazy loading and multi-modal data."" Hmm, lazy loading is a concept in web development where an element is loaded only when it's needed, not immediately. Multi-modal data refers to data that has multiple forms or structures, like JSON or XML. 

Now, looking at the possible labels: bug, feature, question, won't fix, docs. I need to see which category this text fits best.

""Lazy loading"" is more about how something loads on a page, not necessarily a bug or feature. It's a design consideration. ""Multi-modal data"" relates to data formats but isn't directly a label here. ""Question"" could be a stretch because it's asking for information, which doesn't fit the classification task of categorizing the text itself.

So, none of these labels seem to perfectly describe the content. But maybe I'm missing something. Could ""feature"" or ""won't fix"" relate? Well, ""feature"" is about adding new elements, and ""won't fix"" sounds like a refusal to resolve an issue. But the text isn't expressing a decision; it's just describing data formats.

I think the best fit here might be none of the provided labels. Alternatively, if I have to choose, maybe ""feature"" because it's about data structures, but that feels off. Alternatively, since it's not directly addressing bugs or features, perhaps it doesn't fit any label. But the user mentioned multilabel classification based on instructions, so maybe they expect a specific label.

Wait, let me think again. The task is to classify the text into one of those labels. Since ""feature"" isn't exactly right because it's about data structures rather than features in software, and ""won't fix"" doesn't fit either as it's not an action but a refusal. So maybe none apply.

But perhaps I'm overcomplicating. Maybe the intended answer is that none of these labels apply, or maybe ""feature"" isn't the best choice because it's about data rather than features in software. Alternatively, since it's about data formats, maybe it doesn't fit any label except if we consider ""docs,"" but docs usually refers to documentation.

Wait, I'm getting confused. Let me try again. The text is about lazy loading and multi-modal data. None of the labels directly relate to this. So perhaps the best answer is that none apply, or maybe the user expects a different approach.

Alternatively, if I have to choose, maybe ""feature"" because it's about data structures, but I'm not sure. Alternatively, since it's about data formats, maybe ""docs,"" but docs usually refers to documentation, which isn't exactly what's being described here.

I think the most accurate classification is that none of these labels apply to the given text.
",1,1,1,1,1
How to log cur_val_loss to tensorboard in validation_step?,0,0,0,1,1,"{'bug': 0, 'feature': 2, 'question': 0, ""won't fix"": 0, 'docs': 0}",7.3847496509552,2305,75.78125,5.3494065,"Okay, so I need to classify this GitHub issue text into one of the given categories: bug, feature, question, won't fix, or docs. Let me read through the text again carefully.

The text is: ""How to log cur_val_loss to tensorboard in validation_step?""

Hmm, it's asking about a specific task related to logging losses using TensorBoard within a validation step. That sounds like a technical problem someone might have encountered while working on their project. They're probably trying to fix an issue where they can't log the loss correctly.

Now, looking at the possible labels: bug, feature, question, won't fix, docs. Let's see which one fits best.

- **Bug**: This would imply that there's a problem or a bug in the code. But here, it's about logging something incorrectly, not necessarily a bug per se.
  
- **Feature**: Features are new functionalities added to the project. The text doesn't mention any new features; it's more about an existing task.

- **Question**: This is if someone asked for help or clarification. Here, they're providing a specific instruction on how to fix something, so maybe this isn't the best fit.

- **Won't fix**: If the issue is that it can't be fixed, but in this case, the user is asking about how to do it, not whether it's impossible.

- **Docs**: This would relate to documentation or resources. The text doesn't mention any documentation; it's more about a technical problem.

So, none of these labels perfectly fit the task described. It seems like a feature request for a specific functionality rather than an issue that needs fixing. Therefore, the best classification here is ""feature.""
",0,1,0,0,0
How to get test predictions (and other non-scalar metrics)?,0,0,0,1,0,"{'bug': 0, 'feature': 0, 'question': 0, ""won't fix"": 0, 'docs': 1}",6.33247709274292,2305,76.34375,4.302549,"Okay, so I need to classify this text about GitHub issues into one of the given categories: bug, feature, question, won't fix, or docs. Let me read through the text again.

The text is: ""How to get test predictions (and other non-scalar metrics).""

Hmm, the main topic here seems to be explaining how to obtain certain metrics related to tests in GitHub issues. The phrase ""get test predictions"" suggests they're talking about predicting or analyzing test results. Since it's about obtaining these metrics, it doesn't seem like a feature request or a question about fixing something.

The word ""non-scalar metrics"" indicates that the metrics aren't simple numbers but perhaps more complex data structures. So, this isn't just asking for features or questions; it's providing instructions on how to get specific metrics. 

Looking at the possible labels: bug, feature, question, won't fix, docs. The text is about explaining a method to obtain certain metrics, which doesn't directly address any of these categories except maybe as part of documentation or information.

I don't think it fits into ""won't fix"" because that's more about not being able to fix something, which isn't the case here. It's also not a feature request since there's no mention of adding new features. So, the best fit seems to be ""docs,"" as it's providing documentation or information on how to do something.
",0,0,0,0,1
CI: Force docs compilation warnings to be raised as errors,0,1,0,0,0,"{'bug': 0, 'feature': 1, 'question': 0, ""won't fix"": 0, 'docs': 1}",6.543116569519043,2305,76.34375,4.4801241,"Okay, so I need to classify this GitHub issue text into one of the given categories: bug, feature, question, won't fix, or docs. Let me read through the text again carefully.

The text is: ""CI: Force docs compilation warnings to be raised as errors""

Hmm, that's a bit confusing at first glance. The phrase starts with ""CI:"", which I know stands for ""Code Interval"" in GitHub issues. CI usually refers to code reviews or patches. So this seems like it's talking about something related to CI.

Next part: ""Force docs compilation warnings to be raised as errors."" Okay, so the user is asking to force certain warnings (compilation) to be considered as errors. That makes me think they want these warnings fixed because otherwise, they might cause issues in the codebase.

So putting it together, this seems like a feature request or something related to improving documentation. The CI part indicates that it's about code reviews or patches, but the main action here is about raising warnings as errors, which suggests it's a feature or improvement task.

Looking at the possible labels: bug, feature, question, won't fix, docs. Since the user is asking to raise warnings as errors, this isn't a bug (which would be something that breaks the code), nor is it a question about what to do. It's more about documentation and improving how things are handled.

The ""won't fix"" label doesn't seem right here because the issue isn't about preventing someone from fixing it; instead, they want it fixed. So I think the best labels for this text would be feature and docs.
",0,1,0,0,1
How to save checkpoints within lightning_logs?,0,0,0,1,1,"{'bug': 0, 'feature': 2, 'question': 0, ""won't fix"": 0, 'docs': 0}",7.003637790679932,2305,75.6796875,4.9728573,"Okay, so I need to classify this text about saving checkpoints in lightning_logs into one of the given categories: bug, feature, question, won't fix, or docs. Let me break it down step by step.

First, the text is asking a question: ""How to save checkpoints within lightning_logs?"" That makes me think it's seeking information on how to do something specific. So, maybe that's related to features because it's about adding functionality to an existing tool.

Next, I should consider if it's a bug. Bugs are issues that prevent the software from working correctly. But here, the user is asking for a solution, not reporting a problem. So probably not a bug.

Then, is it a feature? Features are new functionalities or improvements added to the software. The text is introducing a method (saving checkpoints) within lightning_logs, which could be seen as adding a new feature. That seems likely.

Doesn't it fall under ""won't fix""? Well, that's more about not being able to fix something. Since they're asking how to do it, fixing isn't the issue here; instead, it's about providing instructions on how to fix it. So maybe not applicable.

Lastly, is it related to documentation? The text doesn't seem to provide a detailed explanation or guide for others. It's more of an introduction than a documented feature or bug.

Putting it all together, the text is introducing a new method (saving checkpoints) within lightning_logs and asking how to do it. This aligns with adding a new feature, which would fall under ""feature."" So I think the best classification here is ""feature.""
",0,1,0,0,0
Adapting SWA for pytorch lightning.,0,0,0,1,0,"{'bug': 1, 'feature': 1, 'question': 1, ""won't fix"": 1, 'docs': 1}",7.78880500793457,2303,76.171875,5.7401559,"Okay, so I need to classify this text about adapting SWA for PyTorch Lightning into one of the given categories: bug, feature, question, won't fix, or docs. Let me break it down.

First, the text is about adapting SWA (SWAP) in PyTorch Lightning. SWAP stands for SWAP, which I think is a technique used to improve convergence and stability when training models with mixed precision. So, they're talking about applying this technique specifically within the PyTorch Lightning framework.

Now, looking at the possible labels: bug, feature, question, won't fix, docs. Let's see if any of these fit here.

- **Bug**: This would mean there's a problem or issue that needs fixing. But the text isn't about a bug; it's more about applying a technique to improve something.
  
- **Feature**: Features are new functionalities added to a system. The text is not introducing a new feature but rather explaining how an existing feature (SWAP) works within a specific framework.

- **Question**: This would imply the text is asking for information or clarification. It's more of a description than a question.

- **Won't fix**: This suggests that the current approach isn't suitable and won't be changed. The text doesn't state that it won't fix; instead, it describes how to do so.

- **Docs**: Documentation would involve providing explanations or information about something. While SWAP is part of documentation, the text is more about applying a technique than documenting its use.

So, none of these labels perfectly fit the text. It's more about explaining an existing feature within a specific context rather than categorizing it as a bug, feature, question, won't fix, or documentation task.
",1,1,1,1,1
Passing the early_stop_callback to the Trainer,0,0,0,1,0,"{'bug': 1, 'feature': 1, 'question': 1, ""won't fix"": 1, 'docs': 0}",7.415489912033081,2303,75.71875,5.3812823,"Okay, so I need to classify this text about GitHub issues into one of the given categories: bug, feature, question, won't fix, or docs. Let me read through it again.

The text is: ""Passing the early_stop_callback to the Trainer""

Hmm, early_stop_callback sounds like a callback function used in machine learning models, specifically during training. It's often used to stop training early if certain conditions are met. So, I'm thinking about what kind of issue this refers to on GitHub.

The possible labels are bug, feature, question, won't fix, or docs. Let me go through each one:

1. Bug: This would mean the issue is a problem that needs fixing. But here, it's more about setting up a callback function for training.
2. Feature: Features are components of a system, not issues. So this doesn't fit.
3. Question: The text isn't asking a question; it's providing information on how to set up a callback.
4. Won't fix: This would imply the issue is something that can't be fixed. But again, it's about configuring a part of the model training process.
5. Docs: Documentation refers to resources or guides, which doesn't seem to fit here.

So, none of these labels perfectly describe the text. It seems more like an instruction on how to configure a part of the model rather than a bug, feature, question, or issue related to GitHub's documentation.

I think the best classification is ""won't fix,"" but I'm not entirely sure because it doesn't directly address any specific problem in the codebase. Maybe if there was a bug in the callback function itself, but that's not indicated here.
",1,1,1,1,0
Outdated documentation for loggers,0,1,0,0,0,"{'bug': 0, 'feature': 0, 'question': 0, ""won't fix"": 0, 'docs': 1}",6.318580150604248,2303,75.859375,4.2732551,"Okay, so I need to classify this text about GitHub issues into one of the given categories: bug, feature, question, won't fix, or docs. Let me read through it again.

The text says, ""Outdated documentation for loggers."" Hmm, that sounds like something related to documentation. Outdated documentation usually refers to information that's not current or up-to-date. So, if the documentation is outdated, maybe someone is using it and it's no longer valid.

Now, looking at the possible labels: bug, feature, question, won't fix, docs. Let me think about each one.

- Bug: That would mean something wrong in the code that needs fixing. But this text isn't talking about a bug or an issue with the code; it's more about documentation.
  
- Feature: Features are new functionalities added to the product. Again, not related here.
  
- Question: This is asking for information, which doesn't fit into any of the other categories.
  
- Won't fix: That suggests someone thinks something can't be fixed. But again, it's about documentation, not a problem that won't be addressed.
  
- Docs: Documentation refers to the written information explaining how something works. This text is talking about outdated documentation for loggers, which is definitely related to documentation.

So, putting it all together, the best label here would be ""docs"" because it's discussing documentation issues specifically.
",0,0,0,0,1
CUDA - numpy related copy error?,0,0,0,1,0,"{'bug': 2, 'feature': 0, 'question': 0, ""won't fix"": 0, 'docs': 0}",6.655766487121582,2303,76.31640625,4.5972894,"Okay, so I need to classify this text about a CUDA-Copy error into one of the given categories: bug, feature, question, won't fix, or docs. Let me break it down step by step.

First, the text says ""CUDA - numpy related copy error?"" So it's talking about an issue with CUDA and numpy. I know that CUDA is a parallel computing platform and application programming interface (API) model created by NVIDIA. Numpy is a library for Python's arrays and matrices. A copy error in this context probably means something went wrong when copying data between CUDA and the host.

Now, looking at the possible labels: bug, feature, question, won't fix, docs. Let me think about each one.

- Bug: This seems to fit because it's a problem that needs fixing.
- Feature: I'm not sure if this is a new feature or an existing one. The text doesn't mention anything about adding a new feature.
- Question: It's talking about the issue, so maybe it's more of a question than a classification task.
- Won't fix: This could be relevant because sometimes issues are reported that won't be fixed by the developers.
- Docs: I don't think this is related to documentation or resources.

So, considering all these points, ""bug"" seems like the best fit. The issue needs fixing, which makes it a bug. It's not a feature since there's no new one mentioned, and it doesn't seem to be about questioning or wanting to fix something that won't happen.
",1,0,0,0,0
Correctly document ReduceLROnPlateau,0,1,0,0,0,"{'bug': 0, 'feature': 0, 'question': 0, ""won't fix"": 0, 'docs': 1}",7.309864521026611,2303,76.31640625,5.2629043,"Okay, so I need to classify this text about GitHub issues into one of the given categories: bug, feature, question, won't fix, or docs. Let me read through it again carefully.

The text says, ""Correctly document ReduceLROnPlateau."" Hmm, okay. So they're talking about documentation related to a specific function called ReduceLROnPlateau. I know that in machine learning, especially with training models, reducing the learning rate on plateau is a common practice to prevent the model from overfitting or getting stuck.

Now, looking at the possible labels: bug, feature, question, won't fix, docs. Let's break it down:

- **Bug**: This would mean that something is wrong in how ReduceLROnPlateau works. But here, they're correctly documenting it, so I don't think this is a bug.
  
- **Feature**: Features are usually new functionalities or improvements. While ReduceLROnPlateau might be a feature for documentation purposes, the text isn't introducing a new feature; it's just about how to document an existing one.

- **Question**: This would imply that someone is asking a question about the documentation. But the text is providing documentation, not posing a question.

- **Won't fix**: This suggests that the documentation is something that won't be fixed or improved. However, GitHub issues are typically for reporting bugs or feature requests, and this isn't about fixing anything; it's about documentation.

- **Docs**: This seems like the best fit because they're providing documentation on ReduceLROnPlateau, which is a known functionality in machine learning tools.

So, putting it all together, the text is describing how to document an existing feature (ReduceLROnPlateau), so the most appropriate label here would be ""docs.""
",0,0,0,0,1
How to save to extra info checkpoint?,0,0,0,1,0,"{'bug': 0, 'feature': 2, 'question': 0, ""won't fix"": 0, 'docs': 0}",5.50026273727417,2303,75.76953125,3.4507918,"Okay, so I need to classify this text about saving to extra info checkpoints as either a bug, feature, question, won't fix, or docs. Let me break it down.

First, the text is asking how to do something—save to extra info checkpoints. That sounds like a specific task or function that's being asked for help. So maybe it's a feature because it's about providing functionality. But I'm not sure if it's a bug since there's no indication of a problem here.

It doesn't seem to be a question about what the user wants, so probably not a question label. It also isn't asking whether someone won't fix it or how they can do it, which would make it ""won't fix."" And it's definitely not documentation because it's just an instruction on how to perform a task.

So putting that together, I think it fits under the feature label since it's about providing a specific function. But wait, maybe it's more of a bug? No, there's no issue here. It's just a question about functionality.
",0,1,0,0,0
ImageNet example shows contradictions,0,1,0,0,1,"{'bug': 0, 'feature': 0, 'question': 0, ""won't fix"": 1, 'docs': 0}",6.71872615814209,2303,76.26953125,4.6759269,"Okay, so I need to classify this text about imageNet examples showing contradictions. Let me break it down step by step.

First, the task is classification of GitHub issues. That means I'm looking for terms related to bugs or features in that context. The possible labels are bug, feature, question, won't fix, docs.

The text says ""ImageNet example shows contradictions."" Hmm, ImageNet is a dataset used in machine learning, so maybe it's about data issues. Contradictions could be a problem with the data itself, like having conflicting information or errors.

So, does this relate to bugs? Maybe not directly because bugs are more about programming errors. Features would involve adding new functionalities, which doesn't seem to fit here. The question is about contradictions in ImageNet examples, so it's more of an issue within the dataset rather than a feature or bug.

The label ""won't fix"" suggests that the text isn't looking for solutions but just describes the problem. Since the task is about classification of issues, this fits because it's describing a problem (contradictions) in the context of GitHub issues related to ImageNet examples.

Lastly, ""docs"" refers to documentation or user guides, which doesn't seem relevant here. The text isn't talking about information sources but rather data inconsistencies.

Putting it all together, the best labels for this text are ""won't fix"" and ""docs."" Wait, no, ""docs"" is more about information than issues. So maybe just ""won't fix.""
",0,0,0,1,0
Hide default pl flags with -h?,0,0,0,1,1,"{'bug': 2, 'feature': 2, 'question': 1, ""won't fix"": 1, 'docs': 1}",8.697271585464478,2303,76.26953125,6.6542748,"Okay, so I need to classify this text about GitHub issues into one of the given categories: bug, feature, question, won't fix, or docs. Let me read through it again.

The text is ""Hide default pl flags with -h?"" Hmm, that's a bit confusing at first glance. The user is asking how to hide certain parameters in a command line argument using Python. So they're talking about modifying a command to achieve a specific effect.

Now, looking at the possible labels: bug, feature, question, won't fix, docs. Let me think about each one.

First, ""bug."" A bug usually refers to a problem or an issue that needs fixing. But here, it's not just about finding a bug; it's more about modifying how parameters are used in Python. So maybe it's not exactly a bug but related.

Next, ""feature."" Features are new functionalities added to the system. This text isn't introducing a new feature; it's explaining how an existing feature works or can be modified. So I don't think it fits here either.

Then, ""question."" Questions are about inquiries or problems that need clarification. The text is providing instructions on how to do something, not asking for information. It's more of a guide than a question.

""won't fix."" This label suggests that the system won't handle this feature or bug. But in this case, they're showing how it can be done, so I don't think it's about whether it won't fix it but rather how to do it.

Lastly, ""docs."" That would refer to documentation explaining features and bugs. The text isn't providing any documentation; it's just a command line instruction on modifying parameters. So that doesn't fit either.

Putting it all together, the text is not addressing a bug or feature in a new way but rather explaining how an existing parameter can be modified. It's more about instructions than classification into those specific categories. Therefore, none of the labels seem to best describe this text.
",1,1,1,1,1
How to skip one of multiple optimizers at training_step()?,0,0,0,1,0,"{'bug': 0, 'feature': 2, 'question': 2, ""won't fix"": 0, 'docs': 0}",5.519143342971802,2303,75.76171875,3.4733932,"Okay, so I need to classify this GitHub issue about skipping optimizers during training step. Let me think through it.

First, the task is classifying issues related to github. The labels available are bug, feature, question, won't fix, and docs. So I have to determine which of these best fits the given text.

The text is: ""How to skip one of multiple optimizers at training_step()?"". Hmm, it's a question asking for a method or solution. It's not about reporting a bug or suggesting a new feature; instead, it's seeking an implementation detail.

So, looking at the labels, ""feature"" might be too broad because it's more about providing details than creating features. ""Question"" seems appropriate since it's asking for information. ""won't fix"" doesn't fit here because it's not a refusal to fix something; it's about how to do it. ""docs"" is about documentation, which isn't relevant.

Therefore, the best labels are ""feature"" and ""question"".
",0,1,1,0,0
Pruning gradients before Optimizer_step,0,0,0,1,1,"{'bug': 2, 'feature': 0, 'question': 0, ""won't fix"": 0, 'docs': 0}",8.25117015838623,2303,76.17578125,6.207692,"Okay, so I need to classify this text about GitHub issues into one of the given categories: bug, feature, question, won't fix, or docs. Let me read through it again.

The text is ""Pruning gradients before Optimizer_step."" Hmm, that sounds like something related to machine learning models because it mentions gradients and optimizers. I remember that in deep learning, pruning refers to removing some layers or neurons from a neural network model to make the model simpler and potentially faster. So, if someone is talking about pruning gradients before an optimizer step, they're probably dealing with a bug in their code or trying to optimize the training process.

Now, looking at the possible labels: bug, feature, question, won't fix, docs. The text doesn't seem like it's asking for a feature or providing information on how to fix something because it's just describing an action someone might take. It's more about what's happening in their code rather than suggesting improvements or features.

It's not a question either; the user isn't asking for clarification or information. The text is just explaining a scenario where pruning gradients before an optimizer step occurs. So, none of the labels fit except maybe ""bug,"" but I'm not sure if that's the best fit because it's more about the action than the issue itself.

Wait, could it be a feature? Maybe someone is trying to find out what kind of bug this is or how it affects their model. But without more context, it's hard to say. The text doesn't mention any specific features of the model being pruned, so I don't think that's accurate.

It's not a docs question because there's no information about documentation or resources provided. It's just an observation about a code snippet someone might encounter when working with GitHub issues related to machine learning models.

So, after considering all these points, I think the best label for this text is ""bug."" It describes an issue that could occur in their code, which would be considered a bug.
",1,0,0,0,0
How to resolve DeprecationWarning ,0,0,0,1,0,"{'bug': 1, 'feature': 1, 'question': 1, ""won't fix"": 1, 'docs': 1}",8.40429401397705,2303,76.17578125,6.3661407,"Okay, so I need to classify this text about resolving a DeprecationWarning into one of the given categories: bug, feature, question, won't fix, or docs. Let me break it down step by step.

First, the text is ""How to resolve DeprecationWarning."" The main topic here seems to be addressing a specific issue related to software deprecation warnings. Deprecation warnings are usually about features that have been removed in favor of newer ones, which can cause issues for users who haven't kept up with updates.

Now, looking at the possible labels: bug, feature, question, won't fix, docs. Let's see if any of these fit.

- **Bug**: This would imply that there's a problem or issue that needs fixing. But here, it's about how to resolve a warning, not necessarily identifying a bug in code.
  
- **Feature**: Features are new functionalities added to the software. While DeprecationWarnings might be related to features being removed, this text isn't directly addressing a feature but rather providing guidance on resolving it.

- **Question**: This would mean that someone is asking for clarification or information. The text doesn't seem to be posing a question; instead, it's offering a solution.

- **Won't fix**: This suggests that the software won't support the DeprecationWarning anymore. However, this isn't clear from the text alone. It could imply that the warning is no longer supported, but without more context, we can't confirm that.

- **Docs**: This would mean it's related to documentation or resources. The text doesn't mention any specific documentation; it's just a general question about how to resolve something.

Putting this together, the text isn't clearly identifying a bug, feature, or asking for clarification. It's more about providing guidance on how to fix an issue that's no longer supported. Therefore, none of the labels seem to fit perfectly here.
",1,1,1,1,1
"Trouble logging validation and training metrics on the same row in ""metrics.csv""",0,0,0,1,1,"{'bug': 0, 'feature': 0, 'question': 0, ""won't fix"": 1, 'docs': 0}",8.119500398635864,2303,75.703125,6.0732362,"Okay, so I need to classify this text about GitHub issues into one of the given categories: bug, feature, question, won't fix, or docs. Let me read through the text again carefully.

The text says, ""Trouble logging validation and training metrics on the same row in 'metrics.csv'."" Hmm, that's a bit confusing at first glance. So, they're having trouble logging something related to validation and training metrics on a CSV file called metrics.csv. 

Let me break it down. The main issue here is logging these metrics together. Logging can sometimes be tricky because it might require multiple steps or specific configurations. Maybe the user is facing an issue where they can't log both validation and training metrics simultaneously, which could indicate a problem with how the logging process works.

Now, looking at the possible labels: bug, feature, question, won't fix, docs. I need to see which one fits best. 

- **Bug**: This would mean that there's an issue or problem that needs fixing. The text doesn't mention anything wrong or needing correction; it's more about the problem they're facing.
  
- **Feature**: Features are usually new additions to a system, not common issues. The text isn't introducing any new feature but rather describing a problem with logging.

- **Question**: This would be if someone is asking for clarification or information. The text doesn't ask anything; it's just stating an observation about the logging issue.

- **Won't fix**: This label suggests that the system won't handle the current situation, possibly because of bugs or limitations. The text could imply that logging both metrics together isn't working as expected, which might be due to a bug in the codebase.

- **Docs**: This would relate to documentation or information found in existing resources. There's no mention of any documentation related to this issue; it's more about how the logging process is set up.

Putting it all together, the text describes a problem with logging metrics on a CSV file, which could be due to a bug in the system. It doesn't present a new feature or ask for clarification but rather points out an existing issue that needs attention.
",0,0,0,1,0
How to disable progress bar and printing model structure?,0,0,0,1,0,"{'bug': 0, 'feature': 1, 'question': 3, ""won't fix"": 1, 'docs': 2}",6.75334358215332,2303,76.234375,4.7110049,"Okay, so I need to classify this text about disabling a progress bar in a model. Let me read it again: ""How to disable progress bar and printing model structure?"" Hmm, the user is asking for a classification task related to GitHub issues. The possible labels are bug, feature, question, won't fix, docs.

First, I should understand what each label means. A bug is something that's problematic or needs fixing. A feature might be an improvement or new addition. A question could be about seeking information or clarification. ""Won't fix"" sounds like it's saying the issue can't be resolved. Finally, ""docs"" refers to documentation related to the issue.

Looking at the text: It's a question asking how to disable a progress bar and print the model structure. That clearly indicates that someone is trying to find a solution or understand something about GitHub issues. Since they're seeking information on how to fix this, it doesn't seem like it's a bug (which would be negative), feature (positive but maybe not applicable here), won't fix (if it can't be fixed), or related to documentation.

So, the best labels for this text are ""question"" and ""docs."" It's asking for information on how to fix an issue, which falls under both categories. I don't think it's a feature because there's no mention of adding something new or improving functionality. It's definitely not a bug since they're seeking help.
",0,1,1,1,1
Run full validation epoch before training,0,0,0,1,0,"{'bug': 0, 'feature': 3, 'question': 0, ""won't fix"": 0, 'docs': 0}",6.490741968154907,2303,76.234375,4.4526181,"Okay, so I need to classify this text about running a full validation epoch before training into one of the given labels: bug, feature, question, won't fix, or docs. Let me break it down.

First, the text says ""Run full validation epoch before training."" That sounds like someone is setting up their model training process by preparing all necessary data and configurations. They're ensuring that every part of the validation phase is ready before starting the actual training. 

Looking at the labels, ""feature"" might not fit because it's more about aspects of the model or system rather than the setup process. ""Bug"" could be a possibility if something was wrong, but here it's just a setup instruction. ""Question"" doesn't seem right either; it's about seeking information.

""Won't fix"" suggests that someone is saying they can't do something, which isn't exactly what's happening here. The text isn't expressing a refusal or inability to fix anything; instead, it's describing the process of preparing for training. 

Lastly, ""docs"" refers to documentation, but again, this isn't about providing or explaining documentation. It's more about setting up the training parameters.

So, after considering all options, none of the labels perfectly fit the text. But since I have to choose from the given labels, maybe ""feature"" is the closest because it relates to aspects of the model or system that are being set up.
",0,1,0,0,0
Document auto_select_gpus,0,1,0,0,1,"{'bug': 1, 'feature': 1, 'question': 1, ""won't fix"": 1, 'docs': 0}",6.77315878868103,2303,75.73828125,4.7522274,"Okay, so I need to classify this text about GitHub issues into one of the given categories: bug, feature, question, won't fix, or docs. Let me read through it again.

The text is ""Document auto_select_gpus."" Hmm, that's a bit confusing at first glance. It mentions something called ""auto_select_gpus,"" which I think refers to an option in GitHub where users can automatically select the best GPU for their machine. So, they're talking about how people choose or set up GPUs on GitHub.

Now, looking at the possible labels: bug, feature, question, won't fix, docs. Let's see if any of these fit here. 

- Bug: I don't think this is a bug because it's more about how users interact with GitHub itself.
- Feature: Maybe not directly either; it's more about functionality than adding new features.
- Question: This text isn't asking for information or seeking answers, so that doesn't seem right.
- Won't fix: The text isn't stating that something won't be fixed. It's just describing how users do it.
- Docs: Again, this is talking about documentation and how people use GitHub, not providing documentation itself.

So, none of these labels fit perfectly here. It seems more like a description of how users interact with GitHub through its features or settings rather than categorizing as a bug, feature, question, won't fix, or docs issue.
",1,1,1,1,0
OpenPAI and PyTorch Lightning for easy multi-machine distributed training?,0,0,0,1,1,"{'bug': 0, 'feature': 1, 'question': 0, ""won't fix"": 0, 'docs': 0}",11.434971809387207,2305,76.20703125,9.4030922,"Okay, so I need to classify this text about OpenPAI and PyTorch Lightning into one of the given categories: bug, feature, question, won't fix, or docs. Let me start by reading through the text carefully.

The text says, ""OpenPAI and PyTorch Lightning for easy multi-machine distributed training?"" It's talking about two tools, OpenPAI and PyTorch Lightning, and how they can be used to make training work better on multiple machines. 

Hmm, so what are these terms? OpenPAI is an open-source project related to AI, right? And PyTorch Lightning is a popular Python library for machine learning, especially for deep learning. They're being mentioned in the context of improving distributed training.

Now, looking at the possible labels: bug, feature, question, won't fix, docs. Let's see which one fits best.

- Bug: That would mean something wrong or not working as expected. But here it's talking about tools for training, so maybe not a bug.
- Feature: Features are improvements or new additions to existing systems. This text is introducing two features (OpenPAI and PyTorch Lightning) that help with training on multiple machines. So this could be a feature.
- Question: The text isn't asking anything; it's just describing what these tools do. So probably not a question here.
- Won't fix: That would mean the tool can't do something, but in this case, they're introducing features to help with training, so maybe not won't fix.
- Docs: This is about documentation or resources. The text isn't discussing any documentation; it's just talking about tools.

So putting it together, the text is introducing two new features (OpenPAI and PyTorch Lightning) that are being used for easier multi-machine distributed training. Therefore, the best labels would be ""feature"" and ""question."" Wait, but the question part might not make sense here because the text isn't asking a question; it's just explaining what these tools do.

Wait, maybe I should think again. The task is to classify based on the given labels. So if the text is introducing new features for training, that would be a feature. But since it's about multi-machine distributed training, which is a specific use case, perhaps it's more about providing an easier way to do something, so maybe ""won't fix"" isn't applicable here.

Alternatively, maybe it's just explaining what these tools are and how they can help, so the labels would be ""feature"" and ""question."" But I'm not sure if ""question"" is appropriate because the text isn't posing a question; it's just describing features. So perhaps the best answer is only ""feature.""

Wait, let me check the definitions again. A feature is an improvement or new addition to existing systems. Here, they're introducing two features (OpenPAI and PyTorch Lightning) that help with training on multiple machines. So yes, it's a feature.

But then, since the text isn't asking anything, maybe ""question"" isn't correct either. It's more about explaining what these tools are for rather than posing a question. So I think the best labels would be just ""feature.""
",0,1,0,0,0
Model checkpointing for sub-epoch frequency,0,0,0,1,1,"{'bug': 1, 'feature': 1, 'question': 1, ""won't fix"": 1, 'docs': 0}",7.371268272399902,2305,76.2109375,5.3312138,"Okay, so I need to classify this text about model checkpointing for sub-epoch frequency into one of the given categories: bug, feature, question, won't fix, or docs. Let me break it down.

First, the text is talking about something related to machine learning models. It mentions ""model checkpointing,"" which I know is a common practice in training models. Model checkpointing involves saving the model's weights periodically during training so that if there's an issue with the model, you can retrain it without losing progress. 

The term ""sub-epoch frequency"" refers to checking the model after less than one epoch of training. An epoch is a complete pass through the entire dataset. So, sub-epoch frequency means they're doing this more frequently than usual.

Now, looking at the possible labels: bug, feature, question, won't fix, docs. 

- Bug: This doesn't seem to be about a problem or issue in the code. It's more about the practice of checkpointing.
- Feature: Maybe it's a new feature introduced by someone? I'm not sure.
- Question: The text is providing information on a specific topic, so maybe this isn't a question.
- Won't fix: This suggests that the person or team doesn't want to fix something. But here, they are talking about checkpointing for sub-epoch frequency, which is a known practice.
- Docs: It's not official documentation; it's more of an internal feature.

So, considering all this, ""won't fix"" seems like the best fit because the text describes someone's decision or stance on not wanting to fix something related to model checkpointing. The other labels don't capture the essence as well.
",1,1,1,1,0
Backward on tensors inside training_step,0,0,0,1,0,"{'bug': 2, 'feature': 0, 'question': 0, ""won't fix"": 0, 'docs': 0}",7.275496482849121,2305,75.7421875,5.2206425,"Okay, so I need to classify this GitHub issue about tensors in the training step. Let me think through each part.

First, ""Backward"" makes me think of something that's not working correctly. Maybe it's a bug or an error. But wait, it's specifically about tensors, which are data structures used in machine learning models. So maybe it's more than just a backward issue; it's related to how the tensors are being handled.

Next, ""on"" suggests that there's something wrong with the tensors inside the training step. Training steps usually involve operations like forward propagation and backpropagation. If something is going wrong here, it could be an error or a bug in those operations.

Then, ""inside training_step."" That phrase indicates that the problem is within the process of running the training loop. So maybe there's an issue with how data is being fed into the model or how computations are happening during training.

Putting it all together: It's about tensors not working correctly during training. The term ""backward"" might imply a problem in computation, but since it's specifically inside the training step, it's more about the operations within that phase rather than just backward errors overall.

Looking at the possible labels: bug, feature, question, won't fix, docs. I don't think it's a feature because there's nothing new being introduced; it's an issue with how tensors are handled during training. It's not a question or a task to fix, so those labels probably don't fit. ""Docs"" doesn't seem right either.

So the best label here is ""bug."" The mention of tensors in the training step suggests that there's a specific bug related to tensor handling within that context.
",1,0,0,0,0
How can I integrate shuffling BN (in MoCo) with PTL?,0,0,0,1,1,"{'bug': 0, 'feature': 3, 'question': 0, ""won't fix"": 0, 'docs': 0}",8.44796085357666,2305,76.203125,6.4299398,"Okay, so I need to classify this GitHub issue text into one of the given categories: bug, feature, question, won't fix, or docs. The text is ""How can I integrate shuffling BN (in MoCo) with PTL?"" 

First, let me break down what each label means:

- **Bug**: This would be if someone is reporting a problem that's not fixed yet.
- **Feature**: If the issue is about adding or improving something new.
- **Question**: If it's asking for information or clarification on an existing feature or bug.
- **Won't fix**: If the issue suggests that the problem can't be solved right now.
- **Docs**: If it's a request for documentation, like explaining how to use something.

Looking at the text again: ""How can I integrate shuffling BN (in MoCo) with PTL?"" It seems like someone is asking for help on integrating two components. They're not reporting a bug or feature but are seeking assistance. So this doesn't fit into bug, feature, question, won't fix, or docs.

Wait, maybe ""feature"" isn't the best choice here because it's about adding something, and this is more of an integration request rather than a new feature. Similarly, ""question"" could be applicable if they're seeking information on how to do something, but in this case, it's asking for help, not seeking details.

So, considering all that, the text doesn't fit into any of the specified labels except maybe **feature**, but I'm not sure because it's more about integration than adding a new feature. Alternatively, since they're asking for help, perhaps it's better to consider it as a question or won't fix? But ""won't fix"" would imply that the problem can't be fixed right now, which isn't indicated here.

I think the best fit is **feature**, but I'm still a bit unsure because it's more about integration than adding a new feature. Maybe I should go with **feature** as the primary classification.
",0,1,0,0,0
Use only one of the optimizers as warm-up ,0,0,0,1,1,"{'bug': 0, 'feature': 0, 'question': 0, ""won't fix"": 1, 'docs': 0}",4.916925668716431,2312,76.20703125,2.8833015,"Okay, so I need to classify this text into one of the given labels: bug, feature, question, won't fix, or docs. Let me read through it carefully.

The text is ""Use only one of the optimizers as warm-up."" Hmm, that sounds like a programming instruction. It's talking about using an optimizer in code optimization, which is a common task in software development. 

Now, looking at the labels: bug refers to issues or problems, feature is something new or intended for improvement, question asks for information, won't fix indicates it can't be done, and docs are documentation related.

The text doesn't mention any bugs or features; it's more about a programming task. It also isn't asking for anything specific like a solution or explanation. Instead, it's telling someone to use an optimizer correctly as part of their warm-up process. 

So, the best fit here would be ""won't fix"" because it's indicating that the task can't be done properly without issues.
",0,0,0,1,0
How to disable model summary?,0,0,0,1,0,"{'bug': 0, 'feature': 0, 'question': 2, ""won't fix"": 0, 'docs': 0}",7.63529109954834,2305,76.68359375,5.6145942,"Okay, so I need to classify this text about disabling a model summary into one of the given categories: bug, feature, question, won't fix, or docs. Let me break it down.

First, the text is asking how to disable model summary. That sounds like a specific instruction on how something should be done. So, if I think about classification tasks, this seems more like a task than just a label. It's not just identifying what kind of thing there is—it's about knowing how to do it.

Looking at the labels: bug refers to issues or problems that need solving, feature is about adding new functionalities, question is about inquiries or requests, won't fix is when something can't be done, and docs are documentation related. The text isn't a description of an issue; it's more like a command or instruction.

So, since the task is about how to disable model summary, which involves providing instructions on doing so, this doesn't fit neatly into any of the provided labels except maybe 'won't fix' if someone can't do it. But I think the primary classification here is that it's a question because it's seeking an action.

Wait, but sometimes tasks are classified based on what they're about rather than how you get there. So even though it's asking for instructions, the task itself is about providing those instructions, which falls under 'won't fix' if someone can't do it. But I'm not sure if that's the best fit.

Alternatively, maybe it's a feature request because it's seeking to disable something. But again, the text isn't just a description of what you're doing; it's more about knowing how to do it.

I think the safest answer is 'question' because it's asking for an action, which is a type of question in classification tasks.
",0,0,1,0,0
More Details about Distributed Data Parallel Random Seed,0,0,0,1,1,"{'bug': 1, 'feature': 1, 'question': 0, ""won't fix"": 0, 'docs': 0}",7.435791730880737,2305,76.78515625,5.4097817,"Okay, so I need to classify this text into one of the given categories: bug, feature, question, won't fix, or docs. Let me read through it carefully.

The text is ""More Details about Distributed Data Parallel Random Seed."" Hmm, that's a bit vague. It mentions something called ""Distributed Data Parallel Random Seed,"" which sounds like it's related to some kind of data processing or parallel computing feature. 

I'm not entirely sure if this is a bug because I don't have specific information about what the user is trying to fix. It could be a question, but without more context, it's hard to tell. The term ""random seed"" makes me think it might be related to reproducibility or setting up something randomly, which could be part of a feature or documentation.

Wait, maybe I should consider if this text is providing information that would help someone fix an issue. If the user is trying to set up distributed data parallel with a random seed, perhaps they're encountering a bug in their code. That might make it a bug classification because it's about something that isn't working correctly.

Alternatively, could it be part of documentation? Maybe the text is explaining how to use or configure a feature, which would fall under docs. But I'm not sure if that's the best fit here since it doesn't clearly state what needs to be fixed.

I think the most likely classification here is ""bug"" because it's about something that isn't working as expected, possibly causing issues in their code. It could also be part of a feature or documentation, but without more context, I'm leaning towards bug.
",1,1,0,0,0
"return ""val_loss"" in validation step and ""avg_val�_loss"" from validation_epoch_end in trainer ",0,0,0,1,1,"{'bug': 0, 'feature': 0, 'question': 0, ""won't fix"": 0, 'docs': 1}",7.1482391357421875,2305,78.97265625,5.0879184,"Okay, so I need to classify this text about GitHub issues into one of the given categories: bug, feature, question, won't fix, or docs. Let me read through it carefully.

The text says, ""return 'val_loss' in validation step and 'avg_val__loss' from validation_epoch_end in trainer."" Hmm, that's a bit confusing. I know that in machine learning, especially with models trained on datasets, there are different loss functions used during training and evaluation.

""val_loss"" probably refers to the validation loss, which is a measure of how well the model is performing on unseen data. ""avg_val__loss"" sounds like an average of some kind of loss value, maybe from multiple batches or steps in the validation process. The mention of ""trainer"" makes me think this is related to training parameters or configurations.

Now, looking at the possible labels: bug, feature, question, won't fix, docs. I'm not sure how these relate here. A bug would be something that's problematic in a system, but this text isn't talking about any issues or problems. It's more about metrics and training aspects.

A feature might refer to an aspect of the model or its components, which doesn't seem to fit. A question could imply someone asking for clarification, which isn't what this text is saying. ""Docs"" would be related to documentation or resources, but again, not directly relevant here.

So, putting it all together, I don't see any connection between the text and these labels. It's more about metrics used during model evaluation rather than describing a bug, feature, question, etc. Therefore, none of the provided labels seem to best describe this text.
",0,0,0,0,1
Trainer docs,0,1,0,0,0,"{'bug': 2, 'feature': 2, 'question': 2, ""won't fix"": 2, 'docs': 6}",8.423502206802368,2303,77.59375,6.3804124,"Okay, so I need to classify the given text ""Trainer docs"" into one of the provided categories: bug, feature, question, won't fix, or docs. Let me break this down step by step.

First, I should understand what each label means in the context of GitHub issues. 

- **Bug**: This usually refers to a problem that needs fixing.
- **Feature**: This is about adding new functionalities or improving existing ones.
- **Question**: This might be about seeking information or clarifying something.
- **Won't fix**: This could mean the issue can't be resolved by the current team.
- **Docs**: This likely relates to documentation issues.

Now, looking at ""Trainer docs"". The word ""trainer"" suggests it's related to a specific user or project. The phrase ""docs"" directly points towards documentation-related issues. So, this seems like a documentation issue rather than a bug, feature, question, or won't fix.

I should also consider if there are any other possible labels that might apply here. Since the text is about documentation, it's more specific to the docs category. It doesn't seem to fit into any of the other categories because it's not about a problem needing fixing (bug), adding new features (feature), seeking information (question), or issues related to documentation itself.

Therefore, the most appropriate label for ""Trainer docs"" is **docs**.
",1,1,1,1,1
Collect all  losses into a list?,0,0,0,1,0,"{'bug': 0, 'feature': 3, 'question': 0, ""won't fix"": 0, 'docs': 0}",13.929047584533691,2303,77.70703125,11.9082022,"Okay, so I need to classify this text about GitHub issues using the labels provided. Let me read through it again carefully.

The text says, ""Collect all losses into a list?"" Hmm, that's interesting. So they're talking about collecting something called ""losses"" and putting them into a list. Now, what does ""losses"" mean in this context? I'm not entirely sure, but I think it might relate to bugs or issues on GitHub.

Looking at the possible labels: bug, feature, question, won't fix, docs. Let me go through each one to see which fits best.

First, is it a bug? Well, if they're talking about collecting losses into a list, maybe that's related to tracking problems or issues. But I'm not sure if ""losses"" specifically refers to bugs or something else.

Next, feature. That doesn't seem right because the text isn't discussing any new features on GitHub; it's more about how users are handling their issues.

Then, question. The text is asking a question: ""Collect all losses into a list?"" So maybe they're seeking help with this task. But I'm not sure if that makes them a question label or something else.

The next option is won't fix. That suggests that the issue can't be resolved by someone. Again, without more context, it's hard to tell if ""losses"" refers to something that can't be fixed or what they're trying to collect.

Lastly, docs. That would mean they're referring to documentation related to the issues. But again, I'm not sure how this ties into collecting losses into a list unless there's some underlying documentation about bugs or features.

Wait, maybe ""losses"" here refers to something that can be tracked and collected, like bug reports or feature requests. If that's the case, then it might fall under the category of tracking issues, which isn't explicitly listed as one of the labels. But since the options are bug, feature, question, won't fix, docs, I need to see if any of these fit.

Alternatively, maybe ""losses"" is a term used in GitHub's issue system where they track certain metrics or problems. If that's the case, then it could be considered as tracking bugs or features, but again, the labels don't include that.

I'm also thinking about whether this text is seeking help with something, which would make them a question label. But I'm not sure if ""collect all losses into a list"" is a typical task someone would ask for help with.

Another angle: maybe it's related to feature requests or bug reports. If they're asking how to collect issues, that could be seen as seeking help, but again, the labels don't include that.

I'm also considering if ""losses"" refers to something else entirely, like a metric or a specific type of issue. Without more context, it's challenging to pin down exactly which label fits best.

Perhaps I should look at each label one by one:

1. Bug: If collecting losses into a list is about tracking bugs or issues, then yes.
2. Feature: Doesn't seem relevant unless there's some feature related to this task.
3. Question: The text is asking for help, so maybe that's the case here.
4. Won't fix: If it's impossible to fix something, but again, without context, unsure.
5. Docs: If referring to documentation about issues, which isn't clear.

Given all that, I think ""feature"" might not be right because it's more about how users are handling their issues rather than features on GitHub. ""Question"" seems possible since they're seeking help with a task. But I'm still uncertain because the labels don't include tracking bugs or features in this context.

Maybe I should consider that collecting losses into a list could be part of a feature request, but again, it's not explicitly stated.

I think I'll go with ""feature"" as the label because they're asking for help with a task related to issues on GitHub. But I'm still a bit unsure because the labels don't cover all possibilities.
",0,1,0,0,0
codecov doesn't respect ignore,1,0,0,0,0,"{'bug': 2, 'feature': 1, 'question': 2, ""won't fix"": 1, 'docs': 1}",8.156280040740967,2303,76.27734375,6.1189692,"Okay, so I need to classify the given text into one of the provided labels: bug, feature, question, won't fix, or docs. Let me start by reading the text carefully.

The text is ""codecov doesn't respect ignore."" Hmm, that's a bit confusing at first glance. The word ""ignore"" seems out of place here. I'm thinking maybe it's trying to say something about codecov not respecting certain actions or features. But without more context, it's hard to tell exactly what the user is referring to.

Let me break it down sentence by sentence. First, ""codecov doesn't respect ignore."" The main part is ""doesn't respect ignore,"" which could mean that codecov isn't following some rules or guidelines related to ignoring certain tasks or features. But I'm not sure if that's a bug, feature, question, won't fix, or docs.

If it were about bugs, maybe the issue was with codecov not respecting something. If it were a feature, perhaps the feature wasn't being respected by codecov. A question could be about why codecov isn't respecting ignore. ""Won't fix"" might imply that codecov can't handle certain issues or features. And ""docs"" would relate to documentation or information.

But without more context, I'm not sure which label fits best. Maybe the user is referring to a feature in codecov where ignoring certain tasks isn't allowed, making it a bug. Alternatively, if they're asking about why ignore doesn't work, that could be a question. Or maybe they're suggesting that codecov won't fix something related to ignore.

I think I need more information or context to accurately classify this text. Without knowing what ""ignore"" refers to in the context of codecov, it's challenging to determine which label applies best.
",1,1,1,1,1
Incorrect Implementation for Accumulating Batch Gradients in Trainer,1,0,0,0,0,"{'bug': 2, 'feature': 0, 'question': 0, ""won't fix"": 0, 'docs': 0}",7.517637491226196,2303,77.36328125,5.4816636,"Okay, so I need to classify this text about GitHub issues into one of the given categories: bug, feature, question, won't fix, or docs. Let me read through it again.

The text is: ""Incorrect Implementation for Accumulating Batch Gradients in Trainer""

Hmm, that's a bit technical. It mentions something about accumulating gradients in a trainer. I'm not exactly sure what that refers to, but the key part is that there's an issue with how gradients are being accumulated. 

So, first off, it's talking about a problem in accumulating gradients. Accumulating gradients usually relates to training models in machine learning. If someone can't accumulate them correctly, maybe they're having trouble training their model effectively.

Now, looking at the possible labels: bug, feature, question, won't fix, docs. Let me think about each one.

- Bug: This would mean that there's a problem or issue that needs fixing. The text does mention an incorrect implementation, which could be seen as a bug in how gradients are accumulated.
  
- Feature: A feature is something new introduced by the project. There's no indication here of any new features being added; it's more about a known issue.

- Question: This would imply that someone asked a question or had a specific problem. The text doesn't present this as a question but rather describes an issue with a known part of the code.

- Won't fix: This label suggests that the project refuses to address the issue. However, there's no indication that the project is refusing; it's more about the nature of the bug.

- Docs: This refers to documentation or resources. The text doesn't mention any specific documentation issues related to gradients accumulation.

Putting this together, the main point is that there's a bug in how gradients are accumulated. So the best label would be ""bug.""
",1,0,0,0,0
What should I do if I don't have validation data and test data?,1,0,0,0,0,"{'bug': 1, 'feature': 1, 'question': 1, ""won't fix"": 1, 'docs': 1}",6.208993673324585,2304,78.03125,4.1603096,"Okay, so I need to classify this text about GitHub issues into one of the given categories: bug, feature, question, won't fix, or docs. Let me read through it again.

The text is: ""What should I do if I don't have validation data and test data?""

Hmm, that's a bit vague. It doesn't specify what exactly they're asking about. They mention not having validation data and test data, which makes me think about the setup of their project or issue. But without more context, it's hard to tell.

I know that ""bug"" refers to issues in code, but here it's talking about missing data. ""Feature"" would be something new or planned, which doesn't seem to fit. ""Question"" could be about seeking help, but the text is a statement rather than an inquiry. ""Won't fix"" sounds like a refusal, and ""docs"" are documentation related.

Since the text is addressing a problem with data setup without providing details on what's wrong or how to proceed, it doesn't fit into any of the specific categories listed. It seems more like a question about handling missing data rather than a classification task itself.
",1,1,1,1,1
Errata in the readme?,1,0,0,0,0,"{'bug': 1, 'feature': 0, 'question': 0, ""won't fix"": 0, 'docs': 0}",6.461120128631592,2305,78.0390625,4.4172293,"Okay, so I need to classify this text about errata in a README into one of the given categories: bug, feature, question, won't fix, or docs. Let me break it down.

First, ""errata"" is a term that usually refers to corrections or fixes for something. In this case, it's related to a README file, which is a documentation file used in software development. So the issue here is about correcting or fixing something in the README.

Now, looking at the possible labels: bug, feature, question, won't fix, docs. Let me think about each one.

- Bug: That would mean it's a problem that needs to be fixed. But errata are more about corrections than problems.
- Feature: Features are usually new functionalities or improvements. This isn't introducing anything new; it's just fixing an existing issue.
- Question: This seems off because the text is not posing a question but rather describing an issue and its correction.
- Won't fix: That would imply that the person can't handle it, which doesn't fit here since we're correcting it.
- Docs: Docs usually refers to documentation. While this is about documentation, errata are more specific to corrections in the README itself.

So, none of these labels perfectly fit ""errata in the readme?"" except maybe ""docs,"" but that's too broad. The most accurate label would be ""bug"" because it's a correction or fix for an existing issue.
",1,0,0,0,0
AttributeError: 'xxx' object has no attribute 'tng_dataloader' continued...,1,0,0,0,0,"{'bug': 1, 'feature': 1, 'question': 1, ""won't fix"": 1, 'docs': 1}",8.12094497680664,2305,77.65234375,6.0766156,"Okay, so I'm trying to figure out how to classify this GitHub issue text. The task is about classifying issues related to github, specifically categorizing them into bug, feature, question, won't fix, or docs. 

The text provided is: ""AttributeError: 'xxx' object has no attribute 'tng_dataloader' continued..."". Hmm, that looks like a traceback message from Python. It's trying to access an attribute called 'tng_dataloader', which doesn't exist.

Now, I need to see how this relates to the classification labels. Let me go through each label one by one:

1. **Bug**: This would be if something is broken or not working as expected. The traceback here seems unrelated because it's about accessing an attribute that doesn't exist. It's more about a programming error than a bug in the system.

2. **Feature**: Features are new functionalities introduced by GitHub. Again, this message isn't about introducing any new feature; it's about a specific error in code execution.

3. **Question**: This would be if someone is asking for help with their issue. The text here doesn't seem to be an attempt to ask for assistance or provide information on how to fix the problem.

4. **Won't fix**: This label suggests that the system can't handle the request, perhaps because it's too complex or not designed for such cases. The traceback message is about a missing attribute, which isn't directly related to whether something won't be fixed.

5. **Docs**: This would involve providing documentation or information on how to use features. Again, this message doesn't seem to be related to generating or explaining documentation.

After going through each label, it seems none of them fit the context of the traceback message provided. It's more about a programming error than any classification in the given labels. So, I think the best answer is that none of these labels apply to the text.
",1,1,1,1,1
Recursive device conversion of tuple,1,0,0,0,0,"{'bug': 1, 'feature': 1, 'question': 0, ""won't fix"": 0, 'docs': 0}",6.70587682723999,2305,78.22265625,4.6645062,"Okay, so I need to classify this text about a recursive device conversion of a tuple into one of the given labels: bug, feature, question, won't fix, or docs. Let me break it down.

First, the text is talking about converting a tuple recursively in a device. That sounds like something that might be related to programming issues or problems with how data structures are handled. So maybe it's a bug because there could be unexpected behavior or errors when trying to convert tuples recursively.

But wait, sometimes developers make mistakes in their code, which can lead to bugs. However, this text isn't just about making a mistake; it's about fixing the issue by converting the tuple recursively. That makes me think it's not a bug but more like a feature because it's an improvement or solution that others might use.

Alternatively, maybe it's a question if someone is confused about how to do this conversion correctly. But I'm not sure if that's the best fit here. It seems more like a task that developers would perform rather than something that needs classification as a bug or feature.

I also need to consider if there are any other labels that might apply better. ""Won't fix"" doesn't seem right because it implies that the issue can't be resolved, which isn't the case here. ""Docs"" is about documentation, but this text isn't discussing anything related to documentation.

So after thinking through all these points, I think the best classification for this text would be a feature because it's an improvement or solution that others might adopt.
",1,1,0,0,0
'tng_loss' vs 'loss' in in training_step,0,0,0,1,0,"{'bug': 0, 'feature': 1, 'question': 0, ""won't fix"": 1, 'docs': 0}",9.10347604751587,2305,78.23828125,7.0653517,"Okay, so I need to classify this text into one of the given categories: bug, feature, question, won't fix, or docs. Let me read through it again carefully.

The text is ""tng_loss"" vs ""loss"" in training_step."" Hmm, that's a bit confusing. First, I should figure out what each part means. 

""tng_loss"" sounds like it might be an abbreviation for something related to loss functions or metrics. Maybe it stands for ""total node loss""? Or perhaps it's a typo and should be ""node loss""? On the other hand, ""loss"" is definitely a common term in machine learning referring to how well the model is performing.

Now, looking at the context: it's comparing two terms—""tng_loss"" vs ""loss""—and they're talking about them in relation to training_step. Training_step usually refers to an iteration or epoch of a neural network model being trained on data. So, this text seems to be discussing how these loss-related metrics are being tracked during training.

So, breaking it down: the first part is comparing two loss terms, and the second part is talking about their usage in the context of training. Since the task is classification of GitHub issues related to the classification of github issues, I need to see which labels fit best.

""tng_loss"" might be a specific metric or term used by someone working on a feature or bug. ""loss"" is a standard term that's part of the classification process. The context here seems like it's about comparing different loss metrics during training, which could relate to understanding how features are implemented or if there are bugs in the implementation.

Given that, I think this text is more about analyzing and comparing loss functions rather than classifying issues. It doesn't seem to be a bug report, feature request, question, or something related to documentation. So, it might fall under ""won't fix"" because it's not clear if there are bugs in the implementation of these metrics.

Wait, but I'm not entirely sure. Maybe someone is trying to figure out why certain loss terms aren't working correctly during training. That could indicate a bug or an issue with how features are implemented. But without more context, it's hard to say for sure.

I think the best labels here would be ""won't fix"" because it's about comparing different metrics and possibly identifying issues in their implementation. It doesn't fit neatly into any of the other categories as clearly as I thought.
",1,1,0,1,0
Non plain-tensor batches,1,0,0,0,0,"{'bug': 1, 'feature': 1, 'question': 1, ""won't fix"": 1, 'docs': 1}",7.4629576206207275,2305,77.90234375,5.4133286,"Okay, so I need to classify the given text ""Non plain-tensor batches"" into one of the provided labels: bug, feature, question, won't fix, or docs. Let me break this down step by step.

First, I'll look at the text itself. It says ""Non plain-tensor batches."" Plain tensors are a common data structure in machine learning and deep learning models, so non-plain tensors must be something more complex or different from that. The word ""non"" suggests it's not just any tensor but perhaps something else entirely.

Now, considering each label:

1. **Bug**: This would imply there's an issue or problem with the text. But the text is about a data structure, so this doesn't seem right.
2. **Feature**: Features are usually components of models or systems. The term ""non plain-tensor batches"" doesn't directly relate to features.
3. **Question**: A question would require more context and specific information. Here, it's just describing a type of tensor batch.
4. **Won't fix**: This suggests the text is about something that can't be fixed or addressed. Again, this seems out of place for a description of a data structure.
5. **Docs**: Documentation refers to resources or information, which isn't what ""Non plain-tensor batches"" describes.

After evaluating all options, none seem to fit perfectly. The text doesn't describe a bug, feature, question, won't fix, or documentation issue. It's more about the type of data structure it's talking about. So, I think the best classification here is **None**, meaning it doesn't fall into any of the specified categories.
",1,1,1,1,1
Install within conda env breaks,1,0,0,0,0,"{'bug': 2, 'feature': 0, 'question': 0, ""won't fix"": 0, 'docs': 0}",7.422911167144775,2305,78.33203125,5.3802198,"Okay, so I need to classify the given text about installing within a Conda environment breaking into one of the categories: bug, feature, question, won't fix, or docs. Let me break this down step by step.

First, I'll read the text carefully: ""Install within conda env breaks."" The main issue here is that installing something in a Conda environment isn't working as expected and causes an error or problem.

Now, let's look at each possible label:

1. **Bug**: This would mean there's a problem that needs fixing. If the installation isn't working correctly, it could be considered a bug because it affects how things are supposed to work.

2. **Feature**: A feature is something new or intended for improvement in the software. The text doesn't mention anything about adding a new feature; instead, it's about an issue with existing functionality.

3. **Question**: This would imply that someone is asking a question about the situation. However, the text isn't presenting a query but rather stating a problem.

4. **Won't fix**: This label suggests that the system or method won't address the issue. If installing within Conda doesn't work, it might be seen as not being able to fix it, which could fit here if the user is frustrated and wants help.

5. **Docs**: This refers to documentation related to the software. The text isn't providing any information about how to fix this issue or where to find solutions; it's just stating a problem.

Considering all these points, ""bug"" seems like the most appropriate label because the issue is reporting a problem that needs fixing. While ""won't fix"" could be relevant if the user is frustrated and seeking assistance, ""docs"" doesn't seem applicable here since there's no mention of documentation or solutions.
",1,0,0,0,0
How to save model name with my own variable?,0,0,0,1,0,"{'bug': 0, 'feature': 1, 'question': 0, ""won't fix"": 0, 'docs': 0}",6.702929973602295,2303,78.33203125,4.6445192,"Okay, so I need to classify this text about saving a model name using a custom variable into one of the given categories: bug, feature, question, won't fix, or docs. Let me break it down.

First, the text is asking how to do something—specifically, how to save a model's name with a variable that isn't predefined. That sounds like a problem someone might have when working on machine learning projects because they often need specific parameters for their models. So, maybe this is a feature or a bug?

Wait, if it's about saving a model name using a custom variable, I'm not sure if that's considered a bug or just a feature. It could be part of the process someone uses to fix an issue, so perhaps it's a feature. But sometimes, when you're trying to solve a problem, you might encounter issues like this, which are features rather than bugs.

Alternatively, maybe it's not a bug because there isn't a known issue with saving model names using custom variables. It could be more of a feature that developers use to customize their code. So, I'm leaning towards classifying it as a feature.

I should also consider if it falls under docs. But the text is about a specific task, not providing information on how to do something else. It's more like an instruction than documentation. So, probably not docs.

Putting it all together, the classification would be ""feature"" because it's describing a method or technique used by developers to fix their issues.
",0,1,0,0,0
"When running single_gpu_node_dp_template.pj, missing 'dp' or 'ddp' param",1,0,0,0,0,"{'bug': 2, 'feature': 0, 'question': 0, ""won't fix"": 2, 'docs': 0}",9.044205904006958,2303,78.6640625,6.9909677,"Okay, so I need to classify this GitHub issue based on the task of classifying github issues into categories like bug, feature, question, etc. The text says, ""When running single_gpu_node_dp_template.pj, missing 'dp' or 'ddp' param."" 

First, let me break down what's happening here. They're trying to run a piece of code, specifically the file `single_gpu_node_dp_template.pyj`, and they're encountering an error when it comes across the parameters 'dp' or 'ddp'. The error message is about missing these parameters.

Now, I need to figure out which category this falls into: bug, feature, question, won't fix, docs. Let's go through each possibility.

1. **Bug**: A bug is a problem that needs fixing. Here, the issue is about not having certain parameters in their code, so it seems like they're facing an error when running their code. This could be considered a bug because it's preventing them from completing their task effectively.

2. **Feature**: Features are new functionalities or improvements. The text doesn't mention anything about adding new features; instead, it's about missing parameters in existing code. So this might not fit under feature classification.

3. **Question**: Questions would be something like ""How can I fix this?"" but the issue here is more about an error occurring during execution rather than seeking a solution. So maybe not a question.

4. **Won't fix**: This label suggests that the system or tool won't handle the task at hand. The text clearly states they're missing parameters, which indicates a problem with their code execution. This seems like it could be classified as ""won't fix"" because it's about the inability to run their code.

5. **Docs**: Documentation is information provided to help users understand something. The issue here isn't related to documentation; it's about an error in code execution, so this doesn't fit.

So, considering all these points, the text describes a bug because of missing parameters and also indicates that the system won't fix the task due to this error. Therefore, both ""bug"" and ""won't fix"" seem appropriate labels for this classification.
",1,0,0,1,0
Question about multiple optimizers and lr schedulers?,0,0,0,1,0,"{'bug': 0, 'feature': 0, 'question': 1, ""won't fix"": 0, 'docs': 0}",6.42668080329895,2303,78.875,4.3891959,"Okay, so I need to classify this text into one of the given categories: bug, feature, question, won't fix, or docs. Let me read it again carefully.

The text is: ""Question about multiple optimizers and lr schedulers?""

Hmm, that sounds like someone is asking a question. They're talking about something related to optimizers and learning rate schedulers in machine learning models. I'm not sure if this is a bug or feature, but since they're just asking for information, it might be considered a feature because features are usually things you can change or add to a system.

Wait, but the options don't include ""feature"" as an option. The labels given are bug, feature, question, won't fix, docs. So I have to choose from those five. Since they're asking about something that others might want to know, maybe it's a question. But I'm not entirely sure.

Alternatively, if the text is just providing information without any specific issues or problems, then it could be considered an issue. But again, the options don't include ""bug."" So between question and feature, but since there's no feature label, perhaps it's best to go with ""question.""

I'm a bit torn because sometimes questions can lead to bugs if not handled properly, but in this context, I think it's more about seeking information than causing problems. So I'll classify it as a question.
",0,1,1,0,0
Trainer track_grad_norm always results in 0,1,0,0,0,0,"{'bug': 1, 'feature': 1, 'question': 1, ""won't fix"": 1, 'docs': 1}",9.283206701278687,2303,78.078125,7.2259014,"Okay, so I need to classify this text about GitHub issues into one of the given categories: bug, feature, question, won't fix, or docs. Let me read through the text again carefully.

The text says, ""Trainer track_grad_norm always results in 0."" Hmm, that's a bit confusing at first glance. I know that grad_norm is related to gradients and normalization in machine learning models, but I'm not sure how it connects to GitHub issues or features.

First, let me break down the sentence. ""Trainer"" could refer to someone who uses GitHub, maybe an assistant or developer. ""track_grad_norm always results in 0."" So they're tracking something called track_grad_norm and it's always giving zero. I'm not sure what that means exactly. Maybe it's a specific metric or function within the codebase?

Now, considering the possible labels: bug, feature, question, won't fix, docs. Let me think about each one.

- Bug: This would mean something is wrong in the code. But here, we're talking about a result from a computation (grad_norm), not an issue with the code itself.
  
- Feature: Features are components of a system or model. Again, this seems more like a metric than a feature of the system.

- Question: This would imply that someone is asking for clarification. The text doesn't seem to be presenting a question; it's describing what's happening in the codebase.

- Won't fix: This suggests that something isn't going to be fixed or resolved. But again, this seems more about the outcome of an operation rather than a feature or bug.

- Docs: Documentation refers to information provided about a system or product. The text doesn't mention any documentation; it's just talking about a computation result.

So, none of these labels seem to fit perfectly. It's not a bug because there's no issue being reported. It's not a feature because it's not part of the codebase. It's not a question because it's describing an outcome rather than something someone is asking for. It doesn't fall under won't fix because that would imply a lack of resolution, which isn't indicated here.

Therefore, I think this text doesn't fit into any of the provided labels. Maybe it's meant to be classified as ""None"" or not applicable since none of the categories accurately describe the content.
",1,1,1,1,1
Missing metrics on Tensorboard,1,0,0,0,0,"{'bug': 0, 'feature': 0, 'question': 0, ""won't fix"": 2, 'docs': 2}",8.763777017593384,2303,78.625,6.7145204,"Okay, so I need to classify the given text into one of the provided labels for GitHub issues. The task is to determine what kind of issue or problem exists in the provided text.

The text given is ""Missing metrics on Tensorboard."" Let me break this down. First, ""Tensorboard"" is a common tool used in machine learning and deep learning projects. It's often associated with visualizing model performance during training. The term ""metrics"" refers to measures used to evaluate the performance of a model.

So, putting it together, the text mentions that there are missing metrics on Tensorboard. This suggests that something isn't being tracked or measured properly in the project. Since metrics are crucial for evaluating models and understanding their performance, the absence of these metrics implies an issue with how the metrics are being tracked or recorded.

Looking at the possible labels: bug, feature, question, won't fix, docs. Let's consider each one:

1. **Bug**: This would imply that there is a problem in the code itself. However, the text doesn't mention any bugs; it's more about missing metrics.
   
2. **Feature**: Features are aspects of the system or model being developed. The absence of metrics isn't directly related to features.

3. **Question**: This label suggests that someone is asking for clarification or information. The text doesn't present a question but rather describes an issue with existing metrics.

4. **Won't fix**: This implies that the project or tool won't handle the problem. Again, the text doesn't mention anything about not being able to fix it; instead, it's about missing metrics.

5. **Docs**: Documentation refers to information provided about the system. The text discusses metrics on Tensorboard but doesn't provide documentation for how these metrics are tracked or used.

After evaluating all options, none of them perfectly fit ""Missing metrics on Tensorboard."" It's more about an issue with tracking metrics rather than a bug, feature, question, won't fix, or lack of documentation. Therefore, the best labels to classify this text would be **docs** and **won't fix**, as they relate to the absence of proper tracking mechanisms.
",0,0,0,1,1
Broken link in Examples readme,1,0,0,0,0,"{'bug': 0, 'feature': 0, 'question': 2, ""won't fix"": 0, 'docs': 2}",5.867162704467773,2303,78.6328125,3.8080321,"Okay, so I need to classify this text about a broken link in an Examples README file. Let me think through each label one by one.

First, ""bug."" Well, the text is talking about a problem with a link, which could be considered a bug because it's something that needs fixing or correction. But I'm not sure if that's the best fit here.

Next, ""feature."" The README file itself isn't related to any specific feature of the project. It's just a document containing information about the examples. So probably not a feature.

Then, ""question."" The text is asking about the broken link, which seems like an inquiry or question regarding how to fix it. That makes sense as a classification here.

""won't fix"" doesn't seem right because the task is to classify what's in the README file, not who will fix it. So that label might not apply.

Lastly, ""docs."" The text is about a README file, which is part of the documentation for the project. That fits well as a classification here.

So putting it all together, the best labels are ""question"" and ""docs.""
",0,0,1,0,1
Logger fails at scale,1,0,0,0,0,"{'bug': 0, 'feature': 1, 'question': 1, ""won't fix"": 2, 'docs': 0}",7.494768142700195,2303,78.03515625,5.4731824,"Okay, so I need to classify the given text ""Logger fails at scale"" into one of the provided labels: bug, feature, question, won't fix, or docs. Let me break this down step by step.

First, I'll look at what the text is about. It mentions a logger failing at scale, which suggests that something isn't working correctly when dealing with large amounts of data. The word ""fails"" here indicates a problem or an issue.

Now, considering the labels:

- **Bug**: This refers to a programming error or a defect in software. While this text is about a logging issue, it's more about a failure rather than a specific bug within the logger itself.
  
- **Feature**: Features are new functionalities added to a product. The text doesn't mention any new features; instead, it's discussing an existing problem with the logger.

- **Question**: This would be if someone asked a question or posed a query. Here, the text is presenting a problem, not posing a question.

- **Won't fix**: This label suggests that the issue can't be resolved easily. The logger failing at scale might indicate that it's inherently difficult to fix without major changes or updates.

- **Docs**: Documentation refers to information provided about a product or service. The text doesn't discuss any documentation related to the logger; instead, it's talking about its behavior.

Putting this together, ""Logger fails at scale"" is describing a problem with how a logger handles large datasets. It's not introducing a new feature but rather presenting an issue that needs addressing. Therefore, the most appropriate label here would be **won't fix**, as it implies that the problem can't be easily resolved without significant changes.
",0,1,1,1,0
Disable automatic checkpoint loading,0,0,1,0,0,"{'bug': 1, 'feature': 4, 'question': 1, ""won't fix"": 1, 'docs': 1}",10.18876600265503,2303,78.51953125,8.1180742,"Okay, so I need to classify the given text into one of the provided labels for GitHub issues. The task is to determine whether the text falls under ""bug,"" ""feature,"" ""question,"" ""won't fix,"" or ""docs."" 

The text provided is: ""Disable automatic checkpoint loading""

First, I'll break down what this sentence is saying. It mentions something about disabling an automatic checkpoint loading feature. Checkpointing is a common practice in software development to ensure that the code runs correctly after making changes. So, if someone is disabling this feature, they might be trying to optimize their code or reduce unnecessary computations.

Now, looking at the labels:

1. **Bug**: This refers to something that's broken or incorrect. If the issue was a bug related to checkpointing, then yes, it could fall under this label. However, the text doesn't mention any bugs; instead, it's about disabling an automatic feature.

2. **Feature**: Features are usually more general aspects of software development, like UI components or libraries. The text isn't discussing specific features but rather a particular action related to checkpointing.

3. **Question**: This would be if the user was asking for clarification or information on how to fix something. Since this is just stating an observation about disabling a feature, it doesn't seem to be a question.

4. **Won't fix**: This label suggests that the issue can't be fixed by the current approach. However, there's no indication that this feature isn't fixable; in fact, it might have been addressed before.

5. **Docs**: This refers to documentation or information about features. The text doesn't mention any documentation related to checkpointing, so this seems unlikely.

Putting it all together, the text is discussing a specific action (disable automatic checkpoint loading) without addressing bugs, features, questions, or whether it can be fixed. Therefore, none of the provided labels seem to best describe this text.
",1,1,1,1,1
Optimizer step hook missing param,1,0,0,0,0,"{'bug': 2, 'feature': 0, 'question': 0, ""won't fix"": 0, 'docs': 0}",6.503824710845947,2303,78.51953125,4.4757314,"Okay, so I need to classify the given text into one of the provided labels for GitHub issues. The task is to determine whether the text falls under ""bug,"" ""feature,"" ""question,"" ""won't fix,"" or ""docs."" 

The text provided is: ""Optimizer step hook missing param""

First, let me break down what this means. An optimizer step hook refers to a part of code where an optimization technique is applied during the training process of machine learning models. Missing a parameter in such a hook could indicate that there's a bug or issue with how the parameters are being handled.

Now, looking at the labels:

1. **Bug**: This would be if something was wrong and needs fixing.
2. **Feature**: If it's a new feature being introduced.
3. **Question**: If it's asking for information or clarification.
4. **Won't fix**: If the issue is so severe that it can't be addressed easily.
5. **Docs**: If it's related to documentation.

The text mentions an optimizer step hook missing a parameter, which suggests there's a problem with how parameters are being handled during optimization. This could indicate a bug because it's about the correctness or functionality of the code.

I don't see any indication that this is a feature request, question, or something unrelated like documentation. It seems more like an issue that needs fixing within the optimizer component.

So, putting it together, the best label for this text would be ""bug.""
",1,0,0,0,0
training_step is called once for each optimizer,1,0,0,0,0,"{'bug': 0, 'feature': 0, 'question': 0, ""won't fix"": 1, 'docs': 1}",6.727970838546753,2303,78.02734375,4.6831735,"Okay, so I need to classify this text into one of the given categories: bug, feature, question, won't fix, or docs. Let me read through it again carefully.

The text says, ""training_step is called once for each optimizer."" Hmm, what does that mean? Well, training_step refers to a specific step in an algorithm where data is processed and used to update model parameters. Each optimizer is an optimization method used during training—like Adam or SGD. So the text is talking about how many times this training step happens when using each optimizer.

Now, looking at the possible labels: bug, feature, question, won't fix, docs. Let's see which one fits best.

- Bug: That would mean something wrong in the code or implementation.
- Feature: This might imply that it's a new feature being added.
- Question: If this text is asking for information about a specific issue.
- Won't fix: Maybe indicating that the problem can't be resolved by current methods.
- Docs: Related to documentation.

The text isn't directly addressing any bugs or features. It's more about how many times a training step occurs with different optimizers. So it's not questioning anything, nor is it asking for information on a feature or won't fix. It's just describing the process of using optimizers in training steps.

Therefore, the best fit here would be ""docs,"" which refers to documentation or information about the topic.
",1,1,1,1,1
Multiple optimizers but only one loss,0,0,0,1,0,"{'bug': 0, 'feature': 0, 'question': 0, ""won't fix"": 1, 'docs': 0}",7.623886585235596,2303,78.4765625,5.5741878,"Okay, so I need to classify this text into one of the given categories: bug, feature, question, won't fix, or docs. Let me read through it again carefully.

The text is ""Multiple optimizers but only one loss."" Hmm, that sounds like something related to software optimization. There are multiple optimizers being used, which probably means they're trying to improve performance or efficiency. But there's only one loss, which might indicate a problem or an issue in the system.

Now, looking at the possible labels: bug, feature, question, won't fix, docs. I'm not sure if ""multiple optimizers"" is considered a bug because it's more about how things are optimized rather than a defect. It could be seen as a feature improvement, but maybe that's stretching it too far.

The mention of only one loss suggests there might be an issue or problem with the system, which could fit under the ""won't fix"" category. That makes sense because if multiple optimizers are trying to improve something without success, it might not be fixable easily. 

But I'm also thinking about whether this is related to documentation. The text doesn't seem to provide any information or context that would fall into the docs category. It's more of a technical description rather than an explanation or guide.

So, weighing all these options: bug seems too broad and not specific enough. Feature might be possible but feels like it could be misinterpreted. Question is too vague since there's no question being asked here. won't fix fits because multiple optimizers trying to improve without success. docs doesn't fit either.

I think the best classification here would be ""won't fix"" because it describes a situation where something isn't going to be fixed easily, which aligns with the idea of having multiple optimizers working on a single loss.
",0,0,0,1,0
dp training : bug  if the number of examples is not a multiple of the batchsize and not a multiple of gpu count,1,0,0,0,0,"{'bug': 2, 'feature': 0, 'question': 0, ""won't fix"": 0, 'docs': 0}",5.963889837265015,2303,78.48046875,3.9418424,"Okay, so I need to classify this GitHub issue text into one of the given categories: bug, feature, question, won't fix, or docs. Let me read through the text carefully.

The text says: ""dp training : bug if the number of examples is not a multiple of the batchsize and not a multiple of gpu count."" Hmm, that's a bit confusing. It starts with ""dp training"" which doesn't make much sense on its own. Maybe it's a typo or some placeholder? The main part is about bugs related to the number of examples being incompatible with batch size and GPU count.

So, the text seems to be discussing issues in a project where the number of examples isn't compatible with how they're using batch sizes and GPUs. That sounds like a bug because it's pointing out an issue or problem that needs fixing. The mention of not being a multiple suggests some kind of calculation or constraint violation, which is definitely a bug.

I don't see any references to features here, so I can rule those out. It doesn't seem like the text is asking for documentation either; it's more about identifying issues in the codebase. So, putting it all together, this seems to be a classification of a bug.
",1,0,0,0,0
Increment `global_step` at end of iter?,1,0,0,0,0,"{'bug': 0, 'feature': 0, 'question': 1, ""won't fix"": 0, 'docs': 0}",7.451902627944946,2303,78.6328125,5.40055,"Okay, so I need to figure out how to classify this text into one of the given categories: bug, feature, question, won't fix, or docs. The text provided is ""Increment `global_step` at end of iter?"".

First, let me break down what's in the text. It says ""Increment `global_step` at end of iter?"". So it's talking about something related to a step number being incremented at the end of an iteration. I'm not entirely sure what that refers to, but maybe it's part of some code or process.

Now, looking at the possible labels: bug, feature, question, won't fix, docs. Let me think about each one and see if they fit.

- Bug: A bug is a problem in software that needs fixing. But this text doesn't seem to describe a specific issue; it's more of an instruction or command.
  
- Feature: Features are improvements or new aspects added to software. Again, the text isn't describing any new features or improvements.

- Question: This seems like a question about something. The text is asking for an increment in a step number, which could be part of a larger problem-solving process.

- Won't fix: This label suggests that the system or method won't handle it. But without more context, I can't say for sure if this would fall into this category.

- Docs: Documentation refers to information about software. The text doesn't mention any documentation; it's just an instruction on how to increment a step number.

So, considering all these points, the most fitting label here is ""question"" because it's asking for an action (incrementing `global_step`) at the end of an iteration. It's not describing a bug or feature but rather a specific task that needs to be performed.
",0,0,1,0,0
"Having a low ""val_check_interval"" value with many workers in Dataloader leads to extrem overhead",1,0,0,0,1,"{'bug': 1, 'feature': 0, 'question': 0, ""won't fix"": 0, 'docs': 0}",7.429005861282349,2303,78.65625,5.3789888,"Okay, so I need to classify this GitHub issue text into one of the given categories: bug, feature, question, won't fix, or docs. Let me read through the text again carefully.

The text says: ""Having a low 'val_check_interval' value with many workers in Dataloader leads to extrem overhead."" Hmm, that's interesting. So they're talking about something related to performance issues in the Dataloader part of the code.

First, I should break down what each word means. ""Low val_check_interval"" suggests that the interval at which some check is performed isn't very long. ""Many workers"" probably refers to multiple users or contributors working on this task. The term ""extrem overhead"" indicates a significant increase in computational resources used, like time and memory.

Now, looking at the possible labels: bug, feature, question, won't fix, docs. Let's see which one fits best.

A bug would imply that there's an issue that needs fixing or correction. But here, it seems more about performance being affected by certain parameters. It's not just a problem with the code itself but how it affects performance metrics.

A feature might suggest something new or intended improvement, but again, this isn't introducing a new feature; it's analyzing existing issues.

A question could be if someone is asking for clarification, but the text doesn't seem to present that. It's more of an observation about performance impact.

""Won't fix"" suggests that the issue can't be resolved or fixed by the current team. But in this case, maybe they're trying to identify a problem and suggest improvements, so it might not fit here either.

Lastly, ""docs"" refers to documentation issues. The text doesn't mention any lack of documentation; instead, it's about performance metrics related to code functionality.

Putting it all together, the issue is analyzing how certain parameters affect performance, which seems like a bug because it's identifying an underlying problem that needs attention or correction.
",1,0,0,0,0
Problems loading model from metrics,1,0,0,0,0,"{'bug': 0, 'feature': 0, 'question': 1, ""won't fix"": 0, 'docs': 0}",7.427423477172852,2303,78.6796875,5.3847375,"Okay, so I need to classify this text about GitHub issues into one of the given categories: bug, feature, question, won't fix, or docs. Let me read through it again.

The text says, ""Problems loading model from metrics."" Hmm, that's a bit vague. It mentions problems with loading a model from metrics, but I'm not sure what exactly is being discussed here. 

First, let's break down the possible labels:

1. Bug: This would be if there was an actual bug in the code or something that needs fixing.
2. Feature: If it's about adding a new feature to the system.
3. Question: If someone is asking for help with a specific issue.
4. Won't fix: If the text suggests that the problem can't be fixed by anyone.
5. Docs: If it's related to documentation or resources.

The text here doesn't specify what's causing the problems. It just says ""problems loading model from metrics."" I'm not sure if this is about a bug in an existing feature, a new feature request, or something else entirely. 

Since it's talking about issues with loading a model from metrics, maybe it's related to how models are being loaded or processed. But without more context, it's hard to categorize it into one of the five labels.

I think this text might be more of a question than a bug because it's asking about something that isn't clearly defined yet. It could also be related to documentation if there were specific resources mentioned, but again, not sure.

So, I'm leaning towards it being a ""question"" because it's seeking clarification on how models are loaded from metrics. Alternatively, maybe it's part of the process for feature requests or something else that isn't explicitly stated.
",0,0,1,0,0
Training/Validation split in minimal example,0,0,0,1,0,"{'bug': 1, 'feature': 1, 'question': 1, ""won't fix"": 1, 'docs': 1}",6.57101845741272,2303,78.10546875,4.5210302,"Okay, so I need to classify this text about a GitHub issue into one of the given categories: bug, feature, question, won't fix, or docs. Let me read through it again.

The text is ""Training/Validation split in minimal example."" Hmm, that sounds like something related to machine learning or data science because it mentions training and validation sets. But wait, the task is about classifying GitHub issues, not ML models. So maybe I'm mixing things up here.

Let me think about each label one by one. ""Bug"" would be if there's a problem in the code that needs fixing. ""Feature"" would be if it's adding something new to the system. ""Question"" is if someone is asking for clarification or information. ""Won't fix"" sounds like it's saying the issue can't be resolved, which could relate to bugs. ""Docs"" are documentation related issues.

Looking at the text again: It's talking about a training/validation split in a minimal example. That doesn't seem directly related to any of these labels. Maybe I'm overcomplicating it. Perhaps the task is just general classification without specific details, so all labels apply? Or maybe none of them fit because it's not a bug, feature, question, etc.

Wait, could ""Training/Validation split"" be part of a documentation issue or something else? It doesn't seem to fit any of the given categories. So I think the best answer is that none of these labels apply.
",1,1,1,1,1
Fix readme for Pypi,1,0,0,0,0,"{'bug': 0, 'feature': 0, 'question': 0, ""won't fix"": 0, 'docs': 2}",7.357906103134155,2303,78.75,5.3027111,"Okay, so I need to classify the given text ""Fix readme for Pypi"" into one of the provided labels: bug, feature, question, won't fix, or docs. Let me break this down step by step.

First, I'll look at what the text is about. It says ""Fix readme for Pypi."" The readme file is a documentation guide that usually explains how to use something. In this case, it's related to Pypi, which I believe is a Python package or library. So, fixing the readme would mean correcting any issues or inaccuracies in the documentation.

Now, considering the labels:

- **Bug**: This refers to an issue that needs fixing. If the readme has errors or outdated information, this could be classified as a bug.
  
- **Feature**: Features are new functionalities or improvements. Fixing the readme doesn't directly add a new feature; it's more about correcting existing documentation. So, maybe not feature.

- **Question**: This is for questions that need clarification. The text isn't asking a question but rather providing instructions on how to fix something. So, probably not a question.

- **Won't fix**: This would be if the task is impossible or can't be done. Fixing the readme seems feasible and possible, so this might not apply here.

- **Docs**: Documentation refers to the information provided in the readme. Since the text is about fixing the documentation, it's related to the docs label.

Putting it all together, the text is addressing a task that involves correcting existing documentation, which falls under the docs category. It doesn't fit as a bug because there are no issues being fixed; rather, it's about improving the documentation. So, I think the best classification here is ""docs.""
",0,0,0,0,1
CometLogger does not implement name() and version() class methods,1,0,0,0,0,"{'bug': 0, 'feature': 0, 'question': 0, ""won't fix"": 1, 'docs': 0}",10.751236200332642,2303,78.75,8.6955548,"Okay, so I need to classify the given text into one of the specified labels: bug, feature, question, won't fix, or docs. Let me start by reading the text carefully.

The text says, ""CometLogger does not implement name() and version() class methods."" Hmm, that sounds like it's talking about a class method in Java. The word ""class"" here is used, which makes me think this is related to object-oriented programming.

Now, I need to determine what kind of classification this falls under. Let's go through each label one by one:

1. **Bug**: A bug usually refers to an issue that needs fixing or correction. This text doesn't seem to be a problem; it's more about the absence of certain methods in a class.

2. **Feature**: Features are new functionalities added to a product. The text isn't introducing anything new, just stating a limitation.

3. **Question**: A question would require an answer, but this is just describing a situation without asking for something specific.

4. **Won't fix**: This label suggests that the issue can't be addressed or fixed. While it's true that CometLogger doesn't implement name() and version(), the text isn't presenting a problem that needs fixing; it's more of an observation about its current state.

5. **Docs**: This refers to documentation related to the product. The text is not providing any information on how to fix this issue, so it doesn't seem to be related to documentation.

Putting it all together, the text isn't presenting a bug or feature but rather a limitation of an existing class method. It's more about describing what's not implemented than anything else. Therefore, none of the labels fit perfectly here. However, since ""won't fix"" is the closest in meaning, I might lean towards that label even though it doesn't fully capture the essence.

But wait, maybe I should consider if there's a better fit. Let me think again. The text isn't asking for an answer or providing information on how to fix something; it's just stating a fact about CometLogger not having certain methods. So, perhaps none of the labels are the best fit here. But since ""won't fix"" is the closest, I might have to go with that.

Alternatively, maybe it's better classified as a documentation issue because it's talking about class methods without providing any specific fixes or guidance on how to address them. That could make sense if the text was part of a larger documentation effort where users are aware of this limitation but don't know how to fix it.

In summary, while ""won't fix"" is somewhat relevant, it doesn't fully encapsulate the nature of the text. The best fit might be none of the above or perhaps ""feature"" if we consider that implementing name() and version() could be a new feature, but that's stretching it too far.
",0,0,0,1,0
K-fold cross-validation,0,0,0,1,0,"{'bug': 1, 'feature': 3, 'question': 1, ""won't fix"": 1, 'docs': 1}",11.574362993240356,2303,77.92578125,9.5433007,"Okay, so I need to classify the given text ""K-fold cross-validation"" into one or more of the provided labels: bug, feature, question, won't fix, docs. Let me break this down step by step.

First, understanding what each label means:

- **Bug**: This refers to issues that are problematic and can cause problems in a system.
- **Feature**: These are aspects of a system or product that contribute positively.
- **Question**: This is about seeking information or clarification on something.
- **Won't fix**: This indicates that the issue cannot be resolved easily.
- **Docs**: This refers to documentation related to issues.

Now, looking at the text ""K-fold cross-validation."" I know this is a method used in machine learning and data science for evaluating models. It involves splitting data into multiple parts to train and test the model repeatedly. 

So, what does this classification task require? The task is about classifying the given text according to the labels provided. Since the text discusses a specific method (K-fold cross-validation), it's more about the technique itself rather than the content of the issue or feature.

Let me consider each label:

1. **Bug**: This doesn't fit because K-fold cross-validation isn't an issue that causes problems; it's a method for evaluation.
2. **Feature**: It's not a feature but a method used to assess features.
3. **Question**: No, this is about seeking information, which isn't the case here.
4. **Won't fix**: This seems off because K-fold cross-validation can be used effectively and doesn't indicate it won't be fixed.
5. **Docs**: It's not related to documentation; it's a method for evaluation.

Therefore, none of these labels perfectly fit ""K-fold cross-validation."" The closest might be **feature**, but that's more about the aspects contributing positively rather than the method itself. Since the task is about classification and the text discusses a technique, maybe none are the best fits. However, if I have to choose, it doesn't seem to align with any of the provided labels except possibly ""feature"" in a broader sense.

Wait, but actually, K-fold cross-validation is a feature used for evaluation rather than an issue itself. So perhaps the closest label would be **feature**, even though it's more about the method than the content of the issue.

Alternatively, since it's not a bug or question, and doesn't fit into won't fix, maybe none are best. But I'm not sure if that's acceptable here because the task requires labels from the provided list.

I think the safest answer is to select **feature** as the label because K-fold cross-validation is a method used for evaluating features in machine learning models.
",1,1,1,1,1
RuntimeError: bool value of Tensor with more than one value is ambiguous,1,0,0,0,0,"{'bug': 1, 'feature': 0, 'question': 0, ""won't fix"": 0, 'docs': 0}",7.813107967376709,2303,77.984375,5.7713957,"Okay, so I'm trying to figure out how to classify this GitHub issue text. The task is about categorizing issues related togithub, specifically looking at the labels provided: bug, feature, question, won't fix, docs.

The text given is: ""Runtime: bool value of Tensor with more than one value is ambiguous""

Hmm, let's break that down. First, I need to understand what this line is saying. It looks like it's talking about a runtime error related to a tensor in PyTorch. The message says something about a bool value and the ambiguity of having more than one value.

Now, looking at the labels: bug, feature, question, won't fix, docs. I need to see which category this falls into.

""Runtime: ... ambiguous"" seems like it's talking about an error that occurs during runtime. So maybe it's a bug because it's causing a problem in how the code is executed.

But wait, the message isn't just stating an error; it's giving more context about what kind of error it is. It mentions ""bool value of Tensor with more than one value,"" which suggests something about data types or tensor operations that are problematic.

I'm not sure if this is a feature request because GitHub issues usually involve problems, but maybe it's related to a bug since the message is about an error in execution.

Alternatively, could it be a question? Maybe someone is confused about how to fix it, so they're asking for help. But I don't think that's the best fit here.

""Won't fix"" seems more like a request or a suggestion rather than a classification of the issue itself. It might indicate that the user isn't ready to fix it yet.

Lastly, ""docs"" could be related to documentation issues if there are unclear explanations in the codebase, but I don't have enough context here to say for sure.

Putting it all together, the text is talking about a runtime error caused by an ambiguous tensor operation. That sounds like it's causing a bug because of how the code runs. So, ""bug"" seems like the best fit.
",1,0,0,0,0
Model checkpoint is not working,1,0,0,0,0,"{'bug': 2, 'feature': 0, 'question': 0, ""won't fix"": 0, 'docs': 0}",5.82645058631897,2303,77.921875,3.7723557,"Okay, so I need to classify this text about a GitHub issue using the given labels: bug, feature, question, won't fix, docs. Let me read it again: ""Model checkpoint is not working."" Hmm, that's all there is.

First, what does each label mean? Bug – probably something wrong in the code or logic. Feature – maybe an improvement or new addition to the system. Question – if someone asked a question about it. Won't fix – if they can't resolve it. Docs – related to documentation.

The text says ""Model checkpoint is not working."" That sounds like there's a problem with the model, which might be a bug in the code. But I'm not sure if that's considered a feature or something else. It doesn't mention anything about features being added or questions asked. It's just stating an issue.

So, it's more likely a bug because it's pointing out a problem with the system itself. Features are new additions, which aren't mentioned here. The question part isn't applicable since there's no question asked. Docs would relate to documentation, but again, not relevant here.

I think the best label is ""bug."" It clearly states that something is wrong in the code or logic.
",1,0,0,0,0
versions after .5.2.1 do not print weights summary,1,0,0,0,0,"{'bug': 1, 'feature': 2, 'question': 1, ""won't fix"": 1, 'docs': 1}",9.540170192718506,2303,78.39453125,7.5066622,"Okay, so I need to classify this text into one of the given categories: bug, feature, question, won't fix, or docs. Let me read it again carefully.

The text is: ""versions after .5.2.1 do not print weights summary""

Hmm, that's a bit confusing at first glance. It starts with ""versions after .5.2.1"" and then says ""do not print weights summary."" I'm trying to figure out what this means in the context of GitHub issues.

First, let me break down the sentence. The main part is about versions being after a certain number (5.2.1) and not printing something related to weights summary. So it's talking about version numbers and some output from GitHub.

I know that GitHub issues are often categorized as bugs or features based on their content. But this text doesn't seem like a typical bug report or feature request. It's more about the behavior of GitHub when running certain commands, specifically after a specific version.

The phrase ""versions after .5.2.1 do not print weights summary"" suggests that something is happening with the versions and outputting some information. I'm thinking this could be related to how GitHub processes or displays version numbers, maybe in a command line context.

Since it's talking about GitHub commands and their outputs, it might be more of an issue related to documentation or how features are implemented. But I'm not sure if that falls under ""won't fix"" or something else.

Looking back at the possible labels: bug, feature, question, won't fix, docs. The text doesn't seem to describe a problem (bug) or a new feature being introduced (feature). It's more about how GitHub behaves when running certain commands after a specific version.

So maybe it's not a standard bug report but could be considered a documentation issue since it's talking about the output of GitHub commands. But I'm not entirely sure if that fits into any of the provided labels better than ""docs.""

Alternatively, perhaps it's more about how features are implemented or tested, which might relate to feature requests. But again, the text doesn't specify what exactly is being asked.

I think the best fit here would be ""docs,"" because it's discussing GitHub's behavior and output related to versioning and weights summary, which could fall under documentation or feature-related discussions.
",1,1,1,1,1
Training with DDP could fail at startup due to FileExistsError,1,0,0,0,0,"{'bug': 2, 'feature': 0, 'question': 0, ""won't fix"": 0, 'docs': 0}",6.625257253646851,2303,78.3984375,4.5765973,"Okay, so I need to classify this text into one of the given categories: bug, feature, question, won't fix, or docs. Let me read through it again.

The text is: ""Training with DDP could fail at startup due to FileExistsError""

Hmm, let's break that down. The main topic here seems to be about training using DDP and why it might fail. The issue mentioned is a FileExistsError, which I know can happen when a file doesn't exist or isn't being created properly.

So, the problem is related to something failing during training because of an error in creating a file. That makes me think it's a bug because it's about how the system handles certain errors during execution.

Wait, but could it be considered a feature? Well, DDP and FileExistsError aren't specific features I'm familiar with. It's more about the underlying issue causing a problem during training.

Is this a question? Probably not, since it's just describing an issue without asking for information or seeking clarification.

Does it fall under ""won't fix""? That seems off because the text is talking about why something fails, so it's more about understanding the cause rather than preventing it from happening.

And what about ""docs""? No, that doesn't seem relevant here. It's not providing any documentation or context on how to fix it.

So, putting it all together, the best label for this text would be ""bug"" because it's discussing a problem (FileExistsError) causing an issue during training with DDP.
",1,0,0,0,0
training_forward assumes input has .copy() method for single GPU,1,0,0,0,0,"{'bug': 0, 'feature': 1, 'question': 0, ""won't fix"": 0, 'docs': 0}",10.723853349685669,2303,77.90625,8.6913921,"Okay, so I need to classify this text into one of the given categories: bug, feature, question, won't fix, or docs. Let me read through it carefully.

The text says, ""training_forward assumes input has .copy() method for single GPU."" Hmm, that's a bit confusing. It mentions something about a function called training_forward and an assumption about the input having a .copy() method on a single GPU. 

First, I should break down what each part means. The term ""training_forward"" is probably referring to a specific function or class in a programming library, maybe PyTorch since it's common there. The "".copy()"" method suggests that they're talking about data copying operations, which are often related to memory management and performance.

Now, the mention of a single GPU indicates that this is happening on a GPU, specifically one with multiple cores or threads. So, the text is making an assumption about how certain data is being copied when using a single GPU in training_forward.

Looking at the possible labels: bug, feature, question, won't fix, docs. Let's see which ones fit here.

- **Bug**: This would imply that there's a problem or issue that needs fixing. But the text isn't presenting a problem; it's making an assumption about data copying behavior.
  
- **Feature**: Features are new functionalities introduced in software. The text doesn't introduce any new features, just make an assumption about existing functionality.

- **Question**: This would be if someone is asking for clarification or information. Again, the text isn't posing a question; it's making a statement.

- **Won't fix**: This suggests that something cannot be fixed. But again, this is not presenting a scenario where something can't be fixed; rather, it's stating an assumption about how data copying works on a single GPU.

- **Docs**: This would relate to documentation or information. The text isn't providing any documentation or information; it's just making a statement about the behavior of certain code elements.

So, none of these labels seem to fit perfectly because the text is not presenting a bug, feature, question, or reason why something won't be fixed. Instead, it's making an assumption about how data copying works in a specific context (training_forward with a single GPU). 

Wait, maybe I'm missing something. Could ""won't fix"" apply here? If someone can't fix the issue described, but that doesn't fit because the text isn't presenting a scenario where fixing is impossible.

Alternatively, could it be considered a question about why certain behaviors occur? But again, the labels don't include that option either.

I think the best classification here might be **feature**. Because training_forward is a function name, and the assumption about .copy() methods on single GPUs relates to how features are implemented or behave in specific contexts. It's not introducing a new feature but rather making an observation about existing functionality.

So, I'll go with ""feature"" as the label for this text.
",0,1,0,0,0
GPU usage decreasing with epochs,1,0,0,0,0,"{'bug': 1, 'feature': 2, 'question': 2, ""won't fix"": 0, 'docs': 1}",7.323369741439819,2303,77.90625,5.2951367,"Okay, so I need to classify the given text ""GPU usage decreasing with epochs"" into one of the provided labels: bug, feature, question, won't fix, or docs. Let me break this down step by step.

First, I'll look at the text itself. It's talking about GPU usage decreasing as epochs increase. That sounds like something related to performance metrics over time. 

Now, considering each label:

1. **Bug**: This would imply that there's a problem or issue with the data or system being measured. However, the text is just describing an observation without any indication of a bug or error.

2. **Feature**: Features are usually specific aspects or components within a system. Here, GPU usage isn't a feature; it's more about performance metrics over epochs.

3. **Question**: This would mean that someone is asking for clarification on the issue. The text doesn't present a question but rather describes an observation.

4. **Won't fix**: This suggests that the system or method won't be able to address the problem. Again, this seems more about the outcome of fixing than the description itself.

5. **Docs**: This would indicate that the information is part of documentation or resources. The text doesn't seem to be providing any documentation; it's just a statement about usage and epochs.

Putting it all together, the text isn't presenting a bug, feature, question, or reason why something won't fix. It's simply describing an observation related to GPU usage over epochs. Therefore, none of the provided labels fit this description best.
",1,1,1,0,1
Inadequate total steps shown in progress bar during sanity validation check when number of validation dataloaders >= 2,1,0,0,0,0,"{'bug': 1, 'feature': 0, 'question': 0, ""won't fix"": 0, 'docs': 0}",7.10314416885376,2303,77.9375,5.0621321,"Okay, so I need to classify this GitHub issue text into one of the given categories: bug, feature, question, won't fix, or docs. Let me read through the text again carefully.

The text says: ""Inadequate total steps shown in progress bar during sanity validation check when number of validation dataloaders >= 2""

Hmm, so it's talking about something related to a sanity validation check. I remember that sanity checks are used to verify if a system behaves as expected. They can help catch bugs or issues before the code is deployed.

The text mentions ""total steps shown in progress bar"" and specifically says ""during sanity validation check."" That makes me think there's an issue with how these steps are being tracked during this verification process. Maybe something isn't working correctly, which could indicate a bug.

Also, it specifies that this happens when the number of validation dataloaders is >= 2. Validation dataloaders are tools used to load and process data before running tests. If they're not functioning properly, that's another point to consider for potential bugs or issues in the system.

The mention of ""inadequate"" suggests that the current setup isn't sufficient, which could be a problem that needs fixing. So putting it all together, this seems like a bug because there are issues with how steps are being tracked during validation checks when multiple dataloaders are used.

I don't think it's a feature or question here because those would be more about the system itself rather than an issue related to its operation. It's also not ""won't fix"" because that implies resistance, which isn't indicated in the text. And while there might be documentation issues mentioned, they're probably part of the broader problem rather than specific documentation.

So, after considering all these points, I think the best classification for this text is a bug.
",1,0,0,0,0
failing Docs build,1,0,0,0,0,"{'bug': 0, 'feature': 0, 'question': 0, ""won't fix"": 0, 'docs': 2}",8.348053932189941,2303,77.91796875,6.3196824,"Okay, so I need to classify the given text ""failing Docs build"" into one or more of the provided labels: bug, feature, question, won't fix, docs. Let me break this down step by step.

First, I'll look at the text itself. It says ""failing Docs build."" The word ""Docs"" here refers to the documentation for a project or tool. So, it's talking about something that's failing when trying to build using the documentation.

Now, let's consider each label one by one:

1. **Bug**: A bug is usually an issue that needs fixing. However, in this context, ""failing Docs build"" doesn't seem like a problem that requires immediate attention or correction. It might be more about how the documentation isn't working as expected.

2. **Feature**: Features are new functionalities added to a product. The text here doesn't mention any new features; it's talking about an issue with existing documentation. So, this doesn't fit under feature either.

3. **Question**: A question is something that someone might ask for clarification or information. ""Failing Docs build"" isn't a question; it's more of a statement about the outcome of using the documentation.

4. **Won't fix**: This label refers to issues where a particular task can't be completed as intended. The text doesn't mention anything about not being able to fix something, but rather that the documentation is failing when built. It might imply that there's an underlying problem with how the documentation works, which could relate to not fixing it.

5. **Docs**: This label refers to documentation itself. Since the text mentions ""Docs build,"" it's directly related to the documentation aspect of a project or tool. So, this seems like a strong fit.

Putting it all together, while ""failing Docs build"" doesn't explicitly state that there's no way to fix it (which would be more about not being able to), it does involve the documentation part. Therefore, the most appropriate label here is **docs**.
",0,0,0,0,1
GPU memory usage/leak varies between experiments/trials with Apex (use_amp=True) ,1,0,0,0,0,"{'bug': 3, 'feature': 0, 'question': 0, ""won't fix"": 0, 'docs': 4}",8.578348636627197,2303,77.9765625,6.548804,"Okay, so I need to classify this text about GPU memory usage into one of the given categories: bug, feature, question, won't fix, or docs. Let me read through it again.

The text says, ""GPU memory usage/leak varies between experiments/trials with Apex (use_amp=True)."" Hmm, that's talking about how GPU memory is being used and leaking in different experiments or trials when using the Apex tool with use_amp set to True.

First, I should consider what each label means. Bug refers to issues that cause problems, feature is a new aspect of the software, question is something someone is asking for help, won't fix is something they can't resolve, and docs are documentation related.

The text here is discussing an issue with GPU memory usage, which could be considered a bug because it's about how the system behaves. It might not be a feature since it's more about the problem itself rather than a new addition to the software. The question part isn't clear yet; maybe someone is asking about this leak. As for whether it won't fix, I'm not sure if that's applicable here because there could be solutions or workarounds.

Looking at the labels again: bug seems like a good fit because it's an issue with how something works. docs might also be relevant since it's talking about documentation related to memory usage. But I'm not entirely sure if it's better classified as a bug or a docs question.

I think the primary classification here is ""bug"" because it's addressing a problem that affects the system, which could impact users. However, without more context on whether this specific issue is something that can be fixed or not, it's hard to say for sure. But given the options, I'll go with bug and docs as possible labels.
",1,0,0,0,1
enable Windows CI,0,0,1,0,0,"{'bug': 1, 'feature': 1, 'question': 1, ""won't fix"": 1, 'docs': 1}",7.4923858642578125,2303,77.9765625,5.4694862,"Okay, so I need to classify the given text ""enable Windows CI"" into one of the provided categories: bug, feature, question, won't fix, or docs. Let me break this down step by step.

First, I'll look at what ""enable Windows CI"" means. Windows CI stands for Windows Configuration Integration, which is a process where users can manage their system configurations without needing to edit the underlying code. So, enabling it probably refers to setting up or configuring something on Windows systems.

Now, considering the possible labels:

1. **Bug**: This would imply that there's an issue with how Windows CI works or isn't functioning as expected. However, ""enable"" doesn't sound like a bug; it's more about configuration settings.

2. **Feature**: Features are usually new functionalities introduced in software. While Windows CI is a feature for managing configurations, the term here might be used differently. It could be seen as a tool or utility rather than a feature per se.

3. **Question**: This would suggest that the text is asking for information about something. ""Enable"" isn't a question; it's more of an action to take.

4. **Won't fix**: This label implies that the software can't handle a particular issue. Again, ""enable"" doesn't indicate that Windows CI won't fix problems; it's about setting up the configuration.

5. **Docs**: This refers to documentation or information. While Windows CI has its own documentation and guides, the term here is more about enabling rather than referring to resources.

Putting this together, none of the labels perfectly fit ""enable Windows CI."" It seems like a directive for configuring settings rather than an issue, feature, question, or document reference. Therefore, it doesn't fall under any of the specified categories.
",1,1,1,1,1
Pickle error from Trainer.fit when using MLFlowLogger and distributed data parallel without SLURM,1,0,0,0,0,"{'bug': 1, 'feature': 0, 'question': 0, ""won't fix"": 0, 'docs': 0}",7.193085670471191,2303,77.8203125,5.1608527,"Okay, so I need to classify this text into one of the given categories: bug, feature, question, won't fix, or docs. The text is ""Pickle error from Trainer.fit when using MLFlowLogger and distributed data parallel without SLURM."" 

First, let me break down what's in there. It mentions a Pickle error, which I know is related to Python's serialization mechanism. The issue occurs during the Trainer.fit method, so that's probably an internal problem with the model training process.

The text also talks about using MLFlowLogger and distributed data parallel without SLURM. MLFlowLogger is a tool for logging metrics in MLflow, which is used in machine learning workflows. Distributed data parallel means the model is trained across multiple GPUs or nodes to speed up training, but here it's not using SLURM, which is a job schedulers for clusters.

So putting that together: The issue is happening during model training, specifically when using certain logging tools and distributed training without SLURM. That suggests there's an underlying problem in the codebase related to how data parallelism is handled or how MLFlowLogger interacts with the system.

Now, looking at the possible labels:

- Bug: This seems more about a specific issue within the code.
- Feature: This would be something new that hasn't been implemented yet.
- Question: If someone asked this question, it might not make sense unless they're seeking clarification or information.
- Won't fix: Indicates that the system can't handle the problem without intervention.
- Docs: Related to documentation.

The text doesn't seem to ask a question but describes an issue. It's more about identifying and understanding the cause of a bug in the codebase, especially related to distributed training and logging mechanisms. So it fits under ""bug"" because it's pointing out a specific problem that needs fixing or understanding.
",1,0,0,0,0
Call or Forward?,0,0,0,1,0,"{'bug': 0, 'feature': 0, 'question': 2, ""won't fix"": 0, 'docs': 0}",4.376588582992554,2310,78.234375,2.3297834,"Okay, so I need to classify this text about GitHub issues into one of the given categories: bug, feature, question, won't fix, or docs. Let me read through it again.

The text says, ""Call or Forward?"" It doesn't mention anything about bugs, features, questions, not fixing, or documentation. It's just a short phrase without any context or details. So, I think the best classification here is 'question' because it's asking for information on how to handle calls or forwarding messages in GitHub.

I don't see any other labels that fit better. It doesn't seem like it's about fixing bugs, not related to features, or anything else. So yeah, 'question' seems right.
",0,0,1,0,0
simple text classification example with ptl,0,0,0,1,0,"{'bug': 0, 'feature': 1, 'question': 2, ""won't fix"": 0, 'docs': 0}",9.909568548202515,2303,78.2421875,7.8392124,"Okay, so I need to classify this text about GitHub issues into one of the given categories: bug, feature, question, won't fix, or docs. Let me read through it carefully.

The text is ""simple text classification example with ptl."" Hmm, that's a bit vague. It mentions using ""ptl,"" which I think stands for Python Text Classification Library. So maybe it's an example of how to use the library? But the main task here is classifying the content into one of those five labels.

First, I should break down what each label means:

- Bug: Likely refers to issues that cause problems in software.
- Feature: Something that improves or adds value to a product.
- Question: A query about something, possibly seeking information.
- Won't fix: Indicates that the issue can't be resolved by the current system.
- Docs: Related to documentation or resources.

Looking at the text again: ""simple text classification example with ptl."" It seems like it's an example of how someone would use a tool (ptl) for classifying text. But the actual content is just a description, not any specific information about bugs, features, etc.

So maybe the task here isn't to classify the content itself but rather to explain how to use the tool. That doesn't fit neatly into the five labels provided because none of them directly describe using a tool for classification. It's more about instruction than classification.

Alternatively, if I were to interpret it as trying to find information on GitHub issues, maybe it's not helpful. But since the task is to classify based on the given labels, and the text isn't providing any specific details about bugs, features, etc., it might be considered a ""question"" because it's seeking guidance or clarification.

Wait, but I'm supposed to choose from the five labels. The closest would be ""feature,"" but that doesn't fit either. It's more of an instruction than a classification task. So maybe none of the provided labels apply here, but since I have to choose, perhaps ""question"" is the best fit because it's asking for guidance on using a tool.

Alternatively, if the text was about identifying issues in GitHub, then it would be a bug or feature classification. But as it stands, without specific information, it's more of an instruction than a classification task.
",1,1,1,0,0
"Pytorch lightning spawns processes after each epoch of training, causing training script to crash unexpectedly",1,0,0,0,0,"{'bug': 2, 'feature': 0, 'question': 0, ""won't fix"": 0, 'docs': 0}",6.2315075397491455,2303,77.84375,4.1930285,"Okay, so I need to classify this text into one of the given categories: bug, feature, question, won't fix, or docs. Let me read through it carefully.

The text says, ""Pytorch lightning spawns processes after each epoch of training, causing training script to crash unexpectedly."" Hmm, PyTorch Lightning is a framework for machine learning, right? They're spawning processes after each epoch—wait, that sounds like they're creating multiple instances or threads. Spawning can mean starting something new, maybe in parallel.

The text mentions the training script crashing unexpectedly. That's a problem because if the script crashes, it means there's an issue with how the code is running. So, the framework itself might have a bug or a feature that isn't working as expected.

Looking at the labels: bug refers to issues within the system, feature is new functionalities, question is about information, won't fix is about problems that can't be solved, and docs are documentation. The text doesn't ask for anything specific beyond classifying it into one of these categories. It's more about describing a problem with the framework.

So, I think this falls under a bug because there's an unexpected issue causing the crash. It's not a feature or question, nor is it related to documentation. Therefore, the best label here would be ""bug.""
",1,0,0,0,0
`ModelCheckpoint` with `save_best_only=True` shouldn't delete previous directory,1,0,0,0,0,"{'bug': 0, 'feature': 1, 'question': 0, ""won't fix"": 0, 'docs': 0}",6.243077993392944,2303,78.3359375,4.2117331,"Okay, so I need to classify this text into one of the given categories: bug, feature, question, won't fix, or docs. The text is ""ModelCheckpoint"" with ""save_best_only=True"" shouldn't delete previous directory."" 

First, let me break down what's in the text. It mentions ModelCheckpoint and a parameter called save_best_only set to True. The main part is about not deleting the previous directory when using this parameter.

Now, looking at the possible labels:

- Bug: This would be if something was introduced or reported as a bug.
- Feature: If it's a new feature being added.
- Question: If someone is asking for clarification on an issue.
- Won't fix: If the user thinks the system won't handle the task.
- Docs: If it's related to documentation.

The text doesn't mention any bugs or features. It's more about how ModelCheckpoint behaves when using save_best_only=True. So, it's not a bug but rather a feature of how the code works.

Since it's not asking for clarification on an issue and isn't discussing anything new or adding a feature, it doesn't fall into won't fix or docs categories either. It's more about understanding the behavior of ModelCheckpoint when using a specific parameter.

So, the best label here would be ""feature"" because it's describing how the code works rather than reporting a bug.
",0,1,0,0,0
on_train_end callback is not called if training is stopped early,1,0,0,0,0,"{'bug': 0, 'feature': 0, 'question': 0, ""won't fix"": 1, 'docs': 0}",7.101508140563965,2303,78.3359375,5.053124,"Okay, so I need to classify this GitHub issue text into one of the given categories: bug, feature, question, won't fix, or docs. Let me read through the text again carefully.

The text says: ""on_train_end_callback is not called if training is stopped early."" Hmm, that's a bit tricky. It mentions something about callbacks and stopping training early. I'm trying to remember what on_train_end_callback does. From what I recall, it's part of TensorFlow's training process where the model runs through all the data (the end of training) and then checks for any issues or errors.

Now, the text is talking about whether this callback is called when stopping training early. So, if someone stops training before the full dataset is processed, does on_train_end_callback still run? I think in some cases, like with callbacks that rely on data being available at each step, they might not be called during early termination because there's no more data to process.

So putting it together: The text is discussing whether a specific TensorFlow callback (on_train_end_callback) is called when training stops early. This seems related to the functionality of the callback and how it interacts with stopping criteria in training loops. It doesn't seem to be about identifying bugs, features, questions, or documents; it's more about understanding the behavior of a particular part of the training process.

Therefore, the best label for this text would probably be ""won't fix"" because it's discussing the behavior of a callback during early termination, which is a specific technical aspect rather than categorizing the content itself as bug, feature, etc.
",1,1,0,1,0
Difference between results during training and testing,1,0,0,0,0,"{'bug': 0, 'feature': 0, 'question': 0, ""won't fix"": 2, 'docs': 0}",9.28892469406128,2303,77.84375,7.2418174,"Okay, so I need to classify this text about GitHub issues into one of the given categories: bug, feature, question, won't fix, or docs. Let me read through it again.

The text says, ""Difference between results during training and testing."" Hmm, that sounds like something related to machine learning models. The model is being trained on some data, and then they're comparing how well it performs on the training data versus the test data. 

So, what does that mean? Well, in machine learning, when you train a model, you want it to work well not just on the data you gave it (the training set) but also on new, unseen data (the testing set). The difference between these two results is probably important for evaluating how good the model is at generalizing from the data.

Now, looking back at the possible labels: bug, feature, question, won't fix, docs. Let's see if any of those fit here. 

- Bug: That would be something like a problem or issue in the code.
- Feature: That refers to an input variable used in a model.
- Question: This seems more about seeking information rather than evaluating performance.
- Won't fix: That sounds like it's saying the system can't handle it, which might relate to issues that are too complex or not supported.
- Docs: That would be documentation related to the code.

The text is talking about comparing training and testing results, which relates to how well a model performs. In machine learning, this comparison is often part of evaluating models. So, ""won't fix"" could fit here because it's about something that can't be handled or fixed, which might relate to issues that are too complex.

But wait, does it specifically mention anything about bugs or features? It doesn't directly talk about any specific problem in the codebase. It's more about comparing two performance metrics. So maybe ""won't fix"" is the best fit here because it's evaluating how a model performs on different datasets, which could indicate issues with the model itself rather than just the data.

I'm not entirely sure if ""feature"" or ""question"" would apply here. Since the text isn't discussing any specific feature of the codebase but rather comparing results from training and testing, I think ""won't fix"" is more appropriate.
",0,0,0,1,0
Where is EarlyStopping searching for metrics?,0,0,0,1,0,"{'bug': 0, 'feature': 0, 'question': 0, ""won't fix"": 1, 'docs': 0}",7.828639030456543,2303,78.32421875,5.7946356,"Okay, so I need to classify this text about GitHub issues into one of the given categories: bug, feature, question, won't fix, or docs. Let me read through it carefully.

The text says, ""Where is EarlyStopping searching for metrics?"" Hmm, that's a bit confusing. It seems like someone is asking where they should look to find metrics related to something called EarlyStopping. But I'm not sure what EarlyStopping refers to here. Maybe it's an algorithm or a technique used in machine learning?

So, the question is about locating metrics using EarlyStopping. That makes me think of feature engineering because you're trying to find features that can help with your model. If someone is looking for specific metrics, they might be working on identifying features that contribute to those metrics.

But wait, I'm not entirely sure if this is a bug or a feature. A bug would be something incorrect in the code, but here it's about where to look for metrics. A question could be yes or no, but the text isn't answering anything directly. It's more of an instruction on how to find features.

The options are: bug, feature, question, won't fix, docs. Since it's not asking a question and doesn't seem like a bug or a feature, maybe it falls under ""won't fix."" That makes sense because the text is providing instructions on where to look for metrics using EarlyStopping, which might be about preventing issues from arising.

I'm also considering if it could be related to documentation. But the text isn't talking about any documentation features; it's more about how to find them. So I think ""docs"" doesn't fit here because it's not providing information on existing documentation or resources.

Putting it all together, the text is offering guidance on where to look for metrics using a specific technique (EarlyStopping), which seems like it's related to preventing issues from arising. Therefore, the best labels would be ""won't fix.""
",0,0,0,1,0
update paths/links according new org,1,0,0,0,0,"{'bug': 0, 'feature': 0, 'question': 1, ""won't fix"": 0, 'docs': 0}",9.12138295173645,2303,78.32421875,7.0855855,"Okay, so I need to classify this text about updating paths and links in an organization based on the task of classifying GitHub issues. The possible labels are bug, feature, question, won't fix, or docs.

First, let me read the text carefully: ""update paths/links according new org."" Hmm, that's a bit vague. It says they're updating something called update paths or links in an organization. But what exactly is it? Is it related to bugs?

Well, if someone is trying to fix issues by updating these paths and links, maybe there are problems with how the updates are done. That could be a bug because it's not working correctly or isn't handling certain cases properly.

Alternatively, if the update process itself is new or doesn't follow best practices, that might indicate a feature gap. Features are improvements in the codebase, so if this update isn't part of an existing feature, maybe it's considered a feature issue.

But wait, the text doesn't mention anything about bugs being fixed or issues not being resolved. It just talks about updating paths and links. So I'm not sure if it's a bug or a feature.

Another possibility is that the updates are causing problems for the organization, which could be seen as a documentation issue. But the label ""docs"" might not fit here because it's more about information than documentation itself.

I also don't see any indication of whether this update won't fix something. It just says they're trying to do it. So maybe it's neither a bug nor a feature, but perhaps a question or a task that needs clarification.

But the labels are only bug, feature, question, won't fix, or docs. Since there's no mention of any of these except ""update paths/links according new org,"" I'm leaning towards it being a question because they're asking about how to update these paths and links in an organization.

Wait, but maybe it's related to documentation. If the updates are part of improving existing documentation, that could be a docs issue. But again, without more context, it's hard to say.

I think I'll go with ""question"" because they're asking about how to update these paths and links in an organization, which is a specific task or question within the project.
",1,1,1,0,0
Extract wight and model for external use,0,0,0,1,0,"{'bug': 0, 'feature': 0, 'question': 0, ""won't fix"": 0, 'docs': 1}",10.619218587875366,2303,77.87890625,8.5900835,"Okay, so I need to classify this text about GitHub issues into one of the given categories: bug, feature, question, won't fix, or docs. Let me read through it again.

The text says, ""Extract wight and model for external use."" Hmm, that sounds like they're trying to extract something from a model, maybe parameters or weights? The word ""weight"" is definitely in there, so I think that's related to extracting data from models. 

Now, looking at the possible labels: bug, feature, question, won't fix, docs. Let me go through each one.

- Bug: That would mean something wrong in the code or system. But this text isn't about bugs; it's more about extracting data.
  
- Feature: Features are usually new functionalities added to a product. This doesn't seem like that either.

- Question: The text is not asking a question, but rather providing instructions on how to extract weights from a model for external use.

- Won't fix: That would imply the system can't handle something, which isn't indicated here.

- Docs: Docs usually refer to documentation. While this might be related to documentation about extracting weights, it's more of an action than a label itself.

So, none of these labels perfectly fit ""Extract wight and model for external use."" It seems like the task is about processing data from models, which falls under feature extraction or something similar. But since that's not one of the options, maybe I should consider if any other label fits better. 

Wait, ""feature"" could be a stretch because it's more about extracting parameters rather than features. Maybe ""won't fix"" isn't right either. It doesn't seem to fit into any category except possibly none of them. But since I have to choose from the given labels, maybe ""docs"" is the closest if it's about documentation for processing weights.

Alternatively, perhaps the text is more about extracting data rather than a feature or bug. So, maybe ""extracting data"" isn't an option either. 

I'm a bit confused because none of the labels seem to fit perfectly. Maybe I should go with ""docs"" as the closest label since it's related to documentation for processing weights. Or perhaps there's another way to interpret it that fits better.

Wait, maybe ""feature extraction"" is more accurate here. But again, that's not an option. So, considering all possibilities, I think ""extracting data from models"" isn't a label, so the closest would be ""docs."" 

I'm still a bit unsure because none of the labels seem to fit perfectly. Maybe I should double-check if there's any other way to interpret it that could match one of the labels better.

No, I don't think so. It seems like the text is about extracting specific data from models for external use, which doesn't directly correspond to any of the provided labels except ""docs."" So, I'll go with ""docs"" as the best fit.
",0,0,0,0,1
Installing pytorch-lightning on Jetson Nano(ARM),0,0,0,1,0,"{'bug': 0, 'feature': 0, 'question': 1, ""won't fix"": 1, 'docs': 0}",6.28113055229187,2303,78.3359375,4.2343246,"Okay, so I need to classify the given text about installing PyTorch-Lightning on a Jetson Nano, which is an ARM-based device. The task is to determine what kind of issue or question this is regarding GitHub issues.

First, let me understand each label: bug, feature, question, won't fix, docs. I need to see how the text fits into these categories.

The text is about installing a software package on a specific hardware device. It's not discussing any bugs that were encountered during installation or any new features added by PyTorch-Lightning. Instead, it's asking for information about the process of installing this software on a particular hardware.

So, I'm thinking it's more of a question than a bug or feature. The user is seeking help with how to install a package on their device, which could be seen as a technical problem that might require documentation or troubleshooting steps.

Looking at the labels again: ""won't fix"" seems less likely because the text isn't expressing any refusal but rather asking for information. ""docs"" would relate more to documentation or resources, which this text doesn't seem to cover.

Therefore, the best classification here is a question about installing software on a specific hardware device.
",1,1,1,1,0
batch may not have the copy method,1,0,0,0,0,"{'bug': 0, 'feature': 0, 'question': 1, ""won't fix"": 0, 'docs': 0}",8.535183668136597,2303,78.33984375,6.4948976,"Okay, so I need to classify this text about GitHub issues into one of the given categories: bug, feature, question, won't fix, or docs. Let me read through it again.

The text says, ""batch may not have the copy method."" Hmm, that sounds like something related to how batches are handled in GitHub's codebase. I'm not entirely sure what each term means here. 

First, let's break down the phrase: ""batch"" and ""copy method."" In GitHub, a batch is a collection of files being processed together. The copy method refers to how these files are copied or moved during processing. So this text seems to be talking about something related to how batches are managed.

Now, looking at the possible labels:

- Bug: This would relate to issues that cause problems in the codebase.
- Feature: Features are new functionalities added to the codebase.
- Question: If someone is asking a question about GitHub's features or processes.
- Won't fix: Indicates something that can't be fixed by the current system.
- Docs: Related to documentation, user guides, etc.

The text doesn't mention any bugs or issues directly. It's more about how batches are handled. So it's not talking about problems in the codebase itself but rather about the process of handling batches. 

Since it's about how batches are managed and processed, I'm leaning towards ""question"" because it's asking about a specific aspect of GitHub's operations. Alternatively, maybe ""docs,"" but that seems more about documentation than the process itself.

Wait, let me think again. The phrase is about whether batches have the copy method. If they don't, does that mean something isn't working? That could imply a bug or an issue with how batches are handled. But since it's not explicitly stating a problem but rather describing a feature (copy method), I'm still leaning towards ""question"" because it's asking about a specific feature of GitHub's codebase.

I don't think it's a ""feature"" because that would be something new or added, which isn't what the text is saying. It's more about how batches are managed and processed. So yeah, ""question"" makes sense here.
",0,0,1,0,0
TensorBoardLogger and ModelCheckpoint are not using the same folder by default,1,0,0,0,0,"{'bug': 0, 'feature': 0, 'question': 0, ""won't fix"": 1, 'docs': 0}",7.925962448120117,2303,77.90234375,5.8958826,"Okay, so I need to classify this text into one of the given categories: bug, feature, question, won't fix, or docs. The text is ""TensorBoardLogger and ModelCheckpoint are not using the same folder by default."" 

First, let me break down what's being said here. It mentions TensorBoardLogger and ModelCheckpoint, which are both components in machine learning models. They're talking about their folders not being the same by default. So, I'm thinking about what this means.

I know that in software development, bugs are issues that cause problems, features are new functionalities added to a system, questions are inquiries or prompts, won't fix is when something can't be fixed, and docs refers to documentation.

Looking at the text, it's talking about how TensorBoardLogger and ModelCheckpoint choose their folders. That sounds like they're setting up where these components go by default. If they don't use the same folder, maybe there's a conflict or inconsistency in how they're configured.

So, if I classify this as bugs, that might not fit because it's more about configuration rather than issues causing problems. Features could be possible, but it doesn't seem like new features are being introduced here. It's more about how existing components are set up.

The text isn't asking a question or making a statement; it's just describing their default folder setup. So maybe that falls under ""won't fix"" because they can't use the same folder together, implying there might be issues with their configuration.

Alternatively, if I think about documentation, this could relate to how something is documented, but it doesn't seem like it's providing a detailed guide or explaining things in depth.

So, considering all that, ""won't fix"" seems like the best fit because it's addressing the issue of conflicting folder setups for TensorBoardLogger and ModelCheckpoint.
",0,1,0,1,0
imagenet_example cannot run,1,0,0,0,0,"{'bug': 1, 'feature': 0, 'question': 0, ""won't fix"": 0, 'docs': 0}",7.215219974517822,2303,78.45703125,5.1821211,"Okay, so I need to classify this text into one of the given categories: bug, feature, question, won't fix, or docs. Let me read through it again carefully.

The text is ""imagenet_example cannot run."" Hmm, that sounds like something isn't working correctly. I'm not sure if it's a bug or just an issue with how it's running. Maybe it's related to the image processing library it's using? Or perhaps there's a problem with the code itself?

Wait, the task is about classifying GitHub issues. So this text might be part of a bug report or feature request. But I'm not sure if it's specifically about a bug in the codebase or something else.

I should consider each label one by one. Bug: Could it be a bug? Maybe if there's an issue with how the image is being processed, but it could also be a problem with the library itself. Feature: If this was part of a feature request, then yes, but I don't have that context here.

Question: This text isn't asking for information; it's just stating what the user can't run. So probably not a question. Won't fix: It might indicate that the system or code won't handle it, which could be seen as a bug if there's an issue with how it processes images. But I'm not entirely sure.

Docs: This text isn't providing any documentation; it's just stating a problem. So probably not related to documents either.

Putting it all together, since the text is about something that can't run and relates to image processing libraries or code issues, it might be classified as a bug because there could be underlying problems in how the system processes images. Alternatively, if this was part of a feature request, then it would fit under feature. But without more context, I'm leaning towards it being a bug.
",1,0,0,0,0
log_gpu_memory='all'` options raise Error,1,0,0,0,0,"{'bug': 1, 'feature': 1, 'question': 0, ""won't fix"": 2, 'docs': 0}",7.778123378753662,2303,78.45703125,5.7244015,"Okay, so I'm trying to figure out how to classify this text about GitHub issues. The task is to identify what kind of issue it's dealing with. The possible labels are bug, feature, question, won't fix, and docs.

The text given is: ""log_gpu_memory='all'` options raise Error""

Hmm, let me break this down. First, I need to understand what the text is saying. It mentions log_gpu_memory being set to 'all', which raises an error. So it's talking about a specific setting in a logging function.

Now, looking at the labels: bug, feature, question, won't fix, docs. Let me think about each one.

- Bug: This would be if there was a reported issue or problem that needs fixing.
- Feature: If this is something new or a proposed feature for improvement.
- Question: If it's asking for information or clarification on an existing issue.
- Won't fix: If the issue is something that shouldn't be fixed, perhaps because it's not feasible or doesn't make sense.
- Docs: If it's related to documentation issues.

The text here isn't about a bug or feature. It's more about a logging function and its behavior. The mention of log_gpu_memory being set to 'all' and raising an error suggests that there might be an issue with how the logging is configured, possibly causing problems in the system.

So, it doesn't seem like it's a question or a feature request. It's not asking for clarification on something or proposing a new feature. Instead, it's describing a problem related to logging configuration and its impact on the system.

Therefore, the best labels would be ""won't fix"" because the issue is about how the logging function behaves and whether it should be fixed or not.
",1,1,0,1,0
`overfit_pct` vs `train_percent_check` etc,0,1,1,0,0,"{'bug': 1, 'feature': 1, 'question': 1, ""won't fix"": 1, 'docs': 1}",7.003304481506348,2303,78.15625,4.9622352,"Okay, so I need to classify this text about GitHub issues into one of the given categories: bug, feature, question, won't fix, or docs. The text provided is ""overfit_pct vs train_percent_check etc."" 

First, I should understand what each part means. ""Overfit_pct"" likely refers to a percentage related to overfitting in machine learning models. ""train_percent_check"" seems like it's checking the training progress of a model. So the text is comparing different metrics used during training.

Now, looking at the possible labels: bug, feature, question, won't fix, docs. I need to see which category this falls into. 

- Bug: This would be if there were issues or bugs in the code.
- Feature: If it's about new features being added.
- Question: If it's a query or asking for information.
- Won't fix: If something is preventing someone from fixing an issue.
- Docs: If it's related to documentation.

The text doesn't mention any bugs, features, questions, or whether something won't be fixed. It's just comparing metrics during training. So none of the labels seem to fit perfectly here. 

Wait, maybe ""won't fix"" is a possibility if there was an issue preventing someone from fixing it. But since it's about comparing metrics, not about preventing someone, I'm leaning towards it being unrelated.

So, after considering all options, I think this text doesn't fall into any of the specified categories accurately.
",1,1,1,1,1
[Pyright] Cannot instantiate abstract class,1,0,0,0,1,"{'bug': 0, 'feature': 1, 'question': 0, ""won't fix"": 2, 'docs': 0}",6.97291111946106,2303,78.6875,4.9395719,"Okay, so I need to classify this GitHub issue text into one of the given categories: bug, feature, question, won't fix, or docs. Let me read through the text again carefully.

The text is ""[Pyright] Cannot instantiate abstract class"". Hmm, that's a bit tricky. ""Cannot instantiate"" suggests something about object creation, and ""abstract class"" refers to a class without a specific implementation. So, it seems like there's an issue with how this class is being created or instantiated.

Now, looking at the possible labels: bug, feature, question, won't fix, docs. Let me think about each one.

- Bug: This text doesn't seem to be reporting a bug in the codebase. It's more about functionality issues.
- Feature: Again, not directly related. Features are usually new additions or improvements, which isn't what this text is addressing.
- Question: The text is presenting a problem, so maybe it could be considered a question if someone is asking for help. But I'm not sure if that fits the labels better than others.
- Won't fix: This seems relevant because the issue is about not being able to instantiate an abstract class, which might indicate a design flaw or a missing feature in the codebase.
- Docs: The text isn't related to documentation; it's more about functionality.

So, ""won't fix"" seems like the best fit here. It's addressing a problem that prevents the code from functioning as intended, which is a common bug scenario. I don't think it fits into any of the other categories as well.
",0,1,0,1,0
